series.release	series.code	series.description	geoAreaCode	X	Y	ISO3CD	geoAreaName	sliceId	Units	Units description	2000	2005	2010	2015	latest.year	latest.value	latest.source	latest.nature
2018.Q2.G.01	AG_LND_FRST	Forest area as a proportion of total land area (%)	4	66.02688198	33.83160199	AFG	Afghanistan	1	PERCENT	Percentage	2.07	2.07	2.07	2.07	2015	2.07	FAO Estimate	E
2018.Q2.G.01	AG_LND_FRST	Forest area as a proportion of total land area (%)	8	20.06660928	41.13897007	ALB	Albania	1	PERCENT	Percentage	28.08	28.55	28.33	28.16	2015	28.16	FAO Estimate	E
2018.Q2.G.01	AG_LND_FRST	Forest area as a proportion of total land area (%)	10	21.47585697	-80.40897662	ATA	Antarctica	1	PERCENT	Percentage								
2018.Q2.G.01	AG_LND_FRST	Forest area as a proportion of total land area (%)	12	2.678164227	28.15940032	DZA	Algeria	1	PERCENT	Percentage	0.66	0.64	0.81	0.82	2015	0.82	Official country data submitted to FAO	C
2018.Q2.G.01	AG_LND_FRST	Forest area as a proportion of total land area (%)	16	-170.7187269	-14.30587306	ASM	American Samoa	1	PERCENT	Percentage	90.25	89.41	88.56	87.72	2015	87.72	FAO Estimate	E
2018.Q2.G.01	AG_LND_FRST	Forest area as a proportion of total land area (%)	20	1.576257417	42.54548611	AND	Andorra	1	PERCENT	Percentage	34.04	34.04	34.04	34.04	2015	34.04	FAO Estimate	E
2018.Q2.G.01	AG_LND_FRST	Forest area as a proportion of total land area (%)	24	17.57817062	-12.33724746	AGO	Angola	1	PERCENT	Percentage	47.91	47.41	46.91	46.41	2015	46.41	Official country data submitted to FAO	C
2018.Q2.G.01	AG_LND_FRST	Forest area as a proportion of total land area (%)	28	-61.7999755	17.07761471	ATG	Antigua and Barbuda	1	PERCENT	Percentage	22.73	22.27	22.27	22.27	2015	22.27	FAO Estimate	E
2018.Q2.G.01	AG_LND_FRST	Forest area as a proportion of total land area (%)	31	50.01064725	40.39229544	AZE	Azerbaijan	1	PERCENT	Percentage	10.55	10.61	12.2	13.78	2015	13.78	FAO Estimate	E
2018.Q2.G.01	AG_LND_FRST	Forest area as a proportion of total land area (%)	32	-65.14563274	-35.19446255	ARG	Argentina	1	PERCENT	Percentage	11.64	11.03	10.45	9.91	2015	9.91	Official country data submitted to FAO	C
2018.Q2.G.01	AG_LND_FRST	Forest area as a proportion of total land area (%)	36	134.3499412	-25.57717202	AUS	Australia	1	PERCENT	Percentage	16.77	16.61	16.04	16.24	2015	16.24	Official country data submitted to FAO	C
2018.Q2.G.01	AG_LND_FRST	Forest area as a proportion of total land area (%)	40	14.14172472	47.58704857	AUT	Austria	1	PERCENT	Percentage	46.51	46.67	46.77	46.88	2015	46.88	Official country data submitted to FAO	C
2018.Q2.G.01	AG_LND_FRST	Forest area as a proportion of total land area (%)	44	-78.05111663	24.69546597	BHS	Bahamas	1	PERCENT	Percentage	51.45	51.45	51.45	51.45	2015	51.45	FAO Estimate	E
2018.Q2.G.01	AG_LND_FRST	Forest area as a proportion of total land area (%)	48	50.5490754	26.04407747	BHR	Bahrain	1	PERCENT	Percentage	0.48	0.58	0.68	0.78	2015	0.78	FAO Estimate	E
2018.Q2.G.01	AG_LND_FRST	Forest area as a proportion of total land area (%)	50	89.17660788	22.86961622	BGD	Bangladesh	1	PERCENT	Percentage	11.28	11.18	11.08	10.98	2015	10.98	Official country data submitted to FAO	C
2018.Q2.G.01	AG_LND_FRST	Forest area as a proportion of total land area (%)	51	44.93839317	40.29499741	ARM	Armenia	1	PERCENT	Percentage	11.7	11.66	11.63	11.66	2015	11.66	Official country data submitted to FAO	C
2018.Q2.G.01	AG_LND_FRST	Forest area as a proportion of total land area (%)	52	-59.5346489	13.13648273	BRB	Barbados	1	PERCENT	Percentage	14.65	14.65	14.65	14.65	2015	14.65	Official country data submitted to FAO	C
2018.Q2.G.01	AG_LND_FRST	Forest area as a proportion of total land area (%)	56	4.660976456	50.64104975	BEL	Belgium	1	PERCENT	Percentage	22.04	22.27	22.5	22.57	2015	22.57	Official country data submitted to FAO	C
2018.Q2.G.01	AG_LND_FRST	Forest area as a proportion of total land area (%)	60	-64.78155012	32.27881922	BMU	Bermuda	1	PERCENT	Percentage	20	20	20	20	2015	20	FAO Estimate	E
2018.Q2.G.01	AG_LND_FRST	Forest area as a proportion of total land area (%)	64	90.45098484	27.39598568	BTN	Bhutan	1	PERCENT	Percentage	68.37	69.67	70.97	72.28	2015	72.28	Official country data submitted to FAO	C
2018.Q2.G.01	AG_LND_FRST	Forest area as a proportion of total land area (%)	68	-64.66224284	-16.71273412	BOL	Bolivia (Plurinational State of)	1	PERCENT	Percentage	55.47	54.22	51.89	50.55	2015	50.55	Official country data submitted to FAO	C
2018.Q2.G.01	AG_LND_FRST	Forest area as a proportion of total land area (%)	70	17.78584332	44.16845548	BIH	Bosnia and Herzegovina	1	PERCENT	Percentage	42.68	42.68	42.68	42.68	2015	42.68	FAO Estimate	E
2018.Q2.G.01	AG_LND_FRST	Forest area as a proportion of total land area (%)	72	23.81380223	-22.18810073	BWA	Botswana	1	PERCENT	Percentage	22.12	21.07	20.03	19.13	2015	19.13	Official country data submitted to FAO	C
2018.Q2.G.01	AG_LND_FRST	Forest area as a proportion of total land area (%)	74	3.410732868	-54.43295905	BVT	Bouvet Island	1	PERCENT	Percentage								
2018.Q2.G.01	AG_LND_FRST	Forest area as a proportion of total land area (%)	76	-53.08432878	-10.77668561	BRA	Brazil	1	PERCENT	Percentage	62.37	60.63	59.64	59.05	2015	59.05	Official country data submitted to FAO	C
2018.Q2.G.01	AG_LND_FRST	Forest area as a proportion of total land area (%)	84	-88.70199554	17.19965901	BLZ	Belize	1	PERCENT	Percentage	63.98	62.1	61	59.9	2015	59.9	FAO Estimate	E
2018.Q2.G.01	AG_LND_FRST	Forest area as a proportion of total land area (%)	86	72.38715553	-7.299281071	IOT	British Indian Ocean Territory	1	PERCENT	Percentage								
2018.Q2.G.01	AG_LND_FRST	Forest area as a proportion of total land area (%)	90	160.1584117	-9.622391719	SLB	Solomon Islands	1	PERCENT	Percentage	81.03	80.06	79.06	78.06	2015	78.06	FAO Estimate	E
2018.Q2.G.01	AG_LND_FRST	Forest area as a proportion of total land area (%)	92	-64.63294223	18.42256578	VGB	British Virgin Islands	1	PERCENT	Percentage	24.47	24.4	24.27	24.13	2015	24.13	FAO Estimate	E
2018.Q2.G.01	AG_LND_FRST	Forest area as a proportion of total land area (%)	96	114.6288563	4.49736984	BRN	Brunei Darussalam	1	PERCENT	Percentage	75.33	73.81	72.11	72.11	2015	72.11	FAO Estimate	E
2018.Q2.G.01	AG_LND_FRST	Forest area as a proportion of total land area (%)	100	25.23763153	42.75731323	BGR	Bulgaria	1	PERCENT	Percentage	31.09	33.63	34.42	35.22	2015	35.22	Official country data submitted to FAO	C
2018.Q2.G.01	AG_LND_FRST	Forest area as a proportion of total land area (%)	104	96.51752295	21.19332882	MMR	Myanmar	1	PERCENT	Percentage	53.39	51.02	48.65	44.47	2015	44.47	Official country data submitted to FAO	C
2018.Q2.G.01	AG_LND_FRST	Forest area as a proportion of total land area (%)	108	29.89080992	-3.366387428	BDI	Burundi	1	PERCENT	Percentage	7.71	7.05	9.85	10.75	2015	10.75	Official country data submitted to FAO	C
2018.Q2.G.01	AG_LND_FRST	Forest area as a proportion of total land area (%)	112	28.04940161	53.54193075	BLR	Belarus	1	PERCENT	Percentage	40.77	41.58	42.06	42.55	2015	42.55	Official country data submitted to FAO	C
2018.Q2.G.01	AG_LND_FRST	Forest area as a proportion of total land area (%)	116	104.922836	12.71163737	KHM	Cambodia	1	PERCENT	Percentage	65.41	60.79	57.18	53.57	2015	53.57	Official country data submitted to FAO	C
2018.Q2.G.01	AG_LND_FRST	Forest area as a proportion of total land area (%)	120	12.7419827	5.692387031	CMR	Cameroon	1	PERCENT	Percentage	46.79	44.46	42.13	39.8	2015	39.8	Official country data submitted to FAO	C
2018.Q2.G.01	AG_LND_FRST	Forest area as a proportion of total land area (%)	124	-101.6575058	57.72360191	CAN	Canada	1	PERCENT	Percentage	38.25	38.22	38.19	38.17	2015	38.17	Official country data submitted to FAO	C
2018.Q2.G.01	AG_LND_FRST	Forest area as a proportion of total land area (%)	132	-23.63544151	15.07791834	CPV	Cabo Verde	1	PERCENT	Percentage	20.37	20.74	21.11	22.31	2015	22.31	Official country data submitted to FAO	C
2018.Q2.G.01	AG_LND_FRST	Forest area as a proportion of total land area (%)	136	-81.16740559	19.32266656	CYM	Cayman Islands	1	PERCENT	Percentage	52.92	52.92	52.92	52.92	2015	52.92	FAO Estimate	E
2018.Q2.G.01	AG_LND_FRST	Forest area as a proportion of total land area (%)	140	20.93559492	7.003720791	CAF	Central African Republic	1	PERCENT	Percentage	35.96	35.84	35.71	35.59	2015	35.59	Official country data submitted to FAO	C
2018.Q2.G.01	AG_LND_FRST	Forest area as a proportion of total land area (%)	144	80.70489654	7.614693343	LKA	Sri Lanka	1	PERCENT	Percentage	34.95	33.77	33.54	33.01	2015	33.01	Official country data submitted to FAO	C
2018.Q2.G.01	AG_LND_FRST	Forest area as a proportion of total land area (%)	148	18.66618401	15.36279341	TCD	Chad	1	PERCENT	Percentage	5.02	4.88	4.37	3.87	2015	3.87	Official country data submitted to FAO	C
2018.Q2.G.01	AG_LND_FRST	Forest area as a proportion of total land area (%)	152	-71.23029019	-35.2652885	CHL	Chile	1	PERCENT	Percentage	21.3	21.58	21.83	23.85	2015	23.85	Official country data submitted to FAO	C
2018.Q2.G.01	AG_LND_FRST	Forest area as a proportion of total land area (%)	156	104.1403375	32.30955217	CHN	China	1	PERCENT	Percentage	18.78	20.48	21.29	22.1	2015	22.1	Official country data submitted to FAO	C
2018.Q2.G.01	AG_LND_FRST	Forest area as a proportion of total land area (%)	162	105.6426067	-10.4882473	CXR	Christmas Island	1	PERCENT	Percentage								
2018.Q2.G.01	AG_LND_FRST	Forest area as a proportion of total land area (%)	166	96.82633757	-12.18600682	CCK	Cocos (Keeling) Islands	1	PERCENT	Percentage								
2018.Q2.G.01	AG_LND_FRST	Forest area as a proportion of total land area (%)	170	-73.07446751	3.888209046	COL	Colombia	1	PERCENT	Percentage	55.7	54.26	52.85	52.73	2015	52.73	Official country data submitted to FAO	C
2018.Q2.G.01	AG_LND_FRST	Forest area as a proportion of total land area (%)	174	43.34234565	-11.66121732	COM	Comoros	1	PERCENT	Percentage	24.18	22.57	20.96	19.88	2015	19.88	FAO Estimate	E
2018.Q2.G.01	AG_LND_FRST	Forest area as a proportion of total land area (%)	175	45.14015057	-12.82217691	MYT	Mayotte	1	PERCENT	Percentage	23.34	20.75	18.16	15.56	2015	15.56	FAO Estimate	E
2018.Q2.G.01	AG_LND_FRST	Forest area as a proportion of total land area (%)	178	15.22052612	-0.840544119	COG	Congo	1	PERCENT	Percentage	66.05	65.8	65.63	65.4	2015	65.4	Official country data submitted to FAO	C
2018.Q2.G.01	AG_LND_FRST	Forest area as a proportion of total land area (%)	180	23.65496507	-2.877154732	COD	Democratic Republic of the Congo	1	PERCENT	Percentage	69.36	68.68	67.99	67.3	2015	67.3	Official country data submitted to FAO	C
2018.Q2.G.01	AG_LND_FRST	Forest area as a proportion of total land area (%)	184	-159.7711391	-21.22696458	COK	Cook Islands	1	PERCENT	Percentage	62.92	62.92	62.92	62.92	2015	62.92	Official country data submitted to FAO	C
2018.Q2.G.01	AG_LND_FRST	Forest area as a proportion of total land area (%)	188	-84.19712782	9.970998683	CRI	Costa Rica	1	PERCENT	Percentage	46.53	48.79	51.02	53.98	2015	53.98	Official country data submitted to FAO	C
2018.Q2.G.01	AG_LND_FRST	Forest area as a proportion of total land area (%)	191	17.95874553	45.45172212	HRV	Croatia	1	PERCENT	Percentage	33.68	34.01	34.31	34.35	2015	34.35	Official country data submitted to FAO	C
2018.Q2.G.01	AG_LND_FRST	Forest area as a proportion of total land area (%)	192	-79.54460144	22.10030366	CUB	Cuba	1	PERCENT	Percentage	23.41	25.93	28.19	30.76	2015	30.76	Official country data submitted to FAO	C
2018.Q2.G.01	AG_LND_FRST	Forest area as a proportion of total land area (%)	196	33.22285964	35.05659437	CYP	Cyprus	1	PERCENT	Percentage	18.57	18.71	18.71	18.69	2015	18.69	Official country data submitted to FAO	C
2018.Q2.G.01	AG_LND_FRST	Forest area as a proportion of total land area (%)	203	15.33151382	49.73913871	CZE	Czechia	1	PERCENT	Percentage	34.15	34.28	34.41	34.54	2015	34.54	Official country data submitted to FAO	C
2018.Q2.G.01	AG_LND_FRST	Forest area as a proportion of total land area (%)	204	2.339933594	9.65401646	BEN	Benin	1	PERCENT	Percentage	44.88	42.67	40.45	38.23	2015	38.23	Official country data submitted to FAO	C
2018.Q2.G.01	AG_LND_FRST	Forest area as a proportion of total land area (%)	208	9.326571283	56.03829721	DNK	Denmark	1	PERCENT	Percentage	13.94	13.28	13.98	14.58	2015	14.58	Official country data submitted to FAO	C
2018.Q2.G.01	AG_LND_FRST	Forest area as a proportion of total land area (%)	212	-61.3493756	15.43391378	DMA	Dominica	1	PERCENT	Percentage	63.11	61.32	59.55	57.77	2015	57.77	FAO Estimate	E
2018.Q2.G.01	AG_LND_FRST	Forest area as a proportion of total land area (%)	214	-70.49847576	18.89832088	DOM	Dominican Republic	1	PERCENT	Percentage	30.76	34.2	37.61	41.05	2015	41.05	Official country data submitted to FAO	C
2018.Q2.G.01	AG_LND_FRST	Forest area as a proportion of total land area (%)	218	-78.37005241	-1.447785891	ECU	Ecuador	1	PERCENT	Percentage	55.28	53.69	52.11	50.52	2015	50.52	Official country data submitted to FAO	C
2018.Q2.G.01	AG_LND_FRST	Forest area as a proportion of total land area (%)	222	-88.86862995	13.73603564	SLV	El Salvador	1	PERCENT	Percentage	16.02	14.91	13.85	12.79	2015	12.79	Official country data submitted to FAO	C
2018.Q2.G.01	AG_LND_FRST	Forest area as a proportion of total land area (%)	226	10.46535826	1.565792376	GNQ	Equatorial Guinea	1	PERCENT	Percentage	62.14	60.07	57.97	55.9	2015	55.9	Official country data submitted to FAO	C
2018.Q2.G.01	AG_LND_FRST	Forest area as a proportion of total land area (%)	231	39.63505296	8.631223181	ETH	Ethiopia	1	PERCENT	Percentage	13.71	13	12.3	12.5	2015	12.5	Official country data submitted to FAO	C
2018.Q2.G.01	AG_LND_FRST	Forest area as a proportion of total land area (%)	232	38.11074289	16.12894644	ERI	Eritrea	1	PERCENT	Percentage	15.6	15.39	15.17	14.95	2015	14.95	FAO Estimate	E
2018.Q2.G.01	AG_LND_FRST	Forest area as a proportion of total land area (%)	233	25.84093481	58.68487172	EST	Estonia	1	PERCENT	Percentage	52.91	53.13	52.7	52.65	2015	52.65	Official country data submitted to FAO	C
2018.Q2.G.01	AG_LND_FRST	Forest area as a proportion of total land area (%)	234	-7.122044325	62.21228119	FRO	Faroe Islands	1	PERCENT	Percentage	0.06	0.06	0.06	0.06	2015	0.06	FAO Estimate	E
2018.Q2.G.01	AG_LND_FRST	Forest area as a proportion of total land area (%)	238	-58.75246778	-51.74562601	FLK	Falkland Islands (Malvinas)	1	PERCENT	Percentage	0	0	0	0	2015	0	FAO Estimate	E
2018.Q2.G.01	AG_LND_FRST	Forest area as a proportion of total land area (%)	239	-36.90662765	-54.20736749	SGS	South Georgia and the South Sandwich Islands	1	PERCENT	Percentage								
2018.Q2.G.01	AG_LND_FRST	Forest area as a proportion of total land area (%)	242	177.9660884	-17.83301566	FJI	Fiji	1	PERCENT	Percentage	53.66	54.58	54.35	55.68	2015	55.68	Official country data submitted to FAO	C
2018.Q2.G.01	AG_LND_FRST	Forest area as a proportion of total land area (%)	246	23.308447	61.91586738	FIN	Finland	1	PERCENT	Percentage	73.85	72.86	73.11	73.11	2015	73.11	Official country data submitted to FAO	C
2018.Q2.G.01	AG_LND_FRST	Forest area as a proportion of total land area (%)	248	19.80945969	60.1544901	ALA	Åland Islands	1	PERCENT	Percentage								
2018.Q2.G.01	AG_LND_FRST	Forest area as a proportion of total land area (%)	250	2.457288129	46.62660861	FRA	France	1	PERCENT	Percentage	27.92	28.97	30	31.03	2015	31.03	Official country data submitted to FAO	C
2018.Q2.G.01	AG_LND_FRST	Forest area as a proportion of total land area (%)	254	-53.23619089	3.922673437	GUF	French Guiana	1	PERCENT	Percentage	99.54	99.37	99	98.91	2015	98.91	Official country data submitted to FAO	C
2018.Q2.G.01	AG_LND_FRST	Forest area as a proportion of total land area (%)	258	-149.4052367	-17.67709294	PYF	French Polynesia	1	PERCENT	Percentage	28.69	35.52	42.35	42.35	2015	42.35	FAO Estimate	E
2018.Q2.G.01	AG_LND_FRST	Forest area as a proportion of total land area (%)	260	69.64849091	-49.6068576	ATF	French Southern Territories	1	PERCENT	Percentage								
2018.Q2.G.01	AG_LND_FRST	Forest area as a proportion of total land area (%)	262	42.18274707	11.56004161	DJI	Djibouti	1	PERCENT	Percentage	0.24	0.24	0.24	0.24	2015	0.24	FAO Estimate	E
2018.Q2.G.01	AG_LND_FRST	Forest area as a proportion of total land area (%)	266	11.78727747	-0.60687619	GAB	Gabon	1	PERCENT	Percentage	85.38	85.38	85.38	89.26	2015	89.26	Official country data submitted to FAO	C
2018.Q2.G.01	AG_LND_FRST	Forest area as a proportion of total land area (%)	268	43.3713615	42.04813028	GEO	Georgia	1	PERCENT	Percentage	39.73	39.9	40.62	40.62	2015	40.62	Official country data submitted to FAO	C
2018.Q2.G.01	AG_LND_FRST	Forest area as a proportion of total land area (%)	270	-15.39944785	13.45295927	GMB	Gambia	1	PERCENT	Percentage	45.55	46.54	47.43	48.22	2015	48.22	Official country data submitted to FAO	C
2018.Q2.G.01	AG_LND_FRST	Forest area as a proportion of total land area (%)	275	35.25694122	31.94347933	PSE	State of Palestine	1	PERCENT	Percentage	1.51	1.52	1.52	1.52	2015	1.52	FAO Estimate	E
2018.Q2.G.01	AG_LND_FRST	Forest area as a proportion of total land area (%)	276	10.3806066	51.08862743	DEU	Germany	1	PERCENT	Percentage	32.55	32.63	32.7	32.73	2015	32.73	Official country data submitted to FAO	C
2018.Q2.G.01	AG_LND_FRST	Forest area as a proportion of total land area (%)	288	-1.205623522	7.964825185	GHA	Ghana	1	PERCENT	Percentage	39.15	39.79	40.41	41.03	2015	41.03	Official country data submitted to FAO	C
2018.Q2.G.01	AG_LND_FRST	Forest area as a proportion of total land area (%)	292	-5.347561686	36.13895036	GIB	Gibraltar	1	PERCENT	Percentage	0	0	0	0	2015	0	FAO Estimate	E
2018.Q2.G.01	AG_LND_FRST	Forest area as a proportion of total land area (%)	296	-157.5643005	1.768837732	KIR	Kiribati	1	PERCENT	Percentage	15	15	15	15	2015	15	FAO Estimate	E
2018.Q2.G.01	AG_LND_FRST	Forest area as a proportion of total land area (%)	300	22.58307827	39.47301873	GRC	Greece	1	PERCENT	Percentage	27.94	29.11	30.28	31.45	2015	31.45	FAO Estimate	E
2018.Q2.G.01	AG_LND_FRST	Forest area as a proportion of total land area (%)	304	-41.39371316	74.75625681	GRL	Greenland	1	PERCENT	Percentage	0	0	0	0	2015	0	FAO Estimate	E
2018.Q2.G.01	AG_LND_FRST	Forest area as a proportion of total land area (%)	308	-61.68248568	12.11238395	GRD	Grenada	1	PERCENT	Percentage	49.97	49.97	49.97	49.97	2015	49.97	FAO Estimate	E
2018.Q2.G.01	AG_LND_FRST	Forest area as a proportion of total land area (%)	312	-61.64762115	16.14416917	GLP	Guadeloupe	1	PERCENT	Percentage	45.21	45.11	44.37	44.24	2015	44.24	Official country data submitted to FAO	C
2018.Q2.G.01	AG_LND_FRST	Forest area as a proportion of total land area (%)	316	144.7029305	13.35485404	GUM	Guam	1	PERCENT	Percentage	46.3	46.3	46.3	46.3	2015	46.3	FAO Estimate	E
2018.Q2.G.01	AG_LND_FRST	Forest area as a proportion of total land area (%)	320	-91.2312746	15.00273719	GTM	Guatemala	1	PERCENT	Percentage	39.27	36.75	34.73	33.03	2015	33.03	Official country data submitted to FAO	C
2018.Q2.G.01	AG_LND_FRST	Forest area as a proportion of total land area (%)	324	-11.28173419	11.00210343	GIN	Guinea	1	PERCENT	Percentage	28.1	27.36	26.63	25.9	2015	25.9	Official country data submitted to FAO	C
2018.Q2.G.01	AG_LND_FRST	Forest area as a proportion of total land area (%)	328	-58.97322037	4.788012784	GUY	Guyana	1	PERCENT	Percentage	84.44	84.34	84.21	83.95	2015	83.95	Official country data submitted to FAO	C
2018.Q2.G.01	AG_LND_FRST	Forest area as a proportion of total land area (%)	332	-72.33640958	18.40426539	HTI	Haiti	1	PERCENT	Percentage	3.96	3.81	3.66	3.52	2015	3.52	Official country data submitted to FAO	C
2018.Q2.G.01	AG_LND_FRST	Forest area as a proportion of total land area (%)	334	73.52633626	-53.09106147	HMD	Heard Island and McDonald Islands	1	PERCENT	Percentage								
2018.Q2.G.01	AG_LND_FRST	Forest area as a proportion of total land area (%)	336	12.45315803	41.90343751	VAT	Holy See	1	PERCENT	Percentage	0	0	0	0	2015	0	FAO Estimate	E
2018.Q2.G.01	AG_LND_FRST	Forest area as a proportion of total land area (%)	340	-86.59974381	14.82243161	HND	Honduras	1	PERCENT	Percentage	57.13	51.77	46.4	41.04	2015	41.04	Official country data submitted to FAO	C
2018.Q2.G.01	AG_LND_FRST	Forest area as a proportion of total land area (%)	344	114.0266445	22.41749934	HKG	China, Hong Kong Special Administrative Region	1	PERCENT	Percentage								
2018.Q2.G.01	AG_LND_FRST	Forest area as a proportion of total land area (%)	348	19.41221519	47.1651448	HUN	Hungary	1	PERCENT	Percentage	21.18	21.9	22.6	22.85	2015	22.85	Official country data submitted to FAO	C
2018.Q2.G.01	AG_LND_FRST	Forest area as a proportion of total land area (%)	352	-19.02116966	64.79134763	ISL	Iceland	1	PERCENT	Percentage	0.29	0.36	0.43	0.49	2015	0.49	Official country data submitted to FAO	C
2018.Q2.G.01	AG_LND_FRST	Forest area as a proportion of total land area (%)	356	79.3608464	22.34642074	IND	India	1	PERCENT	Percentage	21.99	22.77	23.47	23.77	2015	23.77	Official country data submitted to FAO	C
2018.Q2.G.01	AG_LND_FRST	Forest area as a proportion of total land area (%)	360	113.9174	-0.994582204	IDN	Indonesia	1	PERCENT	Percentage	54.87	54.02	52.13	50.24	2015	50.24	Official country data submitted to FAO	C
2018.Q2.G.01	AG_LND_FRST	Forest area as a proportion of total land area (%)	364	54.19766348	32.74370885	IRN	Iran (Islamic Republic of)	1	PERCENT	Percentage	5.73	6.56	6.56	6.56	2015	6.56	Official country data submitted to FAO	C
2018.Q2.G.01	AG_LND_FRST	Forest area as a proportion of total land area (%)	368	43.76606267	33.05013795	IRQ	Iraq	1	PERCENT	Percentage	1.88	1.9	1.9	1.9	2015	1.9	FAO Estimate	E
2018.Q2.G.01	AG_LND_FRST	Forest area as a proportion of total land area (%)	372	-7.121425272	53.25274054	IRL	Ireland	1	PERCENT	Percentage	9.22	10.09	10.53	10.95	2015	10.95	Official country data submitted to FAO	C
2018.Q2.G.01	AG_LND_FRST	Forest area as a proportion of total land area (%)	376	34.62277992	31.06164552	ISR	Israel	1	PERCENT	Percentage	7.07	7.16	7.12	7.62	2015	7.62	Official country data submitted to FAO	C
2018.Q2.G.01	AG_LND_FRST	Forest area as a proportion of total land area (%)	380	12.57022427	42.79917282	ITA	Italy	1	PERCENT	Percentage	28.45	29.78	30.69	31.61	2015	31.61	Official country data submitted to FAO	C
2018.Q2.G.01	AG_LND_FRST	Forest area as a proportion of total land area (%)	384	-5.552690016	7.62211586	CIV	Côte d'Ivoire	1	PERCENT	Percentage	32.48	32.72	32.71	32.71	2015	32.71	FAO Estimate	E
2018.Q2.G.01	AG_LND_FRST	Forest area as a proportion of total land area (%)	388	-77.31068409	18.15616857	JAM	Jamaica	1	PERCENT	Percentage	31.48	31.32	31.13	30.95	2015	30.95	Official country data submitted to FAO	C
2018.Q2.G.01	AG_LND_FRST	Forest area as a proportion of total land area (%)	392	139.2716103	36.6554539	JPN	Japan	1	PERCENT	Percentage	68.24	68.4	68.48	68.46	2015	68.46	Official country data submitted to FAO	C
2018.Q2.G.01	AG_LND_FRST	Forest area as a proportion of total land area (%)	398	66.65359159	48.01963494	KAZ	Kazakhstan	1	PERCENT	Percentage	1.25	1.24	1.23	1.23	2015	1.23	FAO Estimate	E
2018.Q2.G.01	AG_LND_FRST	Forest area as a proportion of total land area (%)	400	37.13024774	30.65365973	JOR	Jordan	1	PERCENT	Percentage	1.1	1.1	1.1	1.1	2015	1.1	FAO Estimate	E
2018.Q2.G.01	AG_LND_FRST	Forest area as a proportion of total land area (%)	404	37.86096816	0.534797278	KEN	Kenya	1	PERCENT	Percentage	6.25	7.11	7.43	7.75	2015	7.75	Official country data submitted to FAO	C
2018.Q2.G.01	AG_LND_FRST	Forest area as a proportion of total land area (%)	408	127.1803633	40.1462645	PRK	Democratic People's Republic of Korea	1	PERCENT	Percentage	57.58	52.31	47.06	41.78	2015	41.78	FAO Estimate	E
2018.Q2.G.01	AG_LND_FRST	Forest area as a proportion of total land area (%)	410	127.8610254	36.45201023	KOR	Republic of Korea	1	PERCENT	Percentage	64.51	64.17	63.83	63.44	2015	63.44	Official country data submitted to FAO	C
2018.Q2.G.01	AG_LND_FRST	Forest area as a proportion of total land area (%)	414	47.49305029	29.53949468	KWT	Kuwait	1	PERCENT	Percentage	0.27	0.31	0.35	0.35	2015	0.35	FAO Estimate	E
2018.Q2.G.01	AG_LND_FRST	Forest area as a proportion of total land area (%)	417	74.52324839	41.46204516	KGZ	Kyrgyzstan	1	PERCENT	Percentage	4.47	4.53	3.53	3.32	2015	3.32	Official country data submitted to FAO	C
2018.Q2.G.01	AG_LND_FRST	Forest area as a proportion of total land area (%)	418	101.9901968	20.27482773	LAO	Lao People's Democratic Republic	1	PERCENT	Percentage	71.6	73.09	77.19	81.29	2015	81.29	Official country data submitted to FAO	C
2018.Q2.G.01	AG_LND_FRST	Forest area as a proportion of total land area (%)	422	35.89391711	33.92152458	LBN	Lebanon	1	PERCENT	Percentage	12.81	13.34	13.38	13.42	2015	13.42	Official country data submitted to FAO	C
2018.Q2.G.01	AG_LND_FRST	Forest area as a proportion of total land area (%)	426	28.25362195	-29.58041814	LSO	Lesotho	1	PERCENT	Percentage	1.38	1.42	1.45	1.61	2015	1.61	Official country data submitted to FAO	C
2018.Q2.G.01	AG_LND_FRST	Forest area as a proportion of total land area (%)	428	26.42461876	56.64196636	LVA	Latvia	1	PERCENT	Percentage	52.12	53.02	53.94	53.97	2015	53.97	Official country data submitted to FAO	C
2018.Q2.G.01	AG_LND_FRST	Forest area as a proportion of total land area (%)	430	-9.311879038	6.448381009	LBR	Liberia	1	PERCENT	Percentage	48.06	46.5	44.94	43.39	2015	43.39	Official country data submitted to FAO	C
2018.Q2.G.01	AG_LND_FRST	Forest area as a proportion of total land area (%)	434	18.0295985	27.04042819	LBY	Libya	1	PERCENT	Percentage	0.12	0.12	0.12	0.12	2015	0.12	FAO Estimate	E
2018.Q2.G.01	AG_LND_FRST	Forest area as a proportion of total land area (%)	438	9.552985019	47.14167005	LIE	Liechtenstein	1	PERCENT	Percentage	43.13	43.13	43.13	43.13	2015	43.13	FAO Estimate	E
2018.Q2.G.01	AG_LND_FRST	Forest area as a proportion of total land area (%)	440	23.90517807	55.33680309	LTU	Lithuania	1	PERCENT	Percentage	32.24	33.86	34.64	34.8	2015	34.8	Official country data submitted to FAO	C
2018.Q2.G.01	AG_LND_FRST	Forest area as a proportion of total land area (%)	442	6.092656563	49.77679538	LUX	Luxembourg	1	PERCENT	Percentage	33.47	33.47	33.47	33.47	2015	33.47	FAO Estimate	E
2018.Q2.G.01	AG_LND_FRST	Forest area as a proportion of total land area (%)	446	113.5665388	22.1237259	MAC	China, Macao Special Administrative Region	1	PERCENT	Percentage								
2018.Q2.G.01	AG_LND_FRST	Forest area as a proportion of total land area (%)	450	46.6982339	-19.38514785	MDG	Madagascar	1	PERCENT	Percentage	22.38	22.07	21.58	21.44	2015	21.44	Official country data submitted to FAO	C
2018.Q2.G.01	AG_LND_FRST	Forest area as a proportion of total land area (%)	454	33.4884625	-13.40819859	MWI	Malawi	1	PERCENT	Percentage	37.83	36.08	34.33	33.38	2015	33.38	Official country data submitted to FAO	C
2018.Q2.G.01	AG_LND_FRST	Forest area as a proportion of total land area (%)	458	116.8346314	5.452415309	MYS	Malaysia	1	PERCENT	Percentage	65.72	63.58	67.34	67.55	2015	67.55	Official country data submitted to FAO	C
2018.Q2.G.01	AG_LND_FRST	Forest area as a proportion of total land area (%)	462	73.09672546	-0.614385021	MDV	Maldives	1	PERCENT	Percentage	3.33	3.33	3.33	3.33	2015	3.33	FAO Estimate	E
2018.Q2.G.01	AG_LND_FRST	Forest area as a proportion of total land area (%)	466	-3.522016039	17.35311254	MLI	Mali	1	PERCENT	Percentage	4.84	4.51	4.19	3.86	2015	3.86	Official country data submitted to FAO	C
2018.Q2.G.01	AG_LND_FRST	Forest area as a proportion of total land area (%)	470	14.44617519	35.89194275	MLT	Malta	1	PERCENT	Percentage	1.08	1.08	1.08	1.08	2015	1.08	FAO Estimate	E
2018.Q2.G.01	AG_LND_FRST	Forest area as a proportion of total land area (%)	474	-60.91544135	14.56086108	MTQ	Martinique	1	PERCENT	Percentage	45.75	45.75	45.75	45.75	2015	45.75	Official country data submitted to FAO	C
2018.Q2.G.01	AG_LND_FRST	Forest area as a proportion of total land area (%)	478	-10.33187259	20.26089546	MRT	Mauritania	1	PERCENT	Percentage	0.31	0.26	0.23	0.22	2015	0.22	Official country data submitted to FAO	C
2018.Q2.G.01	AG_LND_FRST	Forest area as a proportion of total land area (%)	480	57.568022	-20.28581998	MUS	Mauritius	1	PERCENT	Percentage	20.64	18.82	18.92	19.01	2015	19.01	Official country data submitted to FAO	C
2018.Q2.G.01	AG_LND_FRST	Forest area as a proportion of total land area (%)	484	-102.5148166	23.93378032	MEX	Mexico	1	PERCENT	Percentage	34.91	34.51	34.21	33.97	2015	33.97	Official country data submitted to FAO	C
2018.Q2.G.01	AG_LND_FRST	Forest area as a proportion of total land area (%)	492	7.424214814	43.73532918	MCO	Monaco	1	PERCENT	Percentage	0	0	0	0	2015	0	FAO Estimate	E
2018.Q2.G.01	AG_LND_FRST	Forest area as a proportion of total land area (%)	496	103.0728057	46.83892054	MNG	Mongolia	1	PERCENT	Percentage	7.54	7.28	8.39	8.08	2015	8.08	Official country data submitted to FAO	C
2018.Q2.G.01	AG_LND_FRST	Forest area as a proportion of total land area (%)	498	28.4650624	47.20236795	MDA	Republic of Moldova	1	PERCENT	Percentage	9.86	11.04	11.74	12.44	2015	12.44	FAO Estimate	E
2018.Q2.G.01	AG_LND_FRST	Forest area as a proportion of total land area (%)	499	19.25214024	42.78717043	MNE	Montenegro	1	PERCENT	Percentage	46.54	46.54	61.49	61.49	2015	61.49	Official country data submitted to FAO	C
2018.Q2.G.01	AG_LND_FRST	Forest area as a proportion of total land area (%)	500	-62.19261223	16.73558313	MSR	Montserrat	1	PERCENT	Percentage	25	25	25	25	2015	25	FAO Estimate	E
2018.Q2.G.01	AG_LND_FRST	Forest area as a proportion of total land area (%)	504	-6.281942841	31.8440131	MAR	Morocco	1	PERCENT	Percentage	11.19	12.1	12.71	12.62	2015	12.62	Official country data submitted to FAO	C
2018.Q2.G.01	AG_LND_FRST	Forest area as a proportion of total land area (%)	508	38.18479941	-14.27963886	MOZ	Mozambique	1	PERCENT	Percentage	52.38	50.97	49.56	48.25	2015	48.25	Official country data submitted to FAO	C
2018.Q2.G.01	AG_LND_FRST	Forest area as a proportion of total land area (%)	512	57.87743482	21.98805614	OMN	Oman	1	PERCENT	Percentage	0.01	0.01	0.01	0.01	2015	0.01	Official country data submitted to FAO	C
2018.Q2.G.01	AG_LND_FRST	Forest area as a proportion of total land area (%)	516	17.21907885	-22.13817068	NAM	Namibia	1	PERCENT	Percentage	9.76	9.31	8.85	8.4	2015	8.4	Official country data submitted to FAO	C
2018.Q2.G.01	AG_LND_FRST	Forest area as a proportion of total land area (%)	520	166.92313	-0.528742623	NRU	Nauru	1	PERCENT	Percentage	0	0	0	0	2015	0	FAO Estimate	E
2018.Q2.G.01	AG_LND_FRST	Forest area as a proportion of total land area (%)	524	83.94678863	28.25866332	NPL	Nepal	1	PERCENT	Percentage	27.21	25.36	25.36	25.36	2015	25.36	Official country data submitted to FAO	C
2018.Q2.G.01	AG_LND_FRST	Forest area as a proportion of total land area (%)	528	5.331480568	51.86728884	NLD	Netherlands	1	PERCENT	Percentage	10.69	10.83	11.07	11.16	2015	11.16	Official country data submitted to FAO	C
2018.Q2.G.01	AG_LND_FRST	Forest area as a proportion of total land area (%)	530	-68.30676179	12.22720635	ANT	Netherlands Antilles	1	PERCENT	Percentage	1.48	1.48	1.48	1.48	2015	1.48	FAO Estimate	E
2018.Q2.G.01	AG_LND_FRST	Forest area as a proportion of total land area (%)	531	-68.95033464	12.15058042	CUW	Curaçao	1	PERCENT	Percentage								
2018.Q2.G.01	AG_LND_FRST	Forest area as a proportion of total land area (%)	533	-69.97050586	12.50878756	ABW	Aruba	1	PERCENT	Percentage	2.33	2.33	2.33	2.33	2015	2.33	FAO Estimate	E
2018.Q2.G.01	AG_LND_FRST	Forest area as a proportion of total land area (%)	534	-63.06198692	18.03926508	SXM	Sint Maarten (Dutch part)	1	PERCENT	Percentage								
2018.Q2.G.01	AG_LND_FRST	Forest area as a proportion of total land area (%)	540	165.5067368	-21.41742531	NCL	New Caledonia	1	PERCENT	Percentage	45.9	45.9	45.9	45.9	2015	45.9	FAO Estimate	E
2018.Q2.G.01	AG_LND_FRST	Forest area as a proportion of total land area (%)	548	167.0679779	-15.34445547	VUT	Vanuatu	1	PERCENT	Percentage	36.1	36.1	36.1	36.1	2015	36.1	FAO Estimate	E
2018.Q2.G.01	AG_LND_FRST	Forest area as a proportion of total land area (%)	554	170.4755673	-43.98721568	NZL	New Zealand	1	PERCENT	Percentage	38.51	38.67	38.55	38.56	2015	38.56	Official country data submitted to FAO	C
2018.Q2.G.01	AG_LND_FRST	Forest area as a proportion of total land area (%)	558	-85.03060315	12.84210839	NIC	Nicaragua	1	PERCENT	Percentage	31.69	28.79	25.88	25.88	2015	25.88	Official country data submitted to FAO	C
2018.Q2.G.01	AG_LND_FRST	Forest area as a proportion of total land area (%)	562	9.400167877	17.42143036	NER	Niger	1	PERCENT	Percentage	1.05	1	0.95	0.9	2015	0.9	Official country data submitted to FAO	C
2018.Q2.G.01	AG_LND_FRST	Forest area as a proportion of total land area (%)	566	8.097363256	9.585789025	NGA	Nigeria	1	PERCENT	Percentage	14.42	12.18	9.93	7.68	2015	7.68	Official country data submitted to FAO	C
2018.Q2.G.01	AG_LND_FRST	Forest area as a proportion of total land area (%)	570	-169.8601693	-19.05000475	NIU	Niue	1	PERCENT	Percentage	75.38	73.46	71.54	69.62	2015	69.62	FAO Estimate	E
2018.Q2.G.01	AG_LND_FRST	Forest area as a proportion of total land area (%)	574	167.9515548	-29.03230018	NFK	Norfolk Island	1	PERCENT	Percentage	11.5	11.5	11.5	11.5	2015	11.5	FAO Estimate	E
2018.Q2.G.01	AG_LND_FRST	Forest area as a proportion of total land area (%)	578	11.47846389	61.34311134	NOR	Norway	1	PERCENT	Percentage	39.83	39.76	39.79	39.83	2015	39.83	Official country data submitted to FAO	C
2018.Q2.G.01	AG_LND_FRST	Forest area as a proportion of total land area (%)	580	145.7582114	15.19099517	MNP	Northern Mariana Islands	1	PERCENT	Percentage	69.49	67.7	65.91	64.12	2015	64.12	FAO Estimate	E
2018.Q2.G.01	AG_LND_FRST	Forest area as a proportion of total land area (%)	581	-162.4343752	5.874443968	UMI	US Minor Outlying Islands	1	PERCENT	Percentage								
2018.Q2.G.01	AG_LND_FRST	Forest area as a proportion of total land area (%)	583	158.225216	6.880670092	FSM	Micronesia, Federated States of	1	PERCENT	Percentage	91.22	91.42	91.61	91.81	2015	91.81	FAO Estimate	E
2018.Q2.G.01	AG_LND_FRST	Forest area as a proportion of total land area (%)	584	171.0839119	7.110213497	MHL	Marshall Islands	1	PERCENT	Percentage	70.2	70.2	70.2	70.2	2015	70.2	FAO Estimate	E
2018.Q2.G.01	AG_LND_FRST	Forest area as a proportion of total land area (%)	585	134.5733878	7.502307591	PLW	Palau	1	PERCENT	Percentage	86.06	87.62	87.62	87.62	2015	87.62	Official country data submitted to FAO	C
2018.Q2.G.01	AG_LND_FRST	Forest area as a proportion of total land area (%)	586	68.80479684	29.36491634	PAK	Pakistan	1	PERCENT	Percentage	2.74	2.47	2.19	1.91	2015	1.91	FAO Estimate	E
2018.Q2.G.01	AG_LND_FRST	Forest area as a proportion of total land area (%)	591	-81.26616623	8.450965746	PAN	Panama	1	PERCENT	Percentage	65.47	64.33	63.21	62.11	2015	62.11	Official country data submitted to FAO	C
2018.Q2.G.01	AG_LND_FRST	Forest area as a proportion of total land area (%)	598	145.8587761	-6.756057077	PNG	Papua New Guinea	1	PERCENT	Percentage	74.2	74.16	74.14	74.1	2015	74.1	Official country data submitted to FAO	C
2018.Q2.G.01	AG_LND_FRST	Forest area as a proportion of total land area (%)	600	-60.54854225	-21.70216237	PRY	Paraguay	1	PERCENT	Percentage	48.75	46.5	42.66	38.57	2015	38.57	Official country data submitted to FAO	C
2018.Q2.G.01	AG_LND_FRST	Forest area as a proportion of total land area (%)	604	-71.82093277	-13.58939705	PER	Peru	1	PERCENT	Percentage	59.49	59.01	58.45	57.79	2015	57.79	Official country data submitted to FAO	C
2018.Q2.G.01	AG_LND_FRST	Forest area as a proportion of total land area (%)	608	120.8601418	14.16591706	PHL	Philippines	1	PERCENT	Percentage	23.57	23.72	22.94	26.96	2015	26.96	Official country data submitted to FAO	C
2018.Q2.G.01	AG_LND_FRST	Forest area as a proportion of total land area (%)	612	-128.3225873	-24.37538456	PCN	Pitcairn	1	PERCENT	Percentage	74.47	74.47	74.47	74.47	2015	74.47	FAO Estimate	E
2018.Q2.G.01	AG_LND_FRST	Forest area as a proportion of total land area (%)	616	19.40660158	52.1226733	POL	Poland	1	PERCENT	Percentage	29.59	30.05	30.47	30.81	2015	30.81	Official country data submitted to FAO	C
2018.Q2.G.01	AG_LND_FRST	Forest area as a proportion of total land area (%)	620	-7.961599811	39.68509315	PRT	Portugal	1	PERCENT	Percentage	36.49	35.98	35.36	34.74	2015	34.74	Official country data submitted to FAO	C
2018.Q2.G.01	AG_LND_FRST	Forest area as a proportion of total land area (%)	624	-14.40182514	12.11760394	GNB	Guinea-Bissau	1	PERCENT	Percentage	75.39	73.68	71.91	70.13	2015	70.13	FAO Estimate	E
2018.Q2.G.01	AG_LND_FRST	Forest area as a proportion of total land area (%)	626	125.9451052	-8.797497247	TLS	Timor-Leste	1	PERCENT	Percentage	57.43	53.67	49.9	46.13	2015	46.13	FAO Estimate	E
2018.Q2.G.01	AG_LND_FRST	Forest area as a proportion of total land area (%)	630	-66.47591017	18.22753799	PRI	Puerto Rico	1	PERCENT	Percentage	50.74	52.18	54.05	55.91	2015	55.91	Official country data submitted to FAO	C
2018.Q2.G.01	AG_LND_FRST	Forest area as a proportion of total land area (%)	634	51.19152467	25.28355379	QAT	Qatar	1	PERCENT	Percentage	0	0	0	0	2015	0	FAO Estimate	E
2018.Q2.G.01	AG_LND_FRST	Forest area as a proportion of total land area (%)	638	55.53171398	-21.13183266	REU	Réunion	1	PERCENT	Percentage	34.66	33.86	35.06	35.06	2015	35.06	Official country data submitted to FAO	C
2018.Q2.G.01	AG_LND_FRST	Forest area as a proportion of total land area (%)	642	24.98481009	45.83893563	ROU	Romania	1	PERCENT	Percentage	27.67	27.78	28.32	29.82	2015	29.82	Official country data submitted to FAO	C
2018.Q2.G.01	AG_LND_FRST	Forest area as a proportion of total land area (%)	643	99.01404926	61.61899849	RUS	Russian Federation	1	PERCENT	Percentage	49.42	49.39	49.77	49.76	2015	49.76	Official country data submitted to FAO	C
2018.Q2.G.01	AG_LND_FRST	Forest area as a proportion of total land area (%)	646	29.92310194	-1.999842114	RWA	Rwanda	1	PERCENT	Percentage	13.94	15.61	18.08	19.46	2015	19.46	Official country data submitted to FAO	C
2018.Q2.G.01	AG_LND_FRST	Forest area as a proportion of total land area (%)	652	-62.83173536	17.89513362	BLM	Saint Barthélemy	1	PERCENT	Percentage	0	0	0	0	2015	0	FAO Estimate	E
2018.Q2.G.01	AG_LND_FRST	Forest area as a proportion of total land area (%)	654	-5.705752501	-15.96503946	SHN	Saint Helena	1	PERCENT	Percentage	5.13	5.13	5.13	5.13	2015	5.13	FAO Estimate	E
2018.Q2.G.01	AG_LND_FRST	Forest area as a proportion of total land area (%)	659	-62.76628613	17.33994219	KNA	Saint Kitts and Nevis	1	PERCENT	Percentage	42.31	42.31	42.31	42.31	2015	42.31	Official country data submitted to FAO	C
2018.Q2.G.01	AG_LND_FRST	Forest area as a proportion of total land area (%)	660	-63.05651612	18.21525315	AIA	Anguilla	1	PERCENT	Percentage	61.11	61.11	61.11	61.11	2015	61.11	FAO Estimate	E
2018.Q2.G.01	AG_LND_FRST	Forest area as a proportion of total land area (%)	662	-60.96529553	13.89405601	LCA	Saint Lucia	1	PERCENT	Percentage	34.75	34.26	33.77	33.28	2015	33.28	Official country data submitted to FAO	C
2018.Q2.G.01	AG_LND_FRST	Forest area as a proportion of total land area (%)	663	-63.04505461	18.0882685	MAF	Saint Martin (French Part)	1	PERCENT	Percentage	21.58	21.58	21.58	21.58	2015	21.58	Official country data submitted to FAO	C
2018.Q2.G.01	AG_LND_FRST	Forest area as a proportion of total land area (%)	666	-56.33682442	46.85812735	SPM	Saint Pierre and Miquelon	1	PERCENT	Percentage	13.91	13.04	12.61	12.17	2015	12.17	Official country data submitted to FAO	C
2018.Q2.G.01	AG_LND_FRST	Forest area as a proportion of total land area (%)	670	-61.19024321	13.24627968	VCT	Saint Vincent and the Grenadines	1	PERCENT	Percentage	66.67	66.67	69.23	69.23	2015	69.23	FAO Estimate	E
2018.Q2.G.01	AG_LND_FRST	Forest area as a proportion of total land area (%)	674	12.46329038	43.93841766	SMR	San Marino	1	PERCENT	Percentage	0	0	0	0	2015	0	FAO Estimate	E
2018.Q2.G.01	AG_LND_FRST	Forest area as a proportion of total land area (%)	678	6.609772265	0.241554875	STP	Sao Tome and Principe	1	PERCENT	Percentage	58.33	58.33	55.83	55.83	2015	55.83	Official country data submitted to FAO	C
2018.Q2.G.01	AG_LND_FRST	Forest area as a proportion of total land area (%)	682	44.54763347	24.12594211	SAU	Saudi Arabia	1	PERCENT	Percentage	0.45	0.45	0.45	0.45	2015	0.45	FAO Estimate	E
2018.Q2.G.01	AG_LND_FRST	Forest area as a proportion of total land area (%)	686	-14.46636926	14.35920905	SEN	Senegal	1	PERCENT	Percentage	46.22	45.05	44.01	42.97	2015	42.97	Official country data submitted to FAO	C
2018.Q2.G.01	AG_LND_FRST	Forest area as a proportion of total land area (%)	688	20.805876	44.03145697	SRB	Serbia	1	PERCENT	Percentage	28.13	28.31	31.02	31.1	2015	31.1	Official country data submitted to FAO	C
2018.Q2.G.01	AG_LND_FRST	Forest area as a proportion of total land area (%)	690	55.46561591	-4.678053059	SYC	Seychelles	1	PERCENT	Percentage	88.4	88.4	88.4	88.4	2015	88.4	Official country data submitted to FAO	C
2018.Q2.G.01	AG_LND_FRST	Forest area as a proportion of total land area (%)	694	-11.78306584	8.568604164	SLE	Sierra Leone	1	PERCENT	Percentage	40.48	39.12	37.77	42.17	2015	42.17	Official country data submitted to FAO	C
2018.Q2.G.01	AG_LND_FRST	Forest area as a proportion of total land area (%)	702	103.8107883	1.361009155	SGP	Singapore	1	PERCENT	Percentage	23.06	23.06	23.06	23.06	2015	23.06	Official country data submitted to FAO	C
2018.Q2.G.01	AG_LND_FRST	Forest area as a proportion of total land area (%)	703	19.48495604	48.70741446	SVK	Slovakia	1	PERCENT	Percentage	39.95	40.18	40.33	40.35	2015	40.35	Official country data submitted to FAO	C
2018.Q2.G.01	AG_LND_FRST	Forest area as a proportion of total land area (%)	704	105.802499	10.09643079	VNM	Viet Nam	1	PERCENT	Percentage	37.82	42.17	45.56	47.64	2015	47.64	Official country data submitted to FAO	C
2018.Q2.G.01	AG_LND_FRST	Forest area as a proportion of total land area (%)	705	14.82209486	46.11958061	SVN	Slovenia	1	PERCENT	Percentage	61.22	61.72	61.92	61.97	2015	61.97	Official country data submitted to FAO	C
2018.Q2.G.01	AG_LND_FRST	Forest area as a proportion of total land area (%)	706	46.20367477	4.406485729	SOM	Somalia	1	PERCENT	Percentage	11.98	11.37	10.75	10.14	2015	10.14	Official country data submitted to FAO	C
2018.Q2.G.01	AG_LND_FRST	Forest area as a proportion of total land area (%)	710	24.67184355	-29.99957544	ZAF	South Africa	1	PERCENT	Percentage	7.62	7.62	7.62	7.62	2015	7.62	Official country data submitted to FAO	C
2018.Q2.G.01	AG_LND_FRST	Forest area as a proportion of total land area (%)	716	29.86909584	-19.00075492	ZWE	Zimbabwe	1	PERCENT	Percentage	48.84	44.61	40.39	36.35	2015	36.35	Official country data submitted to FAO	C
2018.Q2.G.01	AG_LND_FRST	Forest area as a proportion of total land area (%)	724	-3.554078296	40.39211472	ESP	Spain	1	PERCENT	Percentage	33.94	34.55	36.48	36.82	2015	36.82	Official country data submitted to FAO	C
2018.Q2.G.01	AG_LND_FRST	Forest area as a proportion of total land area (%)	728	30.32618773	7.290839152	SSD	South Sudan	1	PERCENT	Percentage	11.33	11.33	11.33	11.33	2015	11.33	Official country data submitted to FAO	C
2018.Q2.G.01	AG_LND_FRST	Forest area as a proportion of total land area (%)	732	-13.13515523	24.66265342	ESH	Western Sahara	1	PERCENT	Percentage	2.66	2.66	2.66	2.66	2015	2.66	FAO Estimate	E
2018.Q2.G.01	AG_LND_FRST	Forest area as a proportion of total land area (%)	736	29.95650159	16.02643066	SDN	Sudan	1	PERCENT	Percentage								
2018.Q2.G.01	AG_LND_FRST	Forest area as a proportion of total land area (%)	740	-55.90626394	4.132603197	SUR	Suriname	1	PERCENT	Percentage	98.66	98.53	98.4	98.28	2015	98.28	Official country data submitted to FAO	C
2018.Q2.G.01	AG_LND_FRST	Forest area as a proportion of total land area (%)	744	13.38071013	78.82894131	SJM	Svalbard and Jan Mayen Islands	1	PERCENT	Percentage	0	0	0	0	2015	0	Official country data submitted to FAO	C
2018.Q2.G.01	AG_LND_FRST	Forest area as a proportion of total land area (%)	748	31.50149288	-26.56471011	SWZ	Swaziland	1	PERCENT	Percentage	30.12	31.45	32.73	34.07	2015	34.07	Official country data submitted to FAO	C
2018.Q2.G.01	AG_LND_FRST	Forest area as a proportion of total land area (%)	752	14.3775338	60.60103109	SWE	Sweden	1	PERCENT	Percentage	69.14	69.28	68.92	68.92	2015	68.92	Official country data submitted to FAO	C
2018.Q2.G.01	AG_LND_FRST	Forest area as a proportion of total land area (%)	756	8.223158	46.96617097	CHE	Switzerland	1	PERCENT	Percentage	30.22	30.8	31.25	31.73	2015	31.73	Official country data submitted to FAO	C
2018.Q2.G.01	AG_LND_FRST	Forest area as a proportion of total land area (%)	760	38.50466565	35.01676176	SYR	Syrian Arab Republic (Syria)	1	PERCENT	Percentage	2.35	2.51	2.67	2.67	2015	2.67	FAO Estimate	E
2018.Q2.G.01	AG_LND_FRST	Forest area as a proportion of total land area (%)	762	69.294998	38.43069666	TJK	Tajikistan	1	PERCENT	Percentage	2.95	2.95	2.95	2.97	2015	2.97	Official country data submitted to FAO	C
2018.Q2.G.01	AG_LND_FRST	Forest area as a proportion of total land area (%)	764	101.0202951	15.13089239	THA	Thailand	1	PERCENT	Percentage	33.3	31.51	31.81	32.1	2015	32.1	Official country data submitted to FAO	C
2018.Q2.G.01	AG_LND_FRST	Forest area as a proportion of total land area (%)	768	0.97835765	8.532096072	TGO	Togo	1	PERCENT	Percentage	8.94	7.1	5.28	3.46	2015	3.46	Official country data submitted to FAO	C
2018.Q2.G.01	AG_LND_FRST	Forest area as a proportion of total land area (%)	772	-171.8154473	-9.214545558	TKL	Tokelau	1	PERCENT	Percentage	0	0	0	0	2015	0	FAO Estimate	E
2018.Q2.G.01	AG_LND_FRST	Forest area as a proportion of total land area (%)	776	-175.1959991	-21.19511329	TON	Tonga	1	PERCENT	Percentage	12.5	12.5	12.5	12.5	2015	12.5	Official country data submitted to FAO	C
2018.Q2.G.01	AG_LND_FRST	Forest area as a proportion of total land area (%)	780	-61.29389504	10.41877263	TTO	Trinidad and Tobago	1	PERCENT	Percentage	45.54	44.83	44.13	45.71	2015	45.71	Official country data submitted to FAO	C
2018.Q2.G.01	AG_LND_FRST	Forest area as a proportion of total land area (%)	784	53.98279159	23.43322219	ARE	United Arab Emirates	1	PERCENT	Percentage	3.71	3.73	3.8	3.86	2015	3.86	FAO Estimate	E
2018.Q2.G.01	AG_LND_FRST	Forest area as a proportion of total land area (%)	788	9.572737411	34.11439971	TUN	Tunisia	1	PERCENT	Percentage	5.39	5.89	6.37	6.7	2015	6.7	Official country data submitted to FAO	C
2018.Q2.G.01	AG_LND_FRST	Forest area as a proportion of total land area (%)	792	35.42890329	38.9899684	TUR	Turkey	1	PERCENT	Percentage	13.23	13.85	14.56	15.22	2015	15.22	Official country data submitted to FAO	C
2018.Q2.G.01	AG_LND_FRST	Forest area as a proportion of total land area (%)	795	58.9787665	40.0912346	TKM	Turkmenistan	1	PERCENT	Percentage	8.78	8.78	8.78	8.78	2015	8.78	FAO Estimate	E
2018.Q2.G.01	AG_LND_FRST	Forest area as a proportion of total land area (%)	796	-71.745121	21.80780585	TCA	Turks and Caicos Islands	1	PERCENT	Percentage	36.21	36.21	36.21	36.21	2015	36.21	FAO Estimate	E
2018.Q2.G.01	AG_LND_FRST	Forest area as a proportion of total land area (%)	798	178.6679611	-7.460048071	TUV	Tuvalu	1	PERCENT	Percentage	33.33	33.33	33.33	33.33	2015	33.33	FAO Estimate	E
2018.Q2.G.01	AG_LND_FRST	Forest area as a proportion of total land area (%)	800	32.39100438	1.279557331	UGA	Uganda	1	PERCENT	Percentage	19.29	17.1	13.73	10.36	2015	10.36	Official country data submitted to FAO	C
2018.Q2.G.01	AG_LND_FRST	Forest area as a proportion of total land area (%)	804	31.40270802	49.00735945	UKR	Ukraine	1	PERCENT	Percentage	16.42	16.53	16.48	16.67	2015	16.67	Official country data submitted to FAO	C
2018.Q2.G.01	AG_LND_FRST	Forest area as a proportion of total land area (%)	807	21.7007909	41.60048068	MKD	Macedonia, Republic of	1	PERCENT	Percentage	37.99	38.66	39.57	39.57	2015	39.57	FAO Estimate	E
2018.Q2.G.01	AG_LND_FRST	Forest area as a proportion of total land area (%)	818	29.77468534	26.57438204	EGY	Egypt	1	PERCENT	Percentage	0.06	0.07	0.07	0.07	2015	0.07	Official country data submitted to FAO	C
2018.Q2.G.01	AG_LND_FRST	Forest area as a proportion of total land area (%)	826	-2.23830539	53.27691757	GBR	United Kingdom	1	PERCENT	Percentage	12.21	12.49	12.64	13	2015	13	Official country data submitted to FAO	C
2018.Q2.G.01	AG_LND_FRST	Forest area as a proportion of total land area (%)	831	-2.200712402	49.71561166	GGY	Guernsey	1	PERCENT	Percentage	2.56	2.56	2.56	2.56	2015	2.56	FAO Estimate	E
2018.Q2.G.01	AG_LND_FRST	Forest area as a proportion of total land area (%)	832	-2.136773508	49.22353354	JEY	Jersey	1	PERCENT	Percentage	5	5	5	5	2015	5	FAO Estimate	E
2018.Q2.G.01	AG_LND_FRST	Forest area as a proportion of total land area (%)	833	-4.538190305	54.22880901	IMN	Isle of Man	1	PERCENT	Percentage	6.07	6.07	6.07	6.07	2015	6.07	FAO Estimate	E
2018.Q2.G.01	AG_LND_FRST	Forest area as a proportion of total land area (%)	834	34.80521182	-6.265332606	TZA	Tanzania, United Republic of	1	PERCENT	Percentage	58.61	56.36	54.1	52	2015	52	Official country data submitted to FAO	C
2018.Q2.G.01	AG_LND_FRST	Forest area as a proportion of total land area (%)	840	-99.13830311	39.5277871	USA	United States of America	1	PERCENT	Percentage	33.18	33.32	33.75	33.9	2015	33.9	Official country data submitted to FAO	C
2018.Q2.G.01	AG_LND_FRST	Forest area as a proportion of total land area (%)	850	-64.76960113	17.73297693	VIR	United States Virgin Islands	1	PERCENT	Percentage	58.49	53.51	51.89	50.29	2015	50.29	Official country data submitted to FAO	C
2018.Q2.G.01	AG_LND_FRST	Forest area as a proportion of total land area (%)	854	-1.742843829	12.27491081	BFA	Burkina Faso	1	PERCENT	Percentage	22.84	21.74	20.65	19.55	2015	19.55	Official country data submitted to FAO	C
2018.Q2.G.01	AG_LND_FRST	Forest area as a proportion of total land area (%)	858	-56.01387025	-32.8002838	URY	Uruguay	1	PERCENT	Percentage	7.83	8.7	9.89	10.54	2015	10.54	Official country data submitted to FAO	C
2018.Q2.G.01	AG_LND_FRST	Forest area as a proportion of total land area (%)	860	63.11944558	41.77560518	UZB	Uzbekistan	1	PERCENT	Percentage	7.55	7.75	7.7	7.57	2015	7.57	Official country data submitted to FAO	C
2018.Q2.G.01	AG_LND_FRST	Forest area as a proportion of total land area (%)	862	-66.15642084	7.121324748	VEN	Venezuela (Bolivarian Republic)	1	PERCENT	Percentage	55.72	54.09	53.86	52.93	2015	52.93	Official country data submitted to FAO	C
2018.Q2.G.01	AG_LND_FRST	Forest area as a proportion of total land area (%)	876	-176.2034788	-13.28471201	WLF	Wallis and Futuna Islands	1	PERCENT	Percentage	41.5	41.5	41.57	41.64	2015	41.64	Official country data submitted to FAO	C
2018.Q2.G.01	AG_LND_FRST	Forest area as a proportion of total land area (%)	882	-172.4430749	-13.61541469	WSM	Samoa	1	PERCENT	Percentage	60.42	60.42	60.42	60.42	2015	60.42	FAO Estimate	E
2018.Q2.G.01	AG_LND_FRST	Forest area as a proportion of total land area (%)	887	45.22389143	15.22242099	YEM	Yemen	1	PERCENT	Percentage	1.04	1.04	1.04	1.04	2015	1.04	FAO Estimate	E
2018.Q2.G.01	AG_LND_FRST	Forest area as a proportion of total land area (%)	894	27.850329	-14.59701056	ZMB	Zambia	1	PERCENT	Percentage	68.78	67.66	66.54	65.42	2015	65.42	Official country data submitted to FAO	C
