series.release	series.code	series.description	geoAreaCode	X	Y	ISO3CD	geoAreaName	sliceId	Units	Units description	2001	2002	2003	2004	2005	2006	2007	2008	2009	2010	2011	2012	2013	2014	2015	2016	last.5.years.mean	latest.year	latest.value	latest.source	latest.nature
2018.Q2.G.01	AG_PRD_ORTIND	Agriculture orientation index for government expenditures	4	66.02688198	33.83160199	AFG	Afghanistan	1	INDEX	Index			0.13	0.44	0.14	0.08	0.1	0.14	0.17	0.13	0.16	0.17	0.2				0.185	2013	0.2	IMF data. UNSD national account estimates	C
2018.Q2.G.01	AG_PRD_ORTIND	Agriculture orientation index for government expenditures	8	20.06660928	41.13897007	ALB	Albania	1	INDEX	Index		0.2	0.14	0.13						0.09	0.08	0.09	0.09	0.09	0.1	0.13	0.1	2016	0.13	Combined IMF and FAO Questionaire. UNSD national account estimates.	C
2018.Q2.G.01	AG_PRD_ORTIND	Agriculture orientation index for government expenditures	10	21.47585697	-80.40897662	ATA	Antarctica	1	INDEX	Index																					
2018.Q2.G.01	AG_PRD_ORTIND	Agriculture orientation index for government expenditures	12	2.678164227	28.15940032	DZA	Algeria	1	INDEX	Index						0.56	0.29	0.79	0.39									2009	0.39	IMF data. UNSD national account estimates	C
2018.Q2.G.01	AG_PRD_ORTIND	Agriculture orientation index for government expenditures	16	-170.7187269	-14.30587306	ASM	American Samoa	1	INDEX	Index																					
2018.Q2.G.01	AG_PRD_ORTIND	Agriculture orientation index for government expenditures	20	1.576257417	42.54548611	AND	Andorra	1	INDEX	Index																					
2018.Q2.G.01	AG_PRD_ORTIND	Agriculture orientation index for government expenditures	24	17.57817062	-12.33724746	AGO	Angola	1	INDEX	Index	0.15	0.09	0.1	0.21	0.34	0.32	0.54	0.44	0.13	0.18	0.21	0.16	0.19	0.1	0.11	0.15	0.142	2016	0.15	FAO Questionnaire. UNSD national account estimates.	C
2018.Q2.G.01	AG_PRD_ORTIND	Agriculture orientation index for government expenditures	28	-61.7999755	17.07761471	ATG	Antigua and Barbuda	1	INDEX	Index																					
2018.Q2.G.01	AG_PRD_ORTIND	Agriculture orientation index for government expenditures	31	50.01064725	40.39229544	AZE	Azerbaijan	1	INDEX	Index								0.45	0.58	0.54	0.54	0.46	0.43	0.44	0.43		0.44	2015	0.43	IMF data. UNSD national account estimates	C
2018.Q2.G.01	AG_PRD_ORTIND	Agriculture orientation index for government expenditures	32	-65.14563274	-35.19446255	ARG	Argentina	1	INDEX	Index	0.17	0.06	0.05	0.06	0.06	0.07	0.19	0.37	0.34	0.25	0.12	0.12	0.12	0.07	0.09	0.07	0.094	2016	0.07	FAO Questionnaire. UNSD national account estimates.	C
2018.Q2.G.01	AG_PRD_ORTIND	Agriculture orientation index for government expenditures	36	134.3499412	-25.57717202	AUS	Australia	1	INDEX	Index	0.24	0.3	0.31	0.31	0.28	0.5	0.45	0.58	0.37	0.36	0.3	0.33	0.25	0.24	0.24	0.2	0.252	2016	0.2	FAO Questionnaire. UNSD national account estimates.	C
2018.Q2.G.01	AG_PRD_ORTIND	Agriculture orientation index for government expenditures	40	14.14172472	47.58704857	AUT	Austria	1	INDEX	Index																					
2018.Q2.G.01	AG_PRD_ORTIND	Agriculture orientation index for government expenditures	44	-78.05111663	24.69546597	BHS	Bahamas	1	INDEX	Index	0.51	0.41	0.47	0.56	0.61	0.47	0.47	0.46	0.54	0.43	0.38	0.36	0.48	0.41	0.55	0.78	0.516	2016	0.78	FAO Questionnaire. UNSD national account estimates.	C
2018.Q2.G.01	AG_PRD_ORTIND	Agriculture orientation index for government expenditures	48	50.5490754	26.04407747	BHR	Bahrain	1	INDEX	Index	0.84	0.65	0.99	1.35	1.27	1.33	1.11	1.11										2008	1.11	IMF data. UNSD national account estimates	C
2018.Q2.G.01	AG_PRD_ORTIND	Agriculture orientation index for government expenditures	50	89.17660788	22.86961622	BGD	Bangladesh	1	INDEX	Index	0.2	0.19	0.16	0.17	0.28	0.29	0.33	0.5	0.52		0.52	0.58	0.78	0.56	0.53		0.6125	2015	0.53	Combined IMF and FAO Questionaire. UNSD national account estimates.	C
2018.Q2.G.01	AG_PRD_ORTIND	Agriculture orientation index for government expenditures	51	44.93839317	40.29499741	ARM	Armenia	1	INDEX	Index									0.25	0.26	0.23	0.12	0.09	0.09	0.14	0.17	0.122	2016	0.17	Combined IMF and FAO Questionaire. UNSD national account estimates.	C
2018.Q2.G.01	AG_PRD_ORTIND	Agriculture orientation index for government expenditures	52	-59.5346489	13.13648273	BRB	Barbados	1	INDEX	Index			1.45		1.4													2005	1.4	IMF data. UNSD national account estimates	C
2018.Q2.G.01	AG_PRD_ORTIND	Agriculture orientation index for government expenditures	56	4.660976456	50.64104975	BEL	Belgium	1	INDEX	Index	0.2	0.08	0.07	0.07	0.07	0.07	0.06	0.07	0.03	0.03	0.02	0.01	0.01	0.01	0		0.0075	2015	0	Combined IMF and FAO Questionaire. UNSD national account estimates.	C
2018.Q2.G.01	AG_PRD_ORTIND	Agriculture orientation index for government expenditures	60	-64.78155012	32.27881922	BMU	Bermuda	1	INDEX	Index																					
2018.Q2.G.01	AG_PRD_ORTIND	Agriculture orientation index for government expenditures	64	90.45098484	27.39598568	BTN	Bhutan	1	INDEX	Index	0.27	0.35	0.46	0.42	0.49	0.56	0.62	0.53	0.61	0.65	0.83	0.88	0.85	0.79	0.7	0.79	0.802	2016	0.79	Combined IMF and FAO Questionaire. UNSD national account estimates.	C
2018.Q2.G.01	AG_PRD_ORTIND	Agriculture orientation index for government expenditures	68	-64.66224284	-16.71273412	BOL	Bolivia (Plurinational State of)	1	INDEX	Index	0.7	0.71	0.61	0.61	0.77	0.79	0.83	0.58	0.56	0.53	0.63	0.66	0.59	0.63			0.626666666666667	2014	0.63	FAO Questionnaire. UNSD national account estimates.	C
2018.Q2.G.01	AG_PRD_ORTIND	Agriculture orientation index for government expenditures	70	17.78584332	44.16845548	BIH	Bosnia and Herzegovina	1	INDEX	Index																					
2018.Q2.G.01	AG_PRD_ORTIND	Agriculture orientation index for government expenditures	72	23.81380223	-22.18810073	BWA	Botswana	1	INDEX	Index					1.7	2.19	1.63	1.35	1.53	1.21	1.16	1.2	1.32	1.96	1.91	2.08	1.694	2016	2.08	FAO Questionnaire. UNSD national account estimates.	C
2018.Q2.G.01	AG_PRD_ORTIND	Agriculture orientation index for government expenditures	74	3.410732868	-54.43295905	BVT	Bouvet Island	1	INDEX	Index																					
2018.Q2.G.01	AG_PRD_ORTIND	Agriculture orientation index for government expenditures	76	-53.08432878	-10.77668561	BRA	Brazil	1	INDEX	Index									0.12	0.09	0.08	0.13	0.11	0.11	0.15	0.15	0.13	2016	0.15	Combined IMF and FAO Questionaire. UNSD national account estimates.	C
2018.Q2.G.01	AG_PRD_ORTIND	Agriculture orientation index for government expenditures	84	-88.70199554	17.19965901	BLZ	Belize	1	INDEX	Index																					
2018.Q2.G.01	AG_PRD_ORTIND	Agriculture orientation index for government expenditures	86	72.38715553	-7.299281071	IOT	British Indian Ocean Territory	1	INDEX	Index																					
2018.Q2.G.01	AG_PRD_ORTIND	Agriculture orientation index for government expenditures	90	160.1584117	-9.622391719	SLB	Solomon Islands	1	INDEX	Index											0.16	0.21	0.15	0.12	0.13		0.1525	2015	0.13	IMF data. UNSD national account estimates	C
2018.Q2.G.01	AG_PRD_ORTIND	Agriculture orientation index for government expenditures	92	-64.63294223	18.42256578	VGB	British Virgin Islands	1	INDEX	Index																					
2018.Q2.G.01	AG_PRD_ORTIND	Agriculture orientation index for government expenditures	96	114.6288563	4.49736984	BRN	Brunei Darussalam	1	INDEX	Index																					
2018.Q2.G.01	AG_PRD_ORTIND	Agriculture orientation index for government expenditures	100	25.23763153	42.75731323	BGR	Bulgaria	1	INDEX	Index	0.19	0.29	0.33	0.31	0.41	0.57	0.55	0.35	0.4	0.29	0.77	0.82	0.7	0.54	0.79	0.44	0.658	2016	0.44	FAO Questionnaire. UNSD national account estimates.	C
2018.Q2.G.01	AG_PRD_ORTIND	Agriculture orientation index for government expenditures	104	96.51752295	21.19332882	MMR	Myanmar	1	INDEX	Index																					
2018.Q2.G.01	AG_PRD_ORTIND	Agriculture orientation index for government expenditures	108	29.89080992	-3.366387428	BDI	Burundi	1	INDEX	Index										0.03	0.08	0.08	0.07				0.075	2013	0.07	IMF data. UNSD national account estimates	C
2018.Q2.G.01	AG_PRD_ORTIND	Agriculture orientation index for government expenditures	112	28.04940161	53.54193075	BLR	Belarus	1	INDEX	Index	1.08	1.01	1.2	1.62	1.68	1.55	1.34	1.14	1.38	1.19	1.18	0.59	0.55	0.52	0.64		0.575	2015	0.64	IMF data. UNSD national account estimates	C
2018.Q2.G.01	AG_PRD_ORTIND	Agriculture orientation index for government expenditures	116	104.922836	12.71163737	KHM	Cambodia	1	INDEX	Index																					
2018.Q2.G.01	AG_PRD_ORTIND	Agriculture orientation index for government expenditures	120	12.7419827	5.692387031	CMR	Cameroon	1	INDEX	Index																					
2018.Q2.G.01	AG_PRD_ORTIND	Agriculture orientation index for government expenditures	124	-101.6575058	57.72360191	CAN	Canada	1	INDEX	Index									0.91	0.94	0.77	0.76	0.66	0.59			0.67	2014	0.59	FAO Questionnaire. UNSD national account estimates.	C
2018.Q2.G.01	AG_PRD_ORTIND	Agriculture orientation index for government expenditures	132	-23.63544151	15.07791834	CPV	Cabo Verde	1	INDEX	Index	0.67	0.78			0.46	0.43	0.58	0.63	0.5	0.59	0.75	0.53	0.52	0.42	0.53		0.5	2015	0.53	Official country publications. UNSD national account estimates.	C
2018.Q2.G.01	AG_PRD_ORTIND	Agriculture orientation index for government expenditures	136	-81.16740559	19.32266656	CYM	Cayman Islands	1	INDEX	Index																					
2018.Q2.G.01	AG_PRD_ORTIND	Agriculture orientation index for government expenditures	140	20.93559492	7.003720791	CAF	Central African Republic	1	INDEX	Index								0.03	0.05	0.05								2010	0.05	IMF data. UNSD national account estimates	C
2018.Q2.G.01	AG_PRD_ORTIND	Agriculture orientation index for government expenditures	144	80.70489654	7.614693343	LKA	Sri Lanka	1	INDEX	Index	0.36	0.38	0.42	0.42	0.51	0.64	0.57	0.66	0.65	0.63	0.6	0.65	0.52	0.72	0.78	0.72	0.678	2016	0.72	FAO Questionnaire. UNSD national account estimates.	C
2018.Q2.G.01	AG_PRD_ORTIND	Agriculture orientation index for government expenditures	148	18.66618401	15.36279341	TCD	Chad	1	INDEX	Index																					
2018.Q2.G.01	AG_PRD_ORTIND	Agriculture orientation index for government expenditures	152	-71.23029019	-35.2652885	CHL	Chile	1	INDEX	Index	0.44	0.41	0.48	0.5	0.51	0.52	0.56	0.58	0.57	0.53	0.51	0.56	0.55	0.48	0.46	0.43	0.496	2016	0.43	FAO Questionnaire. UNSD national account estimates.	C
2018.Q2.G.01	AG_PRD_ORTIND	Agriculture orientation index for government expenditures	156	104.1403375	32.30955217	CHN	China	1	INDEX	Index							0.26	0.22	0.21	0.25	0.26	0.28	0.27	0.26	0.32	0.33	0.292	2016	0.33	FAO Questionnaire. UNSD national account estimates.	C
2018.Q2.G.01	AG_PRD_ORTIND	Agriculture orientation index for government expenditures	162	105.6426067	-10.4882473	CXR	Christmas Island	1	INDEX	Index																					
2018.Q2.G.01	AG_PRD_ORTIND	Agriculture orientation index for government expenditures	166	96.82633757	-12.18600682	CCK	Cocos (Keeling) Islands	1	INDEX	Index																					
2018.Q2.G.01	AG_PRD_ORTIND	Agriculture orientation index for government expenditures	170	-73.07446751	3.888209046	COL	Colombia	1	INDEX	Index																					
2018.Q2.G.01	AG_PRD_ORTIND	Agriculture orientation index for government expenditures	174	43.34234565	-11.66121732	COM	Comoros	1	INDEX	Index																					
2018.Q2.G.01	AG_PRD_ORTIND	Agriculture orientation index for government expenditures	175	45.14015057	-12.82217691	MYT	Mayotte	1	INDEX	Index																					
2018.Q2.G.01	AG_PRD_ORTIND	Agriculture orientation index for government expenditures	178	15.22052612	-0.840544119	COG	Congo	1	INDEX	Index				0.19	0.3	0.24	0.27	0.46	0.3	0.66		0.56					0.56	2012	0.56	IMF data. UNSD national account estimates	C
2018.Q2.G.01	AG_PRD_ORTIND	Agriculture orientation index for government expenditures	180	23.65496507	-2.877154732	COD	Democratic Republic of the Congo	1	INDEX	Index										0.08	0.12	0.3	0.21	0.37	0.2	0.38	0.292	2016	0.38	Official country publications. UNSD national account estimates.	C
2018.Q2.G.01	AG_PRD_ORTIND	Agriculture orientation index for government expenditures	184	-159.7711391	-21.22696458	COK	Cook Islands	1	INDEX	Index																					
2018.Q2.G.01	AG_PRD_ORTIND	Agriculture orientation index for government expenditures	188	-84.19712782	9.970998683	CRI	Costa Rica	1	INDEX	Index	0.22	0.19	0.28	0.2	0.28	0.35	0.48	0.64	0.66	0.94	1.02	1.31	0.58	0.29	0.31	0.28	0.554	2016	0.28	FAO Questionnaire. UNSD national account estimates.	C
2018.Q2.G.01	AG_PRD_ORTIND	Agriculture orientation index for government expenditures	191	17.95874553	45.45172212	HRV	Croatia	1	INDEX	Index		0.48	0.67	0.53	0.6	0.67	0.84	0.84	0.84	0.96	0.97	0.84	0.76	0.83	1.31	1.16	0.98	2016	1.16	FAO Questionnaire. UNSD national account estimates.	C
2018.Q2.G.01	AG_PRD_ORTIND	Agriculture orientation index for government expenditures	192	-79.54460144	22.10030366	CUB	Cuba	1	INDEX	Index																					
2018.Q2.G.01	AG_PRD_ORTIND	Agriculture orientation index for government expenditures	196	33.22285964	35.05659437	CYP	Cyprus	1	INDEX	Index	1.59	1.35	1.46	1.61	1.4	1.49	1.5	1.51	1.12	1.18	1.01	1.05	1.15	1.02	1.07		1.0725	2015	1.07	FAO Questionnaire. UNSD national account estimates.	C
2018.Q2.G.01	AG_PRD_ORTIND	Agriculture orientation index for government expenditures	203	15.33151382	49.73913871	CZE	Czechia	1	INDEX	Index	0.84	1	1.12	1.23	1.57	1.68	1.89	1.81	2.36	2.29	1.53	1.41	1.23	1.38	1.28	1.44	1.348	2016	1.44	FAO Questionnaire. UNSD national account estimates.	C
2018.Q2.G.01	AG_PRD_ORTIND	Agriculture orientation index for government expenditures	204	2.339933594	9.65401646	BEN	Benin	1	INDEX	Index										0.07								2010	0.07	Combined IMF and FAO Questionaire. UNSD national account estimates.	C
2018.Q2.G.01	AG_PRD_ORTIND	Agriculture orientation index for government expenditures	208	9.326571283	56.03829721	DNK	Denmark	1	INDEX	Index	0.13	0.26	0.29	0.22	0.32	0.33	0.26	0.45	0.54	0.27	0.38	0.28	0.3	0.3	0.4	0.35	0.326	2016	0.35	FAO Questionnaire. UNSD national account estimates.	C
2018.Q2.G.01	AG_PRD_ORTIND	Agriculture orientation index for government expenditures	212	-61.3493756	15.43391378	DMA	Dominica	1	INDEX	Index																					
2018.Q2.G.01	AG_PRD_ORTIND	Agriculture orientation index for government expenditures	214	-70.49847576	18.89832088	DOM	Dominican Republic	1	INDEX	Index		0.68	0.85								0.36	0.34	0.38	0.32	0.27	0.3	0.322	2016	0.3	FAO Questionnaire. UNSD national account estimates.	C
2018.Q2.G.01	AG_PRD_ORTIND	Agriculture orientation index for government expenditures	218	-78.37005241	-1.447785891	ECU	Ecuador	1	INDEX	Index	0.05	0.07	0.07	0.08	0.08	0.07	0.08	0.07	0.17	0.18	0.1	0.13	0.15	0.23	0.27		0.195	2015	0.27	FAO Questionnaire. UNSD national account estimates.	C
2018.Q2.G.01	AG_PRD_ORTIND	Agriculture orientation index for government expenditures	222	-88.86862995	13.73603564	SLV	El Salvador	1	INDEX	Index	0.25	0.18	0.11	0.19	0.1	0.08	0.11	0.1	0.17	0.13	0.09	0.11	0.12	0.14	0.12		0.1225	2015	0.12	FAO Questionnaire. UNSD national account estimates.	C
2018.Q2.G.01	AG_PRD_ORTIND	Agriculture orientation index for government expenditures	226	10.46535826	1.565792376	GNQ	Equatorial Guinea	1	INDEX	Index							1.27	0.88	0.76									2009	0.76	IMF data. UNSD national account estimates	C
2018.Q2.G.01	AG_PRD_ORTIND	Agriculture orientation index for government expenditures	231	39.63505296	8.631223181	ETH	Ethiopia	1	INDEX	Index	0.09	0.19	0.13	0.13	0.38	0.47	0.42											2007	0.42	IMF data. UNSD national account estimates	C
2018.Q2.G.01	AG_PRD_ORTIND	Agriculture orientation index for government expenditures	232	38.11074289	16.12894644	ERI	Eritrea	1	INDEX	Index																					
2018.Q2.G.01	AG_PRD_ORTIND	Agriculture orientation index for government expenditures	233	25.84093481	58.68487172	EST	Estonia	1	INDEX	Index	0.51	0.64	0.68	0.63	0.56	0.76	0.79	0.89	0.75	0.59	0.53	0.55	0.61	0.43	0.41		0.5	2015	0.41	FAO Questionnaire. UNSD national account estimates.	C
2018.Q2.G.01	AG_PRD_ORTIND	Agriculture orientation index for government expenditures	234	-7.122044325	62.21228119	FRO	Faroe Islands	1	INDEX	Index																					
2018.Q2.G.01	AG_PRD_ORTIND	Agriculture orientation index for government expenditures	238	-58.75246778	-51.74562601	FLK	Falkland Islands (Malvinas)	1	INDEX	Index																					
2018.Q2.G.01	AG_PRD_ORTIND	Agriculture orientation index for government expenditures	239	-36.90662765	-54.20736749	SGS	South Georgia and the South Sandwich Islands	1	INDEX	Index																					
2018.Q2.G.01	AG_PRD_ORTIND	Agriculture orientation index for government expenditures	242	177.9660884	-17.83301566	FJI	Fiji	1	INDEX	Index					0.26	0.24	0.27	0.27	0.28	0.3	0.28	0.29	0.29	0.3	0.31		0.2975	2015	0.31	Official country publications. UNSD national account estimates.	C
2018.Q2.G.01	AG_PRD_ORTIND	Agriculture orientation index for government expenditures	246	23.308447	61.91586738	FIN	Finland	1	INDEX	Index	1.12	1.13	1.17	1.18	1.28	1.5	1.22	1.19	1.11	1.02	1.03	0.94	0.78	0.81	0.81		0.835	2015	0.81	FAO Questionnaire. UNSD national account estimates.	C
2018.Q2.G.01	AG_PRD_ORTIND	Agriculture orientation index for government expenditures	248	19.80945969	60.1544901	ALA	Åland Islands	1	INDEX	Index																					
2018.Q2.G.01	AG_PRD_ORTIND	Agriculture orientation index for government expenditures	250	2.457288129	46.62660861	FRA	France	1	INDEX	Index	0.27	0.29	0.26	0.42	0.44	0.48	0.41	0.39	0.46	0.4	0.34	0.14	0.13	0.15	0.2		0.155	2015	0.2	FAO Questionnaire. UNSD national account estimates.	C
2018.Q2.G.01	AG_PRD_ORTIND	Agriculture orientation index for government expenditures	254	-53.23619089	3.922673437	GUF	French Guiana	1	INDEX	Index																					
2018.Q2.G.01	AG_PRD_ORTIND	Agriculture orientation index for government expenditures	258	-149.4052367	-17.67709294	PYF	French Polynesia	1	INDEX	Index																					
2018.Q2.G.01	AG_PRD_ORTIND	Agriculture orientation index for government expenditures	260	69.64849091	-49.6068576	ATF	French Southern Territories	1	INDEX	Index																					
2018.Q2.G.01	AG_PRD_ORTIND	Agriculture orientation index for government expenditures	262	42.18274707	11.56004161	DJI	Djibouti	1	INDEX	Index																					
2018.Q2.G.01	AG_PRD_ORTIND	Agriculture orientation index for government expenditures	266	11.78727747	-0.60687619	GAB	Gabon	1	INDEX	Index																					
2018.Q2.G.01	AG_PRD_ORTIND	Agriculture orientation index for government expenditures	268	43.3713615	42.04813028	GEO	Georgia	1	INDEX	Index			0.06	0.18	0.13	0.17	0.25	0.14	0.14	0.06	0.15	0.39	0.29	0.33	0.29	0.28	0.316	2016	0.28	FAO Questionnaire. UNSD national account estimates.	C
2018.Q2.G.01	AG_PRD_ORTIND	Agriculture orientation index for government expenditures	270	-15.39944785	13.45295927	GMB	Gambia	1	INDEX	Index																					
2018.Q2.G.01	AG_PRD_ORTIND	Agriculture orientation index for government expenditures	275	35.25694122	31.94347933	PSE	State of Palestine	1	INDEX	Index					0.15	0.12	0.13	0.13	0.1	0.14	0.13							2011	0.13	FAO Questionnaire. UNSD national account estimates.	C
2018.Q2.G.01	AG_PRD_ORTIND	Agriculture orientation index for government expenditures	276	10.3806066	51.08862743	DEU	Germany	1	INDEX	Index																					
2018.Q2.G.01	AG_PRD_ORTIND	Agriculture orientation index for government expenditures	288	-1.205623522	7.964825185	GHA	Ghana	1	INDEX	Index	0.03	0.04																2002	0.04	Combined IMF and FAO Questionaire. UNSD national account estimates.	C
2018.Q2.G.01	AG_PRD_ORTIND	Agriculture orientation index for government expenditures	292	-5.347561686	36.13895036	GIB	Gibraltar	1	INDEX	Index																					
2018.Q2.G.01	AG_PRD_ORTIND	Agriculture orientation index for government expenditures	296	-157.5643005	1.768837732	KIR	Kiribati	1	INDEX	Index																					
2018.Q2.G.01	AG_PRD_ORTIND	Agriculture orientation index for government expenditures	300	22.58307827	39.47301873	GRC	Greece	1	INDEX	Index						0.03	0.08	0.05	0.26	0.09	0.07	0.07	0.08	0.1	0.12		0.0925	2015	0.12	FAO Questionnaire. UNSD national account estimates.	C
2018.Q2.G.01	AG_PRD_ORTIND	Agriculture orientation index for government expenditures	304	-41.39371316	74.75625681	GRL	Greenland	1	INDEX	Index																					
2018.Q2.G.01	AG_PRD_ORTIND	Agriculture orientation index for government expenditures	308	-61.68248568	12.11238395	GRD	Grenada	1	INDEX	Index												0.23	0.26	0.45	0.32	0.3	0.312	2016	0.3	FAO Questionnaire. UNSD national account estimates.	C
2018.Q2.G.01	AG_PRD_ORTIND	Agriculture orientation index for government expenditures	312	-61.64762115	16.14416917	GLP	Guadeloupe	1	INDEX	Index																					
2018.Q2.G.01	AG_PRD_ORTIND	Agriculture orientation index for government expenditures	316	144.7029305	13.35485404	GUM	Guam	1	INDEX	Index																					
2018.Q2.G.01	AG_PRD_ORTIND	Agriculture orientation index for government expenditures	320	-91.2312746	15.00273719	GTM	Guatemala	1	INDEX	Index	0.23	0.21	0.26	0.26	0.24	0.25	0.22	0.23	0.13	0.21	0.21	0.29	0.25	0.32	0.17	0.17	0.24	2016	0.17	FAO Questionnaire. UNSD national account estimates.	C
2018.Q2.G.01	AG_PRD_ORTIND	Agriculture orientation index for government expenditures	324	-11.28173419	11.00210343	GIN	Guinea	1	INDEX	Index																					
2018.Q2.G.01	AG_PRD_ORTIND	Agriculture orientation index for government expenditures	328	-58.97322037	4.788012784	GUY	Guyana	1	INDEX	Index																					
2018.Q2.G.01	AG_PRD_ORTIND	Agriculture orientation index for government expenditures	332	-72.33640958	18.40426539	HTI	Haiti	1	INDEX	Index																					
2018.Q2.G.01	AG_PRD_ORTIND	Agriculture orientation index for government expenditures	334	73.52633626	-53.09106147	HMD	Heard Island and McDonald Islands	1	INDEX	Index																					
2018.Q2.G.01	AG_PRD_ORTIND	Agriculture orientation index for government expenditures	336	12.45315803	41.90343751	VAT	Holy See	1	INDEX	Index																					
2018.Q2.G.01	AG_PRD_ORTIND	Agriculture orientation index for government expenditures	340	-86.59974381	14.82243161	HND	Honduras	1	INDEX	Index																					
2018.Q2.G.01	AG_PRD_ORTIND	Agriculture orientation index for government expenditures	344	114.0266445	22.41749934	HKG	China, Hong Kong Special Administrative Region	1	INDEX	Index																					
2018.Q2.G.01	AG_PRD_ORTIND	Agriculture orientation index for government expenditures	348	19.41221519	47.1651448	HUN	Hungary	1	INDEX	Index	0.8	1.21	0.97	0.76	0.77	0.74	0.74	0.42	0.54	0.35	0.29	0.29	0.25	0.35	0.35		0.31	2015	0.35	FAO Questionnaire. UNSD national account estimates.	C
2018.Q2.G.01	AG_PRD_ORTIND	Agriculture orientation index for government expenditures	352	-19.02116966	64.79134763	ISL	Iceland	1	INDEX	Index	0.62	0.6	0.7	0.77	0.82	0.78	0.81	0.5	0.51	0.44	0.45	0.47	0.48	0.5	0.47		0.48	2015	0.47	Combined IMF and FAO Questionaire. UNSD national account estimates.	C
2018.Q2.G.01	AG_PRD_ORTIND	Agriculture orientation index for government expenditures	356	79.3608464	22.34642074	IND	India	1	INDEX	Index	0.23	0.21	0.2	0.27	0.28	0.35	0.38	0.59	0.45	0.43	0.43	0.37	0.35				0.36	2013	0.35	IMF data. UNSD national account estimates	C
2018.Q2.G.01	AG_PRD_ORTIND	Agriculture orientation index for government expenditures	360	113.9174	-0.994582204	IDN	Indonesia	1	INDEX	Index				0.2	0.11	0.16	0.12	0.07	0.07	0.06			0.08				0.08	2013	0.08	FAO Questionnaire. UNSD national account estimates.	C
2018.Q2.G.01	AG_PRD_ORTIND	Agriculture orientation index for government expenditures	364	54.19766348	32.74370885	IRN	Iran (Islamic Republic of)	1	INDEX	Index		0.59	0.33	0.36	0.65	0.48	0.41	0.38	0.15									2009	0.15	IMF data. UNSD national account estimates	C
2018.Q2.G.01	AG_PRD_ORTIND	Agriculture orientation index for government expenditures	368	43.76606267	33.05013795	IRQ	Iraq	1	INDEX	Index																					
2018.Q2.G.01	AG_PRD_ORTIND	Agriculture orientation index for government expenditures	372	-7.121425272	53.25274054	IRL	Ireland	1	INDEX	Index	1.64	1.53	1.54	1.32	1.85	1.89	1.84	3.64	2.42	0.83	0.77	1.21	1.02	0.91	1.29		1.1075	2015	1.29	FAO Questionnaire. UNSD national account estimates.	C
2018.Q2.G.01	AG_PRD_ORTIND	Agriculture orientation index for government expenditures	376	34.62277992	31.06164552	ISR	Israel	1	INDEX	Index	0.48	0.42	0.45	0.36	0.27	0.3	0.36	0.28	0.24	0.26	0.25	0.37	0.35	0.46	0.4	0.35	0.386	2016	0.35	FAO Questionnaire. UNSD national account estimates.	C
2018.Q2.G.01	AG_PRD_ORTIND	Agriculture orientation index for government expenditures	380	12.57022427	42.79917282	ITA	Italy	1	INDEX	Index	0.52	0.57	0.36	0.33	0.27	0.43	0.38	0.33	0.34	0.37	0.36	0.24	0.2	0.28	0.17		0.2225	2015	0.17	IMF data. UNSD national account estimates	C
2018.Q2.G.01	AG_PRD_ORTIND	Agriculture orientation index for government expenditures	384	-5.552690016	7.62211586	CIV	Côte d'Ivoire	1	INDEX	Index									0.11		0.07	0.19		0.24			0.215	2014	0.24	Combined IMF and FAO Questionaire. UNSD national account estimates.	C
2018.Q2.G.01	AG_PRD_ORTIND	Agriculture orientation index for government expenditures	388	-77.31068409	18.15616857	JAM	Jamaica	1	INDEX	Index	0.18	0.16	0.24	0.19	0.24	0.19	0.24	0.3	0.28	0.27	0.19	0.28	0.28				0.28	2013	0.28	FAO Questionnaire. UNSD national account estimates.	C
2018.Q2.G.01	AG_PRD_ORTIND	Agriculture orientation index for government expenditures	392	139.2716103	36.6554539	JPN	Japan	1	INDEX	Index																					
2018.Q2.G.01	AG_PRD_ORTIND	Agriculture orientation index for government expenditures	398	66.65359159	48.01963494	KAZ	Kazakhstan	1	INDEX	Index					0.58	0.71	0.72	0.89	0.77	1.03	0.76	0.9	0.66	0.54	0.5		0.65	2015	0.5	Combined IMF and FAO Questionaire. UNSD national account estimates.	C
2018.Q2.G.01	AG_PRD_ORTIND	Agriculture orientation index for government expenditures	400	37.13024774	30.65365973	JOR	Jordan	1	INDEX	Index												0.25	0.24	0.23	0.2		0.23	2015	0.2	FAO Questionnaire. UNSD national account estimates.	C
2018.Q2.G.01	AG_PRD_ORTIND	Agriculture orientation index for government expenditures	404	37.86096816	0.534797278	KEN	Kenya	1	INDEX	Index	0.2	0.22	0.21	0.2	0.19	0.14	0.17	0.14	0.17	0.16	0.19	0.14	0.12	0.1	0.05	0.05	0.092	2016	0.05	FAO Questionnaire. UNSD national account estimates.	C
2018.Q2.G.01	AG_PRD_ORTIND	Agriculture orientation index for government expenditures	408	127.1803633	40.1462645	PRK	Democratic People's Republic of Korea	1	INDEX	Index																					
2018.Q2.G.01	AG_PRD_ORTIND	Agriculture orientation index for government expenditures	410	127.8610254	36.45201023	KOR	Republic of Korea	1	INDEX	Index	1.54	1.54	1.56	1.39	1.58	1.89	1.96	2.08	1.81	2	2.08	1.91	1.91	1.75	1.96	2.23	1.952	2016	2.23	FAO Questionnaire. UNSD national account estimates.	C
2018.Q2.G.01	AG_PRD_ORTIND	Agriculture orientation index for government expenditures	414	47.49305029	29.53949468	KWT	Kuwait	1	INDEX	Index	1.36	1.32	1.32	1.83	2.19							1.47	1.73	1.13	0.73		1.265	2015	0.73	Combined IMF and FAO Questionaire. UNSD national account estimates.	C
2018.Q2.G.01	AG_PRD_ORTIND	Agriculture orientation index for government expenditures	417	74.52324839	41.46204516	KGZ	Kyrgyzstan	1	INDEX	Index	0.13					0.16	0.14	0.13	0.13	0.12	0.11							2011	0.11	Combined IMF and FAO Questionaire. UNSD national account estimates.	C
2018.Q2.G.01	AG_PRD_ORTIND	Agriculture orientation index for government expenditures	418	101.9901968	20.27482773	LAO	Lao People's Democratic Republic	1	INDEX	Index																					
2018.Q2.G.01	AG_PRD_ORTIND	Agriculture orientation index for government expenditures	422	35.89391711	33.92152458	LBN	Lebanon	1	INDEX	Index	0.06	0.09	0.07	0.1	0.09	0.05	0.05	0.05	0.06					0.08	0.15	0.16	0.13	2016	0.16	FAO Questionnaire. UNSD national account estimates.	C
2018.Q2.G.01	AG_PRD_ORTIND	Agriculture orientation index for government expenditures	426	28.25362195	-29.58041814	LSO	Lesotho	1	INDEX	Index	0.35	0.41	0.43	0.45	0.42	0.38	0.45	0.44	0.42									2009	0.42	FAO Questionnaire. UNSD national account estimates.	C
2018.Q2.G.01	AG_PRD_ORTIND	Agriculture orientation index for government expenditures	428	26.42461876	56.64196636	LVA	Latvia	1	INDEX	Index							1	1.82	1.07	1.05	0.44	0.66	0.54	0.57	0.5		0.5675	2015	0.5	FAO Questionnaire. UNSD national account estimates.	C
2018.Q2.G.01	AG_PRD_ORTIND	Agriculture orientation index for government expenditures	430	-9.311879038	6.448381009	LBR	Liberia	1	INDEX	Index					0.01	0.03	0.05	0.06	0.04	0.04	0.03	0.03					0.03	2012	0.03	Combined IMF and FAO Questionaire. UNSD national account estimates.	C
2018.Q2.G.01	AG_PRD_ORTIND	Agriculture orientation index for government expenditures	434	18.0295985	27.04042819	LBY	Libya	1	INDEX	Index																					
2018.Q2.G.01	AG_PRD_ORTIND	Agriculture orientation index for government expenditures	438	9.552985019	47.14167005	LIE	Liechtenstein	1	INDEX	Index																					
2018.Q2.G.01	AG_PRD_ORTIND	Agriculture orientation index for government expenditures	440	23.90517807	55.33680309	LTU	Lithuania	1	INDEX	Index				1.14	0.98	1.16	1.38	1.22	1.74	1.23	0.9	0.77	0.82	0.86	1.05		0.875	2015	1.05	FAO Questionnaire. UNSD national account estimates.	C
2018.Q2.G.01	AG_PRD_ORTIND	Agriculture orientation index for government expenditures	442	6.092656563	49.77679538	LUX	Luxembourg	1	INDEX	Index	2.32	1.79	2.96	2.55	3.54	3.56	3.01	3.39	5.13	4.95	6.17	3.9	4.55	4.67	5.67	5.39	4.836	2016	5.39	FAO Questionnaire. UNSD national account estimates.	C
2018.Q2.G.01	AG_PRD_ORTIND	Agriculture orientation index for government expenditures	446	113.5665388	22.1237259	MAC	China, Macao Special Administrative Region	1	INDEX	Index																					
2018.Q2.G.01	AG_PRD_ORTIND	Agriculture orientation index for government expenditures	450	46.6982339	-19.38514785	MDG	Madagascar	1	INDEX	Index	0.38	0.14	0.24	0.28	0.37	0.24	0.28	0.29										2008	0.29	FAO Questionnaire. UNSD national account estimates.	C
2018.Q2.G.01	AG_PRD_ORTIND	Agriculture orientation index for government expenditures	454	33.4884625	-13.40819859	MWI	Malawi	1	INDEX	Index	0.13	0.18	0.19	0.2	0.33	0.21	0.63	0.56	0.57	0.57	0.45	0.44	0.71	0.68	0.84	0.68	0.67	2016	0.68	FAO Questionnaire. UNSD national account estimates.	C
2018.Q2.G.01	AG_PRD_ORTIND	Agriculture orientation index for government expenditures	458	116.8346314	5.452415309	MYS	Malaysia	1	INDEX	Index	0.36	0.31	0.32	0.41	0.41	0.61	0.37	0.48	0.53	0.32	0.23	0.26	0.33	0.36	0.36	0.36	0.334	2016	0.36	FAO Questionnaire. UNSD national account estimates.	C
2018.Q2.G.01	AG_PRD_ORTIND	Agriculture orientation index for government expenditures	462	73.09672546	-0.614385021	MDV	Maldives	1	INDEX	Index	0.21	0.09	0.14	0.12	0.15	0.28	0.43	0.3	0.13	0.34	0.2	0.02			0.07	0.05	0.0466666666666667	2016	0.05	Combined IMF and FAO Questionaire. UNSD national account estimates.	C
2018.Q2.G.01	AG_PRD_ORTIND	Agriculture orientation index for government expenditures	466	-3.522016039	17.35311254	MLI	Mali	1	INDEX	Index	0.44	0.5	0.42	0.4	0.56	0.72	0.52	0.62	0.33		0.39							2011	0.39	Combined IMF and FAO Questionaire. UNSD national account estimates.	C
2018.Q2.G.01	AG_PRD_ORTIND	Agriculture orientation index for government expenditures	470	14.44617519	35.89194275	MLT	Malta	1	INDEX	Index	0.64	0.73	0.79	1.2	1.29	1.23	1.16	1.49	1.3	1.19	1.13	1.11	1.05	0.82	0.85		0.9575	2015	0.85	FAO Questionnaire. UNSD national account estimates.	C
2018.Q2.G.01	AG_PRD_ORTIND	Agriculture orientation index for government expenditures	474	-60.91544135	14.56086108	MTQ	Martinique	1	INDEX	Index																					
2018.Q2.G.01	AG_PRD_ORTIND	Agriculture orientation index for government expenditures	478	-10.33187259	20.26089546	MRT	Mauritania	1	INDEX	Index																					
2018.Q2.G.01	AG_PRD_ORTIND	Agriculture orientation index for government expenditures	480	57.568022	-20.28581998	MUS	Mauritius	1	INDEX	Index	0.75	0.77	0.67	0.75	0.77	0.67	0.7	1.66	1.23	1.28	0.88	0.89	0.89	0.82	0.88	0.86	0.868	2016	0.86	FAO Questionnaire. UNSD national account estimates.	C
2018.Q2.G.01	AG_PRD_ORTIND	Agriculture orientation index for government expenditures	484	-102.5148166	23.93378032	MEX	Mexico	1	INDEX	Index																					
2018.Q2.G.01	AG_PRD_ORTIND	Agriculture orientation index for government expenditures	492	7.424214814	43.73532918	MCO	Monaco	1	INDEX	Index																					
2018.Q2.G.01	AG_PRD_ORTIND	Agriculture orientation index for government expenditures	496	103.0728057	46.83892054	MNG	Mongolia	1	INDEX	Index	0.2	0.24								0.47	0.7	0.18			0.09		0.135	2015	0.09	FAO Questionnaire. UNSD national account estimates.	C
2018.Q2.G.01	AG_PRD_ORTIND	Agriculture orientation index for government expenditures	498	28.4650624	47.20236795	MDA	Republic of Moldova	1	INDEX	Index		0.11	0.12	0.18	0.39	0.39	0.81	0.57	0.49	0.26	0.24	0.36	0.46	0.38	0.62	0.31	0.426	2016	0.31	FAO Questionnaire. UNSD national account estimates.	C
2018.Q2.G.01	AG_PRD_ORTIND	Agriculture orientation index for government expenditures	499	19.25214024	42.78717043	MNE	Montenegro	1	INDEX	Index						0.08	0.1	0.12	0.1	0.09	0.08	0.09	0.07	0.06	0.07		0.0725	2015	0.07	FAO Questionnaire. UNSD national account estimates.	C
2018.Q2.G.01	AG_PRD_ORTIND	Agriculture orientation index for government expenditures	500	-62.19261223	16.73558313	MSR	Montserrat	1	INDEX	Index																					
2018.Q2.G.01	AG_PRD_ORTIND	Agriculture orientation index for government expenditures	504	-6.281942841	31.8440131	MAR	Morocco	1	INDEX	Index						0.03	0.03	0.03	0.02	0.02	0.02	0.01					0.01	2012	0.01	Combined IMF and FAO Questionaire. UNSD national account estimates.	C
2018.Q2.G.01	AG_PRD_ORTIND	Agriculture orientation index for government expenditures	508	38.18479941	-14.27963886	MOZ	Mozambique	1	INDEX	Index	0.27	0.27	0.2	0.18	0.2	0.18	0.15	0.14	0.2	0.17	0.14	0.12	0.16	0.35			0.21	2014	0.35	FAO Questionnaire. UNSD national account estimates.	C
2018.Q2.G.01	AG_PRD_ORTIND	Agriculture orientation index for government expenditures	512	57.87743482	21.98805614	OMN	Oman	1	INDEX	Index	0.33	0.35	0.38	0.42	0.45	0.38	0.37	0.45	0.52	0.55	0.4	0.32	0.31	0.49			0.373333333333333	2014	0.49	FAO Questionnaire. UNSD national account estimates.	C
2018.Q2.G.01	AG_PRD_ORTIND	Agriculture orientation index for government expenditures	516	17.21907885	-22.13817068	NAM	Namibia	1	INDEX	Index	0.54	0.52	0.49	0.52	0.49	0.44	0.55	0.34	0.4	0.38	0.49	0.4	0.44	0.34	0.33		0.3775	2015	0.33	IMF data. UNSD national account estimates	C
2018.Q2.G.01	AG_PRD_ORTIND	Agriculture orientation index for government expenditures	520	166.92313	-0.528742623	NRU	Nauru	1	INDEX	Index																					
2018.Q2.G.01	AG_PRD_ORTIND	Agriculture orientation index for government expenditures	524	83.94678863	28.25866332	NPL	Nepal	1	INDEX	Index		0.16	0.14	0.14	0.24	0.15	0.14	0.14	0.22	0.26	0.32	0.24	0.26	0.31	0.3	0.33	0.288	2016	0.33	FAO Questionnaire. UNSD national account estimates.	C
2018.Q2.G.01	AG_PRD_ORTIND	Agriculture orientation index for government expenditures	528	5.331480568	51.86728884	NLD	Netherlands	1	INDEX	Index	0.39	0.34	0.38	0.33	0.29	0.29	0.31	0.35	0.41	0.33	0.32	0.28	0.25	0.22	0.23	0.2	0.236	2016	0.2	FAO Questionnaire. UNSD national account estimates.	C
2018.Q2.G.01	AG_PRD_ORTIND	Agriculture orientation index for government expenditures	530	-68.30676179	12.22720635	ANT	Netherlands Antilles	1	INDEX	Index																					
2018.Q2.G.01	AG_PRD_ORTIND	Agriculture orientation index for government expenditures	531	-68.95033464	12.15058042	CUW	Curaçao	1	INDEX	Index																					
2018.Q2.G.01	AG_PRD_ORTIND	Agriculture orientation index for government expenditures	533	-69.97050586	12.50878756	ABW	Aruba	1	INDEX	Index																					
2018.Q2.G.01	AG_PRD_ORTIND	Agriculture orientation index for government expenditures	534	-63.06198692	18.03926508	SXM	Sint Maarten (Dutch part)	1	INDEX	Index																					
2018.Q2.G.01	AG_PRD_ORTIND	Agriculture orientation index for government expenditures	540	165.5067368	-21.41742531	NCL	New Caledonia	1	INDEX	Index																					
2018.Q2.G.01	AG_PRD_ORTIND	Agriculture orientation index for government expenditures	548	167.0679779	-15.34445547	VUT	Vanuatu	1	INDEX	Index					0.12	0.12	0.1	0.09	0.1	0.11	0.09	0.15					0.15	2012	0.15	FAO Questionnaire. UNSD national account estimates.	C
2018.Q2.G.01	AG_PRD_ORTIND	Agriculture orientation index for government expenditures	554	170.4755673	-43.98721568	NZL	New Zealand	1	INDEX	Index				0.26	0.31													2005	0.31	Combined IMF and FAO Questionaire. UNSD national account estimates.	C
2018.Q2.G.01	AG_PRD_ORTIND	Agriculture orientation index for government expenditures	558	-85.03060315	12.84210839	NIC	Nicaragua	1	INDEX	Index																					
2018.Q2.G.01	AG_PRD_ORTIND	Agriculture orientation index for government expenditures	562	9.400167877	17.42143036	NER	Niger	1	INDEX	Index																					
2018.Q2.G.01	AG_PRD_ORTIND	Agriculture orientation index for government expenditures	566	8.097363256	9.585789025	NGA	Nigeria	1	INDEX	Index			0.04	0.13	0.16	0.21	0.2	0.21	0.16	0.11	0.1	0.1	0.09				0.095	2013	0.09	Combined IMF and FAO Questionaire. UNSD national account estimates.	C
2018.Q2.G.01	AG_PRD_ORTIND	Agriculture orientation index for government expenditures	570	-169.8601693	-19.05000475	NIU	Niue	1	INDEX	Index																					
2018.Q2.G.01	AG_PRD_ORTIND	Agriculture orientation index for government expenditures	574	167.9515548	-29.03230018	NFK	Norfolk Island	1	INDEX	Index																					
2018.Q2.G.01	AG_PRD_ORTIND	Agriculture orientation index for government expenditures	578	11.47846389	61.34311134	NOR	Norway	1	INDEX	Index	1.89	1.75	1.91	1.62	1.45	1.36	1.48	1.67	1.41	1.17	1.3	1.5	1.29	1.11	0.94	0.8	1.128	2016	0.8	FAO Questionnaire. UNSD national account estimates.	C
2018.Q2.G.01	AG_PRD_ORTIND	Agriculture orientation index for government expenditures	580	145.7582114	15.19099517	MNP	Northern Mariana Islands	1	INDEX	Index																					
2018.Q2.G.01	AG_PRD_ORTIND	Agriculture orientation index for government expenditures	581	-162.4343752	5.874443968	UMI	US Minor Outlying Islands	1	INDEX	Index																					
2018.Q2.G.01	AG_PRD_ORTIND	Agriculture orientation index for government expenditures	583	158.225216	6.880670092	FSM	Micronesia, Federated States of	1	INDEX	Index									0.07	0.06	0.05	0.1	0.1	0.27	0.07		0.135	2015	0.07	IMF data. UNSD national account estimates	C
2018.Q2.G.01	AG_PRD_ORTIND	Agriculture orientation index for government expenditures	584	171.0839119	7.110213497	MHL	Marshall Islands	1	INDEX	Index								0.13	0.17	0.16	0.12	0.17	0.12	0.16	0.16	0.17	0.156	2016	0.17	IMF data. UNSD national account estimates	C
2018.Q2.G.01	AG_PRD_ORTIND	Agriculture orientation index for government expenditures	585	134.5733878	7.502307591	PLW	Palau	1	INDEX	Index								0.13	0.13	0.13	0.13	0.1	0.09	0.1	0.13		0.105	2015	0.13	IMF data. UNSD national account estimates	C
2018.Q2.G.01	AG_PRD_ORTIND	Agriculture orientation index for government expenditures	586	68.80479684	29.36491634	PAK	Pakistan	1	INDEX	Index	0.02	0.03	0.03	0.09	0.01	0.15	0.19	0.32	0.19	0.13	0.04	0.05	0.08	0.03	0.03	0.05	0.048	2016	0.05	FAO Questionnaire. UNSD national account estimates.	C
2018.Q2.G.01	AG_PRD_ORTIND	Agriculture orientation index for government expenditures	591	-81.26616623	8.450965746	PAN	Panama	1	INDEX	Index	0.37	0.23	0.18	0.39	0.26	0.32	0.37	0.33	0.31	0.44	0.43	0.35	0.38	0.55	0.67	0.58	0.506	2016	0.58	FAO Questionnaire. UNSD national account estimates.	C
2018.Q2.G.01	AG_PRD_ORTIND	Agriculture orientation index for government expenditures	598	145.8587761	-6.756057077	PNG	Papua New Guinea	1	INDEX	Index																					
2018.Q2.G.01	AG_PRD_ORTIND	Agriculture orientation index for government expenditures	600	-60.54854225	-21.70216237	PRY	Paraguay	1	INDEX	Index									0.15	0.15	0.1	0.11	0.09	0.1	0.14	0.16	0.12	2016	0.16	FAO Questionnaire. UNSD national account estimates.	C
2018.Q2.G.01	AG_PRD_ORTIND	Agriculture orientation index for government expenditures	604	-71.82093277	-13.58939705	PER	Peru	1	INDEX	Index																					
2018.Q2.G.01	AG_PRD_ORTIND	Agriculture orientation index for government expenditures	608	120.8601418	14.16591706	PHL	Philippines	1	INDEX	Index	0.33	0.27	0.31	0.25	0.33	0.3	0.42	0.54	0.43	0.48	0.28	0.41	0.42	0.38	0.4	0.4	0.402	2016	0.4	FAO Questionnaire. UNSD national account estimates.	C
2018.Q2.G.01	AG_PRD_ORTIND	Agriculture orientation index for government expenditures	612	-128.3225873	-24.37538456	PCN	Pitcairn	1	INDEX	Index																					
2018.Q2.G.01	AG_PRD_ORTIND	Agriculture orientation index for government expenditures	616	19.40660158	52.1226733	POL	Poland	1	INDEX	Index	0.58	0.49	0.71	0.55	0.83	0.9	0.72	0.94	0.81	0.73	0.61	0.59	0.46	0.37	0.38		0.45	2015	0.38	FAO Questionnaire. UNSD national account estimates.	C
2018.Q2.G.01	AG_PRD_ORTIND	Agriculture orientation index for government expenditures	620	-7.961599811	39.68509315	PRT	Portugal	1	INDEX	Index	0.47	0.46	0.39	0.43	0.4	0.4	0.33	0.3	0.3	0.27	0.31	0.34	0.28	0.39	0.37		0.345	2015	0.37	FAO Questionnaire. UNSD national account estimates.	C
2018.Q2.G.01	AG_PRD_ORTIND	Agriculture orientation index for government expenditures	624	-14.40182514	12.11760394	GNB	Guinea-Bissau	1	INDEX	Index									0.29	0.32	0.29	0.06	0.13	0.07	0.1		0.09	2015	0.1	FAO Questionnaire. UNSD national account estimates.	C
2018.Q2.G.01	AG_PRD_ORTIND	Agriculture orientation index for government expenditures	626	125.9451052	-8.797497247	TLS	Timor-Leste	1	INDEX	Index								1.35	1.06	0.47	0.43	0.47	0.49	0.45	0.43		0.46	2015	0.43	FAO Questionnaire. UNSD national account estimates.	C
2018.Q2.G.01	AG_PRD_ORTIND	Agriculture orientation index for government expenditures	630	-66.47591017	18.22753799	PRI	Puerto Rico	1	INDEX	Index																					
2018.Q2.G.01	AG_PRD_ORTIND	Agriculture orientation index for government expenditures	634	51.19152467	25.28355379	QAT	Qatar	1	INDEX	Index				25.47	14.04													2005	14.04	IMF data. UNSD national account estimates	C
2018.Q2.G.01	AG_PRD_ORTIND	Agriculture orientation index for government expenditures	638	55.53171398	-21.13183266	REU	Réunion	1	INDEX	Index																					
2018.Q2.G.01	AG_PRD_ORTIND	Agriculture orientation index for government expenditures	642	24.98481009	45.83893563	ROU	Romania	1	INDEX	Index											0.64	0.75	0.6	0.69	0.7		0.685	2015	0.7	FAO Questionnaire. UNSD national account estimates.	C
2018.Q2.G.01	AG_PRD_ORTIND	Agriculture orientation index for government expenditures	643	99.01404926	61.61899849	RUS	Russian Federation	1	INDEX	Index	0.22	0.18	0.17	0.19	0.15	0.17	0.1	0.15	0.18	0.08	0.32	0.32	0.43	0.25	0.18	0.29	0.294	2016	0.29	FAO Questionnaire. UNSD national account estimates.	C
2018.Q2.G.01	AG_PRD_ORTIND	Agriculture orientation index for government expenditures	646	29.92310194	-1.999842114	RWA	Rwanda	1	INDEX	Index										0.12	0.19	0.14				0.09	0.115	2016	0.09	FAO Questionnaire. UNSD national account estimates.	C
2018.Q2.G.01	AG_PRD_ORTIND	Agriculture orientation index for government expenditures	652	-62.83173536	17.89513362	BLM	Saint Barthélemy	1	INDEX	Index																					
2018.Q2.G.01	AG_PRD_ORTIND	Agriculture orientation index for government expenditures	654	-5.705752501	-15.96503946	SHN	Saint Helena	1	INDEX	Index																					
2018.Q2.G.01	AG_PRD_ORTIND	Agriculture orientation index for government expenditures	659	-62.76628613	17.33994219	KNA	Saint Kitts and Nevis	1	INDEX	Index																					
2018.Q2.G.01	AG_PRD_ORTIND	Agriculture orientation index for government expenditures	660	-63.05651612	18.21525315	AIA	Anguilla	1	INDEX	Index																					
2018.Q2.G.01	AG_PRD_ORTIND	Agriculture orientation index for government expenditures	662	-60.96529553	13.89405601	LCA	Saint Lucia	1	INDEX	Index																					
2018.Q2.G.01	AG_PRD_ORTIND	Agriculture orientation index for government expenditures	663	-63.04505461	18.0882685	MAF	Saint Martin (French Part)	1	INDEX	Index																					
2018.Q2.G.01	AG_PRD_ORTIND	Agriculture orientation index for government expenditures	666	-56.33682442	46.85812735	SPM	Saint Pierre and Miquelon	1	INDEX	Index																					
2018.Q2.G.01	AG_PRD_ORTIND	Agriculture orientation index for government expenditures	670	-61.19024321	13.24627968	VCT	Saint Vincent and the Grenadines	1	INDEX	Index															0.4	0.41	0.405	2016	0.41	FAO Questionnaire. UNSD national account estimates.	C
2018.Q2.G.01	AG_PRD_ORTIND	Agriculture orientation index for government expenditures	674	12.46329038	43.93841766	SMR	San Marino	1	INDEX	Index		13.48	30.97	29.88														2004	29.88	IMF data. UNSD national account estimates	C
2018.Q2.G.01	AG_PRD_ORTIND	Agriculture orientation index for government expenditures	678	6.609772265	0.241554875	STP	Sao Tome and Principe	1	INDEX	Index							0.36	0.82	0.38	0.31								2010	0.31	Combined IMF and FAO Questionaire. UNSD national account estimates.	C
2018.Q2.G.01	AG_PRD_ORTIND	Agriculture orientation index for government expenditures	682	44.54763347	24.12594211	SAU	Saudi Arabia	1	INDEX	Index																					
2018.Q2.G.01	AG_PRD_ORTIND	Agriculture orientation index for government expenditures	686	-14.46636926	14.35920905	SEN	Senegal	1	INDEX	Index																					
2018.Q2.G.01	AG_PRD_ORTIND	Agriculture orientation index for government expenditures	688	20.805876	44.03145697	SRB	Serbia	1	INDEX	Index			0.23	0.36	0.22	0.22	0.25	0.25	0.16	0.23	0.18	0.29					0.29	2012	0.29	FAO Questionnaire. UNSD national account estimates.	C
2018.Q2.G.01	AG_PRD_ORTIND	Agriculture orientation index for government expenditures	690	55.46561591	-4.678053059	SYC	Seychelles	1	INDEX	Index						1.23	1.87	0.3		0.67	0.34	0.32	0.66	0.69	1	1.12	0.758	2016	1.12	FAO Questionnaire. UNSD national account estimates.	C
2018.Q2.G.01	AG_PRD_ORTIND	Agriculture orientation index for government expenditures	694	-11.78306584	8.568604164	SLE	Sierra Leone	1	INDEX	Index																					
2018.Q2.G.01	AG_PRD_ORTIND	Agriculture orientation index for government expenditures	702	103.8107883	1.361009155	SGP	Singapore	1	INDEX	Index	2	3.3	4.02	3.79	3.78	3.59	6.87	5.48	5.42	6.69	7.06	8.42	7.29	7.17	7.08	8.76	7.744	2016	8.76	FAO Questionnaire. UNSD national account estimates.	C
2018.Q2.G.01	AG_PRD_ORTIND	Agriculture orientation index for government expenditures	703	19.48495604	48.70741446	SVK	Slovakia	1	INDEX	Index	0.95	0.61	0.67	0.8	1.24	1.13	1	1.06	1.52	1.7	1.32	0.38	0.37	0.31	0.43		0.3725	2015	0.43	FAO Questionnaire. UNSD national account estimates.	C
2018.Q2.G.01	AG_PRD_ORTIND	Agriculture orientation index for government expenditures	704	105.802499	10.09643079	VNM	Viet Nam	1	INDEX	Index						0.09	0.1	0.06	0.2	0.12	0.13	0.12	0.21	0.19			0.173333333333333	2014	0.19	FAO Questionnaire. UNSD national account estimates.	C
2018.Q2.G.01	AG_PRD_ORTIND	Agriculture orientation index for government expenditures	705	14.82209486	46.11958061	SVN	Slovenia	1	INDEX	Index	1.21	1.2	1.68	1.34	0.97	1.22	1.24	1.53	1.26	0.89	0.73	0.97	0.74	0.63	0.84		0.795	2015	0.84	FAO Questionnaire. UNSD national account estimates.	C
2018.Q2.G.01	AG_PRD_ORTIND	Agriculture orientation index for government expenditures	706	46.20367477	4.406485729	SOM	Somalia	1	INDEX	Index																					
2018.Q2.G.01	AG_PRD_ORTIND	Agriculture orientation index for government expenditures	710	24.67184355	-29.99957544	ZAF	South Africa	1	INDEX	Index	0.56	0.46	0.67	0.59	0.87	0.8	0.92	0.75	0.62	0.8	0.76	0.8	0.79	0.75	0.69		0.7575	2015	0.69	FAO Questionnaire. UNSD national account estimates.	C
2018.Q2.G.01	AG_PRD_ORTIND	Agriculture orientation index for government expenditures	716	29.86909584	-19.00075492	ZWE	Zimbabwe	1	INDEX	Index																					
2018.Q2.G.01	AG_PRD_ORTIND	Agriculture orientation index for government expenditures	724	-3.554078296	40.39211472	ESP	Spain	1	INDEX	Index	0.11	0.12	0.13	0.15	0.16	0.2	0.22	0.24	0.12	0.1	0.13	0.09	0.07	0.07	0.08		0.0775	2015	0.08	FAO Questionnaire. UNSD national account estimates.	C
2018.Q2.G.01	AG_PRD_ORTIND	Agriculture orientation index for government expenditures	728	30.32618773	7.290839152	SSD	South Sudan	1	INDEX	Index																					
2018.Q2.G.01	AG_PRD_ORTIND	Agriculture orientation index for government expenditures	732	-13.13515523	24.66265342	ESH	Western Sahara	1	INDEX	Index																					
2018.Q2.G.01	AG_PRD_ORTIND	Agriculture orientation index for government expenditures	736	29.95650159	16.02643066	SDN	Sudan	1	INDEX	Index																					
2018.Q2.G.01	AG_PRD_ORTIND	Agriculture orientation index for government expenditures	740	-55.90626394	4.132603197	SUR	Suriname	1	INDEX	Index																					
2018.Q2.G.01	AG_PRD_ORTIND	Agriculture orientation index for government expenditures	744	13.38071013	78.82894131	SJM	Svalbard and Jan Mayen Islands	1	INDEX	Index																					
2018.Q2.G.01	AG_PRD_ORTIND	Agriculture orientation index for government expenditures	748	31.50149288	-26.56471011	SWZ	Swaziland	1	INDEX	Index							0.81	1.29	1.17	0.74	0.49	0.63					0.63	2012	0.63	Combined IMF and FAO Questionaire. UNSD national account estimates.	C
2018.Q2.G.01	AG_PRD_ORTIND	Agriculture orientation index for government expenditures	752	14.3775338	60.60103109	SWE	Sweden	1	INDEX	Index	0.34	0.39	0.38	0.34	0.72	0.54	0.38	0.45	0.47	0.42	0.4	0.42	0.46	0.45	0.38	0.39	0.42	2016	0.39	FAO Questionnaire. UNSD national account estimates.	C
2018.Q2.G.01	AG_PRD_ORTIND	Agriculture orientation index for government expenditures	756	8.223158	46.96617097	CHE	Switzerland	1	INDEX	Index	4.88	4.82	4.9	4.41	4.75	5.03	4.84	4.4	4.84	5.06	5.04	5.37	4.9	4.71	5.08		5.015	2015	5.08	FAO Questionnaire. UNSD national account estimates.	C
2018.Q2.G.01	AG_PRD_ORTIND	Agriculture orientation index for government expenditures	760	38.50466565	35.01676176	SYR	Syrian Arab Republic (Syria)	1	INDEX	Index							0.28	0.21	0.21									2009	0.21	IMF data. UNSD national account estimates	C
2018.Q2.G.01	AG_PRD_ORTIND	Agriculture orientation index for government expenditures	762	69.294998	38.43069666	TJK	Tajikistan	1	INDEX	Index																					
2018.Q2.G.01	AG_PRD_ORTIND	Agriculture orientation index for government expenditures	764	101.0202951	15.13089239	THA	Thailand	1	INDEX	Index	0.87	0.74	0.73	0.62	0.57	0.45	0.62	0.5	0.51	0.37	0.18	0.58	0.51	0.69	0.83		0.6525	2015	0.83	FAO Questionnaire. UNSD national account estimates.	C
2018.Q2.G.01	AG_PRD_ORTIND	Agriculture orientation index for government expenditures	768	0.97835765	8.532096072	TGO	Togo	1	INDEX	Index										0	0							2011	0	FAO Questionnaire. UNSD national account estimates.	C
2018.Q2.G.01	AG_PRD_ORTIND	Agriculture orientation index for government expenditures	772	-171.8154473	-9.214545558	TKL	Tokelau	1	INDEX	Index																					
2018.Q2.G.01	AG_PRD_ORTIND	Agriculture orientation index for government expenditures	776	-175.1959991	-21.19511329	TON	Tonga	1	INDEX	Index																					
2018.Q2.G.01	AG_PRD_ORTIND	Agriculture orientation index for government expenditures	780	-61.29389504	10.41877263	TTO	Trinidad and Tobago	1	INDEX	Index	2.88	2.72	3.69	4.9	6.45	5.66	7.67	4.7	3.07	3.08	4.23	4.59	2.43	1.95			2.99	2014	1.95	FAO Questionnaire. UNSD national account estimates.	C
2018.Q2.G.01	AG_PRD_ORTIND	Agriculture orientation index for government expenditures	784	53.98279159	23.43322219	ARE	United Arab Emirates	1	INDEX	Index												0.04	0.06	0.04	0.05		0.0475	2015	0.05	FAO Questionnaire. UNSD national account estimates.	C
2018.Q2.G.01	AG_PRD_ORTIND	Agriculture orientation index for government expenditures	788	9.572737411	34.11439971	TUN	Tunisia	1	INDEX	Index	1.05	1.14	0.95	0.77	0.72	0.71	0.69	0.69	0.68	0.73	0.6	0.59					0.59	2012	0.59	IMF data. UNSD national account estimates	C
2018.Q2.G.01	AG_PRD_ORTIND	Agriculture orientation index for government expenditures	792	35.42890329	38.9899684	TUR	Turkey	1	INDEX	Index						0.49	0.55	0.57	0.37	0.35	0.41	0.42	0.42	0.45	0.4		0.4225	2015	0.4	FAO Questionnaire. UNSD national account estimates.	C
2018.Q2.G.01	AG_PRD_ORTIND	Agriculture orientation index for government expenditures	795	58.9787665	40.0912346	TKM	Turkmenistan	1	INDEX	Index																					
2018.Q2.G.01	AG_PRD_ORTIND	Agriculture orientation index for government expenditures	796	-71.745121	21.80780585	TCA	Turks and Caicos Islands	1	INDEX	Index																					
2018.Q2.G.01	AG_PRD_ORTIND	Agriculture orientation index for government expenditures	798	178.6679611	-7.460048071	TUV	Tuvalu	1	INDEX	Index																					
2018.Q2.G.01	AG_PRD_ORTIND	Agriculture orientation index for government expenditures	800	32.39100438	1.279557331	UGA	Uganda	1	INDEX	Index	0.15	0.17	0.16	0.09	0.11	0.13	0.17	0.15	0.14	0.2	0.14	0.13	0.19	0.18	0.16	0.16	0.164	2016	0.16	Combined IMF and FAO Questionaire. UNSD national account estimates.	C
2018.Q2.G.01	AG_PRD_ORTIND	Agriculture orientation index for government expenditures	804	31.40270802	49.00735945	UKR	Ukraine	1	INDEX	Index	0.12			0.24	0.26	0.34	0.41	0.4	0.24	0.22	0.18	0.16	0.15	0.09	0.05	0.04	0.098	2016	0.04	FAO Questionnaire. UNSD national account estimates.	C
2018.Q2.G.01	AG_PRD_ORTIND	Agriculture orientation index for government expenditures	807	21.7007909	41.60048068	MKD	Macedonia, Republic of	1	INDEX	Index																					
2018.Q2.G.01	AG_PRD_ORTIND	Agriculture orientation index for government expenditures	818	29.77468534	26.57438204	EGY	Egypt	1	INDEX	Index				0.28	0.18	0.16	0.18	0.14	0.16	0.14	0.13	0.19	0.17	0.14	0.13	0.12	0.15	2016	0.12	FAO Questionnaire. UNSD national account estimates.	C
2018.Q2.G.01	AG_PRD_ORTIND	Agriculture orientation index for government expenditures	826	-2.23830539	53.27691757	GBR	United Kingdom	1	INDEX	Index	1.26	0.74	0.68	0.71	1.03	0.98	0.87	0.6	0.64	0.53	0.62	0.53	0.48	0.47	0.46		0.485	2015	0.46	FAO Questionnaire. UNSD national account estimates.	C
2018.Q2.G.01	AG_PRD_ORTIND	Agriculture orientation index for government expenditures	831	-2.200712402	49.71561166	GGY	Guernsey	1	INDEX	Index																					
2018.Q2.G.01	AG_PRD_ORTIND	Agriculture orientation index for government expenditures	832	-2.136773508	49.22353354	JEY	Jersey	1	INDEX	Index																					
2018.Q2.G.01	AG_PRD_ORTIND	Agriculture orientation index for government expenditures	833	-4.538190305	54.22880901	IMN	Isle of Man	1	INDEX	Index																					
2018.Q2.G.01	AG_PRD_ORTIND	Agriculture orientation index for government expenditures	834	34.80521182	-6.265332606	TZA	Tanzania, United Republic of	1	INDEX	Index	0.1	0.1	0.17	0.15	0.11	0.15	0.12	0.16	0.12	0.08	0.06	0.05	0.07	0.06	0.04		0.055	2015	0.04	FAO Questionnaire. UNSD national account estimates.	C
2018.Q2.G.01	AG_PRD_ORTIND	Agriculture orientation index for government expenditures	840	-99.13830311	39.5277871	USA	United States of America	1	INDEX	Index																					
2018.Q2.G.01	AG_PRD_ORTIND	Agriculture orientation index for government expenditures	850	-64.76960113	17.73297693	VIR	United States Virgin Islands	1	INDEX	Index																					
2018.Q2.G.01	AG_PRD_ORTIND	Agriculture orientation index for government expenditures	854	-1.742843829	12.27491081	BFA	Burkina Faso	1	INDEX	Index				0	0	0.01	0	0.01	0.07	0.08	0.1							2011	0.1	Combined IMF and FAO Questionaire. UNSD national account estimates.	C
2018.Q2.G.01	AG_PRD_ORTIND	Agriculture orientation index for government expenditures	858	-56.01387025	-32.8002838	URY	Uruguay	1	INDEX	Index			0.14	0.15	0.26	0.18												2006	0.18	IMF data. UNSD national account estimates	C
2018.Q2.G.01	AG_PRD_ORTIND	Agriculture orientation index for government expenditures	860	63.11944558	41.77560518	UZB	Uzbekistan	1	INDEX	Index											0.81	0.68	0.61	0.58	0.88		0.6875	2015	0.88	IMF data. UNSD national account estimates	C
2018.Q2.G.01	AG_PRD_ORTIND	Agriculture orientation index for government expenditures	862	-66.15642084	7.121324748	VEN	Venezuela (Bolivarian Republic)	1	INDEX	Index																					
2018.Q2.G.01	AG_PRD_ORTIND	Agriculture orientation index for government expenditures	876	-176.2034788	-13.28471201	WLF	Wallis and Futuna Islands	1	INDEX	Index																					
2018.Q2.G.01	AG_PRD_ORTIND	Agriculture orientation index for government expenditures	882	-172.4430749	-13.61541469	WSM	Samoa	1	INDEX	Index										0.23	0.22	0.21	0.25	0.2	0.38	0.26	0.26	2016	0.26	FAO Questionnaire. UNSD national account estimates.	C
2018.Q2.G.01	AG_PRD_ORTIND	Agriculture orientation index for government expenditures	887	45.22389143	15.22242099	YEM	Yemen	1	INDEX	Index																					
2018.Q2.G.01	AG_PRD_ORTIND	Agriculture orientation index for government expenditures	894	27.850329	-14.59701056	ZMB	Zambia	1	INDEX	Index	0.09	0.11	0.12	0.25	0.31	0.45	0.56	0.54	0.73	0.7		0.62	0.78	0.99	1.32		0.9275	2015	1.32	Combined IMF and FAO Questionaire. UNSD national account estimates.	C
