series.release	series.code	series.description	geoAreaCode	X	Y	ISO3CD	geoAreaName	sliceId	Units	Units description	2006	2007	2008	2009	2010	2011	2012	2013	2014	2015	2016	last.5.years.mean	latest.year	latest.value	latest.source	latest.nature
2018.Q2.G.01	DC_TOF_SCHIPSL	Total official flows for scholarships, by recipient countries (millions of constant 2016 United States dollars)	4	66.02688198	33.83160199	AFG	Afghanistan	1	CON_USD	Constant USD	0.34533	0.42246	1.02657	2.79084	3.89368	4.61226	7.86361	15.53061	7.98653	7.24296	6.69882	9.064506	2016	6.69882	Creditor Reporting System (CRS) database, 2018, The Organisation for Economic Co-operation and Development (OECD)	
2018.Q2.G.01	DC_TOF_SCHIPSL	Total official flows for scholarships, by recipient countries (millions of constant 2016 United States dollars)	8	20.06660928	41.13897007	ALB	Albania	1	CON_USD	Constant USD	1.04569	0.94208	1.5176	2.0161	1.86449	2.30222	2.02618	3.08288	2.6309	3.67347	2.74885	2.832456	2016	2.74885	Creditor Reporting System (CRS) database, 2018, The Organisation for Economic Co-operation and Development (OECD)	
2018.Q2.G.01	DC_TOF_SCHIPSL	Total official flows for scholarships, by recipient countries (millions of constant 2016 United States dollars)	10	21.47585697	-80.40897662	ATA	Antarctica	1	CON_USD	Constant USD																
2018.Q2.G.01	DC_TOF_SCHIPSL	Total official flows for scholarships, by recipient countries (millions of constant 2016 United States dollars)	12	2.678164227	28.15940032	DZA	Algeria	1	CON_USD	Constant USD	1.81759	1.78022	4.92678	6.7773	6.96739	1.8206	5.0036	18.00453	17.78255	14.60614	15.21498	14.12236	2016	15.21498	Creditor Reporting System (CRS) database, 2018, The Organisation for Economic Co-operation and Development (OECD)	
2018.Q2.G.01	DC_TOF_SCHIPSL	Total official flows for scholarships, by recipient countries (millions of constant 2016 United States dollars)	16	-170.7187269	-14.30587306	ASM	American Samoa	1	CON_USD	Constant USD																
2018.Q2.G.01	DC_TOF_SCHIPSL	Total official flows for scholarships, by recipient countries (millions of constant 2016 United States dollars)	20	1.576257417	42.54548611	AND	Andorra	1	CON_USD	Constant USD																
2018.Q2.G.01	DC_TOF_SCHIPSL	Total official flows for scholarships, by recipient countries (millions of constant 2016 United States dollars)	24	17.57817062	-12.33724746	AGO	Angola	1	CON_USD	Constant USD	1.09037	0.99775	1.41508	1.52472	1.39448	1.0685	1.48511	1.80015	1.805	1.82886	1.9556	1.774944	2016	1.9556	Creditor Reporting System (CRS) database, 2018, The Organisation for Economic Co-operation and Development (OECD)	
2018.Q2.G.01	DC_TOF_SCHIPSL	Total official flows for scholarships, by recipient countries (millions of constant 2016 United States dollars)	28	-61.7999755	17.07761471	ATG	Antigua and Barbuda	1	CON_USD	Constant USD	0.01258	0.02435	0.03261	0.07692	0.01798	0.04309	0.04521	0.08705	0.11051	0.08209	0.0488	0.074732	2016	0.0488	Creditor Reporting System (CRS) database, 2018, The Organisation for Economic Co-operation and Development (OECD)	
2018.Q2.G.01	DC_TOF_SCHIPSL	Total official flows for scholarships, by recipient countries (millions of constant 2016 United States dollars)	31	50.01064725	40.39229544	AZE	Azerbaijan	1	CON_USD	Constant USD	0.12073	0.18676	0.71458	1.25555	1.50413	1.71933	1.34334	2.29694	1.77883	1.78911	2.22485	1.886614	2016	2.22485	Creditor Reporting System (CRS) database, 2018, The Organisation for Economic Co-operation and Development (OECD)	
2018.Q2.G.01	DC_TOF_SCHIPSL	Total official flows for scholarships, by recipient countries (millions of constant 2016 United States dollars)	32	-65.14563274	-35.19446255	ARG	Argentina	1	CON_USD	Constant USD	0.23254	1.24289	4.25904	6.33714	6.1653	3.89804	6.90283	6.8743	4.98202	3.67821	2.1459	4.916652	2016	2.1459	Creditor Reporting System (CRS) database, 2018, The Organisation for Economic Co-operation and Development (OECD)	
2018.Q2.G.01	DC_TOF_SCHIPSL	Total official flows for scholarships, by recipient countries (millions of constant 2016 United States dollars)	36	134.3499412	-25.57717202	AUS	Australia	1	CON_USD	Constant USD																
2018.Q2.G.01	DC_TOF_SCHIPSL	Total official flows for scholarships, by recipient countries (millions of constant 2016 United States dollars)	40	14.14172472	47.58704857	AUT	Austria	1	CON_USD	Constant USD																
2018.Q2.G.01	DC_TOF_SCHIPSL	Total official flows for scholarships, by recipient countries (millions of constant 2016 United States dollars)	44	-78.05111663	24.69546597	BHS	Bahamas	1	CON_USD	Constant USD																
2018.Q2.G.01	DC_TOF_SCHIPSL	Total official flows for scholarships, by recipient countries (millions of constant 2016 United States dollars)	48	50.5490754	26.04407747	BHR	Bahrain	1	CON_USD	Constant USD																
2018.Q2.G.01	DC_TOF_SCHIPSL	Total official flows for scholarships, by recipient countries (millions of constant 2016 United States dollars)	50	89.17660788	22.86961622	BGD	Bangladesh	1	CON_USD	Constant USD	6.55595	6.40891	8.28718	16.05141	17.7219	21.43167	18.9679	19.08429	19.06643	13.94259	9.49363	16.110968	2016	9.49363	Creditor Reporting System (CRS) database, 2018, The Organisation for Economic Co-operation and Development (OECD)	
2018.Q2.G.01	DC_TOF_SCHIPSL	Total official flows for scholarships, by recipient countries (millions of constant 2016 United States dollars)	51	44.93839317	40.29499741	ARM	Armenia	1	CON_USD	Constant USD	0.49732	0.46909	1.02157	1.80929	1.50131	1.33656	1.52584	4.8358	4.35666	3.53	3.40082	3.529824	2016	3.40082	Creditor Reporting System (CRS) database, 2018, The Organisation for Economic Co-operation and Development (OECD)	
2018.Q2.G.01	DC_TOF_SCHIPSL	Total official flows for scholarships, by recipient countries (millions of constant 2016 United States dollars)	52	-59.5346489	13.13648273	BRB	Barbados	1	CON_USD	Constant USD			0.1434	0.14437	0.01736								2010	0.01736	Creditor Reporting System (CRS) database, 2018, The Organisation for Economic Co-operation and Development (OECD)	
2018.Q2.G.01	DC_TOF_SCHIPSL	Total official flows for scholarships, by recipient countries (millions of constant 2016 United States dollars)	56	4.660976456	50.64104975	BEL	Belgium	1	CON_USD	Constant USD																
2018.Q2.G.01	DC_TOF_SCHIPSL	Total official flows for scholarships, by recipient countries (millions of constant 2016 United States dollars)	60	-64.78155012	32.27881922	BMU	Bermuda	1	CON_USD	Constant USD																
2018.Q2.G.01	DC_TOF_SCHIPSL	Total official flows for scholarships, by recipient countries (millions of constant 2016 United States dollars)	64	90.45098484	27.39598568	BTN	Bhutan	1	CON_USD	Constant USD	1.16029	1.81971	2.2269	4.10579	4.19039	5.35012	9.05963	7.72146	6.887	6.06593	2.81103	6.50901	2016	2.81103	Creditor Reporting System (CRS) database, 2018, The Organisation for Economic Co-operation and Development (OECD)	
2018.Q2.G.01	DC_TOF_SCHIPSL	Total official flows for scholarships, by recipient countries (millions of constant 2016 United States dollars)	68	-64.66224284	-16.71273412	BOL	Bolivia (Plurinational State of)	1	CON_USD	Constant USD	0.44835	1.5259	2.44849	3.4192	1.71704	1.6278	1.25242	1.34588	1.22819	1.17377	1.5102	1.302092	2016	1.5102	Creditor Reporting System (CRS) database, 2018, The Organisation for Economic Co-operation and Development (OECD)	
2018.Q2.G.01	DC_TOF_SCHIPSL	Total official flows for scholarships, by recipient countries (millions of constant 2016 United States dollars)	70	17.78584332	44.16845548	BIH	Bosnia and Herzegovina	1	CON_USD	Constant USD	0.35616	0.30529	0.81817	0.82089	1.14983	1.35024	1.47832	1.93311	1.76924	1.99771	1.58546	1.752768	2016	1.58546	Creditor Reporting System (CRS) database, 2018, The Organisation for Economic Co-operation and Development (OECD)	
2018.Q2.G.01	DC_TOF_SCHIPSL	Total official flows for scholarships, by recipient countries (millions of constant 2016 United States dollars)	72	23.81380223	-22.18810073	BWA	Botswana	1	CON_USD	Constant USD	0.03852	0.07867	0.26282	0.55048	0.66367	1.91733	1.17688	1.6206	1.1255	1.78031	1.08905	1.358468	2016	1.08905	Creditor Reporting System (CRS) database, 2018, The Organisation for Economic Co-operation and Development (OECD)	
2018.Q2.G.01	DC_TOF_SCHIPSL	Total official flows for scholarships, by recipient countries (millions of constant 2016 United States dollars)	74	3.410732868	-54.43295905	BVT	Bouvet Island	1	CON_USD	Constant USD																
2018.Q2.G.01	DC_TOF_SCHIPSL	Total official flows for scholarships, by recipient countries (millions of constant 2016 United States dollars)	76	-53.08432878	-10.77668561	BRA	Brazil	1	CON_USD	Constant USD	0.99032	1.35671	10.90233	16.61153	16.28864	17.51759	20.00554	19.54618	17.44673	14.30746	11.72261	16.605704	2016	11.72261	Creditor Reporting System (CRS) database, 2018, The Organisation for Economic Co-operation and Development (OECD)	
2018.Q2.G.01	DC_TOF_SCHIPSL	Total official flows for scholarships, by recipient countries (millions of constant 2016 United States dollars)	84	-88.70199554	17.19965901	BLZ	Belize	1	CON_USD	Constant USD			0.03051	0.18184	0.10944	0.14699	0.25458	0.20352	0.29541	0.34797	0.04956	0.230208	2016	0.04956	Creditor Reporting System (CRS) database, 2018, The Organisation for Economic Co-operation and Development (OECD)	
2018.Q2.G.01	DC_TOF_SCHIPSL	Total official flows for scholarships, by recipient countries (millions of constant 2016 United States dollars)	86	72.38715553	-7.299281071	IOT	British Indian Ocean Territory	1	CON_USD	Constant USD																
2018.Q2.G.01	DC_TOF_SCHIPSL	Total official flows for scholarships, by recipient countries (millions of constant 2016 United States dollars)	90	160.1584117	-9.622391719	SLB	Solomon Islands	1	CON_USD	Constant USD	2.07817	2.34596	1.89708	3.68835	4.58527	5.71608	5.27655	6.1515	5.27594	6.06987	5.1415	5.583072	2016	5.1415	Creditor Reporting System (CRS) database, 2018, The Organisation for Economic Co-operation and Development (OECD)	
2018.Q2.G.01	DC_TOF_SCHIPSL	Total official flows for scholarships, by recipient countries (millions of constant 2016 United States dollars)	92	-64.63294223	18.42256578	VGB	British Virgin Islands	1	CON_USD	Constant USD																
2018.Q2.G.01	DC_TOF_SCHIPSL	Total official flows for scholarships, by recipient countries (millions of constant 2016 United States dollars)	96	114.6288563	4.49736984	BRN	Brunei Darussalam	1	CON_USD	Constant USD																
2018.Q2.G.01	DC_TOF_SCHIPSL	Total official flows for scholarships, by recipient countries (millions of constant 2016 United States dollars)	100	25.23763153	42.75731323	BGR	Bulgaria	1	CON_USD	Constant USD																
2018.Q2.G.01	DC_TOF_SCHIPSL	Total official flows for scholarships, by recipient countries (millions of constant 2016 United States dollars)	104	96.51752295	21.19332882	MMR	Myanmar	1	CON_USD	Constant USD	3.03741	2.7034	3.86293	7.39136	7.90662	10.62115	7.91271	9.36215	11.46164	12.40436	12.39771	10.707714	2016	12.39771	Creditor Reporting System (CRS) database, 2018, The Organisation for Economic Co-operation and Development (OECD)	
2018.Q2.G.01	DC_TOF_SCHIPSL	Total official flows for scholarships, by recipient countries (millions of constant 2016 United States dollars)	108	29.89080992	-3.366387428	BDI	Burundi	1	CON_USD	Constant USD	1.27844	1.6836	1.60994	2.03092	1.59017	1.38056	1.31489	1.40062	0.92092	1.08807	0.86797	1.118494	2016	0.86797	Creditor Reporting System (CRS) database, 2018, The Organisation for Economic Co-operation and Development (OECD)	
2018.Q2.G.01	DC_TOF_SCHIPSL	Total official flows for scholarships, by recipient countries (millions of constant 2016 United States dollars)	112	28.04940161	53.54193075	BLR	Belarus	1	CON_USD	Constant USD	0.11862	0.10524	2.147	3.13482	1.88438	2.21542	4.03364	7.43424	6.42994	9.84963	7.33664	7.016818	2016	7.33664	Creditor Reporting System (CRS) database, 2018, The Organisation for Economic Co-operation and Development (OECD)	
2018.Q2.G.01	DC_TOF_SCHIPSL	Total official flows for scholarships, by recipient countries (millions of constant 2016 United States dollars)	116	104.922836	12.71163737	KHM	Cambodia	1	CON_USD	Constant USD	5.07373	8.4501	4.40006	14.11742	9.60771	12.83732	13.88656	15.52915	23.80438	13.16993	12.48994	15.775992	2016	12.48994	Creditor Reporting System (CRS) database, 2018, The Organisation for Economic Co-operation and Development (OECD)	
2018.Q2.G.01	DC_TOF_SCHIPSL	Total official flows for scholarships, by recipient countries (millions of constant 2016 United States dollars)	120	12.7419827	5.692387031	CMR	Cameroon	1	CON_USD	Constant USD	0.76851	0.67803	3.05799	4.52825	3.24549	2.76508	3.28134	8.39404	7.46605	8.28207	7.81286	7.047272	2016	7.81286	Creditor Reporting System (CRS) database, 2018, The Organisation for Economic Co-operation and Development (OECD)	
2018.Q2.G.01	DC_TOF_SCHIPSL	Total official flows for scholarships, by recipient countries (millions of constant 2016 United States dollars)	124	-101.6575058	57.72360191	CAN	Canada	1	CON_USD	Constant USD																
2018.Q2.G.01	DC_TOF_SCHIPSL	Total official flows for scholarships, by recipient countries (millions of constant 2016 United States dollars)	132	-23.63544151	15.07791834	CPV	Cabo Verde	1	CON_USD	Constant USD	1.71545	1.80379	1.96588	1.95014	1.48022	1.27484	3.50971	2.68939	1.97081	1.51019	1.26699	2.189418	2016	1.26699	Creditor Reporting System (CRS) database, 2018, The Organisation for Economic Co-operation and Development (OECD)	
2018.Q2.G.01	DC_TOF_SCHIPSL	Total official flows for scholarships, by recipient countries (millions of constant 2016 United States dollars)	136	-81.16740559	19.32266656	CYM	Cayman Islands	1	CON_USD	Constant USD																
2018.Q2.G.01	DC_TOF_SCHIPSL	Total official flows for scholarships, by recipient countries (millions of constant 2016 United States dollars)	140	20.93559492	7.003720791	CAF	Central African Republic	1	CON_USD	Constant USD	0.49578	0.4017	0.90655	1.01414	1.04954	0.20139	0.77719	1.5397	1.20485	1.06885	1.17138	1.152394	2016	1.17138	Creditor Reporting System (CRS) database, 2018, The Organisation for Economic Co-operation and Development (OECD)	
2018.Q2.G.01	DC_TOF_SCHIPSL	Total official flows for scholarships, by recipient countries (millions of constant 2016 United States dollars)	144	80.70489654	7.614693343	LKA	Sri Lanka	1	CON_USD	Constant USD	2.82883	2.06099	2.74022	6.3288	7.78312	10.41665	10.27483	11.02126	10.46257	9.32459	6.64581	9.545812	2016	6.64581	Creditor Reporting System (CRS) database, 2018, The Organisation for Economic Co-operation and Development (OECD)	
2018.Q2.G.01	DC_TOF_SCHIPSL	Total official flows for scholarships, by recipient countries (millions of constant 2016 United States dollars)	148	18.66618401	15.36279341	TCD	Chad	1	CON_USD	Constant USD	1.15198	0.83815	1.40504	1.51824	1.13855	0.13901	1.08126	1.36384	1.1974	1.2063	1.24175	1.21811	2016	1.24175	Creditor Reporting System (CRS) database, 2018, The Organisation for Economic Co-operation and Development (OECD)	
2018.Q2.G.01	DC_TOF_SCHIPSL	Total official flows for scholarships, by recipient countries (millions of constant 2016 United States dollars)	152	-71.23029019	-35.2652885	CHL	Chile	1	CON_USD	Constant USD	0.53905	1.46845	3.82103	5.84154	3.4851	3.85438	4.07526	3.62481	3.33388	4.26627	3.21076	3.702196	2016	3.21076	Creditor Reporting System (CRS) database, 2018, The Organisation for Economic Co-operation and Development (OECD)	
2018.Q2.G.01	DC_TOF_SCHIPSL	Total official flows for scholarships, by recipient countries (millions of constant 2016 United States dollars)	156	104.1403375	32.30955217	CHN	China	1	CON_USD	Constant USD	11.02793	13.24035	30.37192	230.84033	270.5028	285.83643	101.99455	30.5593	28.22871	17.50728	17.42127	39.142222	2016	17.42127	Creditor Reporting System (CRS) database, 2018, The Organisation for Economic Co-operation and Development (OECD)	
2018.Q2.G.01	DC_TOF_SCHIPSL	Total official flows for scholarships, by recipient countries (millions of constant 2016 United States dollars)	162	105.6426067	-10.4882473	CXR	Christmas Island	1	CON_USD	Constant USD																
2018.Q2.G.01	DC_TOF_SCHIPSL	Total official flows for scholarships, by recipient countries (millions of constant 2016 United States dollars)	166	96.82633757	-12.18600682	CCK	Cocos (Keeling) Islands	1	CON_USD	Constant USD																
2018.Q2.G.01	DC_TOF_SCHIPSL	Total official flows for scholarships, by recipient countries (millions of constant 2016 United States dollars)	170	-73.07446751	3.888209046	COL	Colombia	1	CON_USD	Constant USD	0.36845	2.15829	9.33428	8.6633	4.9018	5.10555	7.34134	6.90701	5.19776	7.26008	4.98822	6.338882	2016	4.98822	Creditor Reporting System (CRS) database, 2018, The Organisation for Economic Co-operation and Development (OECD)	
2018.Q2.G.01	DC_TOF_SCHIPSL	Total official flows for scholarships, by recipient countries (millions of constant 2016 United States dollars)	174	43.34234565	-11.66121732	COM	Comoros	1	CON_USD	Constant USD	0.13613	0.11256	0.4468	0.39275	0.28861	0.06611	0.45319	4.0469	4.92781	4.81653	5.31112	3.91111	2016	5.31112	Creditor Reporting System (CRS) database, 2018, The Organisation for Economic Co-operation and Development (OECD)	
2018.Q2.G.01	DC_TOF_SCHIPSL	Total official flows for scholarships, by recipient countries (millions of constant 2016 United States dollars)	175	45.14015057	-12.82217691	MYT	Mayotte	1	CON_USD	Constant USD																
2018.Q2.G.01	DC_TOF_SCHIPSL	Total official flows for scholarships, by recipient countries (millions of constant 2016 United States dollars)	178	15.22052612	-0.840544119	COG	Congo	1	CON_USD	Constant USD	0.62995	0.57471	1.25264	1.19514	0.68583	0.44776	0.6604	3.38035	3.53434	3.85013	4.10296	3.105636	2016	4.10296	Creditor Reporting System (CRS) database, 2018, The Organisation for Economic Co-operation and Development (OECD)	
2018.Q2.G.01	DC_TOF_SCHIPSL	Total official flows for scholarships, by recipient countries (millions of constant 2016 United States dollars)	180	23.65496507	-2.877154732	COD	Democratic Republic of the Congo	1	CON_USD	Constant USD	3.4651	5.91074	3.67714	5.14069	2.26404	1.77867	1.95889	3.47604	3.47475	3.45578	3.92609	3.25831	2016	3.92609	Creditor Reporting System (CRS) database, 2018, The Organisation for Economic Co-operation and Development (OECD)	
2018.Q2.G.01	DC_TOF_SCHIPSL	Total official flows for scholarships, by recipient countries (millions of constant 2016 United States dollars)	184	-159.7711391	-21.22696458	COK	Cook Islands	1	CON_USD	Constant USD			0.54124	0.46228	0.25897	0.47585	0.46055	0.62139	0.55318	0.23601	0.47897	0.47002	2016	0.47897	Creditor Reporting System (CRS) database, 2018, The Organisation for Economic Co-operation and Development (OECD)	
2018.Q2.G.01	DC_TOF_SCHIPSL	Total official flows for scholarships, by recipient countries (millions of constant 2016 United States dollars)	188	-84.19712782	9.970998683	CRI	Costa Rica	1	CON_USD	Constant USD	0.11359	0.54904	1.39849	2.04303	1.22911	1.34032	1.51717	1.84915	1.41728	1.8639	0.89303	1.508106	2016	0.89303	Creditor Reporting System (CRS) database, 2018, The Organisation for Economic Co-operation and Development (OECD)	
2018.Q2.G.01	DC_TOF_SCHIPSL	Total official flows for scholarships, by recipient countries (millions of constant 2016 United States dollars)	191	17.95874553	45.45172212	HRV	Croatia	1	CON_USD	Constant USD	0.2461	0.22792	0.5848	0.91861	0.77819								2010	0.77819	Creditor Reporting System (CRS) database, 2018, The Organisation for Economic Co-operation and Development (OECD)	
2018.Q2.G.01	DC_TOF_SCHIPSL	Total official flows for scholarships, by recipient countries (millions of constant 2016 United States dollars)	192	-79.54460144	22.10030366	CUB	Cuba	1	CON_USD	Constant USD	0.92774	0.86192	1.22871	3.08678	1.23185	0.86813	1.38334	1.2555	1.17848	1.12734	0.69827	1.128586	2016	0.69827	Creditor Reporting System (CRS) database, 2018, The Organisation for Economic Co-operation and Development (OECD)	
2018.Q2.G.01	DC_TOF_SCHIPSL	Total official flows for scholarships, by recipient countries (millions of constant 2016 United States dollars)	196	33.22285964	35.05659437	CYP	Cyprus	1	CON_USD	Constant USD																
2018.Q2.G.01	DC_TOF_SCHIPSL	Total official flows for scholarships, by recipient countries (millions of constant 2016 United States dollars)	203	15.33151382	49.73913871	CZE	Czechia	1	CON_USD	Constant USD																
2018.Q2.G.01	DC_TOF_SCHIPSL	Total official flows for scholarships, by recipient countries (millions of constant 2016 United States dollars)	204	2.339933594	9.65401646	BEN	Benin	1	CON_USD	Constant USD	0.98715	1.45483	1.75757	2.33071	1.17839	0.83908	1.29451	2.19775	1.74061	1.94024	2.5442	1.943462	2016	2.5442	Creditor Reporting System (CRS) database, 2018, The Organisation for Economic Co-operation and Development (OECD)	
2018.Q2.G.01	DC_TOF_SCHIPSL	Total official flows for scholarships, by recipient countries (millions of constant 2016 United States dollars)	208	9.326571283	56.03829721	DNK	Denmark	1	CON_USD	Constant USD																
2018.Q2.G.01	DC_TOF_SCHIPSL	Total official flows for scholarships, by recipient countries (millions of constant 2016 United States dollars)	212	-61.3493756	15.43391378	DMA	Dominica	1	CON_USD	Constant USD	0.00894		0.05248	0.17035	0.03086	0.0952	0.14011	0.23416	0.24448	0.17679	0.22789	0.204686	2016	0.22789	Creditor Reporting System (CRS) database, 2018, The Organisation for Economic Co-operation and Development (OECD)	
2018.Q2.G.01	DC_TOF_SCHIPSL	Total official flows for scholarships, by recipient countries (millions of constant 2016 United States dollars)	214	-70.49847576	18.89832088	DOM	Dominican Republic	1	CON_USD	Constant USD	0.08745	0.32957	0.57455	1.20162	0.65515	0.54965	0.72969	0.66178	0.86242	0.75903	0.3757	0.677724	2016	0.3757	Creditor Reporting System (CRS) database, 2018, The Organisation for Economic Co-operation and Development (OECD)	
2018.Q2.G.01	DC_TOF_SCHIPSL	Total official flows for scholarships, by recipient countries (millions of constant 2016 United States dollars)	218	-78.37005241	-1.447785891	ECU	Ecuador	1	CON_USD	Constant USD	0.42585	1.74835	2.79238	2.80127	1.34445	1.47787	1.73972	1.95628	1.47232	2.28518	2.1082	1.91234	2016	2.1082	Creditor Reporting System (CRS) database, 2018, The Organisation for Economic Co-operation and Development (OECD)	
2018.Q2.G.01	DC_TOF_SCHIPSL	Total official flows for scholarships, by recipient countries (millions of constant 2016 United States dollars)	222	-88.86862995	13.73603564	SLV	El Salvador	1	CON_USD	Constant USD	0.15148	0.41726	0.66679	1.42191	0.90601	1.02407	0.8127	0.96086	0.78139	0.91526	0.45397	0.784836	2016	0.45397	Creditor Reporting System (CRS) database, 2018, The Organisation for Economic Co-operation and Development (OECD)	
2018.Q2.G.01	DC_TOF_SCHIPSL	Total official flows for scholarships, by recipient countries (millions of constant 2016 United States dollars)	226	10.46535826	1.565792376	GNQ	Equatorial Guinea	1	CON_USD	Constant USD	0.1627	0.48012	0.32873	0.42638	0.09459	0.05269	1.71075	0.21516	0.2332	0.16608	0.1225	0.489538	2016	0.1225	Creditor Reporting System (CRS) database, 2018, The Organisation for Economic Co-operation and Development (OECD)	
2018.Q2.G.01	DC_TOF_SCHIPSL	Total official flows for scholarships, by recipient countries (millions of constant 2016 United States dollars)	231	39.63505296	8.631223181	ETH	Ethiopia	1	CON_USD	Constant USD	2.06158	1.61304	2.66728	6.93689	3.35983	4.50887	5.44031	6.47487	5.25886	7.01296	5.98932	6.035264	2016	5.98932	Creditor Reporting System (CRS) database, 2018, The Organisation for Economic Co-operation and Development (OECD)	
2018.Q2.G.01	DC_TOF_SCHIPSL	Total official flows for scholarships, by recipient countries (millions of constant 2016 United States dollars)	232	38.11074289	16.12894644	ERI	Eritrea	1	CON_USD	Constant USD	0.15599	0.00252	0.1187	0.41211	0.05597	0.11685	0.10343	0.24597	0.1258	0.07634	2.15748	0.541804	2016	2.15748	Creditor Reporting System (CRS) database, 2018, The Organisation for Economic Co-operation and Development (OECD)	
2018.Q2.G.01	DC_TOF_SCHIPSL	Total official flows for scholarships, by recipient countries (millions of constant 2016 United States dollars)	233	25.84093481	58.68487172	EST	Estonia	1	CON_USD	Constant USD																
2018.Q2.G.01	DC_TOF_SCHIPSL	Total official flows for scholarships, by recipient countries (millions of constant 2016 United States dollars)	234	-7.122044325	62.21228119	FRO	Faroe Islands	1	CON_USD	Constant USD																
2018.Q2.G.01	DC_TOF_SCHIPSL	Total official flows for scholarships, by recipient countries (millions of constant 2016 United States dollars)	238	-58.75246778	-51.74562601	FLK	Falkland Islands (Malvinas)	1	CON_USD	Constant USD																
2018.Q2.G.01	DC_TOF_SCHIPSL	Total official flows for scholarships, by recipient countries (millions of constant 2016 United States dollars)	239	-36.90662765	-54.20736749	SGS	South Georgia and the South Sandwich Islands	1	CON_USD	Constant USD																
2018.Q2.G.01	DC_TOF_SCHIPSL	Total official flows for scholarships, by recipient countries (millions of constant 2016 United States dollars)	242	177.9660884	-17.83301566	FJI	Fiji	1	CON_USD	Constant USD	3.04412	1.64988	1.02245	5.3262	6.17382	6.27243	4.26654	4.4572	5.24134	6.20735	4.8384	5.002166	2016	4.8384	Creditor Reporting System (CRS) database, 2018, The Organisation for Economic Co-operation and Development (OECD)	
2018.Q2.G.01	DC_TOF_SCHIPSL	Total official flows for scholarships, by recipient countries (millions of constant 2016 United States dollars)	246	23.308447	61.91586738	FIN	Finland	1	CON_USD	Constant USD																
2018.Q2.G.01	DC_TOF_SCHIPSL	Total official flows for scholarships, by recipient countries (millions of constant 2016 United States dollars)	248	19.80945969	60.1544901	ALA	Åland Islands	1	CON_USD	Constant USD																
2018.Q2.G.01	DC_TOF_SCHIPSL	Total official flows for scholarships, by recipient countries (millions of constant 2016 United States dollars)	250	2.457288129	46.62660861	FRA	France	1	CON_USD	Constant USD																
2018.Q2.G.01	DC_TOF_SCHIPSL	Total official flows for scholarships, by recipient countries (millions of constant 2016 United States dollars)	254	-53.23619089	3.922673437	GUF	French Guiana	1	CON_USD	Constant USD																
2018.Q2.G.01	DC_TOF_SCHIPSL	Total official flows for scholarships, by recipient countries (millions of constant 2016 United States dollars)	258	-149.4052367	-17.67709294	PYF	French Polynesia	1	CON_USD	Constant USD																
2018.Q2.G.01	DC_TOF_SCHIPSL	Total official flows for scholarships, by recipient countries (millions of constant 2016 United States dollars)	260	69.64849091	-49.6068576	ATF	French Southern Territories	1	CON_USD	Constant USD																
2018.Q2.G.01	DC_TOF_SCHIPSL	Total official flows for scholarships, by recipient countries (millions of constant 2016 United States dollars)	262	42.18274707	11.56004161	DJI	Djibouti	1	CON_USD	Constant USD	0.7902	0.43521	1.48716	1.58269	1.21582	0.08048	0.82999	1.21786	1.11866	1.00799	0.83524	1.001948	2016	0.83524	Creditor Reporting System (CRS) database, 2018, The Organisation for Economic Co-operation and Development (OECD)	
2018.Q2.G.01	DC_TOF_SCHIPSL	Total official flows for scholarships, by recipient countries (millions of constant 2016 United States dollars)	266	11.78727747	-0.60687619	GAB	Gabon	1	CON_USD	Constant USD	0.85586	0.64688	1.22728	1.46831	0.94068	0.47165	0.32415	1.81476	1.77186	1.60269	1.66573	1.435838	2016	1.66573	Creditor Reporting System (CRS) database, 2018, The Organisation for Economic Co-operation and Development (OECD)	
2018.Q2.G.01	DC_TOF_SCHIPSL	Total official flows for scholarships, by recipient countries (millions of constant 2016 United States dollars)	268	43.3713615	42.04813028	GEO	Georgia	1	CON_USD	Constant USD	0.4514	0.3892	1.15434	2.40183	1.88568	2.56421	2.21355	5.26383	3.79184	3.42589	3.27644	3.59431	2016	3.27644	Creditor Reporting System (CRS) database, 2018, The Organisation for Economic Co-operation and Development (OECD)	
2018.Q2.G.01	DC_TOF_SCHIPSL	Total official flows for scholarships, by recipient countries (millions of constant 2016 United States dollars)	270	-15.39944785	13.45295927	GMB	Gambia	1	CON_USD	Constant USD	0.02465	0.00262	0.10337	0.23548	0.2097	1.07794	0.63976	1.06425	0.64719	0.99055	0.64596	0.797542	2016	0.64596	Creditor Reporting System (CRS) database, 2018, The Organisation for Economic Co-operation and Development (OECD)	
2018.Q2.G.01	DC_TOF_SCHIPSL	Total official flows for scholarships, by recipient countries (millions of constant 2016 United States dollars)	275	35.25694122	31.94347933	PSE	State of Palestine	1	CON_USD	Constant USD	19.67887	8.10581	3.54793	4.53824	18.78962	3.14883	5.30001	5.08248	4.06087	5.88108	5.06953	5.078794	2016	5.06953	Creditor Reporting System (CRS) database, 2018, The Organisation for Economic Co-operation and Development (OECD)	
2018.Q2.G.01	DC_TOF_SCHIPSL	Total official flows for scholarships, by recipient countries (millions of constant 2016 United States dollars)	276	10.3806066	51.08862743	DEU	Germany	1	CON_USD	Constant USD																
2018.Q2.G.01	DC_TOF_SCHIPSL	Total official flows for scholarships, by recipient countries (millions of constant 2016 United States dollars)	288	-1.205623522	7.964825185	GHA	Ghana	1	CON_USD	Constant USD	0.36172	0.45051	0.3334	2.91682	1.94827	4.255	4.50901	5.61532	4.79473	6.41998	6.12444	5.492696	2016	6.12444	Creditor Reporting System (CRS) database, 2018, The Organisation for Economic Co-operation and Development (OECD)	
2018.Q2.G.01	DC_TOF_SCHIPSL	Total official flows for scholarships, by recipient countries (millions of constant 2016 United States dollars)	292	-5.347561686	36.13895036	GIB	Gibraltar	1	CON_USD	Constant USD																
2018.Q2.G.01	DC_TOF_SCHIPSL	Total official flows for scholarships, by recipient countries (millions of constant 2016 United States dollars)	296	-157.5643005	1.768837732	KIR	Kiribati	1	CON_USD	Constant USD	2.07451	1.6801	2.84334	3.52218	5.69483	4.4692	4.00697	2.2108	2.07304	3.01766	2.95338	2.85237	2016	2.95338	Creditor Reporting System (CRS) database, 2018, The Organisation for Economic Co-operation and Development (OECD)	
2018.Q2.G.01	DC_TOF_SCHIPSL	Total official flows for scholarships, by recipient countries (millions of constant 2016 United States dollars)	300	22.58307827	39.47301873	GRC	Greece	1	CON_USD	Constant USD																
2018.Q2.G.01	DC_TOF_SCHIPSL	Total official flows for scholarships, by recipient countries (millions of constant 2016 United States dollars)	304	-41.39371316	74.75625681	GRL	Greenland	1	CON_USD	Constant USD																
2018.Q2.G.01	DC_TOF_SCHIPSL	Total official flows for scholarships, by recipient countries (millions of constant 2016 United States dollars)	308	-61.68248568	12.11238395	GRD	Grenada	1	CON_USD	Constant USD				0.02095	0.04801	0.04906	0.12276	0.15135	0.20815	0.2835	0.05273	0.163698	2016	0.05273	Creditor Reporting System (CRS) database, 2018, The Organisation for Economic Co-operation and Development (OECD)	
2018.Q2.G.01	DC_TOF_SCHIPSL	Total official flows for scholarships, by recipient countries (millions of constant 2016 United States dollars)	312	-61.64762115	16.14416917	GLP	Guadeloupe	1	CON_USD	Constant USD																
2018.Q2.G.01	DC_TOF_SCHIPSL	Total official flows for scholarships, by recipient countries (millions of constant 2016 United States dollars)	316	144.7029305	13.35485404	GUM	Guam	1	CON_USD	Constant USD																
2018.Q2.G.01	DC_TOF_SCHIPSL	Total official flows for scholarships, by recipient countries (millions of constant 2016 United States dollars)	320	-91.2312746	15.00273719	GTM	Guatemala	1	CON_USD	Constant USD	0.5091	0.83955	0.71615	1.34099	1.14675	1.12647	1.2906	1.26105	0.94554	1.09307	0.54734	1.02752	2016	0.54734	Creditor Reporting System (CRS) database, 2018, The Organisation for Economic Co-operation and Development (OECD)	
2018.Q2.G.01	DC_TOF_SCHIPSL	Total official flows for scholarships, by recipient countries (millions of constant 2016 United States dollars)	324	-11.28173419	11.00210343	GIN	Guinea	1	CON_USD	Constant USD	0.61548	0.61422	0.83643	1.00084	0.53019	0.38558	0.63353	2.59115	2.67577	2.43982	2.75828	2.21971	2016	2.75828	Creditor Reporting System (CRS) database, 2018, The Organisation for Economic Co-operation and Development (OECD)	
2018.Q2.G.01	DC_TOF_SCHIPSL	Total official flows for scholarships, by recipient countries (millions of constant 2016 United States dollars)	328	-58.97322037	4.788012784	GUY	Guyana	1	CON_USD	Constant USD			0.05795	0.13538	0.07408	0.16629	0.34639	0.25188	0.41487	0.85118	0.35844	0.444552	2016	0.35844	Creditor Reporting System (CRS) database, 2018, The Organisation for Economic Co-operation and Development (OECD)	
2018.Q2.G.01	DC_TOF_SCHIPSL	Total official flows for scholarships, by recipient countries (millions of constant 2016 United States dollars)	332	-72.33640958	18.40426539	HTI	Haiti	1	CON_USD	Constant USD	0.84071	0.75735	1.29856	1.65533	19.84189	0.31407	2.19502	3.08404	3.45657	3.48314	3.27495	3.098744	2016	3.27495	Creditor Reporting System (CRS) database, 2018, The Organisation for Economic Co-operation and Development (OECD)	
2018.Q2.G.01	DC_TOF_SCHIPSL	Total official flows for scholarships, by recipient countries (millions of constant 2016 United States dollars)	334	73.52633626	-53.09106147	HMD	Heard Island and McDonald Islands	1	CON_USD	Constant USD																
2018.Q2.G.01	DC_TOF_SCHIPSL	Total official flows for scholarships, by recipient countries (millions of constant 2016 United States dollars)	336	12.45315803	41.90343751	VAT	Holy See	1	CON_USD	Constant USD																
2018.Q2.G.01	DC_TOF_SCHIPSL	Total official flows for scholarships, by recipient countries (millions of constant 2016 United States dollars)	340	-86.59974381	14.82243161	HND	Honduras	1	CON_USD	Constant USD	0.08064	0.66128	2.11019	1.05098	0.56575	0.76568	0.65048	0.82557	0.79343	0.88165	0.45578	0.721382	2016	0.45578	Creditor Reporting System (CRS) database, 2018, The Organisation for Economic Co-operation and Development (OECD)	
2018.Q2.G.01	DC_TOF_SCHIPSL	Total official flows for scholarships, by recipient countries (millions of constant 2016 United States dollars)	344	114.0266445	22.41749934	HKG	China, Hong Kong Special Administrative Region	1	CON_USD	Constant USD																
2018.Q2.G.01	DC_TOF_SCHIPSL	Total official flows for scholarships, by recipient countries (millions of constant 2016 United States dollars)	348	19.41221519	47.1651448	HUN	Hungary	1	CON_USD	Constant USD																
2018.Q2.G.01	DC_TOF_SCHIPSL	Total official flows for scholarships, by recipient countries (millions of constant 2016 United States dollars)	352	-19.02116966	64.79134763	ISL	Iceland	1	CON_USD	Constant USD																
2018.Q2.G.01	DC_TOF_SCHIPSL	Total official flows for scholarships, by recipient countries (millions of constant 2016 United States dollars)	356	79.3608464	22.34642074	IND	India	1	CON_USD	Constant USD	1.07704	2.17242	13.69136	16.27282	21.83767	19.28988	18.30371	21.74095	17.38834	15.47376	10.5587	16.693092	2016	10.5587	Creditor Reporting System (CRS) database, 2018, The Organisation for Economic Co-operation and Development (OECD)	
2018.Q2.G.01	DC_TOF_SCHIPSL	Total official flows for scholarships, by recipient countries (millions of constant 2016 United States dollars)	360	113.9174	-0.994582204	IDN	Indonesia	1	CON_USD	Constant USD	52.74456	61.85976	46.97806	58.32605	65.07458	59.36902	64.96858	74.29502	71.46716	65.85446	55.14458	66.34596	2016	55.14458	Creditor Reporting System (CRS) database, 2018, The Organisation for Economic Co-operation and Development (OECD)	
2018.Q2.G.01	DC_TOF_SCHIPSL	Total official flows for scholarships, by recipient countries (millions of constant 2016 United States dollars)	364	54.19766348	32.74370885	IRN	Iran (Islamic Republic of)	1	CON_USD	Constant USD	0.50432	0.47279	2.54243	6.63545	3.9369	5.91417	6.82684	6.91246	6.39155	5.6452	5.52115	6.25944	2016	5.52115	Creditor Reporting System (CRS) database, 2018, The Organisation for Economic Co-operation and Development (OECD)	
2018.Q2.G.01	DC_TOF_SCHIPSL	Total official flows for scholarships, by recipient countries (millions of constant 2016 United States dollars)	368	43.76606267	33.05013795	IRQ	Iraq	1	CON_USD	Constant USD	0.89974	151.77653	158.32784	9.24507	7.6693	11.14803	11.10222	6.90876	3.34202	5.2853	3.73069	6.073798	2016	3.73069	Creditor Reporting System (CRS) database, 2018, The Organisation for Economic Co-operation and Development (OECD)	
2018.Q2.G.01	DC_TOF_SCHIPSL	Total official flows for scholarships, by recipient countries (millions of constant 2016 United States dollars)	372	-7.121425272	53.25274054	IRL	Ireland	1	CON_USD	Constant USD																
2018.Q2.G.01	DC_TOF_SCHIPSL	Total official flows for scholarships, by recipient countries (millions of constant 2016 United States dollars)	376	34.62277992	31.06164552	ISR	Israel	1	CON_USD	Constant USD																
2018.Q2.G.01	DC_TOF_SCHIPSL	Total official flows for scholarships, by recipient countries (millions of constant 2016 United States dollars)	380	12.57022427	42.79917282	ITA	Italy	1	CON_USD	Constant USD																
2018.Q2.G.01	DC_TOF_SCHIPSL	Total official flows for scholarships, by recipient countries (millions of constant 2016 United States dollars)	384	-5.552690016	7.62211586	CIV	Côte d'Ivoire	1	CON_USD	Constant USD	0.14814	0.08974	0.95593	1.79367	1.29984	0.77927	1.27402	3.67625	3.93609	4.06699	4.02575	3.39582	2016	4.02575	Creditor Reporting System (CRS) database, 2018, The Organisation for Economic Co-operation and Development (OECD)	
2018.Q2.G.01	DC_TOF_SCHIPSL	Total official flows for scholarships, by recipient countries (millions of constant 2016 United States dollars)	388	-77.31068409	18.15616857	JAM	Jamaica	1	CON_USD	Constant USD			0.12994	0.54239	0.23353	0.3731	0.63461	0.50946	0.80064	1.1288	0.43706	0.702114	2016	0.43706	Creditor Reporting System (CRS) database, 2018, The Organisation for Economic Co-operation and Development (OECD)	
2018.Q2.G.01	DC_TOF_SCHIPSL	Total official flows for scholarships, by recipient countries (millions of constant 2016 United States dollars)	392	139.2716103	36.6554539	JPN	Japan	1	CON_USD	Constant USD																
2018.Q2.G.01	DC_TOF_SCHIPSL	Total official flows for scholarships, by recipient countries (millions of constant 2016 United States dollars)	398	66.65359159	48.01963494	KAZ	Kazakhstan	1	CON_USD	Constant USD	0.18127	0.37126	2.1152	2.27131	3.18454	3.71907	3.06389	3.57698	2.54595	2.94663	3.56359	3.139408	2016	3.56359	Creditor Reporting System (CRS) database, 2018, The Organisation for Economic Co-operation and Development (OECD)	
2018.Q2.G.01	DC_TOF_SCHIPSL	Total official flows for scholarships, by recipient countries (millions of constant 2016 United States dollars)	400	37.13024774	30.65365973	JOR	Jordan	1	CON_USD	Constant USD	0.50812	1.48566	2.20237	3.35106	3.13727	3.21489	3.32429	3.39467	5.05751	4.03725	5.20618	4.20398	2016	5.20618	Creditor Reporting System (CRS) database, 2018, The Organisation for Economic Co-operation and Development (OECD)	
2018.Q2.G.01	DC_TOF_SCHIPSL	Total official flows for scholarships, by recipient countries (millions of constant 2016 United States dollars)	404	37.86096816	0.534797278	KEN	Kenya	1	CON_USD	Constant USD	0.9062	0.92796	3.54104	5.37555	3.67618	6.36004	6.20367	7.69471	5.8246	7.92905	5.4824	6.626886	2016	5.4824	Creditor Reporting System (CRS) database, 2018, The Organisation for Economic Co-operation and Development (OECD)	
2018.Q2.G.01	DC_TOF_SCHIPSL	Total official flows for scholarships, by recipient countries (millions of constant 2016 United States dollars)	408	127.1803633	40.1462645	PRK	Democratic People's Republic of Korea	1	CON_USD	Constant USD	0.00957	0.01617	0.44837	0.47022	0.38734	0.24115	0.3608	0.46143	0.33363	0.88442	0.11741	0.431538	2016	0.11741	Creditor Reporting System (CRS) database, 2018, The Organisation for Economic Co-operation and Development (OECD)	
2018.Q2.G.01	DC_TOF_SCHIPSL	Total official flows for scholarships, by recipient countries (millions of constant 2016 United States dollars)	410	127.8610254	36.45201023	KOR	Republic of Korea	1	CON_USD	Constant USD																
2018.Q2.G.01	DC_TOF_SCHIPSL	Total official flows for scholarships, by recipient countries (millions of constant 2016 United States dollars)	414	47.49305029	29.53949468	KWT	Kuwait	1	CON_USD	Constant USD																
2018.Q2.G.01	DC_TOF_SCHIPSL	Total official flows for scholarships, by recipient countries (millions of constant 2016 United States dollars)	417	74.52324839	41.46204516	KGZ	Kyrgyzstan	1	CON_USD	Constant USD	0.33698	1.05	2.41903	3.43562	3.46521	4.25245	3.93175	3.50529	3.42456	3.35209	3.61277	3.565292	2016	3.61277	Creditor Reporting System (CRS) database, 2018, The Organisation for Economic Co-operation and Development (OECD)	
2018.Q2.G.01	DC_TOF_SCHIPSL	Total official flows for scholarships, by recipient countries (millions of constant 2016 United States dollars)	418	101.9901968	20.27482773	LAO	Lao People's Democratic Republic	1	CON_USD	Constant USD	6.82767	6.90242	4.4742	10.39621	11.69385	11.52885	10.89579	13.72295	15.06442	11.20268	10.57005	12.291178	2016	10.57005	Creditor Reporting System (CRS) database, 2018, The Organisation for Economic Co-operation and Development (OECD)	
2018.Q2.G.01	DC_TOF_SCHIPSL	Total official flows for scholarships, by recipient countries (millions of constant 2016 United States dollars)	422	35.89391711	33.92152458	LBN	Lebanon	1	CON_USD	Constant USD	0.78368	0.63269	3.22733	3.08664	1.82539	1.40827	1.96235	4.31118	2.28046	2.53348	3.31951	2.881396	2016	3.31951	Creditor Reporting System (CRS) database, 2018, The Organisation for Economic Co-operation and Development (OECD)	
2018.Q2.G.01	DC_TOF_SCHIPSL	Total official flows for scholarships, by recipient countries (millions of constant 2016 United States dollars)	426	28.25362195	-29.58041814	LSO	Lesotho	1	CON_USD	Constant USD		0.15263	0.44907	0.5746	0.44821	0.87226	0.57443	0.85987	0.55789	0.83473	0.3793	0.641244	2016	0.3793	Creditor Reporting System (CRS) database, 2018, The Organisation for Economic Co-operation and Development (OECD)	
2018.Q2.G.01	DC_TOF_SCHIPSL	Total official flows for scholarships, by recipient countries (millions of constant 2016 United States dollars)	428	26.42461876	56.64196636	LVA	Latvia	1	CON_USD	Constant USD																
2018.Q2.G.01	DC_TOF_SCHIPSL	Total official flows for scholarships, by recipient countries (millions of constant 2016 United States dollars)	430	-9.311879038	6.448381009	LBR	Liberia	1	CON_USD	Constant USD		0.01076	0.30855	0.19151	0.07415	1.04589	0.85957	1.37377	0.73555	0.91515	0.38404	0.853616	2016	0.38404	Creditor Reporting System (CRS) database, 2018, The Organisation for Economic Co-operation and Development (OECD)	
2018.Q2.G.01	DC_TOF_SCHIPSL	Total official flows for scholarships, by recipient countries (millions of constant 2016 United States dollars)	434	18.0295985	27.04042819	LBY	Libya	1	CON_USD	Constant USD	0.01159	0.01241	0.14358	0.12409	0.23834	1.28898	0.96147	0.74779	0.75862	1.17386	0.39756	0.80786	2016	0.39756	Creditor Reporting System (CRS) database, 2018, The Organisation for Economic Co-operation and Development (OECD)	
2018.Q2.G.01	DC_TOF_SCHIPSL	Total official flows for scholarships, by recipient countries (millions of constant 2016 United States dollars)	438	9.552985019	47.14167005	LIE	Liechtenstein	1	CON_USD	Constant USD																
2018.Q2.G.01	DC_TOF_SCHIPSL	Total official flows for scholarships, by recipient countries (millions of constant 2016 United States dollars)	440	23.90517807	55.33680309	LTU	Lithuania	1	CON_USD	Constant USD																
2018.Q2.G.01	DC_TOF_SCHIPSL	Total official flows for scholarships, by recipient countries (millions of constant 2016 United States dollars)	442	6.092656563	49.77679538	LUX	Luxembourg	1	CON_USD	Constant USD																
2018.Q2.G.01	DC_TOF_SCHIPSL	Total official flows for scholarships, by recipient countries (millions of constant 2016 United States dollars)	446	113.5665388	22.1237259	MAC	China, Macao Special Administrative Region	1	CON_USD	Constant USD																
2018.Q2.G.01	DC_TOF_SCHIPSL	Total official flows for scholarships, by recipient countries (millions of constant 2016 United States dollars)	450	46.6982339	-19.38514785	MDG	Madagascar	1	CON_USD	Constant USD	0.58218	0.4907	1.10614	1.47746	1.10347	0.97579	1.47648	3.14682	2.64687	2.8878	2.57688	2.54697	2016	2.57688	Creditor Reporting System (CRS) database, 2018, The Organisation for Economic Co-operation and Development (OECD)	
2018.Q2.G.01	DC_TOF_SCHIPSL	Total official flows for scholarships, by recipient countries (millions of constant 2016 United States dollars)	454	33.4884625	-13.40819859	MWI	Malawi	1	CON_USD	Constant USD	0.26274	0.5304	0.50898	1.1742	0.71261	2.23166	2.08551	3.2987	1.69399	1.9783	1.32655	2.07661	2016	1.32655	Creditor Reporting System (CRS) database, 2018, The Organisation for Economic Co-operation and Development (OECD)	
2018.Q2.G.01	DC_TOF_SCHIPSL	Total official flows for scholarships, by recipient countries (millions of constant 2016 United States dollars)	458	116.8346314	5.452415309	MYS	Malaysia	1	CON_USD	Constant USD	9.06388	2.26094	2.17997	8.19975	11.35765	12.9148	7.22508	3.07888	6.86385	3.58952	1.27099	4.405664	2016	1.27099	Creditor Reporting System (CRS) database, 2018, The Organisation for Economic Co-operation and Development (OECD)	
2018.Q2.G.01	DC_TOF_SCHIPSL	Total official flows for scholarships, by recipient countries (millions of constant 2016 United States dollars)	462	73.09672546	-0.614385021	MDV	Maldives	1	CON_USD	Constant USD	1.40485	1.27215	1.98209	2.49777	2.6543	2.56712	3.94727	4.3407	3.2989	3.70169	2.70127	3.597966	2016	2.70127	Creditor Reporting System (CRS) database, 2018, The Organisation for Economic Co-operation and Development (OECD)	
2018.Q2.G.01	DC_TOF_SCHIPSL	Total official flows for scholarships, by recipient countries (millions of constant 2016 United States dollars)	466	-3.522016039	17.35311254	MLI	Mali	1	CON_USD	Constant USD	0.85239	1.12533	2.9234	3.56761	2.85962	2.01495	2.53356	3.89211	3.59981	3.45172	2.63705	3.22285	2016	2.63705	Creditor Reporting System (CRS) database, 2018, The Organisation for Economic Co-operation and Development (OECD)	
2018.Q2.G.01	DC_TOF_SCHIPSL	Total official flows for scholarships, by recipient countries (millions of constant 2016 United States dollars)	470	14.44617519	35.89194275	MLT	Malta	1	CON_USD	Constant USD																
2018.Q2.G.01	DC_TOF_SCHIPSL	Total official flows for scholarships, by recipient countries (millions of constant 2016 United States dollars)	474	-60.91544135	14.56086108	MTQ	Martinique	1	CON_USD	Constant USD																
2018.Q2.G.01	DC_TOF_SCHIPSL	Total official flows for scholarships, by recipient countries (millions of constant 2016 United States dollars)	478	-10.33187259	20.26089546	MRT	Mauritania	1	CON_USD	Constant USD	0.69759	0.87063	1.68731	1.6692	1.00576	0.25838	0.98955	1.42537	1.31017	1.20479	1.03773	1.193522	2016	1.03773	Creditor Reporting System (CRS) database, 2018, The Organisation for Economic Co-operation and Development (OECD)	
2018.Q2.G.01	DC_TOF_SCHIPSL	Total official flows for scholarships, by recipient countries (millions of constant 2016 United States dollars)	480	57.568022	-20.28581998	MUS	Mauritius	1	CON_USD	Constant USD	0.04679	0.04806	1.72966	1.87856	1.53873	0.66333	1.58149	2.50296	1.56971	1.9657	1.45455	1.814882	2016	1.45455	Creditor Reporting System (CRS) database, 2018, The Organisation for Economic Co-operation and Development (OECD)	
2018.Q2.G.01	DC_TOF_SCHIPSL	Total official flows for scholarships, by recipient countries (millions of constant 2016 United States dollars)	484	-102.5148166	23.93378032	MEX	Mexico	1	CON_USD	Constant USD	12.35632	9.6977	16.84822	10.25031	5.20925	5.99192	8.78745	8.81426	7.83525	7.96125	4.12395	7.504432	2016	4.12395	Creditor Reporting System (CRS) database, 2018, The Organisation for Economic Co-operation and Development (OECD)	
2018.Q2.G.01	DC_TOF_SCHIPSL	Total official flows for scholarships, by recipient countries (millions of constant 2016 United States dollars)	492	7.424214814	43.73532918	MCO	Monaco	1	CON_USD	Constant USD																
2018.Q2.G.01	DC_TOF_SCHIPSL	Total official flows for scholarships, by recipient countries (millions of constant 2016 United States dollars)	496	103.0728057	46.83892054	MNG	Mongolia	1	CON_USD	Constant USD	3.91124	4.94032	4.98628	11.03315	11.33521	18.26586	13.08765	13.76748	15.06413	10.63822	7.77146	12.065788	2016	7.77146	Creditor Reporting System (CRS) database, 2018, The Organisation for Economic Co-operation and Development (OECD)	
2018.Q2.G.01	DC_TOF_SCHIPSL	Total official flows for scholarships, by recipient countries (millions of constant 2016 United States dollars)	498	28.4650624	47.20236795	MDA	Republic of Moldova	1	CON_USD	Constant USD	0.36005	0.28435	1.05339	1.22035	1.11443	1.80372	1.55453	2.67652	17.9119	19.75337	20.40801	12.460866	2016	20.40801	Creditor Reporting System (CRS) database, 2018, The Organisation for Economic Co-operation and Development (OECD)	
2018.Q2.G.01	DC_TOF_SCHIPSL	Total official flows for scholarships, by recipient countries (millions of constant 2016 United States dollars)	499	19.25214024	42.78717043	MNE	Montenegro	1	CON_USD	Constant USD	0.13525	0.1488	0.15441	0.52774	0.42059	0.42638	0.54299	0.66226	0.48218	0.68681	0.32618	0.540084	2016	0.32618	Creditor Reporting System (CRS) database, 2018, The Organisation for Economic Co-operation and Development (OECD)	
2018.Q2.G.01	DC_TOF_SCHIPSL	Total official flows for scholarships, by recipient countries (millions of constant 2016 United States dollars)	500	-62.19261223	16.73558313	MSR	Montserrat	1	CON_USD	Constant USD							0.01693	0.01951	0.03235	0.0501		0.0297225	2015	0.0501	Creditor Reporting System (CRS) database, 2018, The Organisation for Economic Co-operation and Development (OECD)	
2018.Q2.G.01	DC_TOF_SCHIPSL	Total official flows for scholarships, by recipient countries (millions of constant 2016 United States dollars)	504	-6.281942841	31.8440131	MAR	Morocco	1	CON_USD	Constant USD	2.80495	3.3082	6.21742	9.72361	5.46353	2.20865	6.18743	19.1624	19.25539	20.41336	19.40447	16.88461	2016	19.40447	Creditor Reporting System (CRS) database, 2018, The Organisation for Economic Co-operation and Development (OECD)	
2018.Q2.G.01	DC_TOF_SCHIPSL	Total official flows for scholarships, by recipient countries (millions of constant 2016 United States dollars)	508	38.18479941	-14.27963886	MOZ	Mozambique	1	CON_USD	Constant USD	2.01814	2.76824	5.70611	4.29535	2.82059	3.98111	2.87955	3.44974	2.17173	2.62529	2.74157	2.773576	2016	2.74157	Creditor Reporting System (CRS) database, 2018, The Organisation for Economic Co-operation and Development (OECD)	
2018.Q2.G.01	DC_TOF_SCHIPSL	Total official flows for scholarships, by recipient countries (millions of constant 2016 United States dollars)	512	57.87743482	21.98805614	OMN	Oman	1	CON_USD	Constant USD	0.00249	0.00471	0.09843	0.35889	0.60106								2010	0.60106	Creditor Reporting System (CRS) database, 2018, The Organisation for Economic Co-operation and Development (OECD)	
2018.Q2.G.01	DC_TOF_SCHIPSL	Total official flows for scholarships, by recipient countries (millions of constant 2016 United States dollars)	516	17.21907885	-22.13817068	NAM	Namibia	1	CON_USD	Constant USD	0.00626	0.31657	0.48969	0.68439	0.40198	0.97338	0.74963	1.2348	1.37341	1.30711	0.51706	1.036402	2016	0.51706	Creditor Reporting System (CRS) database, 2018, The Organisation for Economic Co-operation and Development (OECD)	
2018.Q2.G.01	DC_TOF_SCHIPSL	Total official flows for scholarships, by recipient countries (millions of constant 2016 United States dollars)	520	166.92313	-0.528742623	NRU	Nauru	1	CON_USD	Constant USD		0.33542	0.03605	0.42874	0.32088	0.41729	0.01042	0.31813	0.42723	0.67824	0.50899	0.388602	2016	0.50899	Creditor Reporting System (CRS) database, 2018, The Organisation for Economic Co-operation and Development (OECD)	
2018.Q2.G.01	DC_TOF_SCHIPSL	Total official flows for scholarships, by recipient countries (millions of constant 2016 United States dollars)	524	83.94678863	28.25866332	NPL	Nepal	1	CON_USD	Constant USD	1.52308	1.01023	1.98129	8.27264	8.94195	10.44987	7.65148	7.52127	5.77868	6.52409	4.38122	6.371348	2016	4.38122	Creditor Reporting System (CRS) database, 2018, The Organisation for Economic Co-operation and Development (OECD)	
2018.Q2.G.01	DC_TOF_SCHIPSL	Total official flows for scholarships, by recipient countries (millions of constant 2016 United States dollars)	528	5.331480568	51.86728884	NLD	Netherlands	1	CON_USD	Constant USD																
2018.Q2.G.01	DC_TOF_SCHIPSL	Total official flows for scholarships, by recipient countries (millions of constant 2016 United States dollars)	530	-68.30676179	12.22720635	ANT	Netherlands Antilles	1	CON_USD	Constant USD																
2018.Q2.G.01	DC_TOF_SCHIPSL	Total official flows for scholarships, by recipient countries (millions of constant 2016 United States dollars)	531	-68.95033464	12.15058042	CUW	Curaçao	1	CON_USD	Constant USD																
2018.Q2.G.01	DC_TOF_SCHIPSL	Total official flows for scholarships, by recipient countries (millions of constant 2016 United States dollars)	533	-69.97050586	12.50878756	ABW	Aruba	1	CON_USD	Constant USD																
2018.Q2.G.01	DC_TOF_SCHIPSL	Total official flows for scholarships, by recipient countries (millions of constant 2016 United States dollars)	534	-63.06198692	18.03926508	SXM	Sint Maarten (Dutch part)	1	CON_USD	Constant USD																
2018.Q2.G.01	DC_TOF_SCHIPSL	Total official flows for scholarships, by recipient countries (millions of constant 2016 United States dollars)	540	165.5067368	-21.41742531	NCL	New Caledonia	1	CON_USD	Constant USD																
2018.Q2.G.01	DC_TOF_SCHIPSL	Total official flows for scholarships, by recipient countries (millions of constant 2016 United States dollars)	548	167.0679779	-15.34445547	VUT	Vanuatu	1	CON_USD	Constant USD	2.68832	1.48823	2.78688	5.14938	4.22481	3.82732	3.30073	4.02929	3.70605	3.19825	2.75267	3.397398	2016	2.75267	Creditor Reporting System (CRS) database, 2018, The Organisation for Economic Co-operation and Development (OECD)	
2018.Q2.G.01	DC_TOF_SCHIPSL	Total official flows for scholarships, by recipient countries (millions of constant 2016 United States dollars)	554	170.4755673	-43.98721568	NZL	New Zealand	1	CON_USD	Constant USD																
2018.Q2.G.01	DC_TOF_SCHIPSL	Total official flows for scholarships, by recipient countries (millions of constant 2016 United States dollars)	558	-85.03060315	12.84210839	NIC	Nicaragua	1	CON_USD	Constant USD	0.26167	0.95961	0.92398	1.39698	0.67512	0.70389	0.66008	0.87976	0.59923	0.83172	0.57436	0.70903	2016	0.57436	Creditor Reporting System (CRS) database, 2018, The Organisation for Economic Co-operation and Development (OECD)	
2018.Q2.G.01	DC_TOF_SCHIPSL	Total official flows for scholarships, by recipient countries (millions of constant 2016 United States dollars)	562	9.400167877	17.42143036	NER	Niger	1	CON_USD	Constant USD	1.12914	1.99914	1.51445	1.6823	17.46636	0.66351	1.16602	1.35389	0.87112	1.24826	0.69341	1.06654	2016	0.69341	Creditor Reporting System (CRS) database, 2018, The Organisation for Economic Co-operation and Development (OECD)	
2018.Q2.G.01	DC_TOF_SCHIPSL	Total official flows for scholarships, by recipient countries (millions of constant 2016 United States dollars)	566	8.097363256	9.585789025	NGA	Nigeria	1	CON_USD	Constant USD	1.21482	1.1665	1.10127	2.97941	1.46399	3.34771	3.39598	4.70859	3.75487	5.14138	4.278	4.255764	2016	4.278	Creditor Reporting System (CRS) database, 2018, The Organisation for Economic Co-operation and Development (OECD)	
2018.Q2.G.01	DC_TOF_SCHIPSL	Total official flows for scholarships, by recipient countries (millions of constant 2016 United States dollars)	570	-169.8601693	-19.05000475	NIU	Niue	1	CON_USD	Constant USD	0.28111	0.1458	0.18544	0.6265	0.22247	0.36921	0.14153	0.39161	0.17564	0.13894	0.25398	0.22034	2016	0.25398	Creditor Reporting System (CRS) database, 2018, The Organisation for Economic Co-operation and Development (OECD)	
2018.Q2.G.01	DC_TOF_SCHIPSL	Total official flows for scholarships, by recipient countries (millions of constant 2016 United States dollars)	574	167.9515548	-29.03230018	NFK	Norfolk Island	1	CON_USD	Constant USD																
2018.Q2.G.01	DC_TOF_SCHIPSL	Total official flows for scholarships, by recipient countries (millions of constant 2016 United States dollars)	578	11.47846389	61.34311134	NOR	Norway	1	CON_USD	Constant USD																
2018.Q2.G.01	DC_TOF_SCHIPSL	Total official flows for scholarships, by recipient countries (millions of constant 2016 United States dollars)	580	145.7582114	15.19099517	MNP	Northern Mariana Islands	1	CON_USD	Constant USD																
2018.Q2.G.01	DC_TOF_SCHIPSL	Total official flows for scholarships, by recipient countries (millions of constant 2016 United States dollars)	581	-162.4343752	5.874443968	UMI	US Minor Outlying Islands	1	CON_USD	Constant USD																
2018.Q2.G.01	DC_TOF_SCHIPSL	Total official flows for scholarships, by recipient countries (millions of constant 2016 United States dollars)	583	158.225216	6.880670092	FSM	Micronesia, Federated States of	1	CON_USD	Constant USD	1.22635	0.57736	0.7046	0.65127	0.24414	0.08204	0.06926	0.13011	0.1369	0.18873	0.15637	0.136274	2016	0.15637	Creditor Reporting System (CRS) database, 2018, The Organisation for Economic Co-operation and Development (OECD)	
2018.Q2.G.01	DC_TOF_SCHIPSL	Total official flows for scholarships, by recipient countries (millions of constant 2016 United States dollars)	584	171.0839119	7.110213497	MHL	Marshall Islands	1	CON_USD	Constant USD	0.2762	0.07124	0.16972	0.27775	0.21467	0.26254	0.23811	0.21267	0.18636	0.10422	0.06933	0.162138	2016	0.06933	Creditor Reporting System (CRS) database, 2018, The Organisation for Economic Co-operation and Development (OECD)	
2018.Q2.G.01	DC_TOF_SCHIPSL	Total official flows for scholarships, by recipient countries (millions of constant 2016 United States dollars)	585	134.5733878	7.502307591	PLW	Palau	1	CON_USD	Constant USD	0.19622	0.12632	0.82332	0.06578	0.03276	0.05315	0.11019	0.18731	0.21391	0.11009	0.12201	0.148702	2016	0.12201	Creditor Reporting System (CRS) database, 2018, The Organisation for Economic Co-operation and Development (OECD)	
2018.Q2.G.01	DC_TOF_SCHIPSL	Total official flows for scholarships, by recipient countries (millions of constant 2016 United States dollars)	586	68.80479684	29.36491634	PAK	Pakistan	1	CON_USD	Constant USD	2.31645	2.15081	3.62755	8.62361	13.50173	10.37872	13.28567	14.78512	15.26508	14.4468	12.16593	13.98972	2016	12.16593	Creditor Reporting System (CRS) database, 2018, The Organisation for Economic Co-operation and Development (OECD)	
2018.Q2.G.01	DC_TOF_SCHIPSL	Total official flows for scholarships, by recipient countries (millions of constant 2016 United States dollars)	591	-81.26616623	8.450965746	PAN	Panama	1	CON_USD	Constant USD	0.11027	0.37601	0.53735	1.09952	0.71821	0.88239	0.61994	0.58321	0.57789	0.91694	0.33018	0.605632	2016	0.33018	Creditor Reporting System (CRS) database, 2018, The Organisation for Economic Co-operation and Development (OECD)	
2018.Q2.G.01	DC_TOF_SCHIPSL	Total official flows for scholarships, by recipient countries (millions of constant 2016 United States dollars)	598	145.8587761	-6.756057077	PNG	Papua New Guinea	1	CON_USD	Constant USD	19.09656	15.74951	13.61539	18.09402	15.19975	17.24469	17.10727	27.53978	21.76566	27.5425	26.7865	24.148342	2016	26.7865	Creditor Reporting System (CRS) database, 2018, The Organisation for Economic Co-operation and Development (OECD)	
2018.Q2.G.01	DC_TOF_SCHIPSL	Total official flows for scholarships, by recipient countries (millions of constant 2016 United States dollars)	600	-60.54854225	-21.70216237	PRY	Paraguay	1	CON_USD	Constant USD	0.08506	0.35091	0.65236	1.09906	0.66283	0.92953	0.72282	1.09172	0.87261	0.91612	0.51593	0.82384	2016	0.51593	Creditor Reporting System (CRS) database, 2018, The Organisation for Economic Co-operation and Development (OECD)	
2018.Q2.G.01	DC_TOF_SCHIPSL	Total official flows for scholarships, by recipient countries (millions of constant 2016 United States dollars)	604	-71.82093277	-13.58939705	PER	Peru	1	CON_USD	Constant USD	0.63234	2.23697	5.43043	5.18807	2.53668	2.69126	2.90195	3.75597	3.35757	3.65492	2.23662	3.181406	2016	2.23662	Creditor Reporting System (CRS) database, 2018, The Organisation for Economic Co-operation and Development (OECD)	
2018.Q2.G.01	DC_TOF_SCHIPSL	Total official flows for scholarships, by recipient countries (millions of constant 2016 United States dollars)	608	120.8601418	14.16591706	PHL	Philippines	1	CON_USD	Constant USD	9.0671	10.61919	4.80281	17.75162	23.46939	16.66616	18.51218	20.95283	19.86195	14.36786	13.07736	17.354436	2016	13.07736	Creditor Reporting System (CRS) database, 2018, The Organisation for Economic Co-operation and Development (OECD)	
2018.Q2.G.01	DC_TOF_SCHIPSL	Total official flows for scholarships, by recipient countries (millions of constant 2016 United States dollars)	612	-128.3225873	-24.37538456	PCN	Pitcairn	1	CON_USD	Constant USD																
2018.Q2.G.01	DC_TOF_SCHIPSL	Total official flows for scholarships, by recipient countries (millions of constant 2016 United States dollars)	616	19.40660158	52.1226733	POL	Poland	1	CON_USD	Constant USD																
2018.Q2.G.01	DC_TOF_SCHIPSL	Total official flows for scholarships, by recipient countries (millions of constant 2016 United States dollars)	620	-7.961599811	39.68509315	PRT	Portugal	1	CON_USD	Constant USD																
2018.Q2.G.01	DC_TOF_SCHIPSL	Total official flows for scholarships, by recipient countries (millions of constant 2016 United States dollars)	624	-14.40182514	12.11760394	GNB	Guinea-Bissau	1	CON_USD	Constant USD	0.87354	0.83762	1.17261	0.95834	0.80551	0.63768	0.69505	0.67378	0.52981	0.43578	0.58561	0.584006	2016	0.58561	Creditor Reporting System (CRS) database, 2018, The Organisation for Economic Co-operation and Development (OECD)	
2018.Q2.G.01	DC_TOF_SCHIPSL	Total official flows for scholarships, by recipient countries (millions of constant 2016 United States dollars)	626	125.9451052	-8.797497247	TLS	Timor-Leste	1	CON_USD	Constant USD	2.85018	2.20247	2.29872	2.76044	3.89371	4.25765	5.88743	6.88073	6.42621	7.97201	6.87867	6.80901	2016	6.87867	Creditor Reporting System (CRS) database, 2018, The Organisation for Economic Co-operation and Development (OECD)	
2018.Q2.G.01	DC_TOF_SCHIPSL	Total official flows for scholarships, by recipient countries (millions of constant 2016 United States dollars)	630	-66.47591017	18.22753799	PRI	Puerto Rico	1	CON_USD	Constant USD																
2018.Q2.G.01	DC_TOF_SCHIPSL	Total official flows for scholarships, by recipient countries (millions of constant 2016 United States dollars)	634	51.19152467	25.28355379	QAT	Qatar	1	CON_USD	Constant USD																
2018.Q2.G.01	DC_TOF_SCHIPSL	Total official flows for scholarships, by recipient countries (millions of constant 2016 United States dollars)	638	55.53171398	-21.13183266	REU	Réunion	1	CON_USD	Constant USD																
2018.Q2.G.01	DC_TOF_SCHIPSL	Total official flows for scholarships, by recipient countries (millions of constant 2016 United States dollars)	642	24.98481009	45.83893563	ROU	Romania	1	CON_USD	Constant USD																
2018.Q2.G.01	DC_TOF_SCHIPSL	Total official flows for scholarships, by recipient countries (millions of constant 2016 United States dollars)	643	99.01404926	61.61899849	RUS	Russian Federation	1	CON_USD	Constant USD																
2018.Q2.G.01	DC_TOF_SCHIPSL	Total official flows for scholarships, by recipient countries (millions of constant 2016 United States dollars)	646	29.92310194	-1.999842114	RWA	Rwanda	1	CON_USD	Constant USD	0.83248	1.25827	2.30456	4.53802	18.98983	2.44117	1.67309	3.30615	3.27035	3.86821	3.17128	3.057816	2016	3.17128	Creditor Reporting System (CRS) database, 2018, The Organisation for Economic Co-operation and Development (OECD)	
2018.Q2.G.01	DC_TOF_SCHIPSL	Total official flows for scholarships, by recipient countries (millions of constant 2016 United States dollars)	652	-62.83173536	17.89513362	BLM	Saint Barthélemy	1	CON_USD	Constant USD																
2018.Q2.G.01	DC_TOF_SCHIPSL	Total official flows for scholarships, by recipient countries (millions of constant 2016 United States dollars)	654	-5.705752501	-15.96503946	SHN	Saint Helena	1	CON_USD	Constant USD																
2018.Q2.G.01	DC_TOF_SCHIPSL	Total official flows for scholarships, by recipient countries (millions of constant 2016 United States dollars)	659	-62.76628613	17.33994219	KNA	Saint Kitts and Nevis	1	CON_USD	Constant USD			0.0112	0.01283	0.03963	0.01623	0.16632	0.24093				0.203625	2013	0.24093	Creditor Reporting System (CRS) database, 2018, The Organisation for Economic Co-operation and Development (OECD)	
2018.Q2.G.01	DC_TOF_SCHIPSL	Total official flows for scholarships, by recipient countries (millions of constant 2016 United States dollars)	660	-63.05651612	18.21525315	AIA	Anguilla	1	CON_USD	Constant USD							0.00765					0.00765	2012	0.00765	Creditor Reporting System (CRS) database, 2018, The Organisation for Economic Co-operation and Development (OECD)	
2018.Q2.G.01	DC_TOF_SCHIPSL	Total official flows for scholarships, by recipient countries (millions of constant 2016 United States dollars)	662	-60.96529553	13.89405601	LCA	Saint Lucia	1	CON_USD	Constant USD	0.01346		0.07602	0.31983	0.16458	0.11356	0.3239	0.23356	0.46023	0.45789	0.23739	0.342594	2016	0.23739	Creditor Reporting System (CRS) database, 2018, The Organisation for Economic Co-operation and Development (OECD)	
2018.Q2.G.01	DC_TOF_SCHIPSL	Total official flows for scholarships, by recipient countries (millions of constant 2016 United States dollars)	663	-63.04505461	18.0882685	MAF	Saint Martin (French Part)	1	CON_USD	Constant USD																
2018.Q2.G.01	DC_TOF_SCHIPSL	Total official flows for scholarships, by recipient countries (millions of constant 2016 United States dollars)	666	-56.33682442	46.85812735	SPM	Saint Pierre and Miquelon	1	CON_USD	Constant USD																
2018.Q2.G.01	DC_TOF_SCHIPSL	Total official flows for scholarships, by recipient countries (millions of constant 2016 United States dollars)	670	-61.19024321	13.24627968	VCT	Saint Vincent and the Grenadines	1	CON_USD	Constant USD			0.06349	0.12674	0.07965	0.07496	0.24433	0.14226	0.21941	0.42578	0.07448	0.221252	2016	0.07448	Creditor Reporting System (CRS) database, 2018, The Organisation for Economic Co-operation and Development (OECD)	
2018.Q2.G.01	DC_TOF_SCHIPSL	Total official flows for scholarships, by recipient countries (millions of constant 2016 United States dollars)	674	12.46329038	43.93841766	SMR	San Marino	1	CON_USD	Constant USD																
2018.Q2.G.01	DC_TOF_SCHIPSL	Total official flows for scholarships, by recipient countries (millions of constant 2016 United States dollars)	678	6.609772265	0.241554875	STP	Sao Tome and Principe	1	CON_USD	Constant USD	0.76436	0.98782	1.28812	1.14618	0.96545	0.66818	1.89256	1.1469	0.78596	0.47537	0.4971	0.959578	2016	0.4971	Creditor Reporting System (CRS) database, 2018, The Organisation for Economic Co-operation and Development (OECD)	
2018.Q2.G.01	DC_TOF_SCHIPSL	Total official flows for scholarships, by recipient countries (millions of constant 2016 United States dollars)	682	44.54763347	24.12594211	SAU	Saudi Arabia	1	CON_USD	Constant USD	0.00537	0.00415											2007	0.00415	Creditor Reporting System (CRS) database, 2018, The Organisation for Economic Co-operation and Development (OECD)	
2018.Q2.G.01	DC_TOF_SCHIPSL	Total official flows for scholarships, by recipient countries (millions of constant 2016 United States dollars)	686	-14.46636926	14.35920905	SEN	Senegal	1	CON_USD	Constant USD	1.7571	2.04553	2.19586	3.58165	3.69638	1.26486	1.50482	4.89954	4.54943	5.94746	4.11239	4.202728	2016	4.11239	Creditor Reporting System (CRS) database, 2018, The Organisation for Economic Co-operation and Development (OECD)	
2018.Q2.G.01	DC_TOF_SCHIPSL	Total official flows for scholarships, by recipient countries (millions of constant 2016 United States dollars)	688	20.805876	44.03145697	SRB	Serbia	1	CON_USD	Constant USD	1.45239	0.97213	1.89308	3.23072	2.87838	2.64556	2.87463	5.79861	6.39981	5.11935	8.03751	5.645982	2016	8.03751	Creditor Reporting System (CRS) database, 2018, The Organisation for Economic Co-operation and Development (OECD)	
2018.Q2.G.01	DC_TOF_SCHIPSL	Total official flows for scholarships, by recipient countries (millions of constant 2016 United States dollars)	690	55.46561591	-4.678053059	SYC	Seychelles	1	CON_USD	Constant USD	0.13788	0.17372	0.3046	0.42881	0.27905	0.61471	0.61125	1.06056	0.6051	0.87779	0.40996	0.712932	2016	0.40996	Creditor Reporting System (CRS) database, 2018, The Organisation for Economic Co-operation and Development (OECD)	
2018.Q2.G.01	DC_TOF_SCHIPSL	Total official flows for scholarships, by recipient countries (millions of constant 2016 United States dollars)	694	-11.78306584	8.568604164	SLE	Sierra Leone	1	CON_USD	Constant USD	0.06362	0.15585	0.09142	0.10995	0.09428	0.95333	0.83121	1.17694	0.71983	0.86943	0.32249	0.78398	2016	0.32249	Creditor Reporting System (CRS) database, 2018, The Organisation for Economic Co-operation and Development (OECD)	
2018.Q2.G.01	DC_TOF_SCHIPSL	Total official flows for scholarships, by recipient countries (millions of constant 2016 United States dollars)	702	103.8107883	1.361009155	SGP	Singapore	1	CON_USD	Constant USD																
2018.Q2.G.01	DC_TOF_SCHIPSL	Total official flows for scholarships, by recipient countries (millions of constant 2016 United States dollars)	703	19.48495604	48.70741446	SVK	Slovakia	1	CON_USD	Constant USD																
2018.Q2.G.01	DC_TOF_SCHIPSL	Total official flows for scholarships, by recipient countries (millions of constant 2016 United States dollars)	704	105.802499	10.09643079	VNM	Viet Nam	1	CON_USD	Constant USD	25.25045	23.40526	12.452	34.22001	48.98842	49.88854	53.41567	64.13052	62.21642	44.75458	37.18318	52.340074	2016	37.18318	Creditor Reporting System (CRS) database, 2018, The Organisation for Economic Co-operation and Development (OECD)	
2018.Q2.G.01	DC_TOF_SCHIPSL	Total official flows for scholarships, by recipient countries (millions of constant 2016 United States dollars)	705	14.82209486	46.11958061	SVN	Slovenia	1	CON_USD	Constant USD																
2018.Q2.G.01	DC_TOF_SCHIPSL	Total official flows for scholarships, by recipient countries (millions of constant 2016 United States dollars)	706	46.20367477	4.406485729	SOM	Somalia	1	CON_USD	Constant USD		0.04177		0.05305		0.04856	0.2298	0.28418	0.19389	0.29137	0.22636	0.24512	2016	0.22636	Creditor Reporting System (CRS) database, 2018, The Organisation for Economic Co-operation and Development (OECD)	
2018.Q2.G.01	DC_TOF_SCHIPSL	Total official flows for scholarships, by recipient countries (millions of constant 2016 United States dollars)	710	24.67184355	-29.99957544	ZAF	South Africa	1	CON_USD	Constant USD	0.36438	0.81312	1.87665	2.58616	6.1183	6.97694	7.19718	8.82342	8.24706	8.30213	8.10765	8.135488	2016	8.10765	Creditor Reporting System (CRS) database, 2018, The Organisation for Economic Co-operation and Development (OECD)	
2018.Q2.G.01	DC_TOF_SCHIPSL	Total official flows for scholarships, by recipient countries (millions of constant 2016 United States dollars)	716	29.86909584	-19.00075492	ZWE	Zimbabwe	1	CON_USD	Constant USD	0.12324	0.0496	0.19709	2.28175	0.91894	0.94371	1.3092	1.522	1.62472	3.20785	1.44034	1.820822	2016	1.44034	Creditor Reporting System (CRS) database, 2018, The Organisation for Economic Co-operation and Development (OECD)	
2018.Q2.G.01	DC_TOF_SCHIPSL	Total official flows for scholarships, by recipient countries (millions of constant 2016 United States dollars)	724	-3.554078296	40.39211472	ESP	Spain	1	CON_USD	Constant USD																
2018.Q2.G.01	DC_TOF_SCHIPSL	Total official flows for scholarships, by recipient countries (millions of constant 2016 United States dollars)	728	30.32618773	7.290839152	SSD	South Sudan	1	CON_USD	Constant USD						0.16137	0.33772	0.95334	0.348	0.48584	0.41683	0.508346	2016	0.41683	Creditor Reporting System (CRS) database, 2018, The Organisation for Economic Co-operation and Development (OECD)	
2018.Q2.G.01	DC_TOF_SCHIPSL	Total official flows for scholarships, by recipient countries (millions of constant 2016 United States dollars)	732	-13.13515523	24.66265342	ESH	Western Sahara	1	CON_USD	Constant USD																
2018.Q2.G.01	DC_TOF_SCHIPSL	Total official flows for scholarships, by recipient countries (millions of constant 2016 United States dollars)	736	29.95650159	16.02643066	SDN	Sudan	1	CON_USD	Constant USD																
2018.Q2.G.01	DC_TOF_SCHIPSL	Total official flows for scholarships, by recipient countries (millions of constant 2016 United States dollars)	740	-55.90626394	4.132603197	SUR	Suriname	1	CON_USD	Constant USD		0.01854		0.03353	0.00884		0.02823	0.38059	0.49199	0.64199	0.63457	0.435474	2016	0.63457	Creditor Reporting System (CRS) database, 2018, The Organisation for Economic Co-operation and Development (OECD)	
2018.Q2.G.01	DC_TOF_SCHIPSL	Total official flows for scholarships, by recipient countries (millions of constant 2016 United States dollars)	744	13.38071013	78.82894131	SJM	Svalbard and Jan Mayen Islands	1	CON_USD	Constant USD																
2018.Q2.G.01	DC_TOF_SCHIPSL	Total official flows for scholarships, by recipient countries (millions of constant 2016 United States dollars)	748	31.50149288	-26.56471011	SWZ	Swaziland	1	CON_USD	Constant USD		0.09191	0.19233	0.12904	0.05999	0.86531	0.6036	1.12188	0.61497	1.04242	0.56572	0.789718	2016	0.56572	Creditor Reporting System (CRS) database, 2018, The Organisation for Economic Co-operation and Development (OECD)	
2018.Q2.G.01	DC_TOF_SCHIPSL	Total official flows for scholarships, by recipient countries (millions of constant 2016 United States dollars)	752	14.3775338	60.60103109	SWE	Sweden	1	CON_USD	Constant USD																
2018.Q2.G.01	DC_TOF_SCHIPSL	Total official flows for scholarships, by recipient countries (millions of constant 2016 United States dollars)	756	8.223158	46.96617097	CHE	Switzerland	1	CON_USD	Constant USD																
2018.Q2.G.01	DC_TOF_SCHIPSL	Total official flows for scholarships, by recipient countries (millions of constant 2016 United States dollars)	760	38.50466565	35.01676176	SYR	Syrian Arab Republic (Syria)	1	CON_USD	Constant USD	0.78466	0.66042	1.70491	2.53121	2.75111	2.9292	2.66572	3.29649	4.9759	8.37527	14.59686	6.782048	2016	14.59686	Creditor Reporting System (CRS) database, 2018, The Organisation for Economic Co-operation and Development (OECD)	
2018.Q2.G.01	DC_TOF_SCHIPSL	Total official flows for scholarships, by recipient countries (millions of constant 2016 United States dollars)	762	69.294998	38.43069666	TJK	Tajikistan	1	CON_USD	Constant USD	0.00459	0.00181	0.30741	0.40218	0.76476	1.61449	1.8025	1.93134	1.98236	1.96987	1.68519	1.874252	2016	1.68519	Creditor Reporting System (CRS) database, 2018, The Organisation for Economic Co-operation and Development (OECD)	
2018.Q2.G.01	DC_TOF_SCHIPSL	Total official flows for scholarships, by recipient countries (millions of constant 2016 United States dollars)	764	101.0202951	15.13089239	THA	Thailand	1	CON_USD	Constant USD	0.47626	0.8275	3.60114	10.11219	18.38751	21.86783	16.02616	16.48233	17.60388	4.6549	3.44673	11.6428	2016	3.44673	Creditor Reporting System (CRS) database, 2018, The Organisation for Economic Co-operation and Development (OECD)	
2018.Q2.G.01	DC_TOF_SCHIPSL	Total official flows for scholarships, by recipient countries (millions of constant 2016 United States dollars)	768	0.97835765	8.532096072	TGO	Togo	1	CON_USD	Constant USD	0.85153	0.6726	1.25737	1.73936	1.30113	0.74749	1.31715	1.98617	1.62276	1.65716	1.3394	1.584528	2016	1.3394	Creditor Reporting System (CRS) database, 2018, The Organisation for Economic Co-operation and Development (OECD)	
2018.Q2.G.01	DC_TOF_SCHIPSL	Total official flows for scholarships, by recipient countries (millions of constant 2016 United States dollars)	772	-171.8154473	-9.214545558	TKL	Tokelau	1	CON_USD	Constant USD	0.22044	0.15036	0.10395	0.08016	0.20714		0.01783		0.02507		0.10092	0.04794	2016	0.10092	Creditor Reporting System (CRS) database, 2018, The Organisation for Economic Co-operation and Development (OECD)	
2018.Q2.G.01	DC_TOF_SCHIPSL	Total official flows for scholarships, by recipient countries (millions of constant 2016 United States dollars)	776	-175.1959991	-21.19511329	TON	Tonga	1	CON_USD	Constant USD	1.50288	1.01019	1.3375	3.11016	2.24783	2.47099	2.81903	3.1613	3.2071	3.2482	2.17706	2.922538	2016	2.17706	Creditor Reporting System (CRS) database, 2018, The Organisation for Economic Co-operation and Development (OECD)	
2018.Q2.G.01	DC_TOF_SCHIPSL	Total official flows for scholarships, by recipient countries (millions of constant 2016 United States dollars)	780	-61.29389504	10.41877263	TTO	Trinidad and Tobago	1	CON_USD	Constant USD			0.10509	0.27564	0.08424								2010	0.08424	Creditor Reporting System (CRS) database, 2018, The Organisation for Economic Co-operation and Development (OECD)	
2018.Q2.G.01	DC_TOF_SCHIPSL	Total official flows for scholarships, by recipient countries (millions of constant 2016 United States dollars)	784	53.98279159	23.43322219	ARE	United Arab Emirates	1	CON_USD	Constant USD																
2018.Q2.G.01	DC_TOF_SCHIPSL	Total official flows for scholarships, by recipient countries (millions of constant 2016 United States dollars)	788	9.572737411	34.11439971	TUN	Tunisia	1	CON_USD	Constant USD	1.26618	1.28478	5.18342	8.8465	4.92102	2.66124	4.97171	12.76517	11.67854	14.26547	12.63025	11.262228	2016	12.63025	Creditor Reporting System (CRS) database, 2018, The Organisation for Economic Co-operation and Development (OECD)	
2018.Q2.G.01	DC_TOF_SCHIPSL	Total official flows for scholarships, by recipient countries (millions of constant 2016 United States dollars)	792	35.42890329	38.9899684	TUR	Turkey	1	CON_USD	Constant USD	0.89203	0.84901	3.34988	4.65808	4.91535	5.6077	6.65461	8.39556	8.70922	9.28318	16.26788	9.86209	2016	16.26788	Creditor Reporting System (CRS) database, 2018, The Organisation for Economic Co-operation and Development (OECD)	
2018.Q2.G.01	DC_TOF_SCHIPSL	Total official flows for scholarships, by recipient countries (millions of constant 2016 United States dollars)	795	58.9787665	40.0912346	TKM	Turkmenistan	1	CON_USD	Constant USD		0.00094	0.10943	0.29098	0.80168	0.74042	0.53434	0.60344	0.75969	0.86275	0.53088	0.65822	2016	0.53088	Creditor Reporting System (CRS) database, 2018, The Organisation for Economic Co-operation and Development (OECD)	
2018.Q2.G.01	DC_TOF_SCHIPSL	Total official flows for scholarships, by recipient countries (millions of constant 2016 United States dollars)	796	-71.745121	21.80780585	TCA	Turks and Caicos Islands	1	CON_USD	Constant USD																
2018.Q2.G.01	DC_TOF_SCHIPSL	Total official flows for scholarships, by recipient countries (millions of constant 2016 United States dollars)	798	178.6679611	-7.460048071	TUV	Tuvalu	1	CON_USD	Constant USD	0.98495	0.93668	0.27545	0.64232	0.9021	0.86165	0.7726	1.14809	1.34922	1.69535	1.56462	1.305976	2016	1.56462	Creditor Reporting System (CRS) database, 2018, The Organisation for Economic Co-operation and Development (OECD)	
2018.Q2.G.01	DC_TOF_SCHIPSL	Total official flows for scholarships, by recipient countries (millions of constant 2016 United States dollars)	800	32.39100438	1.279557331	UGA	Uganda	1	CON_USD	Constant USD	0.74352	1.91902	1.5199	3.16391	2.03707	4.70994	3.8421	4.75874	4.08703	5.62531	4.46707	4.55605	2016	4.46707	Creditor Reporting System (CRS) database, 2018, The Organisation for Economic Co-operation and Development (OECD)	
2018.Q2.G.01	DC_TOF_SCHIPSL	Total official flows for scholarships, by recipient countries (millions of constant 2016 United States dollars)	804	31.40270802	49.00735945	UKR	Ukraine	1	CON_USD	Constant USD	1.09646	1.09731	3.25258	4.17975	4.85336	5.12188	6.05677	8.70539	11.14519	10.64554	11.04074	9.518726	2016	11.04074	Creditor Reporting System (CRS) database, 2018, The Organisation for Economic Co-operation and Development (OECD)	
2018.Q2.G.01	DC_TOF_SCHIPSL	Total official flows for scholarships, by recipient countries (millions of constant 2016 United States dollars)	807	21.7007909	41.60048068	MKD	Macedonia, Republic of	1	CON_USD	Constant USD	0.9153	0.77281	1.03907	1.06	1.34956	1.37619	1.57205	3.21947	1.93959	1.71185	1.44124	1.97684	2016	1.44124	Creditor Reporting System (CRS) database, 2018, The Organisation for Economic Co-operation and Development (OECD)	
2018.Q2.G.01	DC_TOF_SCHIPSL	Total official flows for scholarships, by recipient countries (millions of constant 2016 United States dollars)	818	29.77468534	26.57438204	EGY	Egypt	1	CON_USD	Constant USD	0.97923	0.66915	5.44605	8.46859	7.5878	7.62118	9.65009	9.99757	15.47271	13.55471	14.26988	12.588992	2016	14.26988	Creditor Reporting System (CRS) database, 2018, The Organisation for Economic Co-operation and Development (OECD)	
2018.Q2.G.01	DC_TOF_SCHIPSL	Total official flows for scholarships, by recipient countries (millions of constant 2016 United States dollars)	826	-2.23830539	53.27691757	GBR	United Kingdom	1	CON_USD	Constant USD																
2018.Q2.G.01	DC_TOF_SCHIPSL	Total official flows for scholarships, by recipient countries (millions of constant 2016 United States dollars)	831	-2.200712402	49.71561166	GGY	Guernsey	1	CON_USD	Constant USD																
2018.Q2.G.01	DC_TOF_SCHIPSL	Total official flows for scholarships, by recipient countries (millions of constant 2016 United States dollars)	832	-2.136773508	49.22353354	JEY	Jersey	1	CON_USD	Constant USD																
2018.Q2.G.01	DC_TOF_SCHIPSL	Total official flows for scholarships, by recipient countries (millions of constant 2016 United States dollars)	833	-4.538190305	54.22880901	IMN	Isle of Man	1	CON_USD	Constant USD																
2018.Q2.G.01	DC_TOF_SCHIPSL	Total official flows for scholarships, by recipient countries (millions of constant 2016 United States dollars)	834	34.80521182	-6.265332606	TZA	Tanzania, United Republic of	1	CON_USD	Constant USD	1.04442	1.53521	2.19495	4.87478	3.18757	5.59176	4.80113	6.34376	5.05692	7.66608	4.84488	5.742554	2016	4.84488	Creditor Reporting System (CRS) database, 2018, The Organisation for Economic Co-operation and Development (OECD)	
2018.Q2.G.01	DC_TOF_SCHIPSL	Total official flows for scholarships, by recipient countries (millions of constant 2016 United States dollars)	840	-99.13830311	39.5277871	USA	United States of America	1	CON_USD	Constant USD																
2018.Q2.G.01	DC_TOF_SCHIPSL	Total official flows for scholarships, by recipient countries (millions of constant 2016 United States dollars)	850	-64.76960113	17.73297693	VIR	United States Virgin Islands	1	CON_USD	Constant USD																
2018.Q2.G.01	DC_TOF_SCHIPSL	Total official flows for scholarships, by recipient countries (millions of constant 2016 United States dollars)	854	-1.742843829	12.27491081	BFA	Burkina Faso	1	CON_USD	Constant USD	1.20839	0.9606	1.00486	2.17978	7.91484	0.4788	1.68026	1.98115	1.64567	1.31934	1.33927	1.593138	2016	1.33927	Creditor Reporting System (CRS) database, 2018, The Organisation for Economic Co-operation and Development (OECD)	
2018.Q2.G.01	DC_TOF_SCHIPSL	Total official flows for scholarships, by recipient countries (millions of constant 2016 United States dollars)	858	-56.01387025	-32.8002838	URY	Uruguay	1	CON_USD	Constant USD	0.14926	0.26733	1.66581	1.17706	0.52917	0.39218	0.69354	0.70936	0.51477	1.36405	0.36658	0.72966	2016	0.36658	Creditor Reporting System (CRS) database, 2018, The Organisation for Economic Co-operation and Development (OECD)	
2018.Q2.G.01	DC_TOF_SCHIPSL	Total official flows for scholarships, by recipient countries (millions of constant 2016 United States dollars)	860	63.11944558	41.77560518	UZB	Uzbekistan	1	CON_USD	Constant USD	3.07592	3.04461	3.64522	4.02087	3.77629	6.41307	5.15611	4.91757	5.19742	4.07351	3.62502	4.593926	2016	3.62502	Creditor Reporting System (CRS) database, 2018, The Organisation for Economic Co-operation and Development (OECD)	
2018.Q2.G.01	DC_TOF_SCHIPSL	Total official flows for scholarships, by recipient countries (millions of constant 2016 United States dollars)	862	-66.15642084	7.121324748	VEN	Venezuela (Bolivarian Republic)	1	CON_USD	Constant USD	0.10299	0.53787	1.81506	2.11348	1.19064	1.64702	1.62864	1.90105	1.52831	1.34867	0.95364	1.472062	2016	0.95364	Creditor Reporting System (CRS) database, 2018, The Organisation for Economic Co-operation and Development (OECD)	
2018.Q2.G.01	DC_TOF_SCHIPSL	Total official flows for scholarships, by recipient countries (millions of constant 2016 United States dollars)	876	-176.2034788	-13.28471201	WLF	Wallis and Futuna Islands	1	CON_USD	Constant USD				5e-04	0.04384	0.08729	0.10321	0.07006	0.07639	0.03184		0.070375	2015	0.03184	Creditor Reporting System (CRS) database, 2018, The Organisation for Economic Co-operation and Development (OECD)	
2018.Q2.G.01	DC_TOF_SCHIPSL	Total official flows for scholarships, by recipient countries (millions of constant 2016 United States dollars)	882	-172.4430749	-13.61541469	WSM	Samoa	1	CON_USD	Constant USD	3.06961	2.43961	1.82711	4.68311	5.51996	6.00366	6.30537	6.96524	6.35551	5.94789	6.12601	6.340004	2016	6.12601	Creditor Reporting System (CRS) database, 2018, The Organisation for Economic Co-operation and Development (OECD)	
2018.Q2.G.01	DC_TOF_SCHIPSL	Total official flows for scholarships, by recipient countries (millions of constant 2016 United States dollars)	887	45.22389143	15.22242099	YEM	Yemen	1	CON_USD	Constant USD	0.05532	0.02404	0.66951	1.32464	1.14638	1.69862	1.59939	1.9161	1.57465	1.64904	2.69394	1.886624	2016	2.69394	Creditor Reporting System (CRS) database, 2018, The Organisation for Economic Co-operation and Development (OECD)	
2018.Q2.G.01	DC_TOF_SCHIPSL	Total official flows for scholarships, by recipient countries (millions of constant 2016 United States dollars)	894	27.850329	-14.59701056	ZMB	Zambia	1	CON_USD	Constant USD	0.57966	0.297	5.05628	2.95826	1.45689	3.40125	2.81557	3.6872	2.26748	2.75755	2.04699	2.714958	2016	2.04699	Creditor Reporting System (CRS) database, 2018, The Organisation for Economic Co-operation and Development (OECD)	
