series.release	series.code	series.description	geoAreaCode	X	Y	ISO3CD	geoAreaName	sliceId	Units	Units description	2005	2006	2007	2008	2009	2010	2011	2012	2013	2014	2015	2016	last.5.years.mean	latest.year	latest.value	latest.source	latest.nature
2018.Q2.G.01	DC_TOF_TRDDBML	Total official flows (disbursement) for Aid for Trade, by recipient countries (millions of constant 2016 United States dollars)	4	66.02688198	33.83160199	AFG	Afghanistan	1	CON_USD	Constant USD		861.41	984.53	1260.13	1787.73	1896.24	1753.97	1472.96	1172.49	830.73	844.33	805.06	1025.114	2016	805.06	Creditor Reporting System (CRS) database, 2018, The Organisation for Economic Co-operation and Development (OECD)	
2018.Q2.G.01	DC_TOF_TRDDBML	Total official flows (disbursement) for Aid for Trade, by recipient countries (millions of constant 2016 United States dollars)	8	20.06660928	41.13897007	ALB	Albania	1	CON_USD	Constant USD		97.23	74.26	85.36	116.77	152.4	152.43	135.06	109.41	88.77	106.88	53.82	98.788	2016	53.82	Creditor Reporting System (CRS) database, 2018, The Organisation for Economic Co-operation and Development (OECD)	
2018.Q2.G.01	DC_TOF_TRDDBML	Total official flows (disbursement) for Aid for Trade, by recipient countries (millions of constant 2016 United States dollars)	10	21.47585697	-80.40897662	ATA	Antarctica	1	CON_USD	Constant USD																	
2018.Q2.G.01	DC_TOF_TRDDBML	Total official flows (disbursement) for Aid for Trade, by recipient countries (millions of constant 2016 United States dollars)	12	2.678164227	28.15940032	DZA	Algeria	1	CON_USD	Constant USD		121.21	101.25	95.29	91.48	38.3	43.97	26.19	32.71	35.44	15.57	15.58	25.098	2016	15.58	Creditor Reporting System (CRS) database, 2018, The Organisation for Economic Co-operation and Development (OECD)	
2018.Q2.G.01	DC_TOF_TRDDBML	Total official flows (disbursement) for Aid for Trade, by recipient countries (millions of constant 2016 United States dollars)	16	-170.7187269	-14.30587306	ASM	American Samoa	1	CON_USD	Constant USD																	
2018.Q2.G.01	DC_TOF_TRDDBML	Total official flows (disbursement) for Aid for Trade, by recipient countries (millions of constant 2016 United States dollars)	20	1.576257417	42.54548611	AND	Andorra	1	CON_USD	Constant USD																	
2018.Q2.G.01	DC_TOF_TRDDBML	Total official flows (disbursement) for Aid for Trade, by recipient countries (millions of constant 2016 United States dollars)	24	17.57817062	-12.33724746	AGO	Angola	1	CON_USD	Constant USD		24.76	24.85	43.34	53.64	75.79	37.73	34.04	39.65	23.32	234.53	17.95	69.898	2016	17.95	Creditor Reporting System (CRS) database, 2018, The Organisation for Economic Co-operation and Development (OECD)	
2018.Q2.G.01	DC_TOF_TRDDBML	Total official flows (disbursement) for Aid for Trade, by recipient countries (millions of constant 2016 United States dollars)	28	-61.7999755	17.07761471	ATG	Antigua and Barbuda	1	CON_USD	Constant USD		2.02	0.2	0.46	1.69	5.53	8.32	0.5	0.28	0.46	0.65	5.04	1.386	2016	5.04	Creditor Reporting System (CRS) database, 2018, The Organisation for Economic Co-operation and Development (OECD)	
2018.Q2.G.01	DC_TOF_TRDDBML	Total official flows (disbursement) for Aid for Trade, by recipient countries (millions of constant 2016 United States dollars)	31	50.01064725	40.39229544	AZE	Azerbaijan	1	CON_USD	Constant USD		68.62	79.45	87.97	107.52	54.61	123.74	159.89	103.72	135.68	23.49	24.21	89.398	2016	24.21	Creditor Reporting System (CRS) database, 2018, The Organisation for Economic Co-operation and Development (OECD)	
2018.Q2.G.01	DC_TOF_TRDDBML	Total official flows (disbursement) for Aid for Trade, by recipient countries (millions of constant 2016 United States dollars)	32	-65.14563274	-35.19446255	ARG	Argentina	1	CON_USD	Constant USD		26.63	42.96	25.76	28.95	50.21	23.73	101.29	13.59	19.88	12.13	11.21	31.62	2016	11.21	Creditor Reporting System (CRS) database, 2018, The Organisation for Economic Co-operation and Development (OECD)	
2018.Q2.G.01	DC_TOF_TRDDBML	Total official flows (disbursement) for Aid for Trade, by recipient countries (millions of constant 2016 United States dollars)	36	134.3499412	-25.57717202	AUS	Australia	1	CON_USD	Constant USD																	
2018.Q2.G.01	DC_TOF_TRDDBML	Total official flows (disbursement) for Aid for Trade, by recipient countries (millions of constant 2016 United States dollars)	40	14.14172472	47.58704857	AUT	Austria	1	CON_USD	Constant USD																	
2018.Q2.G.01	DC_TOF_TRDDBML	Total official flows (disbursement) for Aid for Trade, by recipient countries (millions of constant 2016 United States dollars)	44	-78.05111663	24.69546597	BHS	Bahamas	1	CON_USD	Constant USD																	
2018.Q2.G.01	DC_TOF_TRDDBML	Total official flows (disbursement) for Aid for Trade, by recipient countries (millions of constant 2016 United States dollars)	48	50.5490754	26.04407747	BHR	Bahrain	1	CON_USD	Constant USD																	
2018.Q2.G.01	DC_TOF_TRDDBML	Total official flows (disbursement) for Aid for Trade, by recipient countries (millions of constant 2016 United States dollars)	50	89.17660788	22.86961622	BGD	Bangladesh	1	CON_USD	Constant USD		247.13	309.45	499.03	273.28	427.74	418.97	796.29	829.1	931.45	948.11	1051.87	911.364	2016	1051.87	Creditor Reporting System (CRS) database, 2018, The Organisation for Economic Co-operation and Development (OECD)	
2018.Q2.G.01	DC_TOF_TRDDBML	Total official flows (disbursement) for Aid for Trade, by recipient countries (millions of constant 2016 United States dollars)	51	44.93839317	40.29499741	ARM	Armenia	1	CON_USD	Constant USD		57.39	86.34	158.29	208.33	158.2	122.47	106.17	89.72	110.79	198.85	161.85	133.476	2016	161.85	Creditor Reporting System (CRS) database, 2018, The Organisation for Economic Co-operation and Development (OECD)	
2018.Q2.G.01	DC_TOF_TRDDBML	Total official flows (disbursement) for Aid for Trade, by recipient countries (millions of constant 2016 United States dollars)	52	-59.5346489	13.13648273	BRB	Barbados	1	CON_USD	Constant USD																	
2018.Q2.G.01	DC_TOF_TRDDBML	Total official flows (disbursement) for Aid for Trade, by recipient countries (millions of constant 2016 United States dollars)	56	4.660976456	50.64104975	BEL	Belgium	1	CON_USD	Constant USD																	
2018.Q2.G.01	DC_TOF_TRDDBML	Total official flows (disbursement) for Aid for Trade, by recipient countries (millions of constant 2016 United States dollars)	60	-64.78155012	32.27881922	BMU	Bermuda	1	CON_USD	Constant USD																	
2018.Q2.G.01	DC_TOF_TRDDBML	Total official flows (disbursement) for Aid for Trade, by recipient countries (millions of constant 2016 United States dollars)	64	90.45098484	27.39598568	BTN	Bhutan	1	CON_USD	Constant USD		32.67	27.05	19.44	34.36	78.14	59.73	71.56	51.17	76.42	58.64	30.5	57.658	2016	30.5	Creditor Reporting System (CRS) database, 2018, The Organisation for Economic Co-operation and Development (OECD)	
2018.Q2.G.01	DC_TOF_TRDDBML	Total official flows (disbursement) for Aid for Trade, by recipient countries (millions of constant 2016 United States dollars)	68	-64.66224284	-16.71273412	BOL	Bolivia (Plurinational State of)	1	CON_USD	Constant USD		146.28	129.7	135.41	202.37	234.35	192.5	189.78	207.46	306.59	240.75	203.41	229.598	2016	203.41	Creditor Reporting System (CRS) database, 2018, The Organisation for Economic Co-operation and Development (OECD)	
2018.Q2.G.01	DC_TOF_TRDDBML	Total official flows (disbursement) for Aid for Trade, by recipient countries (millions of constant 2016 United States dollars)	70	17.78584332	44.16845548	BIH	Bosnia and Herzegovina	1	CON_USD	Constant USD		70.75	83.08	106.73	93.22	112.93	268.1	286.04	226.49	227.95	140.77	209.23	218.096	2016	209.23	Creditor Reporting System (CRS) database, 2018, The Organisation for Economic Co-operation and Development (OECD)	
2018.Q2.G.01	DC_TOF_TRDDBML	Total official flows (disbursement) for Aid for Trade, by recipient countries (millions of constant 2016 United States dollars)	72	23.81380223	-22.18810073	BWA	Botswana	1	CON_USD	Constant USD		9.99	12.48	9.18	20.65	21.64	13.69	12.48	10.24	6.37	5.18	10.9	9.034	2016	10.9	Creditor Reporting System (CRS) database, 2018, The Organisation for Economic Co-operation and Development (OECD)	
2018.Q2.G.01	DC_TOF_TRDDBML	Total official flows (disbursement) for Aid for Trade, by recipient countries (millions of constant 2016 United States dollars)	74	3.410732868	-54.43295905	BVT	Bouvet Island	1	CON_USD	Constant USD																	
2018.Q2.G.01	DC_TOF_TRDDBML	Total official flows (disbursement) for Aid for Trade, by recipient countries (millions of constant 2016 United States dollars)	76	-53.08432878	-10.77668561	BRA	Brazil	1	CON_USD	Constant USD		42.39	108.68	63.9	142.53	217.66	313.87	716.21	213.54	478.01	665.6	345.16	483.704	2016	345.16	Creditor Reporting System (CRS) database, 2018, The Organisation for Economic Co-operation and Development (OECD)	
2018.Q2.G.01	DC_TOF_TRDDBML	Total official flows (disbursement) for Aid for Trade, by recipient countries (millions of constant 2016 United States dollars)	84	-88.70199554	17.19965901	BLZ	Belize	1	CON_USD	Constant USD		2.89	4.11	9.05	8.43	11.08	7.88	13.09	15.77	16.79	10.84	22.51	15.8	2016	22.51	Creditor Reporting System (CRS) database, 2018, The Organisation for Economic Co-operation and Development (OECD)	
2018.Q2.G.01	DC_TOF_TRDDBML	Total official flows (disbursement) for Aid for Trade, by recipient countries (millions of constant 2016 United States dollars)	86	72.38715553	-7.299281071	IOT	British Indian Ocean Territory	1	CON_USD	Constant USD																	
2018.Q2.G.01	DC_TOF_TRDDBML	Total official flows (disbursement) for Aid for Trade, by recipient countries (millions of constant 2016 United States dollars)	90	160.1584117	-9.622391719	SLB	Solomon Islands	1	CON_USD	Constant USD		20.42	18.11	11.18	21	23.1	39.72	40.5	37.13	34.63	43.5	46.49	40.45	2016	46.49	Creditor Reporting System (CRS) database, 2018, The Organisation for Economic Co-operation and Development (OECD)	
2018.Q2.G.01	DC_TOF_TRDDBML	Total official flows (disbursement) for Aid for Trade, by recipient countries (millions of constant 2016 United States dollars)	92	-64.63294223	18.42256578	VGB	British Virgin Islands	1	CON_USD	Constant USD																	
2018.Q2.G.01	DC_TOF_TRDDBML	Total official flows (disbursement) for Aid for Trade, by recipient countries (millions of constant 2016 United States dollars)	96	114.6288563	4.49736984	BRN	Brunei Darussalam	1	CON_USD	Constant USD																	
2018.Q2.G.01	DC_TOF_TRDDBML	Total official flows (disbursement) for Aid for Trade, by recipient countries (millions of constant 2016 United States dollars)	100	25.23763153	42.75731323	BGR	Bulgaria	1	CON_USD	Constant USD																	
2018.Q2.G.01	DC_TOF_TRDDBML	Total official flows (disbursement) for Aid for Trade, by recipient countries (millions of constant 2016 United States dollars)	104	96.51752295	21.19332882	MMR	Myanmar	1	CON_USD	Constant USD		16.21	11.68	19.52	25.02	39.85	71.29	35.04	330.12	156.66	333.89	478.5	266.842	2016	478.5	Creditor Reporting System (CRS) database, 2018, The Organisation for Economic Co-operation and Development (OECD)	
2018.Q2.G.01	DC_TOF_TRDDBML	Total official flows (disbursement) for Aid for Trade, by recipient countries (millions of constant 2016 United States dollars)	108	29.89080992	-3.366387428	BDI	Burundi	1	CON_USD	Constant USD		48.67	94.67	66.25	78.72	110.25	107.33	149.45	139.78	141.79	89.77	80.58	120.274	2016	80.58	Creditor Reporting System (CRS) database, 2018, The Organisation for Economic Co-operation and Development (OECD)	
2018.Q2.G.01	DC_TOF_TRDDBML	Total official flows (disbursement) for Aid for Trade, by recipient countries (millions of constant 2016 United States dollars)	112	28.04940161	53.54193075	BLR	Belarus	1	CON_USD	Constant USD		2.03	3.7	5.78	7.51	29.28	6.11	5.72	14.88	15.13	13.74	14.95	12.884	2016	14.95	Creditor Reporting System (CRS) database, 2018, The Organisation for Economic Co-operation and Development (OECD)	
2018.Q2.G.01	DC_TOF_TRDDBML	Total official flows (disbursement) for Aid for Trade, by recipient countries (millions of constant 2016 United States dollars)	116	104.922836	12.71163737	KHM	Cambodia	1	CON_USD	Constant USD		104.72	129.95	131.29	121.35	193.75	219.91	233.83	256.04	294.95	220.66	232.77	247.65	2016	232.77	Creditor Reporting System (CRS) database, 2018, The Organisation for Economic Co-operation and Development (OECD)	
2018.Q2.G.01	DC_TOF_TRDDBML	Total official flows (disbursement) for Aid for Trade, by recipient countries (millions of constant 2016 United States dollars)	120	12.7419827	5.692387031	CMR	Cameroon	1	CON_USD	Constant USD		115.54	142.59	118.8	128.18	144.86	127.67	187.75	259.71	301.09	197.99	210.7	231.448	2016	210.7	Creditor Reporting System (CRS) database, 2018, The Organisation for Economic Co-operation and Development (OECD)	
2018.Q2.G.01	DC_TOF_TRDDBML	Total official flows (disbursement) for Aid for Trade, by recipient countries (millions of constant 2016 United States dollars)	124	-101.6575058	57.72360191	CAN	Canada	1	CON_USD	Constant USD																	
2018.Q2.G.01	DC_TOF_TRDDBML	Total official flows (disbursement) for Aid for Trade, by recipient countries (millions of constant 2016 United States dollars)	132	-23.63544151	15.07791834	CPV	Cabo Verde	1	CON_USD	Constant USD		42.02	40.36	90.04	71.86	147.64	80.04	67.2	53.63	79.25	53.41	40.89	58.876	2016	40.89	Creditor Reporting System (CRS) database, 2018, The Organisation for Economic Co-operation and Development (OECD)	
2018.Q2.G.01	DC_TOF_TRDDBML	Total official flows (disbursement) for Aid for Trade, by recipient countries (millions of constant 2016 United States dollars)	136	-81.16740559	19.32266656	CYM	Cayman Islands	1	CON_USD	Constant USD																	
2018.Q2.G.01	DC_TOF_TRDDBML	Total official flows (disbursement) for Aid for Trade, by recipient countries (millions of constant 2016 United States dollars)	140	20.93559492	7.003720791	CAF	Central African Republic	1	CON_USD	Constant USD		58.5	27.15	16.54	24.82	31.86	80.49	51.57	15.68	22.48	18.53	23.8	26.412	2016	23.8	Creditor Reporting System (CRS) database, 2018, The Organisation for Economic Co-operation and Development (OECD)	
2018.Q2.G.01	DC_TOF_TRDDBML	Total official flows (disbursement) for Aid for Trade, by recipient countries (millions of constant 2016 United States dollars)	144	80.70489654	7.614693343	LKA	Sri Lanka	1	CON_USD	Constant USD		261.59	220.76	341.66	386.55	312.14	386.07	394.84	356.77	428.65	388.75	293.15	372.432	2016	293.15	Creditor Reporting System (CRS) database, 2018, The Organisation for Economic Co-operation and Development (OECD)	
2018.Q2.G.01	DC_TOF_TRDDBML	Total official flows (disbursement) for Aid for Trade, by recipient countries (millions of constant 2016 United States dollars)	148	18.66618401	15.36279341	TCD	Chad	1	CON_USD	Constant USD		50.57	30.24	59.7	68.7	24.7	55.5	41.49	44.46	45.03	87.82	76.44	59.048	2016	76.44	Creditor Reporting System (CRS) database, 2018, The Organisation for Economic Co-operation and Development (OECD)	
2018.Q2.G.01	DC_TOF_TRDDBML	Total official flows (disbursement) for Aid for Trade, by recipient countries (millions of constant 2016 United States dollars)	152	-71.23029019	-35.2652885	CHL	Chile	1	CON_USD	Constant USD		46.88	52.27	40.76	30.14	90.87	98.73	50.95	19.46	171.49	19.76	167.62	85.856	2016	167.62	Creditor Reporting System (CRS) database, 2018, The Organisation for Economic Co-operation and Development (OECD)	
2018.Q2.G.01	DC_TOF_TRDDBML	Total official flows (disbursement) for Aid for Trade, by recipient countries (millions of constant 2016 United States dollars)	156	104.1403375	32.30955217	CHN	China	1	CON_USD	Constant USD		682.3	765.32	777.09	540.59	449.4	518.14	483.71	332.04	242.13	374.65	268.15	340.136	2016	268.15	Creditor Reporting System (CRS) database, 2018, The Organisation for Economic Co-operation and Development (OECD)	
2018.Q2.G.01	DC_TOF_TRDDBML	Total official flows (disbursement) for Aid for Trade, by recipient countries (millions of constant 2016 United States dollars)	162	105.6426067	-10.4882473	CXR	Christmas Island	1	CON_USD	Constant USD																	
2018.Q2.G.01	DC_TOF_TRDDBML	Total official flows (disbursement) for Aid for Trade, by recipient countries (millions of constant 2016 United States dollars)	166	96.82633757	-12.18600682	CCK	Cocos (Keeling) Islands	1	CON_USD	Constant USD																	
2018.Q2.G.01	DC_TOF_TRDDBML	Total official flows (disbursement) for Aid for Trade, by recipient countries (millions of constant 2016 United States dollars)	170	-73.07446751	3.888209046	COL	Colombia	1	CON_USD	Constant USD		100.25	128.23	169.46	189.84	145.71	229.43	122.18	169.91	178.85	209.77	206.6	177.462	2016	206.6	Creditor Reporting System (CRS) database, 2018, The Organisation for Economic Co-operation and Development (OECD)	
2018.Q2.G.01	DC_TOF_TRDDBML	Total official flows (disbursement) for Aid for Trade, by recipient countries (millions of constant 2016 United States dollars)	174	43.34234565	-11.66121732	COM	Comoros	1	CON_USD	Constant USD		3.02	4.55	2.3	3.72	6.98	5.33	8.01	12.6	12.93	13.63	10.11	11.456	2016	10.11	Creditor Reporting System (CRS) database, 2018, The Organisation for Economic Co-operation and Development (OECD)	
2018.Q2.G.01	DC_TOF_TRDDBML	Total official flows (disbursement) for Aid for Trade, by recipient countries (millions of constant 2016 United States dollars)	175	45.14015057	-12.82217691	MYT	Mayotte	1	CON_USD	Constant USD																	
2018.Q2.G.01	DC_TOF_TRDDBML	Total official flows (disbursement) for Aid for Trade, by recipient countries (millions of constant 2016 United States dollars)	178	15.22052612	-0.840544119	COG	Congo	1	CON_USD	Constant USD		11.82	35.32	31.3	23.95	17.02	36.46	47.3	26.94	25.64	27.67	24.78	30.466	2016	24.78	Creditor Reporting System (CRS) database, 2018, The Organisation for Economic Co-operation and Development (OECD)	
2018.Q2.G.01	DC_TOF_TRDDBML	Total official flows (disbursement) for Aid for Trade, by recipient countries (millions of constant 2016 United States dollars)	180	23.65496507	-2.877154732	COD	Democratic Republic of the Congo	1	CON_USD	Constant USD		182.87	150.89	232.89	426.91	266.88	355.17	457.84	549.39	497.5	458.94	472.42	487.218	2016	472.42	Creditor Reporting System (CRS) database, 2018, The Organisation for Economic Co-operation and Development (OECD)	
2018.Q2.G.01	DC_TOF_TRDDBML	Total official flows (disbursement) for Aid for Trade, by recipient countries (millions of constant 2016 United States dollars)	184	-159.7711391	-21.22696458	COK	Cook Islands	1	CON_USD	Constant USD		1.1	1.46	1.34	1.94	2.69	8.13	12.76	4.47	14.23	10.43	0.19	8.416	2016	0.19	Creditor Reporting System (CRS) database, 2018, The Organisation for Economic Co-operation and Development (OECD)	
2018.Q2.G.01	DC_TOF_TRDDBML	Total official flows (disbursement) for Aid for Trade, by recipient countries (millions of constant 2016 United States dollars)	188	-84.19712782	9.970998683	CRI	Costa Rica	1	CON_USD	Constant USD		24.69	46.76	45.96	73.55	65.4	15.43	10.62	12.19	14.05	53.43	69.1	31.878	2016	69.1	Creditor Reporting System (CRS) database, 2018, The Organisation for Economic Co-operation and Development (OECD)	
2018.Q2.G.01	DC_TOF_TRDDBML	Total official flows (disbursement) for Aid for Trade, by recipient countries (millions of constant 2016 United States dollars)	191	17.95874553	45.45172212	HRV	Croatia	1	CON_USD	Constant USD																	
2018.Q2.G.01	DC_TOF_TRDDBML	Total official flows (disbursement) for Aid for Trade, by recipient countries (millions of constant 2016 United States dollars)	192	-79.54460144	22.10030366	CUB	Cuba	1	CON_USD	Constant USD		11.82	6.76	12.83	20.46	30.57	15.43	10.45	15.75	21.19	12.58	12.78	14.55	2016	12.78	Creditor Reporting System (CRS) database, 2018, The Organisation for Economic Co-operation and Development (OECD)	
2018.Q2.G.01	DC_TOF_TRDDBML	Total official flows (disbursement) for Aid for Trade, by recipient countries (millions of constant 2016 United States dollars)	196	33.22285964	35.05659437	CYP	Cyprus	1	CON_USD	Constant USD																	
2018.Q2.G.01	DC_TOF_TRDDBML	Total official flows (disbursement) for Aid for Trade, by recipient countries (millions of constant 2016 United States dollars)	203	15.33151382	49.73913871	CZE	Czechia	1	CON_USD	Constant USD																	
2018.Q2.G.01	DC_TOF_TRDDBML	Total official flows (disbursement) for Aid for Trade, by recipient countries (millions of constant 2016 United States dollars)	204	2.339933594	9.65401646	BEN	Benin	1	CON_USD	Constant USD		68.21	94.86	160.02	163.74	190.7	266.66	128.21	170	161.55	167.19	146.24	154.638	2016	146.24	Creditor Reporting System (CRS) database, 2018, The Organisation for Economic Co-operation and Development (OECD)	
2018.Q2.G.01	DC_TOF_TRDDBML	Total official flows (disbursement) for Aid for Trade, by recipient countries (millions of constant 2016 United States dollars)	208	9.326571283	56.03829721	DNK	Denmark	1	CON_USD	Constant USD																	
2018.Q2.G.01	DC_TOF_TRDDBML	Total official flows (disbursement) for Aid for Trade, by recipient countries (millions of constant 2016 United States dollars)	212	-61.3493756	15.43391378	DMA	Dominica	1	CON_USD	Constant USD		5.62	9.35	9.75	19.64	16.45	12.33	11	10.17	11.8	3.83	4.71	8.302	2016	4.71	Creditor Reporting System (CRS) database, 2018, The Organisation for Economic Co-operation and Development (OECD)	
2018.Q2.G.01	DC_TOF_TRDDBML	Total official flows (disbursement) for Aid for Trade, by recipient countries (millions of constant 2016 United States dollars)	214	-70.49847576	18.89832088	DOM	Dominican Republic	1	CON_USD	Constant USD		35.36	38.17	79.64	46	42.23	144.5	141.71	25.94	51.3	28.22	52.65	59.964	2016	52.65	Creditor Reporting System (CRS) database, 2018, The Organisation for Economic Co-operation and Development (OECD)	
2018.Q2.G.01	DC_TOF_TRDDBML	Total official flows (disbursement) for Aid for Trade, by recipient countries (millions of constant 2016 United States dollars)	218	-78.37005241	-1.447785891	ECU	Ecuador	1	CON_USD	Constant USD		23.71	35.52	51.41	50.91	60.15	59.37	52.32	58.04	57.79	241.6	111.62	104.274	2016	111.62	Creditor Reporting System (CRS) database, 2018, The Organisation for Economic Co-operation and Development (OECD)	
2018.Q2.G.01	DC_TOF_TRDDBML	Total official flows (disbursement) for Aid for Trade, by recipient countries (millions of constant 2016 United States dollars)	222	-88.86862995	13.73603564	SLV	El Salvador	1	CON_USD	Constant USD		37.97	39.43	69.7	83.74	130.87	143.24	137.83	47.92	23.14	20.37	41.31	54.114	2016	41.31	Creditor Reporting System (CRS) database, 2018, The Organisation for Economic Co-operation and Development (OECD)	
2018.Q2.G.01	DC_TOF_TRDDBML	Total official flows (disbursement) for Aid for Trade, by recipient countries (millions of constant 2016 United States dollars)	226	10.46535826	1.565792376	GNQ	Equatorial Guinea	1	CON_USD	Constant USD		0.02	0.61	0.51	0.46	0.36	1.15	1.11	0.14	0.13	0.06	0.03	0.294	2016	0.03	Creditor Reporting System (CRS) database, 2018, The Organisation for Economic Co-operation and Development (OECD)	
2018.Q2.G.01	DC_TOF_TRDDBML	Total official flows (disbursement) for Aid for Trade, by recipient countries (millions of constant 2016 United States dollars)	231	39.63505296	8.631223181	ETH	Ethiopia	1	CON_USD	Constant USD		459.64	454.1	497.92	943.74	510.49	566.71	528.5	784.74	729.46	757.01	902.23	740.388	2016	902.23	Creditor Reporting System (CRS) database, 2018, The Organisation for Economic Co-operation and Development (OECD)	
2018.Q2.G.01	DC_TOF_TRDDBML	Total official flows (disbursement) for Aid for Trade, by recipient countries (millions of constant 2016 United States dollars)	232	38.11074289	16.12894644	ERI	Eritrea	1	CON_USD	Constant USD		21.29	13.45	16.67	15.55	22.74	8.51	5.78	7.46	4.58	10.63	11.37	7.964	2016	11.37	Creditor Reporting System (CRS) database, 2018, The Organisation for Economic Co-operation and Development (OECD)	
2018.Q2.G.01	DC_TOF_TRDDBML	Total official flows (disbursement) for Aid for Trade, by recipient countries (millions of constant 2016 United States dollars)	233	25.84093481	58.68487172	EST	Estonia	1	CON_USD	Constant USD																	
2018.Q2.G.01	DC_TOF_TRDDBML	Total official flows (disbursement) for Aid for Trade, by recipient countries (millions of constant 2016 United States dollars)	234	-7.122044325	62.21228119	FRO	Faroe Islands	1	CON_USD	Constant USD																	
2018.Q2.G.01	DC_TOF_TRDDBML	Total official flows (disbursement) for Aid for Trade, by recipient countries (millions of constant 2016 United States dollars)	238	-58.75246778	-51.74562601	FLK	Falkland Islands (Malvinas)	1	CON_USD	Constant USD																	
2018.Q2.G.01	DC_TOF_TRDDBML	Total official flows (disbursement) for Aid for Trade, by recipient countries (millions of constant 2016 United States dollars)	239	-36.90662765	-54.20736749	SGS	South Georgia and the South Sandwich Islands	1	CON_USD	Constant USD																	
2018.Q2.G.01	DC_TOF_TRDDBML	Total official flows (disbursement) for Aid for Trade, by recipient countries (millions of constant 2016 United States dollars)	242	177.9660884	-17.83301566	FJI	Fiji	1	CON_USD	Constant USD		9.88	7.47	7.1	5.1	8.87	9.03	13.5	10.15	11.09	27.64	17.87	16.05	2016	17.87	Creditor Reporting System (CRS) database, 2018, The Organisation for Economic Co-operation and Development (OECD)	
2018.Q2.G.01	DC_TOF_TRDDBML	Total official flows (disbursement) for Aid for Trade, by recipient countries (millions of constant 2016 United States dollars)	246	23.308447	61.91586738	FIN	Finland	1	CON_USD	Constant USD																	
2018.Q2.G.01	DC_TOF_TRDDBML	Total official flows (disbursement) for Aid for Trade, by recipient countries (millions of constant 2016 United States dollars)	248	19.80945969	60.1544901	ALA	Åland Islands	1	CON_USD	Constant USD																	
2018.Q2.G.01	DC_TOF_TRDDBML	Total official flows (disbursement) for Aid for Trade, by recipient countries (millions of constant 2016 United States dollars)	250	2.457288129	46.62660861	FRA	France	1	CON_USD	Constant USD																	
2018.Q2.G.01	DC_TOF_TRDDBML	Total official flows (disbursement) for Aid for Trade, by recipient countries (millions of constant 2016 United States dollars)	254	-53.23619089	3.922673437	GUF	French Guiana	1	CON_USD	Constant USD																	
2018.Q2.G.01	DC_TOF_TRDDBML	Total official flows (disbursement) for Aid for Trade, by recipient countries (millions of constant 2016 United States dollars)	258	-149.4052367	-17.67709294	PYF	French Polynesia	1	CON_USD	Constant USD																	
2018.Q2.G.01	DC_TOF_TRDDBML	Total official flows (disbursement) for Aid for Trade, by recipient countries (millions of constant 2016 United States dollars)	260	69.64849091	-49.6068576	ATF	French Southern Territories	1	CON_USD	Constant USD																	
2018.Q2.G.01	DC_TOF_TRDDBML	Total official flows (disbursement) for Aid for Trade, by recipient countries (millions of constant 2016 United States dollars)	262	42.18274707	11.56004161	DJI	Djibouti	1	CON_USD	Constant USD		1.92	7.69	14.85	38.55	28.38	15.97	12.51	25.99	31.08	55.19	70.23	39	2016	70.23	Creditor Reporting System (CRS) database, 2018, The Organisation for Economic Co-operation and Development (OECD)	
2018.Q2.G.01	DC_TOF_TRDDBML	Total official flows (disbursement) for Aid for Trade, by recipient countries (millions of constant 2016 United States dollars)	266	11.78727747	-0.60687619	GAB	Gabon	1	CON_USD	Constant USD		15.94	30.24	17.26	15.76	47.57	22.04	25.3	21.06	48.35	65.66	12.16	34.506	2016	12.16	Creditor Reporting System (CRS) database, 2018, The Organisation for Economic Co-operation and Development (OECD)	
2018.Q2.G.01	DC_TOF_TRDDBML	Total official flows (disbursement) for Aid for Trade, by recipient countries (millions of constant 2016 United States dollars)	268	43.3713615	42.04813028	GEO	Georgia	1	CON_USD	Constant USD		111.2	124.37	213.71	233.49	238.36	183.14	309.46	312.37	263.17	243.35	226.9	271.05	2016	226.9	Creditor Reporting System (CRS) database, 2018, The Organisation for Economic Co-operation and Development (OECD)	
2018.Q2.G.01	DC_TOF_TRDDBML	Total official flows (disbursement) for Aid for Trade, by recipient countries (millions of constant 2016 United States dollars)	270	-15.39944785	13.45295927	GMB	Gambia	1	CON_USD	Constant USD		12.72	14.44	15.57	30.38	31.76	51.23	46.97	34.37	37.61	36.49	33.46	37.78	2016	33.46	Creditor Reporting System (CRS) database, 2018, The Organisation for Economic Co-operation and Development (OECD)	
2018.Q2.G.01	DC_TOF_TRDDBML	Total official flows (disbursement) for Aid for Trade, by recipient countries (millions of constant 2016 United States dollars)	275	35.25694122	31.94347933	PSE	State of Palestine	1	CON_USD	Constant USD		80.47	61.84	56.54	132.96	210.57	168.61	65.81	94.59	119.72	97.52	121.7	99.868	2016	121.7	Creditor Reporting System (CRS) database, 2018, The Organisation for Economic Co-operation and Development (OECD)	
2018.Q2.G.01	DC_TOF_TRDDBML	Total official flows (disbursement) for Aid for Trade, by recipient countries (millions of constant 2016 United States dollars)	276	10.3806066	51.08862743	DEU	Germany	1	CON_USD	Constant USD																	
2018.Q2.G.01	DC_TOF_TRDDBML	Total official flows (disbursement) for Aid for Trade, by recipient countries (millions of constant 2016 United States dollars)	288	-1.205623522	7.964825185	GHA	Ghana	1	CON_USD	Constant USD		293.93	297.88	344.84	385.29	525.45	652.21	593.2	453.62	498.96	465.46	419.61	486.17	2016	419.61	Creditor Reporting System (CRS) database, 2018, The Organisation for Economic Co-operation and Development (OECD)	
2018.Q2.G.01	DC_TOF_TRDDBML	Total official flows (disbursement) for Aid for Trade, by recipient countries (millions of constant 2016 United States dollars)	292	-5.347561686	36.13895036	GIB	Gibraltar	1	CON_USD	Constant USD																	
2018.Q2.G.01	DC_TOF_TRDDBML	Total official flows (disbursement) for Aid for Trade, by recipient countries (millions of constant 2016 United States dollars)	296	-157.5643005	1.768837732	KIR	Kiribati	1	CON_USD	Constant USD		9.97	12.46	6.12	6.04	3.49	12.14	25.18	29.16	37.42	25.86	30.36	29.596	2016	30.36	Creditor Reporting System (CRS) database, 2018, The Organisation for Economic Co-operation and Development (OECD)	
2018.Q2.G.01	DC_TOF_TRDDBML	Total official flows (disbursement) for Aid for Trade, by recipient countries (millions of constant 2016 United States dollars)	300	22.58307827	39.47301873	GRC	Greece	1	CON_USD	Constant USD																	
2018.Q2.G.01	DC_TOF_TRDDBML	Total official flows (disbursement) for Aid for Trade, by recipient countries (millions of constant 2016 United States dollars)	304	-41.39371316	74.75625681	GRL	Greenland	1	CON_USD	Constant USD																	
2018.Q2.G.01	DC_TOF_TRDDBML	Total official flows (disbursement) for Aid for Trade, by recipient countries (millions of constant 2016 United States dollars)	308	-61.68248568	12.11238395	GRD	Grenada	1	CON_USD	Constant USD		0.59	0.27	1.62	2.31	8.4	7.32	0.43	3.71	8.44	12.33	5.05	5.992	2016	5.05	Creditor Reporting System (CRS) database, 2018, The Organisation for Economic Co-operation and Development (OECD)	
2018.Q2.G.01	DC_TOF_TRDDBML	Total official flows (disbursement) for Aid for Trade, by recipient countries (millions of constant 2016 United States dollars)	312	-61.64762115	16.14416917	GLP	Guadeloupe	1	CON_USD	Constant USD																	
2018.Q2.G.01	DC_TOF_TRDDBML	Total official flows (disbursement) for Aid for Trade, by recipient countries (millions of constant 2016 United States dollars)	316	144.7029305	13.35485404	GUM	Guam	1	CON_USD	Constant USD																	
2018.Q2.G.01	DC_TOF_TRDDBML	Total official flows (disbursement) for Aid for Trade, by recipient countries (millions of constant 2016 United States dollars)	320	-91.2312746	15.00273719	GTM	Guatemala	1	CON_USD	Constant USD		19.78	24.37	30.44	54.5	75.12	44.89	60.9	123.64	55.87	56.09	57.22	70.744	2016	57.22	Creditor Reporting System (CRS) database, 2018, The Organisation for Economic Co-operation and Development (OECD)	
2018.Q2.G.01	DC_TOF_TRDDBML	Total official flows (disbursement) for Aid for Trade, by recipient countries (millions of constant 2016 United States dollars)	324	-11.28173419	11.00210343	GIN	Guinea	1	CON_USD	Constant USD		28.66	41.53	55.1	50.43	56.98	64.16	64.34	75.85	56.53	53.37	82.18	66.454	2016	82.18	Creditor Reporting System (CRS) database, 2018, The Organisation for Economic Co-operation and Development (OECD)	
2018.Q2.G.01	DC_TOF_TRDDBML	Total official flows (disbursement) for Aid for Trade, by recipient countries (millions of constant 2016 United States dollars)	328	-58.97322037	4.788012784	GUY	Guyana	1	CON_USD	Constant USD		5.7	9.36	32.36	55.42	55.89	45.1	55.86	51.04	23.66	4.45	39.03	34.808	2016	39.03	Creditor Reporting System (CRS) database, 2018, The Organisation for Economic Co-operation and Development (OECD)	
2018.Q2.G.01	DC_TOF_TRDDBML	Total official flows (disbursement) for Aid for Trade, by recipient countries (millions of constant 2016 United States dollars)	332	-72.33640958	18.40426539	HTI	Haiti	1	CON_USD	Constant USD		30.7	51.52	73.88	151.86	285.28	294.26	262.11	230.13	236.02	250.21	183.61	232.416	2016	183.61	Creditor Reporting System (CRS) database, 2018, The Organisation for Economic Co-operation and Development (OECD)	
2018.Q2.G.01	DC_TOF_TRDDBML	Total official flows (disbursement) for Aid for Trade, by recipient countries (millions of constant 2016 United States dollars)	334	73.52633626	-53.09106147	HMD	Heard Island and McDonald Islands	1	CON_USD	Constant USD																	
2018.Q2.G.01	DC_TOF_TRDDBML	Total official flows (disbursement) for Aid for Trade, by recipient countries (millions of constant 2016 United States dollars)	336	12.45315803	41.90343751	VAT	Holy See	1	CON_USD	Constant USD																	
2018.Q2.G.01	DC_TOF_TRDDBML	Total official flows (disbursement) for Aid for Trade, by recipient countries (millions of constant 2016 United States dollars)	340	-86.59974381	14.82243161	HND	Honduras	1	CON_USD	Constant USD		65.01	54.19	99.43	156.48	216.86	154.29	171.54	241.61	257.87	144.35	144.58	191.99	2016	144.58	Creditor Reporting System (CRS) database, 2018, The Organisation for Economic Co-operation and Development (OECD)	
2018.Q2.G.01	DC_TOF_TRDDBML	Total official flows (disbursement) for Aid for Trade, by recipient countries (millions of constant 2016 United States dollars)	344	114.0266445	22.41749934	HKG	China, Hong Kong Special Administrative Region	1	CON_USD	Constant USD																	
2018.Q2.G.01	DC_TOF_TRDDBML	Total official flows (disbursement) for Aid for Trade, by recipient countries (millions of constant 2016 United States dollars)	348	19.41221519	47.1651448	HUN	Hungary	1	CON_USD	Constant USD																	
2018.Q2.G.01	DC_TOF_TRDDBML	Total official flows (disbursement) for Aid for Trade, by recipient countries (millions of constant 2016 United States dollars)	352	-19.02116966	64.79134763	ISL	Iceland	1	CON_USD	Constant USD																	
2018.Q2.G.01	DC_TOF_TRDDBML	Total official flows (disbursement) for Aid for Trade, by recipient countries (millions of constant 2016 United States dollars)	356	79.3608464	22.34642074	IND	India	1	CON_USD	Constant USD		937.42	1029.24	1522.13	1676.83	1988.1	1801.91	1458.82	1922.59	2266.85	3237.89	2783.74	2333.978	2016	2783.74	Creditor Reporting System (CRS) database, 2018, The Organisation for Economic Co-operation and Development (OECD)	
2018.Q2.G.01	DC_TOF_TRDDBML	Total official flows (disbursement) for Aid for Trade, by recipient countries (millions of constant 2016 United States dollars)	360	113.9174	-0.994582204	IDN	Indonesia	1	CON_USD	Constant USD		720.89	658.72	860.23	707.8	939.52	672.76	586.69	545.01	547.15	917.61	505.46	620.384	2016	505.46	Creditor Reporting System (CRS) database, 2018, The Organisation for Economic Co-operation and Development (OECD)	
2018.Q2.G.01	DC_TOF_TRDDBML	Total official flows (disbursement) for Aid for Trade, by recipient countries (millions of constant 2016 United States dollars)	364	54.19766348	32.74370885	IRN	Iran (Islamic Republic of)	1	CON_USD	Constant USD		2.86	1.48	1.89	2.53	2.66	6.2	6.57	4.54	3.98	6.23	4.33	5.13	2016	4.33	Creditor Reporting System (CRS) database, 2018, The Organisation for Economic Co-operation and Development (OECD)	
2018.Q2.G.01	DC_TOF_TRDDBML	Total official flows (disbursement) for Aid for Trade, by recipient countries (millions of constant 2016 United States dollars)	368	43.76606267	33.05013795	IRQ	Iraq	1	CON_USD	Constant USD		3244.22	1828.83	836.84	379.72	476.63	424.19	371.16	710.04	287.95	217.25	264.99	370.278	2016	264.99	Creditor Reporting System (CRS) database, 2018, The Organisation for Economic Co-operation and Development (OECD)	
2018.Q2.G.01	DC_TOF_TRDDBML	Total official flows (disbursement) for Aid for Trade, by recipient countries (millions of constant 2016 United States dollars)	372	-7.121425272	53.25274054	IRL	Ireland	1	CON_USD	Constant USD																	
2018.Q2.G.01	DC_TOF_TRDDBML	Total official flows (disbursement) for Aid for Trade, by recipient countries (millions of constant 2016 United States dollars)	376	34.62277992	31.06164552	ISR	Israel	1	CON_USD	Constant USD																	
2018.Q2.G.01	DC_TOF_TRDDBML	Total official flows (disbursement) for Aid for Trade, by recipient countries (millions of constant 2016 United States dollars)	380	12.57022427	42.79917282	ITA	Italy	1	CON_USD	Constant USD																	
2018.Q2.G.01	DC_TOF_TRDDBML	Total official flows (disbursement) for Aid for Trade, by recipient countries (millions of constant 2016 United States dollars)	384	-5.552690016	7.62211586	CIV	Côte d'Ivoire	1	CON_USD	Constant USD		17.25	24.29	222.14	188.53	168.56	110.52	80.72	98.31	161.91	218.1	166.68	145.144	2016	166.68	Creditor Reporting System (CRS) database, 2018, The Organisation for Economic Co-operation and Development (OECD)	
2018.Q2.G.01	DC_TOF_TRDDBML	Total official flows (disbursement) for Aid for Trade, by recipient countries (millions of constant 2016 United States dollars)	388	-77.31068409	18.15616857	JAM	Jamaica	1	CON_USD	Constant USD		22.57	37.09	65.08	61.56	47.39	28.12	15.27	41.56	40.16	26.1	18.1	28.238	2016	18.1	Creditor Reporting System (CRS) database, 2018, The Organisation for Economic Co-operation and Development (OECD)	
2018.Q2.G.01	DC_TOF_TRDDBML	Total official flows (disbursement) for Aid for Trade, by recipient countries (millions of constant 2016 United States dollars)	392	139.2716103	36.6554539	JPN	Japan	1	CON_USD	Constant USD																	
2018.Q2.G.01	DC_TOF_TRDDBML	Total official flows (disbursement) for Aid for Trade, by recipient countries (millions of constant 2016 United States dollars)	398	66.65359159	48.01963494	KAZ	Kazakhstan	1	CON_USD	Constant USD		18.13	108.56	168.08	96.48	55.49	20.65	33.93	45.84	22.41	15.57	30.16	29.582	2016	30.16	Creditor Reporting System (CRS) database, 2018, The Organisation for Economic Co-operation and Development (OECD)	
2018.Q2.G.01	DC_TOF_TRDDBML	Total official flows (disbursement) for Aid for Trade, by recipient countries (millions of constant 2016 United States dollars)	400	37.13024774	30.65365973	JOR	Jordan	1	CON_USD	Constant USD		38.85	37.91	114.25	112.09	346.3	168.47	210.24	333.53	253.18	286.52	308.85	278.464	2016	308.85	Creditor Reporting System (CRS) database, 2018, The Organisation for Economic Co-operation and Development (OECD)	
2018.Q2.G.01	DC_TOF_TRDDBML	Total official flows (disbursement) for Aid for Trade, by recipient countries (millions of constant 2016 United States dollars)	404	37.86096816	0.534797278	KEN	Kenya	1	CON_USD	Constant USD		199.1	316.36	289.99	320.88	351.63	476.95	702.94	1071.67	930.23	945.23	831.71	896.356	2016	831.71	Creditor Reporting System (CRS) database, 2018, The Organisation for Economic Co-operation and Development (OECD)	
2018.Q2.G.01	DC_TOF_TRDDBML	Total official flows (disbursement) for Aid for Trade, by recipient countries (millions of constant 2016 United States dollars)	408	127.1803633	40.1462645	PRK	Democratic People's Republic of Korea	1	CON_USD	Constant USD		6.69	2.79	17.66	4.39	4.03	1.6	2.81	2.07	2.6	6.02	2.42	3.184	2016	2.42	Creditor Reporting System (CRS) database, 2018, The Organisation for Economic Co-operation and Development (OECD)	
2018.Q2.G.01	DC_TOF_TRDDBML	Total official flows (disbursement) for Aid for Trade, by recipient countries (millions of constant 2016 United States dollars)	410	127.8610254	36.45201023	KOR	Republic of Korea	1	CON_USD	Constant USD																	
2018.Q2.G.01	DC_TOF_TRDDBML	Total official flows (disbursement) for Aid for Trade, by recipient countries (millions of constant 2016 United States dollars)	414	47.49305029	29.53949468	KWT	Kuwait	1	CON_USD	Constant USD																	
2018.Q2.G.01	DC_TOF_TRDDBML	Total official flows (disbursement) for Aid for Trade, by recipient countries (millions of constant 2016 United States dollars)	417	74.52324839	41.46204516	KGZ	Kyrgyzstan	1	CON_USD	Constant USD		62.34	50.21	48.62	56.38	74	113.91	113.21	136.84	132.61	154.98	112.92	130.112	2016	112.92	Creditor Reporting System (CRS) database, 2018, The Organisation for Economic Co-operation and Development (OECD)	
2018.Q2.G.01	DC_TOF_TRDDBML	Total official flows (disbursement) for Aid for Trade, by recipient countries (millions of constant 2016 United States dollars)	418	101.9901968	20.27482773	LAO	Lao People's Democratic Republic	1	CON_USD	Constant USD		106.67	122.33	104.18	97.45	133.92	131.94	140.38	130.05	126.5	207.62	165.35	153.98	2016	165.35	Creditor Reporting System (CRS) database, 2018, The Organisation for Economic Co-operation and Development (OECD)	
2018.Q2.G.01	DC_TOF_TRDDBML	Total official flows (disbursement) for Aid for Trade, by recipient countries (millions of constant 2016 United States dollars)	422	35.89391711	33.92152458	LBN	Lebanon	1	CON_USD	Constant USD		18.87	59.46	67.95	80.43	72.96	133.45	95.69	77.47	83.82	64.37	79.28	80.126	2016	79.28	Creditor Reporting System (CRS) database, 2018, The Organisation for Economic Co-operation and Development (OECD)	
2018.Q2.G.01	DC_TOF_TRDDBML	Total official flows (disbursement) for Aid for Trade, by recipient countries (millions of constant 2016 United States dollars)	426	28.25362195	-29.58041814	LSO	Lesotho	1	CON_USD	Constant USD		13.86	16.68	19.31	11.39	24.73	32	17.89	19.29	13.27	14.45	9.78	14.936	2016	9.78	Creditor Reporting System (CRS) database, 2018, The Organisation for Economic Co-operation and Development (OECD)	
2018.Q2.G.01	DC_TOF_TRDDBML	Total official flows (disbursement) for Aid for Trade, by recipient countries (millions of constant 2016 United States dollars)	428	26.42461876	56.64196636	LVA	Latvia	1	CON_USD	Constant USD																	
2018.Q2.G.01	DC_TOF_TRDDBML	Total official flows (disbursement) for Aid for Trade, by recipient countries (millions of constant 2016 United States dollars)	430	-9.311879038	6.448381009	LBR	Liberia	1	CON_USD	Constant USD		1.62	146.75	45.41	71.13	99.77	111.23	124.97	161.96	186.18	170.35	273.16	183.324	2016	273.16	Creditor Reporting System (CRS) database, 2018, The Organisation for Economic Co-operation and Development (OECD)	
2018.Q2.G.01	DC_TOF_TRDDBML	Total official flows (disbursement) for Aid for Trade, by recipient countries (millions of constant 2016 United States dollars)	434	18.0295985	27.04042819	LBY	Libya	1	CON_USD	Constant USD		0.57	5.94	26.79	13.94	27.31	1.02	2.12	1.79	2.71	1.44	4.21	2.454	2016	4.21	Creditor Reporting System (CRS) database, 2018, The Organisation for Economic Co-operation and Development (OECD)	
2018.Q2.G.01	DC_TOF_TRDDBML	Total official flows (disbursement) for Aid for Trade, by recipient countries (millions of constant 2016 United States dollars)	438	9.552985019	47.14167005	LIE	Liechtenstein	1	CON_USD	Constant USD																	
2018.Q2.G.01	DC_TOF_TRDDBML	Total official flows (disbursement) for Aid for Trade, by recipient countries (millions of constant 2016 United States dollars)	440	23.90517807	55.33680309	LTU	Lithuania	1	CON_USD	Constant USD																	
2018.Q2.G.01	DC_TOF_TRDDBML	Total official flows (disbursement) for Aid for Trade, by recipient countries (millions of constant 2016 United States dollars)	442	6.092656563	49.77679538	LUX	Luxembourg	1	CON_USD	Constant USD																	
2018.Q2.G.01	DC_TOF_TRDDBML	Total official flows (disbursement) for Aid for Trade, by recipient countries (millions of constant 2016 United States dollars)	446	113.5665388	22.1237259	MAC	China, Macao Special Administrative Region	1	CON_USD	Constant USD																	
2018.Q2.G.01	DC_TOF_TRDDBML	Total official flows (disbursement) for Aid for Trade, by recipient countries (millions of constant 2016 United States dollars)	450	46.6982339	-19.38514785	MDG	Madagascar	1	CON_USD	Constant USD		246.89	305.79	243.97	123.79	117.53	129.64	83.18	89.88	126.88	131.22	152.1	116.652	2016	152.1	Creditor Reporting System (CRS) database, 2018, The Organisation for Economic Co-operation and Development (OECD)	
2018.Q2.G.01	DC_TOF_TRDDBML	Total official flows (disbursement) for Aid for Trade, by recipient countries (millions of constant 2016 United States dollars)	454	33.4884625	-13.40819859	MWI	Malawi	1	CON_USD	Constant USD		78.15	113.6	99.15	121.6	169.32	151.6	201.94	194.2	181.79	243.48	274.07	219.096	2016	274.07	Creditor Reporting System (CRS) database, 2018, The Organisation for Economic Co-operation and Development (OECD)	
2018.Q2.G.01	DC_TOF_TRDDBML	Total official flows (disbursement) for Aid for Trade, by recipient countries (millions of constant 2016 United States dollars)	458	116.8346314	5.452415309	MYS	Malaysia	1	CON_USD	Constant USD		54.46	230.31	108.47	102.42	31.78	7.69	11.16	10.76	10.34	9.34	10.19	10.358	2016	10.19	Creditor Reporting System (CRS) database, 2018, The Organisation for Economic Co-operation and Development (OECD)	
2018.Q2.G.01	DC_TOF_TRDDBML	Total official flows (disbursement) for Aid for Trade, by recipient countries (millions of constant 2016 United States dollars)	462	73.09672546	-0.614385021	MDV	Maldives	1	CON_USD	Constant USD		0.35	4.73	5.33	9.39	28.53	7.54	5.95	1.96	6.46	7.61	13.08	7.012	2016	13.08	Creditor Reporting System (CRS) database, 2018, The Organisation for Economic Co-operation and Development (OECD)	
2018.Q2.G.01	DC_TOF_TRDDBML	Total official flows (disbursement) for Aid for Trade, by recipient countries (millions of constant 2016 United States dollars)	466	-3.522016039	17.35311254	MLI	Mali	1	CON_USD	Constant USD		177.3	276.23	214.46	250.47	328.48	443.92	306.17	226.45	257.6	250.26	265.19	261.134	2016	265.19	Creditor Reporting System (CRS) database, 2018, The Organisation for Economic Co-operation and Development (OECD)	
2018.Q2.G.01	DC_TOF_TRDDBML	Total official flows (disbursement) for Aid for Trade, by recipient countries (millions of constant 2016 United States dollars)	470	14.44617519	35.89194275	MLT	Malta	1	CON_USD	Constant USD																	
2018.Q2.G.01	DC_TOF_TRDDBML	Total official flows (disbursement) for Aid for Trade, by recipient countries (millions of constant 2016 United States dollars)	474	-60.91544135	14.56086108	MTQ	Martinique	1	CON_USD	Constant USD																	
2018.Q2.G.01	DC_TOF_TRDDBML	Total official flows (disbursement) for Aid for Trade, by recipient countries (millions of constant 2016 United States dollars)	478	-10.33187259	20.26089546	MRT	Mauritania	1	CON_USD	Constant USD		43.54	90.54	85.13	96.77	110.3	157.16	159.14	70.19	103.8	102.14	120.44	111.142	2016	120.44	Creditor Reporting System (CRS) database, 2018, The Organisation for Economic Co-operation and Development (OECD)	
2018.Q2.G.01	DC_TOF_TRDDBML	Total official flows (disbursement) for Aid for Trade, by recipient countries (millions of constant 2016 United States dollars)	480	57.568022	-20.28581998	MUS	Mauritius	1	CON_USD	Constant USD		1.61	11.96	4.39	21.22	14.75	25.42	41.97	80.42	72.99	67.78	25.14	57.66	2016	25.14	Creditor Reporting System (CRS) database, 2018, The Organisation for Economic Co-operation and Development (OECD)	
2018.Q2.G.01	DC_TOF_TRDDBML	Total official flows (disbursement) for Aid for Trade, by recipient countries (millions of constant 2016 United States dollars)	484	-102.5148166	23.93378032	MEX	Mexico	1	CON_USD	Constant USD		21.29	23.47	30.69	48.64	40.68	161.25	153.75	275.35	234.6	103.02	489.81	251.306	2016	489.81	Creditor Reporting System (CRS) database, 2018, The Organisation for Economic Co-operation and Development (OECD)	
2018.Q2.G.01	DC_TOF_TRDDBML	Total official flows (disbursement) for Aid for Trade, by recipient countries (millions of constant 2016 United States dollars)	492	7.424214814	43.73532918	MCO	Monaco	1	CON_USD	Constant USD																	
2018.Q2.G.01	DC_TOF_TRDDBML	Total official flows (disbursement) for Aid for Trade, by recipient countries (millions of constant 2016 United States dollars)	496	103.0728057	46.83892054	MNG	Mongolia	1	CON_USD	Constant USD		46.51	59.64	88.95	122.75	125.29	128.17	170.69	252.58	176.19	147.78	225.16	194.48	2016	225.16	Creditor Reporting System (CRS) database, 2018, The Organisation for Economic Co-operation and Development (OECD)	
2018.Q2.G.01	DC_TOF_TRDDBML	Total official flows (disbursement) for Aid for Trade, by recipient countries (millions of constant 2016 United States dollars)	498	28.4650624	47.20236795	MDA	Republic of Moldova	1	CON_USD	Constant USD		30.58	40.96	45.66	49.1	67.76	115.42	173.06	150.8	216.44	161.99	118	164.058	2016	118	Creditor Reporting System (CRS) database, 2018, The Organisation for Economic Co-operation and Development (OECD)	
2018.Q2.G.01	DC_TOF_TRDDBML	Total official flows (disbursement) for Aid for Trade, by recipient countries (millions of constant 2016 United States dollars)	499	19.25214024	42.78717043	MNE	Montenegro	1	CON_USD	Constant USD		19.89	20.24	24.94	25.85	20.96	55.32	28.18	61.33	44.6	88.94	65.67	57.744	2016	65.67	Creditor Reporting System (CRS) database, 2018, The Organisation for Economic Co-operation and Development (OECD)	
2018.Q2.G.01	DC_TOF_TRDDBML	Total official flows (disbursement) for Aid for Trade, by recipient countries (millions of constant 2016 United States dollars)	500	-62.19261223	16.73558313	MSR	Montserrat	1	CON_USD	Constant USD		6.65	1.88	4.07	8.29	9.36	9.4	8.56	14.91	17.39	17.44	9.38	13.536	2016	9.38	Creditor Reporting System (CRS) database, 2018, The Organisation for Economic Co-operation and Development (OECD)	
2018.Q2.G.01	DC_TOF_TRDDBML	Total official flows (disbursement) for Aid for Trade, by recipient countries (millions of constant 2016 United States dollars)	504	-6.281942841	31.8440131	MAR	Morocco	1	CON_USD	Constant USD		320.77	444.02	416.53	541.52	664.93	917.87	967.87	1235.72	1251.22	971.87	1679.67	1221.27	2016	1679.67	Creditor Reporting System (CRS) database, 2018, The Organisation for Economic Co-operation and Development (OECD)	
2018.Q2.G.01	DC_TOF_TRDDBML	Total official flows (disbursement) for Aid for Trade, by recipient countries (millions of constant 2016 United States dollars)	508	38.18479941	-14.27963886	MOZ	Mozambique	1	CON_USD	Constant USD		362.7	309.68	292.67	301.68	311.67	324.65	408.89	549.28	514.19	558.23	436.82	493.482	2016	436.82	Creditor Reporting System (CRS) database, 2018, The Organisation for Economic Co-operation and Development (OECD)	
2018.Q2.G.01	DC_TOF_TRDDBML	Total official flows (disbursement) for Aid for Trade, by recipient countries (millions of constant 2016 United States dollars)	512	57.87743482	21.98805614	OMN	Oman	1	CON_USD	Constant USD																	
2018.Q2.G.01	DC_TOF_TRDDBML	Total official flows (disbursement) for Aid for Trade, by recipient countries (millions of constant 2016 United States dollars)	516	17.21907885	-22.13817068	NAM	Namibia	1	CON_USD	Constant USD		21.2	29.8	32.67	55.96	56.08	96.9	46.31	56.87	67.55	51.7	56.53	55.792	2016	56.53	Creditor Reporting System (CRS) database, 2018, The Organisation for Economic Co-operation and Development (OECD)	
2018.Q2.G.01	DC_TOF_TRDDBML	Total official flows (disbursement) for Aid for Trade, by recipient countries (millions of constant 2016 United States dollars)	520	166.92313	-0.528742623	NRU	Nauru	1	CON_USD	Constant USD		8.1	7.87	11.48	6.37	0.8	1.08	5.1	4	2.08	7.99	2.41	4.316	2016	2.41	Creditor Reporting System (CRS) database, 2018, The Organisation for Economic Co-operation and Development (OECD)	
2018.Q2.G.01	DC_TOF_TRDDBML	Total official flows (disbursement) for Aid for Trade, by recipient countries (millions of constant 2016 United States dollars)	524	83.94678863	28.25866332	NPL	Nepal	1	CON_USD	Constant USD		104.26	114.76	142.09	146.38	228.02	240.19	241.38	290.72	294.12	393.89	278.8	299.782	2016	278.8	Creditor Reporting System (CRS) database, 2018, The Organisation for Economic Co-operation and Development (OECD)	
2018.Q2.G.01	DC_TOF_TRDDBML	Total official flows (disbursement) for Aid for Trade, by recipient countries (millions of constant 2016 United States dollars)	528	5.331480568	51.86728884	NLD	Netherlands	1	CON_USD	Constant USD																	
2018.Q2.G.01	DC_TOF_TRDDBML	Total official flows (disbursement) for Aid for Trade, by recipient countries (millions of constant 2016 United States dollars)	530	-68.30676179	12.22720635	ANT	Netherlands Antilles	1	CON_USD	Constant USD																	
2018.Q2.G.01	DC_TOF_TRDDBML	Total official flows (disbursement) for Aid for Trade, by recipient countries (millions of constant 2016 United States dollars)	531	-68.95033464	12.15058042	CUW	Curaçao	1	CON_USD	Constant USD																	
2018.Q2.G.01	DC_TOF_TRDDBML	Total official flows (disbursement) for Aid for Trade, by recipient countries (millions of constant 2016 United States dollars)	533	-69.97050586	12.50878756	ABW	Aruba	1	CON_USD	Constant USD																	
2018.Q2.G.01	DC_TOF_TRDDBML	Total official flows (disbursement) for Aid for Trade, by recipient countries (millions of constant 2016 United States dollars)	534	-63.06198692	18.03926508	SXM	Sint Maarten (Dutch part)	1	CON_USD	Constant USD																	
2018.Q2.G.01	DC_TOF_TRDDBML	Total official flows (disbursement) for Aid for Trade, by recipient countries (millions of constant 2016 United States dollars)	540	165.5067368	-21.41742531	NCL	New Caledonia	1	CON_USD	Constant USD																	
2018.Q2.G.01	DC_TOF_TRDDBML	Total official flows (disbursement) for Aid for Trade, by recipient countries (millions of constant 2016 United States dollars)	548	167.0679779	-15.34445547	VUT	Vanuatu	1	CON_USD	Constant USD		5.22	14.05	46.63	49.9	35.02	13.6	15.8	12.47	24.53	38.9	52.89	28.918	2016	52.89	Creditor Reporting System (CRS) database, 2018, The Organisation for Economic Co-operation and Development (OECD)	
2018.Q2.G.01	DC_TOF_TRDDBML	Total official flows (disbursement) for Aid for Trade, by recipient countries (millions of constant 2016 United States dollars)	554	170.4755673	-43.98721568	NZL	New Zealand	1	CON_USD	Constant USD																	
2018.Q2.G.01	DC_TOF_TRDDBML	Total official flows (disbursement) for Aid for Trade, by recipient countries (millions of constant 2016 United States dollars)	558	-85.03060315	12.84210839	NIC	Nicaragua	1	CON_USD	Constant USD		110.73	138.59	139.7	180.57	216.72	201.88	199.35	185.3	168.37	242.5	194.89	198.082	2016	194.89	Creditor Reporting System (CRS) database, 2018, The Organisation for Economic Co-operation and Development (OECD)	
2018.Q2.G.01	DC_TOF_TRDDBML	Total official flows (disbursement) for Aid for Trade, by recipient countries (millions of constant 2016 United States dollars)	562	9.400167877	17.42143036	NER	Niger	1	CON_USD	Constant USD		67.12	91.65	95.63	73.94	117.68	94.59	114.03	137.64	139.75	106.7	199.47	139.518	2016	199.47	Creditor Reporting System (CRS) database, 2018, The Organisation for Economic Co-operation and Development (OECD)	
2018.Q2.G.01	DC_TOF_TRDDBML	Total official flows (disbursement) for Aid for Trade, by recipient countries (millions of constant 2016 United States dollars)	566	8.097363256	9.585789025	NGA	Nigeria	1	CON_USD	Constant USD		168.03	298.47	207.39	235.24	407.89	314.84	340.3	502.43	543.49	583.56	400.37	474.03	2016	400.37	Creditor Reporting System (CRS) database, 2018, The Organisation for Economic Co-operation and Development (OECD)	
2018.Q2.G.01	DC_TOF_TRDDBML	Total official flows (disbursement) for Aid for Trade, by recipient countries (millions of constant 2016 United States dollars)	570	-169.8601693	-19.05000475	NIU	Niue	1	CON_USD	Constant USD		1.8	1.49	3.09	0.57	4.49	8.76	4.18	4.41	2.15	9.5	2.51	4.55	2016	2.51	Creditor Reporting System (CRS) database, 2018, The Organisation for Economic Co-operation and Development (OECD)	
2018.Q2.G.01	DC_TOF_TRDDBML	Total official flows (disbursement) for Aid for Trade, by recipient countries (millions of constant 2016 United States dollars)	574	167.9515548	-29.03230018	NFK	Norfolk Island	1	CON_USD	Constant USD																	
2018.Q2.G.01	DC_TOF_TRDDBML	Total official flows (disbursement) for Aid for Trade, by recipient countries (millions of constant 2016 United States dollars)	578	11.47846389	61.34311134	NOR	Norway	1	CON_USD	Constant USD																	
2018.Q2.G.01	DC_TOF_TRDDBML	Total official flows (disbursement) for Aid for Trade, by recipient countries (millions of constant 2016 United States dollars)	580	145.7582114	15.19099517	MNP	Northern Mariana Islands	1	CON_USD	Constant USD																	
2018.Q2.G.01	DC_TOF_TRDDBML	Total official flows (disbursement) for Aid for Trade, by recipient countries (millions of constant 2016 United States dollars)	581	-162.4343752	5.874443968	UMI	US Minor Outlying Islands	1	CON_USD	Constant USD																	
2018.Q2.G.01	DC_TOF_TRDDBML	Total official flows (disbursement) for Aid for Trade, by recipient countries (millions of constant 2016 United States dollars)	583	158.225216	6.880670092	FSM	Micronesia, Federated States of	1	CON_USD	Constant USD		8.67	9.68	9.17	7.54	12.38	20.93	4.13	21.44	6.85	13.49	15.51	12.284	2016	15.51	Creditor Reporting System (CRS) database, 2018, The Organisation for Economic Co-operation and Development (OECD)	
2018.Q2.G.01	DC_TOF_TRDDBML	Total official flows (disbursement) for Aid for Trade, by recipient countries (millions of constant 2016 United States dollars)	584	171.0839119	7.110213497	MHL	Marshall Islands	1	CON_USD	Constant USD		1.27	1.46	2.11	3.78	9.38	2.86	5.72	12.64	1.44	4.98	1.25	5.206	2016	1.25	Creditor Reporting System (CRS) database, 2018, The Organisation for Economic Co-operation and Development (OECD)	
2018.Q2.G.01	DC_TOF_TRDDBML	Total official flows (disbursement) for Aid for Trade, by recipient countries (millions of constant 2016 United States dollars)	585	134.5733878	7.502307591	PLW	Palau	1	CON_USD	Constant USD		6.79	5.03	11.35	3.94	6.64	1.08	2.17	13.13	4.16	5.41	4.11	5.796	2016	4.11	Creditor Reporting System (CRS) database, 2018, The Organisation for Economic Co-operation and Development (OECD)	
2018.Q2.G.01	DC_TOF_TRDDBML	Total official flows (disbursement) for Aid for Trade, by recipient countries (millions of constant 2016 United States dollars)	586	68.80479684	29.36491634	PAK	Pakistan	1	CON_USD	Constant USD		292.23	378.81	334.91	366.94	324.51	572.5	581.13	730.29	1908.85	1738.69	886.45	1169.082	2016	886.45	Creditor Reporting System (CRS) database, 2018, The Organisation for Economic Co-operation and Development (OECD)	
2018.Q2.G.01	DC_TOF_TRDDBML	Total official flows (disbursement) for Aid for Trade, by recipient countries (millions of constant 2016 United States dollars)	591	-81.26616623	8.450965746	PAN	Panama	1	CON_USD	Constant USD		5.67	8.57	7.99	10.72	10.68	15.22	12.95	5.56	5.03	3.84	9.43	7.362	2016	9.43	Creditor Reporting System (CRS) database, 2018, The Organisation for Economic Co-operation and Development (OECD)	
2018.Q2.G.01	DC_TOF_TRDDBML	Total official flows (disbursement) for Aid for Trade, by recipient countries (millions of constant 2016 United States dollars)	598	145.8587761	-6.756057077	PNG	Papua New Guinea	1	CON_USD	Constant USD		53.23	109.67	110.64	82.6	110.87	118.46	138.25	171.74	153.29	187.67	165.41	163.272	2016	165.41	Creditor Reporting System (CRS) database, 2018, The Organisation for Economic Co-operation and Development (OECD)	
2018.Q2.G.01	DC_TOF_TRDDBML	Total official flows (disbursement) for Aid for Trade, by recipient countries (millions of constant 2016 United States dollars)	600	-60.54854225	-21.70216237	PRY	Paraguay	1	CON_USD	Constant USD		11.59	23.74	64.05	72.68	36.26	24.47	51.58	28.85	56.52	43.55	74.36	50.972	2016	74.36	Creditor Reporting System (CRS) database, 2018, The Organisation for Economic Co-operation and Development (OECD)	
2018.Q2.G.01	DC_TOF_TRDDBML	Total official flows (disbursement) for Aid for Trade, by recipient countries (millions of constant 2016 United States dollars)	604	-71.82093277	-13.58939705	PER	Peru	1	CON_USD	Constant USD		123.58	244.96	146.54	106	150.3	132.24	156.89	117.65	94.97	96.49	117.32	116.664	2016	117.32	Creditor Reporting System (CRS) database, 2018, The Organisation for Economic Co-operation and Development (OECD)	
2018.Q2.G.01	DC_TOF_TRDDBML	Total official flows (disbursement) for Aid for Trade, by recipient countries (millions of constant 2016 United States dollars)	608	120.8601418	14.16591706	PHL	Philippines	1	CON_USD	Constant USD		324.7	622.68	459.03	497.44	327.76	291.17	213.62	208.97	236.73	368.91	361.71	277.988	2016	361.71	Creditor Reporting System (CRS) database, 2018, The Organisation for Economic Co-operation and Development (OECD)	
2018.Q2.G.01	DC_TOF_TRDDBML	Total official flows (disbursement) for Aid for Trade, by recipient countries (millions of constant 2016 United States dollars)	612	-128.3225873	-24.37538456	PCN	Pitcairn	1	CON_USD	Constant USD																	
2018.Q2.G.01	DC_TOF_TRDDBML	Total official flows (disbursement) for Aid for Trade, by recipient countries (millions of constant 2016 United States dollars)	616	19.40660158	52.1226733	POL	Poland	1	CON_USD	Constant USD																	
2018.Q2.G.01	DC_TOF_TRDDBML	Total official flows (disbursement) for Aid for Trade, by recipient countries (millions of constant 2016 United States dollars)	620	-7.961599811	39.68509315	PRT	Portugal	1	CON_USD	Constant USD																	
2018.Q2.G.01	DC_TOF_TRDDBML	Total official flows (disbursement) for Aid for Trade, by recipient countries (millions of constant 2016 United States dollars)	624	-14.40182514	12.11760394	GNB	Guinea-Bissau	1	CON_USD	Constant USD		27.95	37.81	25.7	30.37	12.34	21.81	14.1	8.21	10.61	10.07	10.06	10.61	2016	10.06	Creditor Reporting System (CRS) database, 2018, The Organisation for Economic Co-operation and Development (OECD)	
2018.Q2.G.01	DC_TOF_TRDDBML	Total official flows (disbursement) for Aid for Trade, by recipient countries (millions of constant 2016 United States dollars)	626	125.9451052	-8.797497247	TLS	Timor-Leste	1	CON_USD	Constant USD		18.28	15.43	33.14	30.18	40.63	40.81	51.41	58.07	57.52	70.59	74.3	62.378	2016	74.3	Creditor Reporting System (CRS) database, 2018, The Organisation for Economic Co-operation and Development (OECD)	
2018.Q2.G.01	DC_TOF_TRDDBML	Total official flows (disbursement) for Aid for Trade, by recipient countries (millions of constant 2016 United States dollars)	630	-66.47591017	18.22753799	PRI	Puerto Rico	1	CON_USD	Constant USD																	
2018.Q2.G.01	DC_TOF_TRDDBML	Total official flows (disbursement) for Aid for Trade, by recipient countries (millions of constant 2016 United States dollars)	634	51.19152467	25.28355379	QAT	Qatar	1	CON_USD	Constant USD																	
2018.Q2.G.01	DC_TOF_TRDDBML	Total official flows (disbursement) for Aid for Trade, by recipient countries (millions of constant 2016 United States dollars)	638	55.53171398	-21.13183266	REU	Réunion	1	CON_USD	Constant USD																	
2018.Q2.G.01	DC_TOF_TRDDBML	Total official flows (disbursement) for Aid for Trade, by recipient countries (millions of constant 2016 United States dollars)	642	24.98481009	45.83893563	ROU	Romania	1	CON_USD	Constant USD																	
2018.Q2.G.01	DC_TOF_TRDDBML	Total official flows (disbursement) for Aid for Trade, by recipient countries (millions of constant 2016 United States dollars)	643	99.01404926	61.61899849	RUS	Russian Federation	1	CON_USD	Constant USD																	
2018.Q2.G.01	DC_TOF_TRDDBML	Total official flows (disbursement) for Aid for Trade, by recipient countries (millions of constant 2016 United States dollars)	646	29.92310194	-1.999842114	RWA	Rwanda	1	CON_USD	Constant USD		69.18	97.72	131.88	150.96	185.02	267.1	174.18	205.17	206.2	336.87	326.99	249.882	2016	326.99	Creditor Reporting System (CRS) database, 2018, The Organisation for Economic Co-operation and Development (OECD)	
2018.Q2.G.01	DC_TOF_TRDDBML	Total official flows (disbursement) for Aid for Trade, by recipient countries (millions of constant 2016 United States dollars)	652	-62.83173536	17.89513362	BLM	Saint Barthélemy	1	CON_USD	Constant USD																	
2018.Q2.G.01	DC_TOF_TRDDBML	Total official flows (disbursement) for Aid for Trade, by recipient countries (millions of constant 2016 United States dollars)	654	-5.705752501	-15.96503946	SHN	Saint Helena	1	CON_USD	Constant USD		8.38	6.94	24.44	14.72	8.65	68.15	130.64	84.83	70.44	43.64	45.86	75.082	2016	45.86	Creditor Reporting System (CRS) database, 2018, The Organisation for Economic Co-operation and Development (OECD)	
2018.Q2.G.01	DC_TOF_TRDDBML	Total official flows (disbursement) for Aid for Trade, by recipient countries (millions of constant 2016 United States dollars)	659	-62.76628613	17.33994219	KNA	Saint Kitts and Nevis	1	CON_USD	Constant USD																	
2018.Q2.G.01	DC_TOF_TRDDBML	Total official flows (disbursement) for Aid for Trade, by recipient countries (millions of constant 2016 United States dollars)	660	-63.05651612	18.21525315	AIA	Anguilla	1	CON_USD	Constant USD																	
2018.Q2.G.01	DC_TOF_TRDDBML	Total official flows (disbursement) for Aid for Trade, by recipient countries (millions of constant 2016 United States dollars)	662	-60.96529553	13.89405601	LCA	Saint Lucia	1	CON_USD	Constant USD		3.21	5.55	10.79	15.84	19.96	9.15	8.43	9.27	1.27	4.01	8.78	6.352	2016	8.78	Creditor Reporting System (CRS) database, 2018, The Organisation for Economic Co-operation and Development (OECD)	
2018.Q2.G.01	DC_TOF_TRDDBML	Total official flows (disbursement) for Aid for Trade, by recipient countries (millions of constant 2016 United States dollars)	663	-63.04505461	18.0882685	MAF	Saint Martin (French Part)	1	CON_USD	Constant USD																	
2018.Q2.G.01	DC_TOF_TRDDBML	Total official flows (disbursement) for Aid for Trade, by recipient countries (millions of constant 2016 United States dollars)	666	-56.33682442	46.85812735	SPM	Saint Pierre and Miquelon	1	CON_USD	Constant USD																	
2018.Q2.G.01	DC_TOF_TRDDBML	Total official flows (disbursement) for Aid for Trade, by recipient countries (millions of constant 2016 United States dollars)	670	-61.19024321	13.24627968	VCT	Saint Vincent and the Grenadines	1	CON_USD	Constant USD		2.63	8.58	15.08	10.49	3.67	7.15	1.36	2.04	0.91	1.86	7.97	2.828	2016	7.97	Creditor Reporting System (CRS) database, 2018, The Organisation for Economic Co-operation and Development (OECD)	
2018.Q2.G.01	DC_TOF_TRDDBML	Total official flows (disbursement) for Aid for Trade, by recipient countries (millions of constant 2016 United States dollars)	674	12.46329038	43.93841766	SMR	San Marino	1	CON_USD	Constant USD																	
2018.Q2.G.01	DC_TOF_TRDDBML	Total official flows (disbursement) for Aid for Trade, by recipient countries (millions of constant 2016 United States dollars)	678	6.609772265	0.241554875	STP	Sao Tome and Principe	1	CON_USD	Constant USD		5.1	5.4	7.52	2.71	4.82	16.59	9.01	11.36	8.24	15.87	8.87	10.67	2016	8.87	Creditor Reporting System (CRS) database, 2018, The Organisation for Economic Co-operation and Development (OECD)	
2018.Q2.G.01	DC_TOF_TRDDBML	Total official flows (disbursement) for Aid for Trade, by recipient countries (millions of constant 2016 United States dollars)	682	44.54763347	24.12594211	SAU	Saudi Arabia	1	CON_USD	Constant USD																	
2018.Q2.G.01	DC_TOF_TRDDBML	Total official flows (disbursement) for Aid for Trade, by recipient countries (millions of constant 2016 United States dollars)	686	-14.46636926	14.35920905	SEN	Senegal	1	CON_USD	Constant USD		183.44	169.27	258.03	193.74	228.43	275.96	242.45	296.38	451.54	419.26	283.37	338.6	2016	283.37	Creditor Reporting System (CRS) database, 2018, The Organisation for Economic Co-operation and Development (OECD)	
2018.Q2.G.01	DC_TOF_TRDDBML	Total official flows (disbursement) for Aid for Trade, by recipient countries (millions of constant 2016 United States dollars)	688	20.805876	44.03145697	SRB	Serbia	1	CON_USD	Constant USD		247.78	220.76	204.76	208.25	244.12	816.32	686.93	560.6	313.12	408.6	427.98	479.446	2016	427.98	Creditor Reporting System (CRS) database, 2018, The Organisation for Economic Co-operation and Development (OECD)	
2018.Q2.G.01	DC_TOF_TRDDBML	Total official flows (disbursement) for Aid for Trade, by recipient countries (millions of constant 2016 United States dollars)	690	55.46561591	-4.678053059	SYC	Seychelles	1	CON_USD	Constant USD		5.84	1.24	1.99	8.45	4.29	6.53	18.84	9.29	5.17	2.97	3.84	8.022	2016	3.84	Creditor Reporting System (CRS) database, 2018, The Organisation for Economic Co-operation and Development (OECD)	
2018.Q2.G.01	DC_TOF_TRDDBML	Total official flows (disbursement) for Aid for Trade, by recipient countries (millions of constant 2016 United States dollars)	694	-11.78306584	8.568604164	SLE	Sierra Leone	1	CON_USD	Constant USD		35.86	42.13	69.3	96	103.44	88.73	93.22	94.82	84.46	65.56	100.33	87.678	2016	100.33	Creditor Reporting System (CRS) database, 2018, The Organisation for Economic Co-operation and Development (OECD)	
2018.Q2.G.01	DC_TOF_TRDDBML	Total official flows (disbursement) for Aid for Trade, by recipient countries (millions of constant 2016 United States dollars)	702	103.8107883	1.361009155	SGP	Singapore	1	CON_USD	Constant USD																	
2018.Q2.G.01	DC_TOF_TRDDBML	Total official flows (disbursement) for Aid for Trade, by recipient countries (millions of constant 2016 United States dollars)	703	19.48495604	48.70741446	SVK	Slovakia	1	CON_USD	Constant USD																	
2018.Q2.G.01	DC_TOF_TRDDBML	Total official flows (disbursement) for Aid for Trade, by recipient countries (millions of constant 2016 United States dollars)	704	105.802499	10.09643079	VNM	Viet Nam	1	CON_USD	Constant USD		826.25	1109.31	1102.71	1231.66	1512.66	1757.72	2318.19	2403.51	2742.28	2343.2	2187.75	2398.986	2016	2187.75	Creditor Reporting System (CRS) database, 2018, The Organisation for Economic Co-operation and Development (OECD)	
2018.Q2.G.01	DC_TOF_TRDDBML	Total official flows (disbursement) for Aid for Trade, by recipient countries (millions of constant 2016 United States dollars)	705	14.82209486	46.11958061	SVN	Slovenia	1	CON_USD	Constant USD																	
2018.Q2.G.01	DC_TOF_TRDDBML	Total official flows (disbursement) for Aid for Trade, by recipient countries (millions of constant 2016 United States dollars)	706	46.20367477	4.406485729	SOM	Somalia	1	CON_USD	Constant USD		6.3	2.61	7.72	15.5	21.78	29.97	40.26	51.35	55.26	69.46	53.59	53.984	2016	53.59	Creditor Reporting System (CRS) database, 2018, The Organisation for Economic Co-operation and Development (OECD)	
2018.Q2.G.01	DC_TOF_TRDDBML	Total official flows (disbursement) for Aid for Trade, by recipient countries (millions of constant 2016 United States dollars)	710	24.67184355	-29.99957544	ZAF	South Africa	1	CON_USD	Constant USD		81.85	209.08	236.42	110.42	118.49	224.03	91.48	193.27	296.55	598.1	447.79	325.438	2016	447.79	Creditor Reporting System (CRS) database, 2018, The Organisation for Economic Co-operation and Development (OECD)	
2018.Q2.G.01	DC_TOF_TRDDBML	Total official flows (disbursement) for Aid for Trade, by recipient countries (millions of constant 2016 United States dollars)	716	29.86909584	-19.00075492	ZWE	Zimbabwe	1	CON_USD	Constant USD		6.6	16.03	8.1	46.35	73.22	80.94	80.19	80.81	64.92	57.89	66.39	70.04	2016	66.39	Creditor Reporting System (CRS) database, 2018, The Organisation for Economic Co-operation and Development (OECD)	
2018.Q2.G.01	DC_TOF_TRDDBML	Total official flows (disbursement) for Aid for Trade, by recipient countries (millions of constant 2016 United States dollars)	724	-3.554078296	40.39211472	ESP	Spain	1	CON_USD	Constant USD																	
2018.Q2.G.01	DC_TOF_TRDDBML	Total official flows (disbursement) for Aid for Trade, by recipient countries (millions of constant 2016 United States dollars)	728	30.32618773	7.290839152	SSD	South Sudan	1	CON_USD	Constant USD							18	66.76	107.54	83.71	133.92	69.96	92.378	2016	69.96	Creditor Reporting System (CRS) database, 2018, The Organisation for Economic Co-operation and Development (OECD)	
2018.Q2.G.01	DC_TOF_TRDDBML	Total official flows (disbursement) for Aid for Trade, by recipient countries (millions of constant 2016 United States dollars)	732	-13.13515523	24.66265342	ESH	Western Sahara	1	CON_USD	Constant USD																	
2018.Q2.G.01	DC_TOF_TRDDBML	Total official flows (disbursement) for Aid for Trade, by recipient countries (millions of constant 2016 United States dollars)	736	29.95650159	16.02643066	SDN	Sudan	1	CON_USD	Constant USD																	
2018.Q2.G.01	DC_TOF_TRDDBML	Total official flows (disbursement) for Aid for Trade, by recipient countries (millions of constant 2016 United States dollars)	740	-55.90626394	4.132603197	SUR	Suriname	1	CON_USD	Constant USD		4.09	24.29	33.65	41.89	21.92	24.1	23.56	14.79	1.07	2.03	5.31	9.352	2016	5.31	Creditor Reporting System (CRS) database, 2018, The Organisation for Economic Co-operation and Development (OECD)	
2018.Q2.G.01	DC_TOF_TRDDBML	Total official flows (disbursement) for Aid for Trade, by recipient countries (millions of constant 2016 United States dollars)	744	13.38071013	78.82894131	SJM	Svalbard and Jan Mayen Islands	1	CON_USD	Constant USD																	
2018.Q2.G.01	DC_TOF_TRDDBML	Total official flows (disbursement) for Aid for Trade, by recipient countries (millions of constant 2016 United States dollars)	748	31.50149288	-26.56471011	SWZ	Swaziland	1	CON_USD	Constant USD		14.81	8.86	9.63	8.54	9.27	23.18	22.56	32.79	19.98	26.26	32.97	26.912	2016	32.97	Creditor Reporting System (CRS) database, 2018, The Organisation for Economic Co-operation and Development (OECD)	
2018.Q2.G.01	DC_TOF_TRDDBML	Total official flows (disbursement) for Aid for Trade, by recipient countries (millions of constant 2016 United States dollars)	752	14.3775338	60.60103109	SWE	Sweden	1	CON_USD	Constant USD																	
2018.Q2.G.01	DC_TOF_TRDDBML	Total official flows (disbursement) for Aid for Trade, by recipient countries (millions of constant 2016 United States dollars)	756	8.223158	46.96617097	CHE	Switzerland	1	CON_USD	Constant USD																	
2018.Q2.G.01	DC_TOF_TRDDBML	Total official flows (disbursement) for Aid for Trade, by recipient countries (millions of constant 2016 United States dollars)	760	38.50466565	35.01676176	SYR	Syrian Arab Republic (Syria)	1	CON_USD	Constant USD		20.14	12.03	95.11	84.3	77.01	117.1	39.09	2.16	1.94	3.75	14.98	12.384	2016	14.98	Creditor Reporting System (CRS) database, 2018, The Organisation for Economic Co-operation and Development (OECD)	
2018.Q2.G.01	DC_TOF_TRDDBML	Total official flows (disbursement) for Aid for Trade, by recipient countries (millions of constant 2016 United States dollars)	762	69.294998	38.43069666	TJK	Tajikistan	1	CON_USD	Constant USD		40.98	53.71	45.34	68.95	158.36	113.51	121.95	176.5	162.32	226.5	192.37	175.928	2016	192.37	Creditor Reporting System (CRS) database, 2018, The Organisation for Economic Co-operation and Development (OECD)	
2018.Q2.G.01	DC_TOF_TRDDBML	Total official flows (disbursement) for Aid for Trade, by recipient countries (millions of constant 2016 United States dollars)	764	101.0202951	15.13089239	THA	Thailand	1	CON_USD	Constant USD		266.17	131.91	103.1	99.22	165.64	200.52	170.73	560.72	378.71	149.84	389.39	329.878	2016	389.39	Creditor Reporting System (CRS) database, 2018, The Organisation for Economic Co-operation and Development (OECD)	
2018.Q2.G.01	DC_TOF_TRDDBML	Total official flows (disbursement) for Aid for Trade, by recipient countries (millions of constant 2016 United States dollars)	768	0.97835765	8.532096072	TGO	Togo	1	CON_USD	Constant USD		7.82	2.49	89.49	25.9	32.18	44.7	34.06	43.15	58.09	84.45	31.3	50.21	2016	31.3	Creditor Reporting System (CRS) database, 2018, The Organisation for Economic Co-operation and Development (OECD)	
2018.Q2.G.01	DC_TOF_TRDDBML	Total official flows (disbursement) for Aid for Trade, by recipient countries (millions of constant 2016 United States dollars)	772	-171.8154473	-9.214545558	TKL	Tokelau	1	CON_USD	Constant USD		1.03	5.04	1.17	0.92	0.93	5.54	6.21	12.11	6.76	2.62	0.1	5.56	2016	0.1	Creditor Reporting System (CRS) database, 2018, The Organisation for Economic Co-operation and Development (OECD)	
2018.Q2.G.01	DC_TOF_TRDDBML	Total official flows (disbursement) for Aid for Trade, by recipient countries (millions of constant 2016 United States dollars)	776	-175.1959991	-21.19511329	TON	Tonga	1	CON_USD	Constant USD		4.42	11.29	3.75	8.94	29.1	14.8	21.88	30.47	29.51	27.84	33.39	28.618	2016	33.39	Creditor Reporting System (CRS) database, 2018, The Organisation for Economic Co-operation and Development (OECD)	
2018.Q2.G.01	DC_TOF_TRDDBML	Total official flows (disbursement) for Aid for Trade, by recipient countries (millions of constant 2016 United States dollars)	780	-61.29389504	10.41877263	TTO	Trinidad and Tobago	1	CON_USD	Constant USD																	
2018.Q2.G.01	DC_TOF_TRDDBML	Total official flows (disbursement) for Aid for Trade, by recipient countries (millions of constant 2016 United States dollars)	784	53.98279159	23.43322219	ARE	United Arab Emirates	1	CON_USD	Constant USD																	
2018.Q2.G.01	DC_TOF_TRDDBML	Total official flows (disbursement) for Aid for Trade, by recipient countries (millions of constant 2016 United States dollars)	788	9.572737411	34.11439971	TUN	Tunisia	1	CON_USD	Constant USD		150.61	137.03	265.91	309.47	435.11	309.13	516.76	528.41	432.09	392.68	472.83	468.554	2016	472.83	Creditor Reporting System (CRS) database, 2018, The Organisation for Economic Co-operation and Development (OECD)	
2018.Q2.G.01	DC_TOF_TRDDBML	Total official flows (disbursement) for Aid for Trade, by recipient countries (millions of constant 2016 United States dollars)	792	35.42890329	38.9899684	TUR	Turkey	1	CON_USD	Constant USD		277.18	250.79	533.5	671.51	599.18	2269.91	2552.62	2112.67	2714.84	2277.12	2622.58	2455.966	2016	2622.58	Creditor Reporting System (CRS) database, 2018, The Organisation for Economic Co-operation and Development (OECD)	
2018.Q2.G.01	DC_TOF_TRDDBML	Total official flows (disbursement) for Aid for Trade, by recipient countries (millions of constant 2016 United States dollars)	795	58.9787665	40.0912346	TKM	Turkmenistan	1	CON_USD	Constant USD		1.34	0.73	4.1	3.33	2.92	4.18	6.31	4.18	5.76	5.47	5.88	5.52	2016	5.88	Creditor Reporting System (CRS) database, 2018, The Organisation for Economic Co-operation and Development (OECD)	
2018.Q2.G.01	DC_TOF_TRDDBML	Total official flows (disbursement) for Aid for Trade, by recipient countries (millions of constant 2016 United States dollars)	796	-71.745121	21.80780585	TCA	Turks and Caicos Islands	1	CON_USD	Constant USD																	
2018.Q2.G.01	DC_TOF_TRDDBML	Total official flows (disbursement) for Aid for Trade, by recipient countries (millions of constant 2016 United States dollars)	798	178.6679611	-7.460048071	TUV	Tuvalu	1	CON_USD	Constant USD		7.59	3.19	4.21	5.73	1.45	3.31	3.89	4.2	15.81	25.84	10.04	11.956	2016	10.04	Creditor Reporting System (CRS) database, 2018, The Organisation for Economic Co-operation and Development (OECD)	
2018.Q2.G.01	DC_TOF_TRDDBML	Total official flows (disbursement) for Aid for Trade, by recipient countries (millions of constant 2016 United States dollars)	800	32.39100438	1.279557331	UGA	Uganda	1	CON_USD	Constant USD		231.1	464.64	392.07	417.13	389.32	411.87	339.76	500.29	404.08	431.64	339.2	402.994	2016	339.2	Creditor Reporting System (CRS) database, 2018, The Organisation for Economic Co-operation and Development (OECD)	
2018.Q2.G.01	DC_TOF_TRDDBML	Total official flows (disbursement) for Aid for Trade, by recipient countries (millions of constant 2016 United States dollars)	804	31.40270802	49.00735945	UKR	Ukraine	1	CON_USD	Constant USD		162.59	116.68	187.22	237.32	238.45	331.59	290.83	301.21	140.55	207.81	319.81	252.042	2016	319.81	Creditor Reporting System (CRS) database, 2018, The Organisation for Economic Co-operation and Development (OECD)	
2018.Q2.G.01	DC_TOF_TRDDBML	Total official flows (disbursement) for Aid for Trade, by recipient countries (millions of constant 2016 United States dollars)	807	21.7007909	41.60048068	MKD	Macedonia, Republic of	1	CON_USD	Constant USD		27.84	40.25	25.29	26.82	25.75	78.22	68.27	116.32	156.72	140.4	52.96	106.934	2016	52.96	Creditor Reporting System (CRS) database, 2018, The Organisation for Economic Co-operation and Development (OECD)	
2018.Q2.G.01	DC_TOF_TRDDBML	Total official flows (disbursement) for Aid for Trade, by recipient countries (millions of constant 2016 United States dollars)	818	29.77468534	26.57438204	EGY	Egypt	1	CON_USD	Constant USD		482.85	408.56	755.56	590.76	820.96	576.14	1351.38	1479.92	1144.31	868.89	1108.87	1190.674	2016	1108.87	Creditor Reporting System (CRS) database, 2018, The Organisation for Economic Co-operation and Development (OECD)	
2018.Q2.G.01	DC_TOF_TRDDBML	Total official flows (disbursement) for Aid for Trade, by recipient countries (millions of constant 2016 United States dollars)	826	-2.23830539	53.27691757	GBR	United Kingdom	1	CON_USD	Constant USD																	
2018.Q2.G.01	DC_TOF_TRDDBML	Total official flows (disbursement) for Aid for Trade, by recipient countries (millions of constant 2016 United States dollars)	831	-2.200712402	49.71561166	GGY	Guernsey	1	CON_USD	Constant USD																	
2018.Q2.G.01	DC_TOF_TRDDBML	Total official flows (disbursement) for Aid for Trade, by recipient countries (millions of constant 2016 United States dollars)	832	-2.136773508	49.22353354	JEY	Jersey	1	CON_USD	Constant USD																	
2018.Q2.G.01	DC_TOF_TRDDBML	Total official flows (disbursement) for Aid for Trade, by recipient countries (millions of constant 2016 United States dollars)	833	-4.538190305	54.22880901	IMN	Isle of Man	1	CON_USD	Constant USD																	
2018.Q2.G.01	DC_TOF_TRDDBML	Total official flows (disbursement) for Aid for Trade, by recipient countries (millions of constant 2016 United States dollars)	834	34.80521182	-6.265332606	TZA	Tanzania, United Republic of	1	CON_USD	Constant USD		353.26	342.39	424.54	555.02	688.68	554.54	746.67	1033.48	772.39	852.09	741.95	829.316	2016	741.95	Creditor Reporting System (CRS) database, 2018, The Organisation for Economic Co-operation and Development (OECD)	
2018.Q2.G.01	DC_TOF_TRDDBML	Total official flows (disbursement) for Aid for Trade, by recipient countries (millions of constant 2016 United States dollars)	840	-99.13830311	39.5277871	USA	United States of America	1	CON_USD	Constant USD																	
2018.Q2.G.01	DC_TOF_TRDDBML	Total official flows (disbursement) for Aid for Trade, by recipient countries (millions of constant 2016 United States dollars)	850	-64.76960113	17.73297693	VIR	United States Virgin Islands	1	CON_USD	Constant USD																	
2018.Q2.G.01	DC_TOF_TRDDBML	Total official flows (disbursement) for Aid for Trade, by recipient countries (millions of constant 2016 United States dollars)	854	-1.742843829	12.27491081	BFA	Burkina Faso	1	CON_USD	Constant USD		173.37	223.95	152.73	203.07	217.23	220.71	268.62	315.22	395.41	299.31	283.9	312.492	2016	283.9	Creditor Reporting System (CRS) database, 2018, The Organisation for Economic Co-operation and Development (OECD)	
2018.Q2.G.01	DC_TOF_TRDDBML	Total official flows (disbursement) for Aid for Trade, by recipient countries (millions of constant 2016 United States dollars)	858	-56.01387025	-32.8002838	URY	Uruguay	1	CON_USD	Constant USD		5.63	8.69	4	11.03	21.16	6.69	3.37	16.26	63.95	25.24	3.12	22.388	2016	3.12	Creditor Reporting System (CRS) database, 2018, The Organisation for Economic Co-operation and Development (OECD)	
2018.Q2.G.01	DC_TOF_TRDDBML	Total official flows (disbursement) for Aid for Trade, by recipient countries (millions of constant 2016 United States dollars)	860	63.11944558	41.77560518	UZB	Uzbekistan	1	CON_USD	Constant USD		52.66	26.64	72.28	64.22	81.37	63.05	89.8	154.11	145.01	283.68	271.21	188.762	2016	271.21	Creditor Reporting System (CRS) database, 2018, The Organisation for Economic Co-operation and Development (OECD)	
2018.Q2.G.01	DC_TOF_TRDDBML	Total official flows (disbursement) for Aid for Trade, by recipient countries (millions of constant 2016 United States dollars)	862	-66.15642084	7.121324748	VEN	Venezuela (Bolivarian Republic)	1	CON_USD	Constant USD		2.88	1.87	1.63	2.02	2.08	1.58	1.23	0.57	2.28	2.28	2.07	1.686	2016	2.07	Creditor Reporting System (CRS) database, 2018, The Organisation for Economic Co-operation and Development (OECD)	
2018.Q2.G.01	DC_TOF_TRDDBML	Total official flows (disbursement) for Aid for Trade, by recipient countries (millions of constant 2016 United States dollars)	876	-176.2034788	-13.28471201	WLF	Wallis and Futuna Islands	1	CON_USD	Constant USD		0	2.55	1.85	2.51	5.58	8.68	9.55	5.81	4.76	4.4	7.48	6.4	2016	7.48	Creditor Reporting System (CRS) database, 2018, The Organisation for Economic Co-operation and Development (OECD)	
2018.Q2.G.01	DC_TOF_TRDDBML	Total official flows (disbursement) for Aid for Trade, by recipient countries (millions of constant 2016 United States dollars)	882	-172.4430749	-13.61541469	WSM	Samoa	1	CON_USD	Constant USD		8.78	8.78	8.12	17.45	29.2	29.67	28.75	19.04	29.84	31.86	35.8	29.058	2016	35.8	Creditor Reporting System (CRS) database, 2018, The Organisation for Economic Co-operation and Development (OECD)	
2018.Q2.G.01	DC_TOF_TRDDBML	Total official flows (disbursement) for Aid for Trade, by recipient countries (millions of constant 2016 United States dollars)	887	45.22389143	15.22242099	YEM	Yemen	1	CON_USD	Constant USD		46.61	41.45	124.34	122.73	164.41	79.32	91.17	95.08	240.99	355.48	126.96	181.936	2016	126.96	Creditor Reporting System (CRS) database, 2018, The Organisation for Economic Co-operation and Development (OECD)	
2018.Q2.G.01	DC_TOF_TRDDBML	Total official flows (disbursement) for Aid for Trade, by recipient countries (millions of constant 2016 United States dollars)	894	27.850329	-14.59701056	ZMB	Zambia	1	CON_USD	Constant USD		153.22	100.51	155.18	116.88	103.76	143.22	120.24	220.32	236.13	266.05	289.44	226.436	2016	289.44	Creditor Reporting System (CRS) database, 2018, The Organisation for Economic Co-operation and Development (OECD)	
