series.release	series.code	series.description	geoAreaCode	X	Y	ISO3CD	geoAreaName	sliceId	Units	Units description	2014	2015	last.5.years.mean	latest.year	latest.value	latest.source	latest.nature
2018.Q2.G.01	ER_H2O_STRESS	Level of water stress: freshwater withdrawal as a proportion of available freshwater resources (%)	4	66.02688198	33.83160199	AFG	Afghanistan	1	PERCENT	Percentage	43.67		43.67	2014	43.67	Food and Agriculture Organisation of United Nations (FAO)	
2018.Q2.G.01	ER_H2O_STRESS	Level of water stress: freshwater withdrawal as a proportion of available freshwater resources (%)	8	20.06660928	41.13897007	ALB	Albania	1	PERCENT	Percentage	6.47		6.47	2014	6.47	Food and Agriculture Organisation of United Nations (FAO)	
2018.Q2.G.01	ER_H2O_STRESS	Level of water stress: freshwater withdrawal as a proportion of available freshwater resources (%)	10	21.47585697	-80.40897662	ATA	Antarctica	1	PERCENT	Percentage							
2018.Q2.G.01	ER_H2O_STRESS	Level of water stress: freshwater withdrawal as a proportion of available freshwater resources (%)	12	2.678164227	28.15940032	DZA	Algeria	1	PERCENT	Percentage	87.99		87.99	2014	87.99	Food and Agriculture Organisation of United Nations (FAO)	
2018.Q2.G.01	ER_H2O_STRESS	Level of water stress: freshwater withdrawal as a proportion of available freshwater resources (%)	16	-170.7187269	-14.30587306	ASM	American Samoa	1	PERCENT	Percentage							
2018.Q2.G.01	ER_H2O_STRESS	Level of water stress: freshwater withdrawal as a proportion of available freshwater resources (%)	20	1.576257417	42.54548611	AND	Andorra	1	PERCENT	Percentage	0		0	2014	0	Food and Agriculture Organisation of United Nations (FAO)	
2018.Q2.G.01	ER_H2O_STRESS	Level of water stress: freshwater withdrawal as a proportion of available freshwater resources (%)	24	17.57817062	-12.33724746	AGO	Angola	1	PERCENT	Percentage	0.68		0.68	2014	0.68	Food and Agriculture Organisation of United Nations (FAO)	
2018.Q2.G.01	ER_H2O_STRESS	Level of water stress: freshwater withdrawal as a proportion of available freshwater resources (%)	28	-61.7999755	17.07761471	ATG	Antigua and Barbuda	1	PERCENT	Percentage	8.46		8.46	2014	8.46	Food and Agriculture Organisation of United Nations (FAO)	
2018.Q2.G.01	ER_H2O_STRESS	Level of water stress: freshwater withdrawal as a proportion of available freshwater resources (%)	31	50.01064725	40.39229544	AZE	Azerbaijan	1	PERCENT	Percentage	53.13		53.13	2014	53.13	Food and Agriculture Organisation of United Nations (FAO)	
2018.Q2.G.01	ER_H2O_STRESS	Level of water stress: freshwater withdrawal as a proportion of available freshwater resources (%)	32	-65.14563274	-35.19446255	ARG	Argentina	1	PERCENT	Percentage	6.64		6.64	2014	6.64	Food and Agriculture Organisation of United Nations (FAO)	
2018.Q2.G.01	ER_H2O_STRESS	Level of water stress: freshwater withdrawal as a proportion of available freshwater resources (%)	36	134.3499412	-25.57717202	AUS	Australia	1	PERCENT	Percentage		4.58	4.58	2015	4.58	Food and Agriculture Organisation of United Nations (FAO)	
2018.Q2.G.01	ER_H2O_STRESS	Level of water stress: freshwater withdrawal as a proportion of available freshwater resources (%)	40	14.14172472	47.58704857	AUT	Austria	1	PERCENT	Percentage	7.62		7.62	2014	7.62	Food and Agriculture Organisation of United Nations (FAO)	
2018.Q2.G.01	ER_H2O_STRESS	Level of water stress: freshwater withdrawal as a proportion of available freshwater resources (%)	44	-78.05111663	24.69546597	BHS	Bahamas	1	PERCENT	Percentage	0		0	2014	0	Food and Agriculture Organisation of United Nations (FAO)	
2018.Q2.G.01	ER_H2O_STRESS	Level of water stress: freshwater withdrawal as a proportion of available freshwater resources (%)	48	50.5490754	26.04407747	BHR	Bahrain	1	PERCENT	Percentage	205.78		205.78	2014	205.78	Food and Agriculture Organisation of United Nations (FAO)	
2018.Q2.G.01	ER_H2O_STRESS	Level of water stress: freshwater withdrawal as a proportion of available freshwater resources (%)	50	89.17660788	22.86961622	BGD	Bangladesh	1	PERCENT	Percentage	3.79		3.79	2014	3.79	Food and Agriculture Organisation of United Nations (FAO)	
2018.Q2.G.01	ER_H2O_STRESS	Level of water stress: freshwater withdrawal as a proportion of available freshwater resources (%)	51	44.93839317	40.29499741	ARM	Armenia	1	PERCENT	Percentage		66.02	66.02	2015	66.02	Food and Agriculture Organisation of United Nations (FAO)	
2018.Q2.G.01	ER_H2O_STRESS	Level of water stress: freshwater withdrawal as a proportion of available freshwater resources (%)	52	-59.5346489	13.13648273	BRB	Barbados	1	PERCENT	Percentage	87.5		87.5	2014	87.5	Food and Agriculture Organisation of United Nations (FAO)	
2018.Q2.G.01	ER_H2O_STRESS	Level of water stress: freshwater withdrawal as a proportion of available freshwater resources (%)	56	4.660976456	50.64104975	BEL	Belgium	1	PERCENT	Percentage	56.48		56.48	2014	56.48	Food and Agriculture Organisation of United Nations (FAO)	
2018.Q2.G.01	ER_H2O_STRESS	Level of water stress: freshwater withdrawal as a proportion of available freshwater resources (%)	60	-64.78155012	32.27881922	BMU	Bermuda	1	PERCENT	Percentage	4.24		4.24	2014	4.24	Food and Agriculture Organisation of United Nations (FAO)	
2018.Q2.G.01	ER_H2O_STRESS	Level of water stress: freshwater withdrawal as a proportion of available freshwater resources (%)	64	90.45098484	27.39598568	BTN	Bhutan	1	PERCENT	Percentage	0.56		0.56	2014	0.56	Food and Agriculture Organisation of United Nations (FAO)	
2018.Q2.G.01	ER_H2O_STRESS	Level of water stress: freshwater withdrawal as a proportion of available freshwater resources (%)	68	-64.66224284	-16.71273412	BOL	Bolivia (Plurinational State of)	1	PERCENT	Percentage	0.53		0.53	2014	0.53	Food and Agriculture Organisation of United Nations (FAO)	
2018.Q2.G.01	ER_H2O_STRESS	Level of water stress: freshwater withdrawal as a proportion of available freshwater resources (%)	70	17.78584332	44.16845548	BIH	Bosnia and Herzegovina	1	PERCENT	Percentage	1.43		1.43	2014	1.43	Food and Agriculture Organisation of United Nations (FAO)	
2018.Q2.G.01	ER_H2O_STRESS	Level of water stress: freshwater withdrawal as a proportion of available freshwater resources (%)	72	23.81380223	-22.18810073	BWA	Botswana	1	PERCENT	Percentage	2.09		2.09	2014	2.09	Food and Agriculture Organisation of United Nations (FAO)	
2018.Q2.G.01	ER_H2O_STRESS	Level of water stress: freshwater withdrawal as a proportion of available freshwater resources (%)	74	3.410732868	-54.43295905	BVT	Bouvet Island	1	PERCENT	Percentage							
2018.Q2.G.01	ER_H2O_STRESS	Level of water stress: freshwater withdrawal as a proportion of available freshwater resources (%)	76	-53.08432878	-10.77668561	BRA	Brazil	1	PERCENT	Percentage	1.32		1.32	2014	1.32	Food and Agriculture Organisation of United Nations (FAO)	
2018.Q2.G.01	ER_H2O_STRESS	Level of water stress: freshwater withdrawal as a proportion of available freshwater resources (%)	84	-88.70199554	17.19965901	BLZ	Belize	1	PERCENT	Percentage	0.69		0.69	2014	0.69	Food and Agriculture Organisation of United Nations (FAO)	
2018.Q2.G.01	ER_H2O_STRESS	Level of water stress: freshwater withdrawal as a proportion of available freshwater resources (%)	86	72.38715553	-7.299281071	IOT	British Indian Ocean Territory	1	PERCENT	Percentage							
2018.Q2.G.01	ER_H2O_STRESS	Level of water stress: freshwater withdrawal as a proportion of available freshwater resources (%)	90	160.1584117	-9.622391719	SLB	Solomon Islands	1	PERCENT	Percentage	0		0	2014	0	Food and Agriculture Organisation of United Nations (FAO)	
2018.Q2.G.01	ER_H2O_STRESS	Level of water stress: freshwater withdrawal as a proportion of available freshwater resources (%)	92	-64.63294223	18.42256578	VGB	British Virgin Islands	1	PERCENT	Percentage							
2018.Q2.G.01	ER_H2O_STRESS	Level of water stress: freshwater withdrawal as a proportion of available freshwater resources (%)	96	114.6288563	4.49736984	BRN	Brunei Darussalam	1	PERCENT	Percentage	1.88		1.88	2014	1.88	Food and Agriculture Organisation of United Nations (FAO)	
2018.Q2.G.01	ER_H2O_STRESS	Level of water stress: freshwater withdrawal as a proportion of available freshwater resources (%)	100	25.23763153	42.75731323	BGR	Bulgaria	1	PERCENT	Percentage		41.85	41.85	2015	41.85	Food and Agriculture Organisation of United Nations (FAO)	
2018.Q2.G.01	ER_H2O_STRESS	Level of water stress: freshwater withdrawal as a proportion of available freshwater resources (%)	104	96.51752295	21.19332882	MMR	Myanmar	1	PERCENT	Percentage	3.7		3.7	2014	3.7	Food and Agriculture Organisation of United Nations (FAO)	
2018.Q2.G.01	ER_H2O_STRESS	Level of water stress: freshwater withdrawal as a proportion of available freshwater resources (%)	108	29.89080992	-3.366387428	BDI	Burundi	1	PERCENT	Percentage	3.09		3.09	2014	3.09	Food and Agriculture Organisation of United Nations (FAO)	
2018.Q2.G.01	ER_H2O_STRESS	Level of water stress: freshwater withdrawal as a proportion of available freshwater resources (%)	112	28.04940161	53.54193075	BLR	Belarus	1	PERCENT	Percentage	4.54		4.54	2014	4.54	Food and Agriculture Organisation of United Nations (FAO)	
2018.Q2.G.01	ER_H2O_STRESS	Level of water stress: freshwater withdrawal as a proportion of available freshwater resources (%)	116	104.922836	12.71163737	KHM	Cambodia	1	PERCENT	Percentage	0.61		0.61	2014	0.61	Food and Agriculture Organisation of United Nations (FAO)	
2018.Q2.G.01	ER_H2O_STRESS	Level of water stress: freshwater withdrawal as a proportion of available freshwater resources (%)	120	12.7419827	5.692387031	CMR	Cameroon	1	PERCENT	Percentage	0.48		0.48	2014	0.48	Food and Agriculture Organisation of United Nations (FAO)	
2018.Q2.G.01	ER_H2O_STRESS	Level of water stress: freshwater withdrawal as a proportion of available freshwater resources (%)	124	-101.6575058	57.72360191	CAN	Canada	1	PERCENT	Percentage	2.21		2.21	2014	2.21	Food and Agriculture Organisation of United Nations (FAO)	
2018.Q2.G.01	ER_H2O_STRESS	Level of water stress: freshwater withdrawal as a proportion of available freshwater resources (%)	132	-23.63544151	15.07791834	CPV	Cabo Verde	1	PERCENT	Percentage	8.97		8.97	2014	8.97	Food and Agriculture Organisation of United Nations (FAO)	
2018.Q2.G.01	ER_H2O_STRESS	Level of water stress: freshwater withdrawal as a proportion of available freshwater resources (%)	136	-81.16740559	19.32266656	CYM	Cayman Islands	1	PERCENT	Percentage							
2018.Q2.G.01	ER_H2O_STRESS	Level of water stress: freshwater withdrawal as a proportion of available freshwater resources (%)	140	20.93559492	7.003720791	CAF	Central African Republic	1	PERCENT	Percentage	0.07		0.07	2014	0.07	Food and Agriculture Organisation of United Nations (FAO)	
2018.Q2.G.01	ER_H2O_STRESS	Level of water stress: freshwater withdrawal as a proportion of available freshwater resources (%)	144	80.70489654	7.614693343	LKA	Sri Lanka	1	PERCENT	Percentage	34.08		34.08	2014	34.08	Food and Agriculture Organisation of United Nations (FAO)	
2018.Q2.G.01	ER_H2O_STRESS	Level of water stress: freshwater withdrawal as a proportion of available freshwater resources (%)	148	18.66618401	15.36279341	TCD	Chad	1	PERCENT	Percentage	2.44		2.44	2014	2.44	Food and Agriculture Organisation of United Nations (FAO)	
2018.Q2.G.01	ER_H2O_STRESS	Level of water stress: freshwater withdrawal as a proportion of available freshwater resources (%)	152	-71.23029019	-35.2652885	CHL	Chile	1	PERCENT	Percentage	5.5		5.5	2014	5.5	Food and Agriculture Organisation of United Nations (FAO)	
2018.Q2.G.01	ER_H2O_STRESS	Level of water stress: freshwater withdrawal as a proportion of available freshwater resources (%)	156	104.1403375	32.30955217	CHN	China	1	PERCENT	Percentage		29.38	29.38	2015	29.38	Food and Agriculture Organisation of United Nations (FAO)	
2018.Q2.G.01	ER_H2O_STRESS	Level of water stress: freshwater withdrawal as a proportion of available freshwater resources (%)	162	105.6426067	-10.4882473	CXR	Christmas Island	1	PERCENT	Percentage							
2018.Q2.G.01	ER_H2O_STRESS	Level of water stress: freshwater withdrawal as a proportion of available freshwater resources (%)	166	96.82633757	-12.18600682	CCK	Cocos (Keeling) Islands	1	PERCENT	Percentage							
2018.Q2.G.01	ER_H2O_STRESS	Level of water stress: freshwater withdrawal as a proportion of available freshwater resources (%)	170	-73.07446751	3.888209046	COL	Colombia	1	PERCENT	Percentage	0.86		0.86	2014	0.86	Food and Agriculture Organisation of United Nations (FAO)	
2018.Q2.G.01	ER_H2O_STRESS	Level of water stress: freshwater withdrawal as a proportion of available freshwater resources (%)	174	43.34234565	-11.66121732	COM	Comoros	1	PERCENT	Percentage	1.17		1.17	2014	1.17	Food and Agriculture Organisation of United Nations (FAO)	
2018.Q2.G.01	ER_H2O_STRESS	Level of water stress: freshwater withdrawal as a proportion of available freshwater resources (%)	175	45.14015057	-12.82217691	MYT	Mayotte	1	PERCENT	Percentage							
2018.Q2.G.01	ER_H2O_STRESS	Level of water stress: freshwater withdrawal as a proportion of available freshwater resources (%)	178	15.22052612	-0.840544119	COG	Congo	1	PERCENT	Percentage	0.01		0.01	2014	0.01	Food and Agriculture Organisation of United Nations (FAO)	
2018.Q2.G.01	ER_H2O_STRESS	Level of water stress: freshwater withdrawal as a proportion of available freshwater resources (%)	180	23.65496507	-2.877154732	COD	Democratic Republic of the Congo	1	PERCENT	Percentage	0.09		0.09	2014	0.09	Food and Agriculture Organisation of United Nations (FAO)	
2018.Q2.G.01	ER_H2O_STRESS	Level of water stress: freshwater withdrawal as a proportion of available freshwater resources (%)	184	-159.7711391	-21.22696458	COK	Cook Islands	1	PERCENT	Percentage							
2018.Q2.G.01	ER_H2O_STRESS	Level of water stress: freshwater withdrawal as a proportion of available freshwater resources (%)	188	-84.19712782	9.970998683	CRI	Costa Rica	1	PERCENT	Percentage	3.06		3.06	2014	3.06	Food and Agriculture Organisation of United Nations (FAO)	
2018.Q2.G.01	ER_H2O_STRESS	Level of water stress: freshwater withdrawal as a proportion of available freshwater resources (%)	191	17.95874553	45.45172212	HRV	Croatia	1	PERCENT	Percentage	0.98		0.98	2014	0.98	Food and Agriculture Organisation of United Nations (FAO)	
2018.Q2.G.01	ER_H2O_STRESS	Level of water stress: freshwater withdrawal as a proportion of available freshwater resources (%)	192	-79.54460144	22.10030366	CUB	Cuba	1	PERCENT	Percentage	25.62		25.62	2014	25.62	Food and Agriculture Organisation of United Nations (FAO)	
2018.Q2.G.01	ER_H2O_STRESS	Level of water stress: freshwater withdrawal as a proportion of available freshwater resources (%)	196	33.22285964	35.05659437	CYP	Cyprus	1	PERCENT	Percentage	37.64		37.64	2014	37.64	Food and Agriculture Organisation of United Nations (FAO)	
2018.Q2.G.01	ER_H2O_STRESS	Level of water stress: freshwater withdrawal as a proportion of available freshwater resources (%)	203	15.33151382	49.73913871	CZE	Czechia	1	PERCENT	Percentage	23.99		23.99	2014	23.99	Food and Agriculture Organisation of United Nations (FAO)	
2018.Q2.G.01	ER_H2O_STRESS	Level of water stress: freshwater withdrawal as a proportion of available freshwater resources (%)	204	2.339933594	9.65401646	BEN	Benin	1	PERCENT	Percentage	0.71		0.71	2014	0.71	Food and Agriculture Organisation of United Nations (FAO)	
2018.Q2.G.01	ER_H2O_STRESS	Level of water stress: freshwater withdrawal as a proportion of available freshwater resources (%)	208	9.326571283	56.03829721	DNK	Denmark	1	PERCENT	Percentage	20.72		20.72	2014	20.72	Food and Agriculture Organisation of United Nations (FAO)	
2018.Q2.G.01	ER_H2O_STRESS	Level of water stress: freshwater withdrawal as a proportion of available freshwater resources (%)	212	-61.3493756	15.43391378	DMA	Dominica	1	PERCENT	Percentage	10		10	2014	10	Food and Agriculture Organisation of United Nations (FAO)	
2018.Q2.G.01	ER_H2O_STRESS	Level of water stress: freshwater withdrawal as a proportion of available freshwater resources (%)	214	-70.49847576	18.89832088	DOM	Dominican Republic	1	PERCENT	Percentage	43.73		43.73	2014	43.73	Food and Agriculture Organisation of United Nations (FAO)	
2018.Q2.G.01	ER_H2O_STRESS	Level of water stress: freshwater withdrawal as a proportion of available freshwater resources (%)	218	-78.37005241	-1.447785891	ECU	Ecuador	1	PERCENT	Percentage	3.74		3.74	2014	3.74	Food and Agriculture Organisation of United Nations (FAO)	
2018.Q2.G.01	ER_H2O_STRESS	Level of water stress: freshwater withdrawal as a proportion of available freshwater resources (%)	222	-88.86862995	13.73603564	SLV	El Salvador	1	PERCENT	Percentage	11.37		11.37	2014	11.37	Food and Agriculture Organisation of United Nations (FAO)	
2018.Q2.G.01	ER_H2O_STRESS	Level of water stress: freshwater withdrawal as a proportion of available freshwater resources (%)	226	10.46535826	1.565792376	GNQ	Equatorial Guinea	1	PERCENT	Percentage	0.1		0.1	2014	0.1	Food and Agriculture Organisation of United Nations (FAO)	
2018.Q2.G.01	ER_H2O_STRESS	Level of water stress: freshwater withdrawal as a proportion of available freshwater resources (%)	231	39.63505296	8.631223181	ETH	Ethiopia	1	PERCENT	Percentage	11.6		11.6	2014	11.6	Food and Agriculture Organisation of United Nations (FAO)	
2018.Q2.G.01	ER_H2O_STRESS	Level of water stress: freshwater withdrawal as a proportion of available freshwater resources (%)	232	38.11074289	16.12894644	ERI	Eritrea	1	PERCENT	Percentage	10.11		10.11	2014	10.11	Food and Agriculture Organisation of United Nations (FAO)	
2018.Q2.G.01	ER_H2O_STRESS	Level of water stress: freshwater withdrawal as a proportion of available freshwater resources (%)	233	25.84093481	58.68487172	EST	Estonia	1	PERCENT	Percentage	22.48		22.48	2014	22.48	Food and Agriculture Organisation of United Nations (FAO)	
2018.Q2.G.01	ER_H2O_STRESS	Level of water stress: freshwater withdrawal as a proportion of available freshwater resources (%)	234	-7.122044325	62.21228119	FRO	Faroe Islands	1	PERCENT	Percentage							
2018.Q2.G.01	ER_H2O_STRESS	Level of water stress: freshwater withdrawal as a proportion of available freshwater resources (%)	238	-58.75246778	-51.74562601	FLK	Falkland Islands (Malvinas)	1	PERCENT	Percentage							
2018.Q2.G.01	ER_H2O_STRESS	Level of water stress: freshwater withdrawal as a proportion of available freshwater resources (%)	239	-36.90662765	-54.20736749	SGS	South Georgia and the South Sandwich Islands	1	PERCENT	Percentage							
2018.Q2.G.01	ER_H2O_STRESS	Level of water stress: freshwater withdrawal as a proportion of available freshwater resources (%)	242	177.9660884	-17.83301566	FJI	Fiji	1	PERCENT	Percentage	0.45		0.45	2014	0.45	Food and Agriculture Organisation of United Nations (FAO)	
2018.Q2.G.01	ER_H2O_STRESS	Level of water stress: freshwater withdrawal as a proportion of available freshwater resources (%)	246	23.308447	61.91586738	FIN	Finland	1	PERCENT	Percentage	10.45		10.45	2014	10.45	Food and Agriculture Organisation of United Nations (FAO)	
2018.Q2.G.01	ER_H2O_STRESS	Level of water stress: freshwater withdrawal as a proportion of available freshwater resources (%)	248	19.80945969	60.1544901	ALA	Åland Islands	1	PERCENT	Percentage							
2018.Q2.G.01	ER_H2O_STRESS	Level of water stress: freshwater withdrawal as a proportion of available freshwater resources (%)	250	2.457288129	46.62660861	FRA	France	1	PERCENT	Percentage	22.77		22.77	2014	22.77	Food and Agriculture Organisation of United Nations (FAO)	
2018.Q2.G.01	ER_H2O_STRESS	Level of water stress: freshwater withdrawal as a proportion of available freshwater resources (%)	254	-53.23619089	3.922673437	GUF	French Guiana	1	PERCENT	Percentage	0		0	2014	0	Food and Agriculture Organisation of United Nations (FAO)	
2018.Q2.G.01	ER_H2O_STRESS	Level of water stress: freshwater withdrawal as a proportion of available freshwater resources (%)	258	-149.4052367	-17.67709294	PYF	French Polynesia	1	PERCENT	Percentage							
2018.Q2.G.01	ER_H2O_STRESS	Level of water stress: freshwater withdrawal as a proportion of available freshwater resources (%)	260	69.64849091	-49.6068576	ATF	French Southern Territories	1	PERCENT	Percentage							
2018.Q2.G.01	ER_H2O_STRESS	Level of water stress: freshwater withdrawal as a proportion of available freshwater resources (%)	262	42.18274707	11.56004161	DJI	Djibouti	1	PERCENT	Percentage	7.9		7.9	2014	7.9	Food and Agriculture Organisation of United Nations (FAO)	
2018.Q2.G.01	ER_H2O_STRESS	Level of water stress: freshwater withdrawal as a proportion of available freshwater resources (%)	266	11.78727747	-0.60687619	GAB	Gabon	1	PERCENT	Percentage	0.12		0.12	2014	0.12	Food and Agriculture Organisation of United Nations (FAO)	
2018.Q2.G.01	ER_H2O_STRESS	Level of water stress: freshwater withdrawal as a proportion of available freshwater resources (%)	268	43.3713615	42.04813028	GEO	Georgia	1	PERCENT	Percentage	4.57		4.57	2014	4.57	Food and Agriculture Organisation of United Nations (FAO)	
2018.Q2.G.01	ER_H2O_STRESS	Level of water stress: freshwater withdrawal as a proportion of available freshwater resources (%)	270	-15.39944785	13.45295927	GMB	Gambia	1	PERCENT	Percentage	1.45		1.45	2014	1.45	Food and Agriculture Organisation of United Nations (FAO)	
2018.Q2.G.01	ER_H2O_STRESS	Level of water stress: freshwater withdrawal as a proportion of available freshwater resources (%)	275	35.25694122	31.94347933	PSE	State of Palestine	1	PERCENT	Percentage	48.75		48.75	2014	48.75	Food and Agriculture Organisation of United Nations (FAO)	
2018.Q2.G.01	ER_H2O_STRESS	Level of water stress: freshwater withdrawal as a proportion of available freshwater resources (%)	276	10.3806066	51.08862743	DEU	Germany	1	PERCENT	Percentage	41.46		41.46	2014	41.46	Food and Agriculture Organisation of United Nations (FAO)	
2018.Q2.G.01	ER_H2O_STRESS	Level of water stress: freshwater withdrawal as a proportion of available freshwater resources (%)	288	-1.205623522	7.964825185	GHA	Ghana	1	PERCENT	Percentage	2.79		2.79	2014	2.79	Food and Agriculture Organisation of United Nations (FAO)	
2018.Q2.G.01	ER_H2O_STRESS	Level of water stress: freshwater withdrawal as a proportion of available freshwater resources (%)	292	-5.347561686	36.13895036	GIB	Gibraltar	1	PERCENT	Percentage							
2018.Q2.G.01	ER_H2O_STRESS	Level of water stress: freshwater withdrawal as a proportion of available freshwater resources (%)	296	-157.5643005	1.768837732	KIR	Kiribati	1	PERCENT	Percentage							
2018.Q2.G.01	ER_H2O_STRESS	Level of water stress: freshwater withdrawal as a proportion of available freshwater resources (%)	300	22.58307827	39.47301873	GRC	Greece	1	PERCENT	Percentage	19.72		19.72	2014	19.72	Food and Agriculture Organisation of United Nations (FAO)	
2018.Q2.G.01	ER_H2O_STRESS	Level of water stress: freshwater withdrawal as a proportion of available freshwater resources (%)	304	-41.39371316	74.75625681	GRL	Greenland	1	PERCENT	Percentage							
2018.Q2.G.01	ER_H2O_STRESS	Level of water stress: freshwater withdrawal as a proportion of available freshwater resources (%)	308	-61.68248568	12.11238395	GRD	Grenada	1	PERCENT	Percentage	7.05		7.05	2014	7.05	Food and Agriculture Organisation of United Nations (FAO)	
2018.Q2.G.01	ER_H2O_STRESS	Level of water stress: freshwater withdrawal as a proportion of available freshwater resources (%)	312	-61.64762115	16.14416917	GLP	Guadeloupe	1	PERCENT	Percentage							
2018.Q2.G.01	ER_H2O_STRESS	Level of water stress: freshwater withdrawal as a proportion of available freshwater resources (%)	316	144.7029305	13.35485404	GUM	Guam	1	PERCENT	Percentage							
2018.Q2.G.01	ER_H2O_STRESS	Level of water stress: freshwater withdrawal as a proportion of available freshwater resources (%)	320	-91.2312746	15.00273719	GTM	Guatemala	1	PERCENT	Percentage	3.76		3.76	2014	3.76	Food and Agriculture Organisation of United Nations (FAO)	
2018.Q2.G.01	ER_H2O_STRESS	Level of water stress: freshwater withdrawal as a proportion of available freshwater resources (%)	324	-11.28173419	11.00210343	GIN	Guinea	1	PERCENT	Percentage	0.33		0.33	2014	0.33	Food and Agriculture Organisation of United Nations (FAO)	
2018.Q2.G.01	ER_H2O_STRESS	Level of water stress: freshwater withdrawal as a proportion of available freshwater resources (%)	328	-58.97322037	4.788012784	GUY	Guyana	1	PERCENT	Percentage	0.86		0.86	2014	0.86	Food and Agriculture Organisation of United Nations (FAO)	
2018.Q2.G.01	ER_H2O_STRESS	Level of water stress: freshwater withdrawal as a proportion of available freshwater resources (%)	332	-72.33640958	18.40426539	HTI	Haiti	1	PERCENT	Percentage	15.64		15.64	2014	15.64	Food and Agriculture Organisation of United Nations (FAO)	
2018.Q2.G.01	ER_H2O_STRESS	Level of water stress: freshwater withdrawal as a proportion of available freshwater resources (%)	334	73.52633626	-53.09106147	HMD	Heard Island and McDonald Islands	1	PERCENT	Percentage							
2018.Q2.G.01	ER_H2O_STRESS	Level of water stress: freshwater withdrawal as a proportion of available freshwater resources (%)	336	12.45315803	41.90343751	VAT	Holy See	1	PERCENT	Percentage							
2018.Q2.G.01	ER_H2O_STRESS	Level of water stress: freshwater withdrawal as a proportion of available freshwater resources (%)	340	-86.59974381	14.82243161	HND	Honduras	1	PERCENT	Percentage	2.49		2.49	2014	2.49	Food and Agriculture Organisation of United Nations (FAO)	
2018.Q2.G.01	ER_H2O_STRESS	Level of water stress: freshwater withdrawal as a proportion of available freshwater resources (%)	344	114.0266445	22.41749934	HKG	China, Hong Kong Special Administrative Region	1	PERCENT	Percentage							
2018.Q2.G.01	ER_H2O_STRESS	Level of water stress: freshwater withdrawal as a proportion of available freshwater resources (%)	348	19.41221519	47.1651448	HUN	Hungary	1	PERCENT	Percentage	8.2		8.2	2014	8.2	Food and Agriculture Organisation of United Nations (FAO)	
2018.Q2.G.01	ER_H2O_STRESS	Level of water stress: freshwater withdrawal as a proportion of available freshwater resources (%)	352	-19.02116966	64.79134763	ISL	Iceland	1	PERCENT	Percentage		0.24	0.24	2015	0.24	Food and Agriculture Organisation of United Nations (FAO)	
2018.Q2.G.01	ER_H2O_STRESS	Level of water stress: freshwater withdrawal as a proportion of available freshwater resources (%)	356	79.3608464	22.34642074	IND	India	1	PERCENT	Percentage	44.53		44.53	2014	44.53	Food and Agriculture Organisation of United Nations (FAO)	
2018.Q2.G.01	ER_H2O_STRESS	Level of water stress: freshwater withdrawal as a proportion of available freshwater resources (%)	360	113.9174	-0.994582204	IDN	Indonesia	1	PERCENT	Percentage	9.24		9.24	2014	9.24	Food and Agriculture Organisation of United Nations (FAO)	
2018.Q2.G.01	ER_H2O_STRESS	Level of water stress: freshwater withdrawal as a proportion of available freshwater resources (%)	364	54.19766348	32.74370885	IRN	Iran (Islamic Republic of)	1	PERCENT	Percentage	90		90	2014	90	Food and Agriculture Organisation of United Nations (FAO)	
2018.Q2.G.01	ER_H2O_STRESS	Level of water stress: freshwater withdrawal as a proportion of available freshwater resources (%)	368	43.76606267	33.05013795	IRQ	Iraq	1	PERCENT	Percentage	93.06		93.06	2014	93.06	Food and Agriculture Organisation of United Nations (FAO)	
2018.Q2.G.01	ER_H2O_STRESS	Level of water stress: freshwater withdrawal as a proportion of available freshwater resources (%)	372	-7.121425272	53.25274054	IRL	Ireland	1	PERCENT	Percentage	2.38		2.38	2014	2.38	Food and Agriculture Organisation of United Nations (FAO)	
2018.Q2.G.01	ER_H2O_STRESS	Level of water stress: freshwater withdrawal as a proportion of available freshwater resources (%)	376	34.62277992	31.06164552	ISR	Israel	1	PERCENT	Percentage	110.45		110.45	2014	110.45	Food and Agriculture Organisation of United Nations (FAO)	
2018.Q2.G.01	ER_H2O_STRESS	Level of water stress: freshwater withdrawal as a proportion of available freshwater resources (%)	380	12.57022427	42.79917282	ITA	Italy	1	PERCENT	Percentage	44.83		44.83	2014	44.83	Food and Agriculture Organisation of United Nations (FAO)	
2018.Q2.G.01	ER_H2O_STRESS	Level of water stress: freshwater withdrawal as a proportion of available freshwater resources (%)	384	-5.552690016	7.62211586	CIV	Côte d'Ivoire	1	PERCENT	Percentage	2.71		2.71	2014	2.71	Food and Agriculture Organisation of United Nations (FAO)	
2018.Q2.G.01	ER_H2O_STRESS	Level of water stress: freshwater withdrawal as a proportion of available freshwater resources (%)	388	-77.31068409	18.15616857	JAM	Jamaica	1	PERCENT	Percentage	11.34		11.34	2014	11.34	Food and Agriculture Organisation of United Nations (FAO)	
2018.Q2.G.01	ER_H2O_STRESS	Level of water stress: freshwater withdrawal as a proportion of available freshwater resources (%)	392	139.2716103	36.6554539	JPN	Japan	1	PERCENT	Percentage	28.45		28.45	2014	28.45	Food and Agriculture Organisation of United Nations (FAO)	
2018.Q2.G.01	ER_H2O_STRESS	Level of water stress: freshwater withdrawal as a proportion of available freshwater resources (%)	398	66.65359159	48.01963494	KAZ	Kazakhstan	1	PERCENT	Percentage	28.14		28.14	2014	28.14	Food and Agriculture Organisation of United Nations (FAO)	
2018.Q2.G.01	ER_H2O_STRESS	Level of water stress: freshwater withdrawal as a proportion of available freshwater resources (%)	400	37.13024774	30.65365973	JOR	Jordan	1	PERCENT	Percentage		150.9	150.9	2015	150.9	Food and Agriculture Organisation of United Nations (FAO)	
2018.Q2.G.01	ER_H2O_STRESS	Level of water stress: freshwater withdrawal as a proportion of available freshwater resources (%)	404	37.86096816	0.534797278	KEN	Kenya	1	PERCENT	Percentage	14.31		14.31	2014	14.31	Food and Agriculture Organisation of United Nations (FAO)	
2018.Q2.G.01	ER_H2O_STRESS	Level of water stress: freshwater withdrawal as a proportion of available freshwater resources (%)	408	127.1803633	40.1462645	PRK	Democratic People's Republic of Korea	1	PERCENT	Percentage	15.93		15.93	2014	15.93	Food and Agriculture Organisation of United Nations (FAO)	
2018.Q2.G.01	ER_H2O_STRESS	Level of water stress: freshwater withdrawal as a proportion of available freshwater resources (%)	410	127.8610254	36.45201023	KOR	Republic of Korea	1	PERCENT	Percentage	57.58		57.58	2014	57.58	Food and Agriculture Organisation of United Nations (FAO)	
2018.Q2.G.01	ER_H2O_STRESS	Level of water stress: freshwater withdrawal as a proportion of available freshwater resources (%)	414	47.49305029	29.53949468	KWT	Kuwait	1	PERCENT	Percentage	2603.49		2603.49	2014	2603.49	Food and Agriculture Organisation of United Nations (FAO)	
2018.Q2.G.01	ER_H2O_STRESS	Level of water stress: freshwater withdrawal as a proportion of available freshwater resources (%)	417	74.52324839	41.46204516	KGZ	Kyrgyzstan	1	PERCENT	Percentage	43.95		43.95	2014	43.95	Food and Agriculture Organisation of United Nations (FAO)	
2018.Q2.G.01	ER_H2O_STRESS	Level of water stress: freshwater withdrawal as a proportion of available freshwater resources (%)	418	101.9901968	20.27482773	LAO	Lao People's Democratic Republic	1	PERCENT	Percentage	1.39		1.39	2014	1.39	Food and Agriculture Organisation of United Nations (FAO)	
2018.Q2.G.01	ER_H2O_STRESS	Level of water stress: freshwater withdrawal as a proportion of available freshwater resources (%)	422	35.89391711	33.92152458	LBN	Lebanon	1	PERCENT	Percentage	33.28		33.28	2014	33.28	Food and Agriculture Organisation of United Nations (FAO)	
2018.Q2.G.01	ER_H2O_STRESS	Level of water stress: freshwater withdrawal as a proportion of available freshwater resources (%)	426	28.25362195	-29.58041814	LSO	Lesotho	1	PERCENT	Percentage	2.13		2.13	2014	2.13	Food and Agriculture Organisation of United Nations (FAO)	
2018.Q2.G.01	ER_H2O_STRESS	Level of water stress: freshwater withdrawal as a proportion of available freshwater resources (%)	428	26.42461876	56.64196636	LVA	Latvia	1	PERCENT	Percentage	1.1		1.1	2014	1.1	Food and Agriculture Organisation of United Nations (FAO)	
2018.Q2.G.01	ER_H2O_STRESS	Level of water stress: freshwater withdrawal as a proportion of available freshwater resources (%)	430	-9.311879038	6.448381009	LBR	Liberia	1	PERCENT	Percentage	0.08		0.08	2014	0.08	Food and Agriculture Organisation of United Nations (FAO)	
2018.Q2.G.01	ER_H2O_STRESS	Level of water stress: freshwater withdrawal as a proportion of available freshwater resources (%)	434	18.0295985	27.04042819	LBY	Libya	1	PERCENT	Percentage	1072		1072	2014	1072	Food and Agriculture Organisation of United Nations (FAO)	
2018.Q2.G.01	ER_H2O_STRESS	Level of water stress: freshwater withdrawal as a proportion of available freshwater resources (%)	438	9.552985019	47.14167005	LIE	Liechtenstein	1	PERCENT	Percentage							
2018.Q2.G.01	ER_H2O_STRESS	Level of water stress: freshwater withdrawal as a proportion of available freshwater resources (%)	440	23.90517807	55.33680309	LTU	Lithuania	1	PERCENT	Percentage	3.97		3.97	2014	3.97	Food and Agriculture Organisation of United Nations (FAO)	
2018.Q2.G.01	ER_H2O_STRESS	Level of water stress: freshwater withdrawal as a proportion of available freshwater resources (%)	442	6.092656563	49.77679538	LUX	Luxembourg	1	PERCENT	Percentage	2.46		2.46	2014	2.46	Food and Agriculture Organisation of United Nations (FAO)	
2018.Q2.G.01	ER_H2O_STRESS	Level of water stress: freshwater withdrawal as a proportion of available freshwater resources (%)	446	113.5665388	22.1237259	MAC	China, Macao Special Administrative Region	1	PERCENT	Percentage							
2018.Q2.G.01	ER_H2O_STRESS	Level of water stress: freshwater withdrawal as a proportion of available freshwater resources (%)	450	46.6982339	-19.38514785	MDG	Madagascar	1	PERCENT	Percentage	5.76		5.76	2014	5.76	Food and Agriculture Organisation of United Nations (FAO)	
2018.Q2.G.01	ER_H2O_STRESS	Level of water stress: freshwater withdrawal as a proportion of available freshwater resources (%)	454	33.4884625	-13.40819859	MWI	Malawi	1	PERCENT	Percentage	11.08		11.08	2014	11.08	Food and Agriculture Organisation of United Nations (FAO)	
2018.Q2.G.01	ER_H2O_STRESS	Level of water stress: freshwater withdrawal as a proportion of available freshwater resources (%)	458	116.8346314	5.452415309	MYS	Malaysia	1	PERCENT	Percentage	3.41		3.41	2014	3.41	Food and Agriculture Organisation of United Nations (FAO)	
2018.Q2.G.01	ER_H2O_STRESS	Level of water stress: freshwater withdrawal as a proportion of available freshwater resources (%)	462	73.09672546	-0.614385021	MDV	Maldives	1	PERCENT	Percentage	15.67		15.67	2014	15.67	Food and Agriculture Organisation of United Nations (FAO)	
2018.Q2.G.01	ER_H2O_STRESS	Level of water stress: freshwater withdrawal as a proportion of available freshwater resources (%)	466	-3.522016039	17.35311254	MLI	Mali	1	PERCENT	Percentage	5.82		5.82	2014	5.82	Food and Agriculture Organisation of United Nations (FAO)	
2018.Q2.G.01	ER_H2O_STRESS	Level of water stress: freshwater withdrawal as a proportion of available freshwater resources (%)	470	14.44617519	35.89194275	MLT	Malta	1	PERCENT	Percentage	44.36		44.36	2014	44.36	Food and Agriculture Organisation of United Nations (FAO)	
2018.Q2.G.01	ER_H2O_STRESS	Level of water stress: freshwater withdrawal as a proportion of available freshwater resources (%)	474	-60.91544135	14.56086108	MTQ	Martinique	1	PERCENT	Percentage							
2018.Q2.G.01	ER_H2O_STRESS	Level of water stress: freshwater withdrawal as a proportion of available freshwater resources (%)	478	-10.33187259	20.26089546	MRT	Mauritania	1	PERCENT	Percentage	15.86		15.86	2014	15.86	Food and Agriculture Organisation of United Nations (FAO)	
2018.Q2.G.01	ER_H2O_STRESS	Level of water stress: freshwater withdrawal as a proportion of available freshwater resources (%)	480	57.568022	-20.28581998	MUS	Mauritius	1	PERCENT	Percentage	26.35		26.35	2014	26.35	Food and Agriculture Organisation of United Nations (FAO)	
2018.Q2.G.01	ER_H2O_STRESS	Level of water stress: freshwater withdrawal as a proportion of available freshwater resources (%)	484	-102.5148166	23.93378032	MEX	Mexico	1	PERCENT	Percentage		25.94	25.94	2015	25.94	Food and Agriculture Organisation of United Nations (FAO)	
2018.Q2.G.01	ER_H2O_STRESS	Level of water stress: freshwater withdrawal as a proportion of available freshwater resources (%)	492	7.424214814	43.73532918	MCO	Monaco	1	PERCENT	Percentage							
2018.Q2.G.01	ER_H2O_STRESS	Level of water stress: freshwater withdrawal as a proportion of available freshwater resources (%)	496	103.0728057	46.83892054	MNG	Mongolia	1	PERCENT	Percentage	2.43		2.43	2014	2.43	Food and Agriculture Organisation of United Nations (FAO)	
2018.Q2.G.01	ER_H2O_STRESS	Level of water stress: freshwater withdrawal as a proportion of available freshwater resources (%)	498	28.4650624	47.20236795	MDA	Republic of Moldova	1	PERCENT	Percentage	13.22		13.22	2014	13.22	Food and Agriculture Organisation of United Nations (FAO)	
2018.Q2.G.01	ER_H2O_STRESS	Level of water stress: freshwater withdrawal as a proportion of available freshwater resources (%)	499	19.25214024	42.78717043	MNE	Montenegro	1	PERCENT	Percentage							
2018.Q2.G.01	ER_H2O_STRESS	Level of water stress: freshwater withdrawal as a proportion of available freshwater resources (%)	500	-62.19261223	16.73558313	MSR	Montserrat	1	PERCENT	Percentage							
2018.Q2.G.01	ER_H2O_STRESS	Level of water stress: freshwater withdrawal as a proportion of available freshwater resources (%)	504	-6.281942841	31.8440131	MAR	Morocco	1	PERCENT	Percentage	49.04		49.04	2014	49.04	Food and Agriculture Organisation of United Nations (FAO)	
2018.Q2.G.01	ER_H2O_STRESS	Level of water stress: freshwater withdrawal as a proportion of available freshwater resources (%)	508	38.18479941	-14.27963886	MOZ	Mozambique	1	PERCENT	Percentage	0.93		0.93	2014	0.93	Food and Agriculture Organisation of United Nations (FAO)	
2018.Q2.G.01	ER_H2O_STRESS	Level of water stress: freshwater withdrawal as a proportion of available freshwater resources (%)	512	57.87743482	21.98805614	OMN	Oman	1	PERCENT	Percentage	106.23		106.23	2014	106.23	Food and Agriculture Organisation of United Nations (FAO)	
2018.Q2.G.01	ER_H2O_STRESS	Level of water stress: freshwater withdrawal as a proportion of available freshwater resources (%)	516	17.21907885	-22.13817068	NAM	Namibia	1	PERCENT	Percentage	0.93		0.93	2014	0.93	Food and Agriculture Organisation of United Nations (FAO)	
2018.Q2.G.01	ER_H2O_STRESS	Level of water stress: freshwater withdrawal as a proportion of available freshwater resources (%)	520	166.92313	-0.528742623	NRU	Nauru	1	PERCENT	Percentage							
2018.Q2.G.01	ER_H2O_STRESS	Level of water stress: freshwater withdrawal as a proportion of available freshwater resources (%)	524	83.94678863	28.25866332	NPL	Nepal	1	PERCENT	Percentage	5.86		5.86	2014	5.86	Food and Agriculture Organisation of United Nations (FAO)	
2018.Q2.G.01	ER_H2O_STRESS	Level of water stress: freshwater withdrawal as a proportion of available freshwater resources (%)	528	5.331480568	51.86728884	NLD	Netherlands	1	PERCENT	Percentage	21.08		21.08	2014	21.08	Food and Agriculture Organisation of United Nations (FAO)	
2018.Q2.G.01	ER_H2O_STRESS	Level of water stress: freshwater withdrawal as a proportion of available freshwater resources (%)	530	-68.30676179	12.22720635	ANT	Netherlands Antilles	1	PERCENT	Percentage							
2018.Q2.G.01	ER_H2O_STRESS	Level of water stress: freshwater withdrawal as a proportion of available freshwater resources (%)	531	-68.95033464	12.15058042	CUW	Curaçao	1	PERCENT	Percentage							
2018.Q2.G.01	ER_H2O_STRESS	Level of water stress: freshwater withdrawal as a proportion of available freshwater resources (%)	533	-69.97050586	12.50878756	ABW	Aruba	1	PERCENT	Percentage							
2018.Q2.G.01	ER_H2O_STRESS	Level of water stress: freshwater withdrawal as a proportion of available freshwater resources (%)	534	-63.06198692	18.03926508	SXM	Sint Maarten (Dutch part)	1	PERCENT	Percentage							
2018.Q2.G.01	ER_H2O_STRESS	Level of water stress: freshwater withdrawal as a proportion of available freshwater resources (%)	540	165.5067368	-21.41742531	NCL	New Caledonia	1	PERCENT	Percentage							
2018.Q2.G.01	ER_H2O_STRESS	Level of water stress: freshwater withdrawal as a proportion of available freshwater resources (%)	548	167.0679779	-15.34445547	VUT	Vanuatu	1	PERCENT	Percentage	0		0	2014	0	Food and Agriculture Organisation of United Nations (FAO)	
2018.Q2.G.01	ER_H2O_STRESS	Level of water stress: freshwater withdrawal as a proportion of available freshwater resources (%)	554	170.4755673	-43.98721568	NZL	New Zealand	1	PERCENT	Percentage	2.75		2.75	2014	2.75	Food and Agriculture Organisation of United Nations (FAO)	
2018.Q2.G.01	ER_H2O_STRESS	Level of water stress: freshwater withdrawal as a proportion of available freshwater resources (%)	558	-85.03060315	12.84210839	NIC	Nicaragua	1	PERCENT	Percentage	1.35		1.35	2014	1.35	Food and Agriculture Organisation of United Nations (FAO)	
2018.Q2.G.01	ER_H2O_STRESS	Level of water stress: freshwater withdrawal as a proportion of available freshwater resources (%)	562	9.400167877	17.42143036	NER	Niger	1	PERCENT	Percentage	3.75		3.75	2014	3.75	Food and Agriculture Organisation of United Nations (FAO)	
2018.Q2.G.01	ER_H2O_STRESS	Level of water stress: freshwater withdrawal as a proportion of available freshwater resources (%)	566	8.097363256	9.585789025	NGA	Nigeria	1	PERCENT	Percentage	5.83		5.83	2014	5.83	Food and Agriculture Organisation of United Nations (FAO)	
2018.Q2.G.01	ER_H2O_STRESS	Level of water stress: freshwater withdrawal as a proportion of available freshwater resources (%)	570	-169.8601693	-19.05000475	NIU	Niue	1	PERCENT	Percentage							
2018.Q2.G.01	ER_H2O_STRESS	Level of water stress: freshwater withdrawal as a proportion of available freshwater resources (%)	574	167.9515548	-29.03230018	NFK	Norfolk Island	1	PERCENT	Percentage							
2018.Q2.G.01	ER_H2O_STRESS	Level of water stress: freshwater withdrawal as a proportion of available freshwater resources (%)	578	11.47846389	61.34311134	NOR	Norway	1	PERCENT	Percentage	1.15		1.15	2014	1.15	Food and Agriculture Organisation of United Nations (FAO)	
2018.Q2.G.01	ER_H2O_STRESS	Level of water stress: freshwater withdrawal as a proportion of available freshwater resources (%)	580	145.7582114	15.19099517	MNP	Northern Mariana Islands	1	PERCENT	Percentage							
2018.Q2.G.01	ER_H2O_STRESS	Level of water stress: freshwater withdrawal as a proportion of available freshwater resources (%)	581	-162.4343752	5.874443968	UMI	US Minor Outlying Islands	1	PERCENT	Percentage							
2018.Q2.G.01	ER_H2O_STRESS	Level of water stress: freshwater withdrawal as a proportion of available freshwater resources (%)	583	158.225216	6.880670092	FSM	Micronesia, Federated States of	1	PERCENT	Percentage							
2018.Q2.G.01	ER_H2O_STRESS	Level of water stress: freshwater withdrawal as a proportion of available freshwater resources (%)	584	171.0839119	7.110213497	MHL	Marshall Islands	1	PERCENT	Percentage							
2018.Q2.G.01	ER_H2O_STRESS	Level of water stress: freshwater withdrawal as a proportion of available freshwater resources (%)	585	134.5733878	7.502307591	PLW	Palau	1	PERCENT	Percentage							
2018.Q2.G.01	ER_H2O_STRESS	Level of water stress: freshwater withdrawal as a proportion of available freshwater resources (%)	586	68.80479684	29.36491634	PAK	Pakistan	1	PERCENT	Percentage	102.5		102.5	2014	102.5	Food and Agriculture Organisation of United Nations (FAO)	
2018.Q2.G.01	ER_H2O_STRESS	Level of water stress: freshwater withdrawal as a proportion of available freshwater resources (%)	591	-81.26616623	8.450965746	PAN	Panama	1	PERCENT	Percentage	1.05		1.05	2014	1.05	Food and Agriculture Organisation of United Nations (FAO)	
2018.Q2.G.01	ER_H2O_STRESS	Level of water stress: freshwater withdrawal as a proportion of available freshwater resources (%)	598	145.8587761	-6.756057077	PNG	Papua New Guinea	1	PERCENT	Percentage	0.09		0.09	2014	0.09	Food and Agriculture Organisation of United Nations (FAO)	
2018.Q2.G.01	ER_H2O_STRESS	Level of water stress: freshwater withdrawal as a proportion of available freshwater resources (%)	600	-60.54854225	-21.70216237	PRY	Paraguay	1	PERCENT	Percentage	0.93		0.93	2014	0.93	Food and Agriculture Organisation of United Nations (FAO)	
2018.Q2.G.01	ER_H2O_STRESS	Level of water stress: freshwater withdrawal as a proportion of available freshwater resources (%)	604	-71.82093277	-13.58939705	PER	Peru	1	PERCENT	Percentage	1.16		1.16	2014	1.16	Food and Agriculture Organisation of United Nations (FAO)	
2018.Q2.G.01	ER_H2O_STRESS	Level of water stress: freshwater withdrawal as a proportion of available freshwater resources (%)	608	120.8601418	14.16591706	PHL	Philippines	1	PERCENT	Percentage	25.05		25.05	2014	25.05	Food and Agriculture Organisation of United Nations (FAO)	
2018.Q2.G.01	ER_H2O_STRESS	Level of water stress: freshwater withdrawal as a proportion of available freshwater resources (%)	612	-128.3225873	-24.37538456	PCN	Pitcairn	1	PERCENT	Percentage							
2018.Q2.G.01	ER_H2O_STRESS	Level of water stress: freshwater withdrawal as a proportion of available freshwater resources (%)	616	19.40660158	52.1226733	POL	Poland	1	PERCENT	Percentage	37.79		37.79	2014	37.79	Food and Agriculture Organisation of United Nations (FAO)	
2018.Q2.G.01	ER_H2O_STRESS	Level of water stress: freshwater withdrawal as a proportion of available freshwater resources (%)	620	-7.961599811	39.68509315	PRT	Portugal	1	PERCENT	Percentage	17.05		17.05	2014	17.05	Food and Agriculture Organisation of United Nations (FAO)	
2018.Q2.G.01	ER_H2O_STRESS	Level of water stress: freshwater withdrawal as a proportion of available freshwater resources (%)	624	-14.40182514	12.11760394	GNB	Guinea-Bissau	1	PERCENT	Percentage	0.71		0.71	2014	0.71	Food and Agriculture Organisation of United Nations (FAO)	
2018.Q2.G.01	ER_H2O_STRESS	Level of water stress: freshwater withdrawal as a proportion of available freshwater resources (%)	626	125.9451052	-8.797497247	TLS	Timor-Leste	1	PERCENT	Percentage	14.27		14.27	2014	14.27	Food and Agriculture Organisation of United Nations (FAO)	
2018.Q2.G.01	ER_H2O_STRESS	Level of water stress: freshwater withdrawal as a proportion of available freshwater resources (%)	630	-66.47591017	18.22753799	PRI	Puerto Rico	1	PERCENT	Percentage	21.27		21.27	2014	21.27	Food and Agriculture Organisation of United Nations (FAO)	
2018.Q2.G.01	ER_H2O_STRESS	Level of water stress: freshwater withdrawal as a proportion of available freshwater resources (%)	634	51.19152467	25.28355379	QAT	Qatar	1	PERCENT	Percentage	472.54		472.54	2014	472.54	Food and Agriculture Organisation of United Nations (FAO)	
2018.Q2.G.01	ER_H2O_STRESS	Level of water stress: freshwater withdrawal as a proportion of available freshwater resources (%)	638	55.53171398	-21.13183266	REU	Réunion	1	PERCENT	Percentage	22.45		22.45	2014	22.45	Food and Agriculture Organisation of United Nations (FAO)	
2018.Q2.G.01	ER_H2O_STRESS	Level of water stress: freshwater withdrawal as a proportion of available freshwater resources (%)	642	24.98481009	45.83893563	ROU	Romania	1	PERCENT	Percentage	5.1		5.1	2014	5.1	Food and Agriculture Organisation of United Nations (FAO)	
2018.Q2.G.01	ER_H2O_STRESS	Level of water stress: freshwater withdrawal as a proportion of available freshwater resources (%)	643	99.01404926	61.61899849	RUS	Russian Federation	1	PERCENT	Percentage	2.01		2.01	2014	2.01	Food and Agriculture Organisation of United Nations (FAO)	
2018.Q2.G.01	ER_H2O_STRESS	Level of water stress: freshwater withdrawal as a proportion of available freshwater resources (%)	646	29.92310194	-1.999842114	RWA	Rwanda	1	PERCENT	Percentage	1.44		1.44	2014	1.44	Food and Agriculture Organisation of United Nations (FAO)	
2018.Q2.G.01	ER_H2O_STRESS	Level of water stress: freshwater withdrawal as a proportion of available freshwater resources (%)	652	-62.83173536	17.89513362	BLM	Saint Barthélemy	1	PERCENT	Percentage							
2018.Q2.G.01	ER_H2O_STRESS	Level of water stress: freshwater withdrawal as a proportion of available freshwater resources (%)	654	-5.705752501	-15.96503946	SHN	Saint Helena	1	PERCENT	Percentage							
2018.Q2.G.01	ER_H2O_STRESS	Level of water stress: freshwater withdrawal as a proportion of available freshwater resources (%)	659	-62.76628613	17.33994219	KNA	Saint Kitts and Nevis	1	PERCENT	Percentage	51.25		51.25	2014	51.25	Food and Agriculture Organisation of United Nations (FAO)	
2018.Q2.G.01	ER_H2O_STRESS	Level of water stress: freshwater withdrawal as a proportion of available freshwater resources (%)	660	-63.05651612	18.21525315	AIA	Anguilla	1	PERCENT	Percentage							
2018.Q2.G.01	ER_H2O_STRESS	Level of water stress: freshwater withdrawal as a proportion of available freshwater resources (%)	662	-60.96529553	13.89405601	LCA	Saint Lucia	1	PERCENT	Percentage	14.3		14.3	2014	14.3	Food and Agriculture Organisation of United Nations (FAO)	
2018.Q2.G.01	ER_H2O_STRESS	Level of water stress: freshwater withdrawal as a proportion of available freshwater resources (%)	663	-63.04505461	18.0882685	MAF	Saint Martin (French Part)	1	PERCENT	Percentage							
2018.Q2.G.01	ER_H2O_STRESS	Level of water stress: freshwater withdrawal as a proportion of available freshwater resources (%)	666	-56.33682442	46.85812735	SPM	Saint Pierre and Miquelon	1	PERCENT	Percentage							
2018.Q2.G.01	ER_H2O_STRESS	Level of water stress: freshwater withdrawal as a proportion of available freshwater resources (%)	670	-61.19024321	13.24627968	VCT	Saint Vincent and the Grenadines	1	PERCENT	Percentage	11.18		11.18	2014	11.18	Food and Agriculture Organisation of United Nations (FAO)	
2018.Q2.G.01	ER_H2O_STRESS	Level of water stress: freshwater withdrawal as a proportion of available freshwater resources (%)	674	12.46329038	43.93841766	SMR	San Marino	1	PERCENT	Percentage							
2018.Q2.G.01	ER_H2O_STRESS	Level of water stress: freshwater withdrawal as a proportion of available freshwater resources (%)	678	6.609772265	0.241554875	STP	Sao Tome and Principe	1	PERCENT	Percentage	0.46		0.46	2014	0.46	Food and Agriculture Organisation of United Nations (FAO)	
2018.Q2.G.01	ER_H2O_STRESS	Level of water stress: freshwater withdrawal as a proportion of available freshwater resources (%)	682	44.54763347	24.12594211	SAU	Saudi Arabia	1	PERCENT	Percentage	1242.64		1242.64	2014	1242.64	Food and Agriculture Organisation of United Nations (FAO)	
2018.Q2.G.01	ER_H2O_STRESS	Level of water stress: freshwater withdrawal as a proportion of available freshwater resources (%)	686	-14.46636926	14.35920905	SEN	Senegal	1	PERCENT	Percentage	7.23		7.23	2014	7.23	Food and Agriculture Organisation of United Nations (FAO)	
2018.Q2.G.01	ER_H2O_STRESS	Level of water stress: freshwater withdrawal as a proportion of available freshwater resources (%)	688	20.805876	44.03145697	SRB	Serbia	1	PERCENT	Percentage	4.28		4.28	2014	4.28	Food and Agriculture Organisation of United Nations (FAO)	
2018.Q2.G.01	ER_H2O_STRESS	Level of water stress: freshwater withdrawal as a proportion of available freshwater resources (%)	690	55.46561591	-4.678053059	SYC	Seychelles	1	PERCENT	Percentage							
2018.Q2.G.01	ER_H2O_STRESS	Level of water stress: freshwater withdrawal as a proportion of available freshwater resources (%)	694	-11.78306584	8.568604164	SLE	Sierra Leone	1	PERCENT	Percentage	0.18		0.18	2014	0.18	Food and Agriculture Organisation of United Nations (FAO)	
2018.Q2.G.01	ER_H2O_STRESS	Level of water stress: freshwater withdrawal as a proportion of available freshwater resources (%)	702	103.8107883	1.361009155	SGP	Singapore	1	PERCENT	Percentage	31.67		31.67	2014	31.67	Food and Agriculture Organisation of United Nations (FAO)	
2018.Q2.G.01	ER_H2O_STRESS	Level of water stress: freshwater withdrawal as a proportion of available freshwater resources (%)	703	19.48495604	48.70741446	SVK	Slovakia	1	PERCENT	Percentage	1.91		1.91	2014	1.91	Food and Agriculture Organisation of United Nations (FAO)	
2018.Q2.G.01	ER_H2O_STRESS	Level of water stress: freshwater withdrawal as a proportion of available freshwater resources (%)	704	105.802499	10.09643079	VNM	Viet Nam	1	PERCENT	Percentage	12.79		12.79	2014	12.79	Food and Agriculture Organisation of United Nations (FAO)	
2018.Q2.G.01	ER_H2O_STRESS	Level of water stress: freshwater withdrawal as a proportion of available freshwater resources (%)	705	14.82209486	46.11958061	SVN	Slovenia	1	PERCENT	Percentage	6.13		6.13	2014	6.13	Food and Agriculture Organisation of United Nations (FAO)	
2018.Q2.G.01	ER_H2O_STRESS	Level of water stress: freshwater withdrawal as a proportion of available freshwater resources (%)	706	46.20367477	4.406485729	SOM	Somalia	1	PERCENT	Percentage	30.34		30.34	2014	30.34	Food and Agriculture Organisation of United Nations (FAO)	
2018.Q2.G.01	ER_H2O_STRESS	Level of water stress: freshwater withdrawal as a proportion of available freshwater resources (%)	710	24.67184355	-29.99957544	ZAF	South Africa	1	PERCENT	Percentage	42.92		42.92	2014	42.92	Food and Agriculture Organisation of United Nations (FAO)	
2018.Q2.G.01	ER_H2O_STRESS	Level of water stress: freshwater withdrawal as a proportion of available freshwater resources (%)	716	29.86909584	-19.00075492	ZWE	Zimbabwe	1	PERCENT	Percentage	24.29		24.29	2014	24.29	Food and Agriculture Organisation of United Nations (FAO)	
2018.Q2.G.01	ER_H2O_STRESS	Level of water stress: freshwater withdrawal as a proportion of available freshwater resources (%)	724	-3.554078296	40.39211472	ESP	Spain	1	PERCENT	Percentage	49.65		49.65	2014	49.65	Food and Agriculture Organisation of United Nations (FAO)	
2018.Q2.G.01	ER_H2O_STRESS	Level of water stress: freshwater withdrawal as a proportion of available freshwater resources (%)	728	30.32618773	7.290839152	SSD	South Sudan	1	PERCENT	Percentage	1.33		1.33	2014	1.33	Food and Agriculture Organisation of United Nations (FAO)	
2018.Q2.G.01	ER_H2O_STRESS	Level of water stress: freshwater withdrawal as a proportion of available freshwater resources (%)	732	-13.13515523	24.66265342	ESH	Western Sahara	1	PERCENT	Percentage							
2018.Q2.G.01	ER_H2O_STRESS	Level of water stress: freshwater withdrawal as a proportion of available freshwater resources (%)	736	29.95650159	16.02643066	SDN	Sudan	1	PERCENT	Percentage							
2018.Q2.G.01	ER_H2O_STRESS	Level of water stress: freshwater withdrawal as a proportion of available freshwater resources (%)	740	-55.90626394	4.132603197	SUR	Suriname	1	PERCENT	Percentage	0.96		0.96	2014	0.96	Food and Agriculture Organisation of United Nations (FAO)	
2018.Q2.G.01	ER_H2O_STRESS	Level of water stress: freshwater withdrawal as a proportion of available freshwater resources (%)	744	13.38071013	78.82894131	SJM	Svalbard and Jan Mayen Islands	1	PERCENT	Percentage							
2018.Q2.G.01	ER_H2O_STRESS	Level of water stress: freshwater withdrawal as a proportion of available freshwater resources (%)	748	31.50149288	-26.56471011	SWZ	Swaziland	1	PERCENT	Percentage	32.35		32.35	2014	32.35	Food and Agriculture Organisation of United Nations (FAO)	
2018.Q2.G.01	ER_H2O_STRESS	Level of water stress: freshwater withdrawal as a proportion of available freshwater resources (%)	752	14.3775338	60.60103109	SWE	Sweden	1	PERCENT	Percentage	2.88		2.88	2014	2.88	Food and Agriculture Organisation of United Nations (FAO)	
2018.Q2.G.01	ER_H2O_STRESS	Level of water stress: freshwater withdrawal as a proportion of available freshwater resources (%)	756	8.223158	46.96617097	CHE	Switzerland	1	PERCENT	Percentage	7.37		7.37	2014	7.37	Food and Agriculture Organisation of United Nations (FAO)	
2018.Q2.G.01	ER_H2O_STRESS	Level of water stress: freshwater withdrawal as a proportion of available freshwater resources (%)	760	38.50466565	35.01676176	SYR	Syrian Arab Republic (Syria)	1	PERCENT	Percentage	109.41		109.41	2014	109.41	Food and Agriculture Organisation of United Nations (FAO)	
2018.Q2.G.01	ER_H2O_STRESS	Level of water stress: freshwater withdrawal as a proportion of available freshwater resources (%)	762	69.294998	38.43069666	TJK	Tajikistan	1	PERCENT	Percentage	71.35		71.35	2014	71.35	Food and Agriculture Organisation of United Nations (FAO)	
2018.Q2.G.01	ER_H2O_STRESS	Level of water stress: freshwater withdrawal as a proportion of available freshwater resources (%)	764	101.0202951	15.13089239	THA	Thailand	1	PERCENT	Percentage	17.49		17.49	2014	17.49	Food and Agriculture Organisation of United Nations (FAO)	
2018.Q2.G.01	ER_H2O_STRESS	Level of water stress: freshwater withdrawal as a proportion of available freshwater resources (%)	768	0.97835765	8.532096072	TGO	Togo	1	PERCENT	Percentage	1.77		1.77	2014	1.77	Food and Agriculture Organisation of United Nations (FAO)	
2018.Q2.G.01	ER_H2O_STRESS	Level of water stress: freshwater withdrawal as a proportion of available freshwater resources (%)	772	-171.8154473	-9.214545558	TKL	Tokelau	1	PERCENT	Percentage							
2018.Q2.G.01	ER_H2O_STRESS	Level of water stress: freshwater withdrawal as a proportion of available freshwater resources (%)	776	-175.1959991	-21.19511329	TON	Tonga	1	PERCENT	Percentage							
2018.Q2.G.01	ER_H2O_STRESS	Level of water stress: freshwater withdrawal as a proportion of available freshwater resources (%)	780	-61.29389504	10.41877263	TTO	Trinidad and Tobago	1	PERCENT	Percentage	12.33		12.33	2014	12.33	Food and Agriculture Organisation of United Nations (FAO)	
2018.Q2.G.01	ER_H2O_STRESS	Level of water stress: freshwater withdrawal as a proportion of available freshwater resources (%)	784	53.98279159	23.43322219	ARE	United Arab Emirates	1	PERCENT	Percentage	2346.46		2346.46	2014	2346.46	Food and Agriculture Organisation of United Nations (FAO)	
2018.Q2.G.01	ER_H2O_STRESS	Level of water stress: freshwater withdrawal as a proportion of available freshwater resources (%)	788	9.572737411	34.11439971	TUN	Tunisia	1	PERCENT	Percentage	94.01		94.01	2014	94.01	Food and Agriculture Organisation of United Nations (FAO)	
2018.Q2.G.01	ER_H2O_STRESS	Level of water stress: freshwater withdrawal as a proportion of available freshwater resources (%)	792	35.42890329	38.9899684	TUR	Turkey	1	PERCENT	Percentage	27.49		27.49	2014	27.49	Food and Agriculture Organisation of United Nations (FAO)	
2018.Q2.G.01	ER_H2O_STRESS	Level of water stress: freshwater withdrawal as a proportion of available freshwater resources (%)	795	58.9787665	40.0912346	TKM	Turkmenistan	1	PERCENT	Percentage	162.83		162.83	2014	162.83	Food and Agriculture Organisation of United Nations (FAO)	
2018.Q2.G.01	ER_H2O_STRESS	Level of water stress: freshwater withdrawal as a proportion of available freshwater resources (%)	796	-71.745121	21.80780585	TCA	Turks and Caicos Islands	1	PERCENT	Percentage							
2018.Q2.G.01	ER_H2O_STRESS	Level of water stress: freshwater withdrawal as a proportion of available freshwater resources (%)	798	178.6679611	-7.460048071	TUV	Tuvalu	1	PERCENT	Percentage							
2018.Q2.G.01	ER_H2O_STRESS	Level of water stress: freshwater withdrawal as a proportion of available freshwater resources (%)	800	32.39100438	1.279557331	UGA	Uganda	1	PERCENT	Percentage	1.33		1.33	2014	1.33	Food and Agriculture Organisation of United Nations (FAO)	
2018.Q2.G.01	ER_H2O_STRESS	Level of water stress: freshwater withdrawal as a proportion of available freshwater resources (%)	804	31.40270802	49.00735945	UKR	Ukraine	1	PERCENT	Percentage	13.91		13.91	2014	13.91	Food and Agriculture Organisation of United Nations (FAO)	
2018.Q2.G.01	ER_H2O_STRESS	Level of water stress: freshwater withdrawal as a proportion of available freshwater resources (%)	807	21.7007909	41.60048068	MKD	Macedonia, Republic of	1	PERCENT	Percentage	13.18		13.18	2014	13.18	Food and Agriculture Organisation of United Nations (FAO)	
2018.Q2.G.01	ER_H2O_STRESS	Level of water stress: freshwater withdrawal as a proportion of available freshwater resources (%)	818	29.77468534	26.57438204	EGY	Egypt	1	PERCENT	Percentage	159.85		159.85	2014	159.85	Food and Agriculture Organisation of United Nations (FAO)	
2018.Q2.G.01	ER_H2O_STRESS	Level of water stress: freshwater withdrawal as a proportion of available freshwater resources (%)	826	-2.23830539	53.27691757	GBR	United Kingdom	1	PERCENT	Percentage	9.67		9.67	2014	9.67	Food and Agriculture Organisation of United Nations (FAO)	
2018.Q2.G.01	ER_H2O_STRESS	Level of water stress: freshwater withdrawal as a proportion of available freshwater resources (%)	831	-2.200712402	49.71561166	GGY	Guernsey	1	PERCENT	Percentage							
2018.Q2.G.01	ER_H2O_STRESS	Level of water stress: freshwater withdrawal as a proportion of available freshwater resources (%)	832	-2.136773508	49.22353354	JEY	Jersey	1	PERCENT	Percentage							
2018.Q2.G.01	ER_H2O_STRESS	Level of water stress: freshwater withdrawal as a proportion of available freshwater resources (%)	833	-4.538190305	54.22880901	IMN	Isle of Man	1	PERCENT	Percentage							
2018.Q2.G.01	ER_H2O_STRESS	Level of water stress: freshwater withdrawal as a proportion of available freshwater resources (%)	834	34.80521182	-6.265332606	TZA	Tanzania, United Republic of	1	PERCENT	Percentage	7.45		7.45	2014	7.45	Food and Agriculture Organisation of United Nations (FAO)	
2018.Q2.G.01	ER_H2O_STRESS	Level of water stress: freshwater withdrawal as a proportion of available freshwater resources (%)	840	-99.13830311	39.5277871	USA	United States of America	1	PERCENT	Percentage	22.61		22.61	2014	22.61	Food and Agriculture Organisation of United Nations (FAO)	
2018.Q2.G.01	ER_H2O_STRESS	Level of water stress: freshwater withdrawal as a proportion of available freshwater resources (%)	850	-64.76960113	17.73297693	VIR	United States Virgin Islands	1	PERCENT	Percentage							
2018.Q2.G.01	ER_H2O_STRESS	Level of water stress: freshwater withdrawal as a proportion of available freshwater resources (%)	854	-1.742843829	12.27491081	BFA	Burkina Faso	1	PERCENT	Percentage	9.49		9.49	2014	9.49	Food and Agriculture Organisation of United Nations (FAO)	
2018.Q2.G.01	ER_H2O_STRESS	Level of water stress: freshwater withdrawal as a proportion of available freshwater resources (%)	858	-56.01387025	-32.8002838	URY	Uruguay	1	PERCENT	Percentage	3.52		3.52	2014	3.52	Food and Agriculture Organisation of United Nations (FAO)	
2018.Q2.G.01	ER_H2O_STRESS	Level of water stress: freshwater withdrawal as a proportion of available freshwater resources (%)	860	63.11944558	41.77560518	UZB	Uzbekistan	1	PERCENT	Percentage	138.82		138.82	2014	138.82	Food and Agriculture Organisation of United Nations (FAO)	
2018.Q2.G.01	ER_H2O_STRESS	Level of water stress: freshwater withdrawal as a proportion of available freshwater resources (%)	862	-66.15642084	7.121324748	VEN	Venezuela (Bolivarian Republic)	1	PERCENT	Percentage	2.58		2.58	2014	2.58	Food and Agriculture Organisation of United Nations (FAO)	
2018.Q2.G.01	ER_H2O_STRESS	Level of water stress: freshwater withdrawal as a proportion of available freshwater resources (%)	876	-176.2034788	-13.28471201	WLF	Wallis and Futuna Islands	1	PERCENT	Percentage							
2018.Q2.G.01	ER_H2O_STRESS	Level of water stress: freshwater withdrawal as a proportion of available freshwater resources (%)	882	-172.4430749	-13.61541469	WSM	Samoa	1	PERCENT	Percentage							
2018.Q2.G.01	ER_H2O_STRESS	Level of water stress: freshwater withdrawal as a proportion of available freshwater resources (%)	887	45.22389143	15.22242099	YEM	Yemen	1	PERCENT	Percentage	227.68		227.68	2014	227.68	Food and Agriculture Organisation of United Nations (FAO)	
2018.Q2.G.01	ER_H2O_STRESS	Level of water stress: freshwater withdrawal as a proportion of available freshwater resources (%)	894	27.850329	-14.59701056	ZMB	Zambia	1	PERCENT	Percentage	2.14		2.14	2014	2.14	Food and Agriculture Organisation of United Nations (FAO)	
