series.release	series.code	series.description	geoAreaCode	X	Y	ISO3CD	geoAreaName	sliceId	Units	Units description	years	value	valueType	time_detail	source	Nature
2018.Q2.G.01	ER_MTN_GRNCOV	Mountain green cover area (square kilometres)	4	66.02688198	33.83160199	AFG	Afghanistan	1	KMSQ	Square kilometers	2017	217.496603964844	Float		Food and Agriculture Organisation of United Nations ( FAO)	E
2018.Q2.G.01	ER_MTN_GRNCOV	Mountain green cover area (square kilometres)	8	20.06660928	41.13897007	ALB	Albania	1	KMSQ	Square kilometers	2017	17.0740104296875	Float		Food and Agriculture Organisation of United Nations ( FAO)	E
2018.Q2.G.01	ER_MTN_GRNCOV	Mountain green cover area (square kilometres)	10	21.47585697	-80.40897662	ATA	Antarctica	1	KMSQ	Square kilometers	2017					
2018.Q2.G.01	ER_MTN_GRNCOV	Mountain green cover area (square kilometres)	12	2.678164227	28.15940032	DZA	Algeria	1	KMSQ	Square kilometers	2017	102.745380566406	Float		Food and Agriculture Organisation of United Nations ( FAO)	E
2018.Q2.G.01	ER_MTN_GRNCOV	Mountain green cover area (square kilometres)	16	-170.7187269	-14.30587306	ASM	American Samoa	1	KMSQ	Square kilometers	2017					
2018.Q2.G.01	ER_MTN_GRNCOV	Mountain green cover area (square kilometres)	20	1.576257417	42.54548611	AND	Andorra	1	KMSQ	Square kilometers	2017					
2018.Q2.G.01	ER_MTN_GRNCOV	Mountain green cover area (square kilometres)	24	17.57817062	-12.33724746	AGO	Angola	1	KMSQ	Square kilometers	2017	165.453158847656	Float		Food and Agriculture Organisation of United Nations ( FAO)	E
2018.Q2.G.01	ER_MTN_GRNCOV	Mountain green cover area (square kilometres)	28	-61.7999755	17.07761471	ATG	Antigua and Barbuda	1	KMSQ	Square kilometers	2017					
2018.Q2.G.01	ER_MTN_GRNCOV	Mountain green cover area (square kilometres)	31	50.01064725	40.39229544	AZE	Azerbaijan	1	KMSQ	Square kilometers	2017	29.790277265625	Float		Food and Agriculture Organisation of United Nations ( FAO)	E
2018.Q2.G.01	ER_MTN_GRNCOV	Mountain green cover area (square kilometres)	32	-65.14563274	-35.19446255	ARG	Argentina	1	KMSQ	Square kilometers	2017	415.010328085937	Float		Food and Agriculture Organisation of United Nations ( FAO)	E
2018.Q2.G.01	ER_MTN_GRNCOV	Mountain green cover area (square kilometres)	36	134.3499412	-25.57717202	AUS	Australia	1	KMSQ	Square kilometers	2017	313.728339648437	Float		Food and Agriculture Organisation of United Nations ( FAO)	E
2018.Q2.G.01	ER_MTN_GRNCOV	Mountain green cover area (square kilometres)	40	14.14172472	47.58704857	AUT	Austria	1	KMSQ	Square kilometers	2017	51.476867265625	Float		Food and Agriculture Organisation of United Nations ( FAO)	E
2018.Q2.G.01	ER_MTN_GRNCOV	Mountain green cover area (square kilometres)	44	-78.05111663	24.69546597	BHS	Bahamas	1	KMSQ	Square kilometers	2017					
2018.Q2.G.01	ER_MTN_GRNCOV	Mountain green cover area (square kilometres)	48	50.5490754	26.04407747	BHR	Bahrain	1	KMSQ	Square kilometers	2017					
2018.Q2.G.01	ER_MTN_GRNCOV	Mountain green cover area (square kilometres)	50	89.17660788	22.86961622	BGD	Bangladesh	1	KMSQ	Square kilometers	2017	1.809010546875	Float		Food and Agriculture Organisation of United Nations ( FAO)	E
2018.Q2.G.01	ER_MTN_GRNCOV	Mountain green cover area (square kilometres)	51	44.93839317	40.29499741	ARM	Armenia	1	KMSQ	Square kilometers	2017	20.1397205859375	Float		Food and Agriculture Organisation of United Nations ( FAO)	E
2018.Q2.G.01	ER_MTN_GRNCOV	Mountain green cover area (square kilometres)	52	-59.5346489	13.13648273	BRB	Barbados	1	KMSQ	Square kilometers	2017					
2018.Q2.G.01	ER_MTN_GRNCOV	Mountain green cover area (square kilometres)	56	4.660976456	50.64104975	BEL	Belgium	1	KMSQ	Square kilometers	2017	0.509671953125	Float		Food and Agriculture Organisation of United Nations ( FAO)	E
2018.Q2.G.01	ER_MTN_GRNCOV	Mountain green cover area (square kilometres)	60	-64.78155012	32.27881922	BMU	Bermuda	1	KMSQ	Square kilometers	2017					
2018.Q2.G.01	ER_MTN_GRNCOV	Mountain green cover area (square kilometres)	64	90.45098484	27.39598568	BTN	Bhutan	1	KMSQ	Square kilometers	2017	32.56218984375	Float		Food and Agriculture Organisation of United Nations ( FAO)	E
2018.Q2.G.01	ER_MTN_GRNCOV	Mountain green cover area (square kilometres)	68	-64.66224284	-16.71273412	BOL	Bolivia (Plurinational State of)	1	KMSQ	Square kilometers	2017	317.651083652344	Float		Food and Agriculture Organisation of United Nations ( FAO)	E
2018.Q2.G.01	ER_MTN_GRNCOV	Mountain green cover area (square kilometres)	70	17.78584332	44.16845548	BIH	Bosnia and Herzegovina	1	KMSQ	Square kilometers	2017	34.4028568359375	Float		Food and Agriculture Organisation of United Nations ( FAO)	E
2018.Q2.G.01	ER_MTN_GRNCOV	Mountain green cover area (square kilometres)	72	23.81380223	-22.18810073	BWA	Botswana	1	KMSQ	Square kilometers	2017	1.7298465234375	Float		Food and Agriculture Organisation of United Nations ( FAO)	E
2018.Q2.G.01	ER_MTN_GRNCOV	Mountain green cover area (square kilometres)	74	3.410732868	-54.43295905	BVT	Bouvet Island	1	KMSQ	Square kilometers	2017					
2018.Q2.G.01	ER_MTN_GRNCOV	Mountain green cover area (square kilometres)	76	-53.08432878	-10.77668561	BRA	Brazil	1	KMSQ	Square kilometers	2017	779.930713720703	Float		Food and Agriculture Organisation of United Nations ( FAO)	E
2018.Q2.G.01	ER_MTN_GRNCOV	Mountain green cover area (square kilometres)	84	-88.70199554	17.19965901	BLZ	Belize	1	KMSQ	Square kilometers	2017	3.8375153320313	Float		Food and Agriculture Organisation of United Nations ( FAO)	E
2018.Q2.G.01	ER_MTN_GRNCOV	Mountain green cover area (square kilometres)	86	72.38715553	-7.299281071	IOT	British Indian Ocean Territory	1	KMSQ	Square kilometers	2017					
2018.Q2.G.01	ER_MTN_GRNCOV	Mountain green cover area (square kilometres)	90	160.1584117	-9.622391719	SLB	Solomon Islands	1	KMSQ	Square kilometers	2017	8.151558125	Float		Food and Agriculture Organisation of United Nations ( FAO)	E
2018.Q2.G.01	ER_MTN_GRNCOV	Mountain green cover area (square kilometres)	92	-64.63294223	18.42256578	VGB	British Virgin Islands	1	KMSQ	Square kilometers	2017					
2018.Q2.G.01	ER_MTN_GRNCOV	Mountain green cover area (square kilometres)	96	114.6288563	4.49736984	BRN	Brunei Darussalam	1	KMSQ	Square kilometers	2017	0.51686015625	Float		Food and Agriculture Organisation of United Nations ( FAO)	E
2018.Q2.G.01	ER_MTN_GRNCOV	Mountain green cover area (square kilometres)	100	25.23763153	42.75731323	BGR	Bulgaria	1	KMSQ	Square kilometers	2017	45.8294278515625	Float		Food and Agriculture Organisation of United Nations ( FAO)	E
2018.Q2.G.01	ER_MTN_GRNCOV	Mountain green cover area (square kilometres)	104	96.51752295	21.19332882	MMR	Myanmar	1	KMSQ	Square kilometers	2017	326.65561875	Float		Food and Agriculture Organisation of United Nations ( FAO)	E
2018.Q2.G.01	ER_MTN_GRNCOV	Mountain green cover area (square kilometres)	108	29.89080992	-3.366387428	BDI	Burundi	1	KMSQ	Square kilometers	2017	16.38018625	Float		Food and Agriculture Organisation of United Nations ( FAO)	E
2018.Q2.G.01	ER_MTN_GRNCOV	Mountain green cover area (square kilometres)	112	28.04940161	53.54193075	BLR	Belarus	1	KMSQ	Square kilometers	2017					
2018.Q2.G.01	ER_MTN_GRNCOV	Mountain green cover area (square kilometres)	116	104.922836	12.71163737	KHM	Cambodia	1	KMSQ	Square kilometers	2017	14.98894453125	Float		Food and Agriculture Organisation of United Nations ( FAO)	E
2018.Q2.G.01	ER_MTN_GRNCOV	Mountain green cover area (square kilometres)	120	12.7419827	5.692387031	CMR	Cameroon	1	KMSQ	Square kilometers	2017	85.2395026757812	Float		Food and Agriculture Organisation of United Nations ( FAO)	E
2018.Q2.G.01	ER_MTN_GRNCOV	Mountain green cover area (square kilometres)	124	-101.6575058	57.72360191	CAN	Canada	1	KMSQ	Square kilometers	2017	1532.83831208984	Float		Food and Agriculture Organisation of United Nations ( FAO)	E
2018.Q2.G.01	ER_MTN_GRNCOV	Mountain green cover area (square kilometres)	132	-23.63544151	15.07791834	CPV	Cabo Verde	1	KMSQ	Square kilometers	2017	0.7686336328125	Float		Food and Agriculture Organisation of United Nations ( FAO)	E
2018.Q2.G.01	ER_MTN_GRNCOV	Mountain green cover area (square kilometres)	136	-81.16740559	19.32266656	CYM	Cayman Islands	1	KMSQ	Square kilometers	2017					
2018.Q2.G.01	ER_MTN_GRNCOV	Mountain green cover area (square kilometres)	140	20.93559492	7.003720791	CAF	Central African Republic	1	KMSQ	Square kilometers	2017	6.9390468164063	Float		Food and Agriculture Organisation of United Nations ( FAO)	E
2018.Q2.G.01	ER_MTN_GRNCOV	Mountain green cover area (square kilometres)	144	80.70489654	7.614693343	LKA	Sri Lanka	1	KMSQ	Square kilometers	2017	8.2697625	Float		Food and Agriculture Organisation of United Nations ( FAO)	E
2018.Q2.G.01	ER_MTN_GRNCOV	Mountain green cover area (square kilometres)	148	18.66618401	15.36279341	TCD	Chad	1	KMSQ	Square kilometers	2017	11.9307145507813	Float		Food and Agriculture Organisation of United Nations ( FAO)	E
2018.Q2.G.01	ER_MTN_GRNCOV	Mountain green cover area (square kilometres)	152	-71.23029019	-35.2652885	CHL	Chile	1	KMSQ	Square kilometers	2017	226.554592578125	Float		Food and Agriculture Organisation of United Nations ( FAO)	E
2018.Q2.G.01	ER_MTN_GRNCOV	Mountain green cover area (square kilometres)	156	104.1403375	32.30955217	CHN	China	1	KMSQ	Square kilometers	2017	2926.33460101562	Float		Food and Agriculture Organisation of United Nations ( FAO)	E
2018.Q2.G.01	ER_MTN_GRNCOV	Mountain green cover area (square kilometres)	162	105.6426067	-10.4882473	CXR	Christmas Island	1	KMSQ	Square kilometers	2017					
2018.Q2.G.01	ER_MTN_GRNCOV	Mountain green cover area (square kilometres)	166	96.82633757	-12.18600682	CCK	Cocos (Keeling) Islands	1	KMSQ	Square kilometers	2017					
2018.Q2.G.01	ER_MTN_GRNCOV	Mountain green cover area (square kilometres)	170	-73.07446751	3.888209046	COL	Colombia	1	KMSQ	Square kilometers	2017	292.40449625	Float		Food and Agriculture Organisation of United Nations ( FAO)	E
2018.Q2.G.01	ER_MTN_GRNCOV	Mountain green cover area (square kilometres)	174	43.34234565	-11.66121732	COM	Comoros	1	KMSQ	Square kilometers	2017	1.2797020507813	Float		Food and Agriculture Organisation of United Nations ( FAO)	E
2018.Q2.G.01	ER_MTN_GRNCOV	Mountain green cover area (square kilometres)	175	45.14015057	-12.82217691	MYT	Mayotte	1	KMSQ	Square kilometers	2017					
2018.Q2.G.01	ER_MTN_GRNCOV	Mountain green cover area (square kilometres)	178	15.22052612	-0.840544119	COG	Congo	1	KMSQ	Square kilometers	2017	22.2668156835937	Float		Food and Agriculture Organisation of United Nations ( FAO)	E
2018.Q2.G.01	ER_MTN_GRNCOV	Mountain green cover area (square kilometres)	180	23.65496507	-2.877154732	COD	Democratic Republic of the Congo	1	KMSQ	Square kilometers	2017	227.612555263672	Float		Food and Agriculture Organisation of United Nations ( FAO)	E
2018.Q2.G.01	ER_MTN_GRNCOV	Mountain green cover area (square kilometres)	184	-159.7711391	-21.22696458	COK	Cook Islands	1	KMSQ	Square kilometers	2017					
2018.Q2.G.01	ER_MTN_GRNCOV	Mountain green cover area (square kilometres)	188	-84.19712782	9.970998683	CRI	Costa Rica	1	KMSQ	Square kilometers	2017	22.7692576367188	Float		Food and Agriculture Organisation of United Nations ( FAO)	E
2018.Q2.G.01	ER_MTN_GRNCOV	Mountain green cover area (square kilometres)	191	17.95874553	45.45172212	HRV	Croatia	1	KMSQ	Square kilometers	2017	17.5836823828125	Float		Food and Agriculture Organisation of United Nations ( FAO)	E
2018.Q2.G.01	ER_MTN_GRNCOV	Mountain green cover area (square kilometres)	192	-79.54460144	22.10030366	CUB	Cuba	1	KMSQ	Square kilometers	2017	7.9774691796875	Float		Food and Agriculture Organisation of United Nations ( FAO)	E
2018.Q2.G.01	ER_MTN_GRNCOV	Mountain green cover area (square kilometres)	196	33.22285964	35.05659437	CYP	Cyprus	1	KMSQ	Square kilometers	2017	2.9535320019531	Float		Food and Agriculture Organisation of United Nations ( FAO)	E
2018.Q2.G.01	ER_MTN_GRNCOV	Mountain green cover area (square kilometres)	203	15.33151382	49.73913871	CZE	Czechia	1	KMSQ	Square kilometers	2017	20.184111484375	Float		Food and Agriculture Organisation of United Nations ( FAO)	E
2018.Q2.G.01	ER_MTN_GRNCOV	Mountain green cover area (square kilometres)	204	2.339933594	9.65401646	BEN	Benin	1	KMSQ	Square kilometers	2017	0.5935418945313	Float		Food and Agriculture Organisation of United Nations ( FAO)	E
2018.Q2.G.01	ER_MTN_GRNCOV	Mountain green cover area (square kilometres)	208	9.326571283	56.03829721	DNK	Denmark	1	KMSQ	Square kilometers	2017					
2018.Q2.G.01	ER_MTN_GRNCOV	Mountain green cover area (square kilometres)	212	-61.3493756	15.43391378	DMA	Dominica	1	KMSQ	Square kilometers	2017	0.5116687109375	Float		Food and Agriculture Organisation of United Nations ( FAO)	E
2018.Q2.G.01	ER_MTN_GRNCOV	Mountain green cover area (square kilometres)	214	-70.49847576	18.89832088	DOM	Dominican Republic	1	KMSQ	Square kilometers	2017	16.1175643945313	Float		Food and Agriculture Organisation of United Nations ( FAO)	E
2018.Q2.G.01	ER_MTN_GRNCOV	Mountain green cover area (square kilometres)	218	-78.37005241	-1.447785891	ECU	Ecuador	1	KMSQ	Square kilometers	2017	116.323017832031	Float		Food and Agriculture Organisation of United Nations ( FAO)	E
2018.Q2.G.01	ER_MTN_GRNCOV	Mountain green cover area (square kilometres)	222	-88.86862995	13.73603564	SLV	El Salvador	1	KMSQ	Square kilometers	2017	10.23337421875	Float		Food and Agriculture Organisation of United Nations ( FAO)	E
2018.Q2.G.01	ER_MTN_GRNCOV	Mountain green cover area (square kilometres)	226	10.46535826	1.565792376	GNQ	Equatorial Guinea	1	KMSQ	Square kilometers	2017	9.4697951757812	Float		Food and Agriculture Organisation of United Nations ( FAO)	E
2018.Q2.G.01	ER_MTN_GRNCOV	Mountain green cover area (square kilometres)	231	39.63505296	8.631223181	ETH	Ethiopia	1	KMSQ	Square kilometers	2017	514.666588027344	Float		Food and Agriculture Organisation of United Nations ( FAO)	E
2018.Q2.G.01	ER_MTN_GRNCOV	Mountain green cover area (square kilometres)	232	38.11074289	16.12894644	ERI	Eritrea	1	KMSQ	Square kilometers	2017	33.6182954296875	Float		Food and Agriculture Organisation of United Nations ( FAO)	E
2018.Q2.G.01	ER_MTN_GRNCOV	Mountain green cover area (square kilometres)	233	25.84093481	58.68487172	EST	Estonia	1	KMSQ	Square kilometers	2017	0.509671953125	Float		Food and Agriculture Organisation of United Nations ( FAO)	E
2018.Q2.G.01	ER_MTN_GRNCOV	Mountain green cover area (square kilometres)	234	-7.122044325	62.21228119	FRO	Faroe Islands	1	KMSQ	Square kilometers	2017	0.2548359765625	Float		Food and Agriculture Organisation of United Nations ( FAO)	E
2018.Q2.G.01	ER_MTN_GRNCOV	Mountain green cover area (square kilometres)	238	-58.75246778	-51.74562601	FLK	Falkland Islands (Malvinas)	1	KMSQ	Square kilometers	2017	0.8668337304688	Float		Food and Agriculture Organisation of United Nations ( FAO)	E
2018.Q2.G.01	ER_MTN_GRNCOV	Mountain green cover area (square kilometres)	239	-36.90662765	-54.20736749	SGS	South Georgia and the South Sandwich Islands	1	KMSQ	Square kilometers	2017	0	Float		Food and Agriculture Organisation of United Nations ( FAO)	E
2018.Q2.G.01	ER_MTN_GRNCOV	Mountain green cover area (square kilometres)	242	177.9660884	-17.83301566	FJI	Fiji	1	KMSQ	Square kilometers	2017					
2018.Q2.G.01	ER_MTN_GRNCOV	Mountain green cover area (square kilometres)	246	23.308447	61.91586738	FIN	Finland	1	KMSQ	Square kilometers	2017	5.0462434765625	Float		Food and Agriculture Organisation of United Nations ( FAO)	E
2018.Q2.G.01	ER_MTN_GRNCOV	Mountain green cover area (square kilometres)	248	19.80945969	60.1544901	ALA	Åland Islands	1	KMSQ	Square kilometers	2017					
2018.Q2.G.01	ER_MTN_GRNCOV	Mountain green cover area (square kilometres)	250	2.457288129	46.62660861	FRA	France	1	KMSQ	Square kilometers	2017	108.1789725	Float		Food and Agriculture Organisation of United Nations ( FAO)	E
2018.Q2.G.01	ER_MTN_GRNCOV	Mountain green cover area (square kilometres)	254	-53.23619089	3.922673437	GUF	French Guiana	1	KMSQ	Square kilometers	2017	2.5343279296875	Float		Food and Agriculture Organisation of United Nations ( FAO)	E
2018.Q2.G.01	ER_MTN_GRNCOV	Mountain green cover area (square kilometres)	258	-149.4052367	-17.67709294	PYF	French Polynesia	1	KMSQ	Square kilometers	2017					
2018.Q2.G.01	ER_MTN_GRNCOV	Mountain green cover area (square kilometres)	260	69.64849091	-49.6068576	ATF	French Southern Territories	1	KMSQ	Square kilometers	2017					
2018.Q2.G.01	ER_MTN_GRNCOV	Mountain green cover area (square kilometres)	262	42.18274707	11.56004161	DJI	Djibouti	1	KMSQ	Square kilometers	2017	2.555649765625	Float		Food and Agriculture Organisation of United Nations ( FAO)	E
2018.Q2.G.01	ER_MTN_GRNCOV	Mountain green cover area (square kilometres)	266	11.78727747	-0.60687619	GAB	Gabon	1	KMSQ	Square kilometers	2017	31.4806704492188	Float		Food and Agriculture Organisation of United Nations ( FAO)	E
2018.Q2.G.01	ER_MTN_GRNCOV	Mountain green cover area (square kilometres)	268	43.3713615	42.04813028	GEO	Georgia	1	KMSQ	Square kilometers	2017	50.6615173046875	Float		Food and Agriculture Organisation of United Nations ( FAO)	E
2018.Q2.G.01	ER_MTN_GRNCOV	Mountain green cover area (square kilometres)	270	-15.39944785	13.45295927	GMB	Gambia	1	KMSQ	Square kilometers	2017					
2018.Q2.G.01	ER_MTN_GRNCOV	Mountain green cover area (square kilometres)	275	35.25694122	31.94347933	PSE	State of Palestine	1	KMSQ	Square kilometers	2017	2.6426338964844	Float		Food and Agriculture Organisation of United Nations ( FAO)	E
2018.Q2.G.01	ER_MTN_GRNCOV	Mountain green cover area (square kilometres)	276	10.3806066	51.08862743	DEU	Germany	1	KMSQ	Square kilometers	2017	39.244740390625	Float		Food and Agriculture Organisation of United Nations ( FAO)	E
2018.Q2.G.01	ER_MTN_GRNCOV	Mountain green cover area (square kilometres)	288	-1.205623522	7.964825185	GHA	Ghana	1	KMSQ	Square kilometers	2017	7.2371562695313	Float		Food and Agriculture Organisation of United Nations ( FAO)	E
2018.Q2.G.01	ER_MTN_GRNCOV	Mountain green cover area (square kilometres)	292	-5.347561686	36.13895036	GIB	Gibraltar	1	KMSQ	Square kilometers	2017					
2018.Q2.G.01	ER_MTN_GRNCOV	Mountain green cover area (square kilometres)	296	-157.5643005	1.768837732	KIR	Kiribati	1	KMSQ	Square kilometers	2017					
2018.Q2.G.01	ER_MTN_GRNCOV	Mountain green cover area (square kilometres)	300	22.58307827	39.47301873	GRC	Greece	1	KMSQ	Square kilometers	2017	65.1497644140625	Float		Food and Agriculture Organisation of United Nations ( FAO)	E
2018.Q2.G.01	ER_MTN_GRNCOV	Mountain green cover area (square kilometres)	304	-41.39371316	74.75625681	GRL	Greenland	1	KMSQ	Square kilometers	2017	131.028056640625	Float		Food and Agriculture Organisation of United Nations ( FAO)	E
2018.Q2.G.01	ER_MTN_GRNCOV	Mountain green cover area (square kilometres)	308	-61.68248568	12.11238395	GRD	Grenada	1	KMSQ	Square kilometers	2017	0.2558343554688	Float		Food and Agriculture Organisation of United Nations ( FAO)	E
2018.Q2.G.01	ER_MTN_GRNCOV	Mountain green cover area (square kilometres)	312	-61.64762115	16.14416917	GLP	Guadeloupe	1	KMSQ	Square kilometers	2017	0.7675030664063	Float		Food and Agriculture Organisation of United Nations ( FAO)	E
2018.Q2.G.01	ER_MTN_GRNCOV	Mountain green cover area (square kilometres)	316	144.7029305	13.35485404	GUM	Guam	1	KMSQ	Square kilometers	2017					
2018.Q2.G.01	ER_MTN_GRNCOV	Mountain green cover area (square kilometres)	320	-91.2312746	15.00273719	GTM	Guatemala	1	KMSQ	Square kilometers	2017	48.3526931835938	Float		Food and Agriculture Organisation of United Nations ( FAO)	E
2018.Q2.G.01	ER_MTN_GRNCOV	Mountain green cover area (square kilometres)	324	-11.28173419	11.00210343	GIN	Guinea	1	KMSQ	Square kilometers	2017	58.3758100585938	Float		Food and Agriculture Organisation of United Nations ( FAO)	E
2018.Q2.G.01	ER_MTN_GRNCOV	Mountain green cover area (square kilometres)	328	-58.97322037	4.788012784	GUY	Guyana	1	KMSQ	Square kilometers	2017	26.6104432617188	Float		Food and Agriculture Organisation of United Nations ( FAO)	E
2018.Q2.G.01	ER_MTN_GRNCOV	Mountain green cover area (square kilometres)	332	-72.33640958	18.40426539	HTI	Haiti	1	KMSQ	Square kilometers	2017	12.3963966210938	Float		Food and Agriculture Organisation of United Nations ( FAO)	E
2018.Q2.G.01	ER_MTN_GRNCOV	Mountain green cover area (square kilometres)	334	73.52633626	-53.09106147	HMD	Heard Island and McDonald Islands	1	KMSQ	Square kilometers	2017					
2018.Q2.G.01	ER_MTN_GRNCOV	Mountain green cover area (square kilometres)	336	12.45315803	41.90343751	VAT	Holy See	1	KMSQ	Square kilometers	2017					
2018.Q2.G.01	ER_MTN_GRNCOV	Mountain green cover area (square kilometres)	340	-86.59974381	14.82243161	HND	Honduras	1	KMSQ	Square kilometers	2017	77.0061409960937	Float		Food and Agriculture Organisation of United Nations ( FAO)	E
2018.Q2.G.01	ER_MTN_GRNCOV	Mountain green cover area (square kilometres)	344	114.0266445	22.41749934	HKG	China, Hong Kong Special Administrative Region	1	KMSQ	Square kilometers	2017	0.258430078125	Float		Food and Agriculture Organisation of United Nations ( FAO)	E
2018.Q2.G.01	ER_MTN_GRNCOV	Mountain green cover area (square kilometres)	348	19.41221519	47.1651448	HUN	Hungary	1	KMSQ	Square kilometers	2017	3.8225396484375	Float		Food and Agriculture Organisation of United Nations ( FAO)	E
2018.Q2.G.01	ER_MTN_GRNCOV	Mountain green cover area (square kilometres)	352	-19.02116966	64.79134763	ISL	Iceland	1	KMSQ	Square kilometers	2017	12.741798828125	Float		Food and Agriculture Organisation of United Nations ( FAO)	E
2018.Q2.G.01	ER_MTN_GRNCOV	Mountain green cover area (square kilometres)	356	79.3608464	22.34642074	IND	India	1	KMSQ	Square kilometers	2017	394.716692421875	Float		Food and Agriculture Organisation of United Nations ( FAO)	E
2018.Q2.G.01	ER_MTN_GRNCOV	Mountain green cover area (square kilometres)	360	113.9174	-0.994582204	IDN	Indonesia	1	KMSQ	Square kilometers	2017	575.629042265625	Float		Food and Agriculture Organisation of United Nations ( FAO)	E
2018.Q2.G.01	ER_MTN_GRNCOV	Mountain green cover area (square kilometres)	364	54.19766348	32.74370885	IRN	Iran (Islamic Republic of)	1	KMSQ	Square kilometers	2017	534.004795371094	Float		Food and Agriculture Organisation of United Nations ( FAO)	E
2018.Q2.G.01	ER_MTN_GRNCOV	Mountain green cover area (square kilometres)	368	43.76606267	33.05013795	IRQ	Iraq	1	KMSQ	Square kilometers	2017	27.1257212792969	Float		Food and Agriculture Organisation of United Nations ( FAO)	E
2018.Q2.G.01	ER_MTN_GRNCOV	Mountain green cover area (square kilometres)	372	-7.121425272	53.25274054	IRL	Ireland	1	KMSQ	Square kilometers	2017	1.7838518359375	Float		Food and Agriculture Organisation of United Nations ( FAO)	E
2018.Q2.G.01	ER_MTN_GRNCOV	Mountain green cover area (square kilometres)	376	34.62277992	31.06164552	ISR	Israel	1	KMSQ	Square kilometers	2017	2.0190051757813	Float		Food and Agriculture Organisation of United Nations ( FAO)	E
2018.Q2.G.01	ER_MTN_GRNCOV	Mountain green cover area (square kilometres)	380	12.57022427	42.79917282	ITA	Italy	1	KMSQ	Square kilometers	2017	131.56062171875	Float		Food and Agriculture Organisation of United Nations ( FAO)	E
2018.Q2.G.01	ER_MTN_GRNCOV	Mountain green cover area (square kilometres)	384	-5.552690016	7.62211586	CIV	Côte d'Ivoire	1	KMSQ	Square kilometers	2017	11.5008826757813	Float		Food and Agriculture Organisation of United Nations ( FAO)	E
2018.Q2.G.01	ER_MTN_GRNCOV	Mountain green cover area (square kilometres)	388	-77.31068409	18.15616857	JAM	Jamaica	1	KMSQ	Square kilometers	2017	4.1399538476563	Float		Food and Agriculture Organisation of United Nations ( FAO)	E
2018.Q2.G.01	ER_MTN_GRNCOV	Mountain green cover area (square kilometres)	392	139.2716103	36.6554539	JPN	Japan	1	KMSQ	Square kilometers	2017	165.653680078125	Float		Food and Agriculture Organisation of United Nations ( FAO)	E
2018.Q2.G.01	ER_MTN_GRNCOV	Mountain green cover area (square kilometres)	398	66.65359159	48.01963494	KAZ	Kazakhstan	1	KMSQ	Square kilometers	2017	23.9067573046875	Float		Food and Agriculture Organisation of United Nations ( FAO)	E
2018.Q2.G.01	ER_MTN_GRNCOV	Mountain green cover area (square kilometres)	400	37.13024774	30.65365973	JOR	Jordan	1	KMSQ	Square kilometers	2017	4.1952919140625	Float		Food and Agriculture Organisation of United Nations ( FAO)	E
2018.Q2.G.01	ER_MTN_GRNCOV	Mountain green cover area (square kilometres)	404	37.86096816	0.534797278	KEN	Kenya	1	KMSQ	Square kilometers	2017	122.573901972656	Float		Food and Agriculture Organisation of United Nations ( FAO)	E
2018.Q2.G.01	ER_MTN_GRNCOV	Mountain green cover area (square kilometres)	408	127.1803633	40.1462645	PRK	Democratic People's Republic of Korea	1	KMSQ	Square kilometers	2017	70.551411328125	Float		Food and Agriculture Organisation of United Nations ( FAO)	E
2018.Q2.G.01	ER_MTN_GRNCOV	Mountain green cover area (square kilometres)	410	127.8610254	36.45201023	KOR	Republic of Korea	1	KMSQ	Square kilometers	2017	33.337480078125	Float		Food and Agriculture Organisation of United Nations ( FAO)	E
2018.Q2.G.01	ER_MTN_GRNCOV	Mountain green cover area (square kilometres)	414	47.49305029	29.53949468	KWT	Kuwait	1	KMSQ	Square kilometers	2017					
2018.Q2.G.01	ER_MTN_GRNCOV	Mountain green cover area (square kilometres)	417	74.52324839	41.46204516	KGZ	Kyrgyzstan	1	KMSQ	Square kilometers	2017	25.011112734375	Float		Food and Agriculture Organisation of United Nations ( FAO)	E
2018.Q2.G.01	ER_MTN_GRNCOV	Mountain green cover area (square kilometres)	418	101.9901968	20.27482773	LAO	Lao People's Democratic Republic	1	KMSQ	Square kilometers	2017	169.788561328125	Float		Food and Agriculture Organisation of United Nations ( FAO)	E
2018.Q2.G.01	ER_MTN_GRNCOV	Mountain green cover area (square kilometres)	422	35.89391711	33.92152458	LBN	Lebanon	1	KMSQ	Square kilometers	2017	6.4526445214844	Float		Food and Agriculture Organisation of United Nations ( FAO)	E
2018.Q2.G.01	ER_MTN_GRNCOV	Mountain green cover area (square kilometres)	426	28.25362195	-29.58041814	LSO	Lesotho	1	KMSQ	Square kilometers	2017	25.8499814257813	Float		Food and Agriculture Organisation of United Nations ( FAO)	E
2018.Q2.G.01	ER_MTN_GRNCOV	Mountain green cover area (square kilometres)	428	26.42461876	56.64196636	LVA	Latvia	1	KMSQ	Square kilometers	2017	0.2548359765625	Float		Food and Agriculture Organisation of United Nations ( FAO)	E
2018.Q2.G.01	ER_MTN_GRNCOV	Mountain green cover area (square kilometres)	430	-9.311879038	6.448381009	LBR	Liberia	1	KMSQ	Square kilometers	2017	4.6069273828125	Float		Food and Agriculture Organisation of United Nations ( FAO)	E
2018.Q2.G.01	ER_MTN_GRNCOV	Mountain green cover area (square kilometres)	434	18.0295985	27.04042819	LBY	Libya	1	KMSQ	Square kilometers	2017	4.327833203125	Float		Food and Agriculture Organisation of United Nations ( FAO)	E
2018.Q2.G.01	ER_MTN_GRNCOV	Mountain green cover area (square kilometres)	438	9.552985019	47.14167005	LIE	Liechtenstein	1	KMSQ	Square kilometers	2017					
2018.Q2.G.01	ER_MTN_GRNCOV	Mountain green cover area (square kilometres)	440	23.90517807	55.33680309	LTU	Lithuania	1	KMSQ	Square kilometers	2017	0.509671953125	Float		Food and Agriculture Organisation of United Nations ( FAO)	E
2018.Q2.G.01	ER_MTN_GRNCOV	Mountain green cover area (square kilometres)	442	6.092656563	49.77679538	LUX	Luxembourg	1	KMSQ	Square kilometers	2017	0.2548359765625	Float		Food and Agriculture Organisation of United Nations ( FAO)	E
2018.Q2.G.01	ER_MTN_GRNCOV	Mountain green cover area (square kilometres)	446	113.5665388	22.1237259	MAC	China, Macao Special Administrative Region	1	KMSQ	Square kilometers	2017					
2018.Q2.G.01	ER_MTN_GRNCOV	Mountain green cover area (square kilometres)	450	46.6982339	-19.38514785	MDG	Madagascar	1	KMSQ	Square kilometers	2017	205.7103940625	Float		Food and Agriculture Organisation of United Nations ( FAO)	E
2018.Q2.G.01	ER_MTN_GRNCOV	Mountain green cover area (square kilometres)	454	33.4884625	-13.40819859	MWI	Malawi	1	KMSQ	Square kilometers	2017	35.3197766015625	Float		Food and Agriculture Organisation of United Nations ( FAO)	E
2018.Q2.G.01	ER_MTN_GRNCOV	Mountain green cover area (square kilometres)	458	116.8346314	5.452415309	MYS	Malaysia	1	KMSQ	Square kilometers	2017	107.5069125	Float		Food and Agriculture Organisation of United Nations ( FAO)	E
2018.Q2.G.01	ER_MTN_GRNCOV	Mountain green cover area (square kilometres)	462	73.09672546	-0.614385021	MDV	Maldives	1	KMSQ	Square kilometers	2017					
2018.Q2.G.01	ER_MTN_GRNCOV	Mountain green cover area (square kilometres)	466	-3.522016039	17.35311254	MLI	Mali	1	KMSQ	Square kilometers	2017	5.4136955859375	Float		Food and Agriculture Organisation of United Nations ( FAO)	E
2018.Q2.G.01	ER_MTN_GRNCOV	Mountain green cover area (square kilometres)	470	14.44617519	35.89194275	MLT	Malta	1	KMSQ	Square kilometers	2017					
2018.Q2.G.01	ER_MTN_GRNCOV	Mountain green cover area (square kilometres)	474	-60.91544135	14.56086108	MTQ	Martinique	1	KMSQ	Square kilometers	2017					
2018.Q2.G.01	ER_MTN_GRNCOV	Mountain green cover area (square kilometres)	478	-10.33187259	20.26089546	MRT	Mauritania	1	KMSQ	Square kilometers	2017	0.763335234375	Float		Food and Agriculture Organisation of United Nations ( FAO)	E
2018.Q2.G.01	ER_MTN_GRNCOV	Mountain green cover area (square kilometres)	480	57.568022	-20.28581998	MUS	Mauritius	1	KMSQ	Square kilometers	2017	0.2559404101563	Float		Food and Agriculture Organisation of United Nations ( FAO)	E
2018.Q2.G.01	ER_MTN_GRNCOV	Mountain green cover area (square kilometres)	484	-102.5148166	23.93378032	MEX	Mexico	1	KMSQ	Square kilometers	2017	918.222385566406	Float		Food and Agriculture Organisation of United Nations ( FAO)	E
2018.Q2.G.01	ER_MTN_GRNCOV	Mountain green cover area (square kilometres)	492	7.424214814	43.73532918	MCO	Monaco	1	KMSQ	Square kilometers	2017					
2018.Q2.G.01	ER_MTN_GRNCOV	Mountain green cover area (square kilometres)	496	103.0728057	46.83892054	MNG	Mongolia	1	KMSQ	Square kilometers	2017	343.077020507813	Float		Food and Agriculture Organisation of United Nations ( FAO)	E
2018.Q2.G.01	ER_MTN_GRNCOV	Mountain green cover area (square kilometres)	498	28.4650624	47.20236795	MDA	Republic of Moldova	1	KMSQ	Square kilometers	2017					
2018.Q2.G.01	ER_MTN_GRNCOV	Mountain green cover area (square kilometres)	499	19.25214024	42.78717043	MNE	Montenegro	1	KMSQ	Square kilometers	2017	11.9772908984375	Float		Food and Agriculture Organisation of United Nations ( FAO)	E
2018.Q2.G.01	ER_MTN_GRNCOV	Mountain green cover area (square kilometres)	500	-62.19261223	16.73558313	MSR	Montserrat	1	KMSQ	Square kilometers	2017					
2018.Q2.G.01	ER_MTN_GRNCOV	Mountain green cover area (square kilometres)	504	-6.281942841	31.8440131	MAR	Morocco	1	KMSQ	Square kilometers	2017	112.278116621094	Float		Food and Agriculture Organisation of United Nations ( FAO)	E
2018.Q2.G.01	ER_MTN_GRNCOV	Mountain green cover area (square kilometres)	508	38.18479941	-14.27963886	MOZ	Mozambique	1	KMSQ	Square kilometers	2017	111.579627050781	Float		Food and Agriculture Organisation of United Nations ( FAO)	E
2018.Q2.G.01	ER_MTN_GRNCOV	Mountain green cover area (square kilometres)	512	57.87743482	21.98805614	OMN	Oman	1	KMSQ	Square kilometers	2017	7.67771484375	Float		Food and Agriculture Organisation of United Nations ( FAO)	E
2018.Q2.G.01	ER_MTN_GRNCOV	Mountain green cover area (square kilometres)	516	17.21907885	-22.13817068	NAM	Namibia	1	KMSQ	Square kilometers	2017	96.1675490332031	Float		Food and Agriculture Organisation of United Nations ( FAO)	E
2018.Q2.G.01	ER_MTN_GRNCOV	Mountain green cover area (square kilometres)	520	166.92313	-0.528742623	NRU	Nauru	1	KMSQ	Square kilometers	2017					
2018.Q2.G.01	ER_MTN_GRNCOV	Mountain green cover area (square kilometres)	524	83.94678863	28.25866332	NPL	Nepal	1	KMSQ	Square kilometers	2017	93.91309828125	Float		Food and Agriculture Organisation of United Nations ( FAO)	E
2018.Q2.G.01	ER_MTN_GRNCOV	Mountain green cover area (square kilometres)	528	5.331480568	51.86728884	NLD	Netherlands	1	KMSQ	Square kilometers	2017					
2018.Q2.G.01	ER_MTN_GRNCOV	Mountain green cover area (square kilometres)	530	-68.30676179	12.22720635	ANT	Netherlands Antilles	1	KMSQ	Square kilometers	2017					
2018.Q2.G.01	ER_MTN_GRNCOV	Mountain green cover area (square kilometres)	531	-68.95033464	12.15058042	CUW	Curaçao	1	KMSQ	Square kilometers	2017					
2018.Q2.G.01	ER_MTN_GRNCOV	Mountain green cover area (square kilometres)	533	-69.97050586	12.50878756	ABW	Aruba	1	KMSQ	Square kilometers	2017					
2018.Q2.G.01	ER_MTN_GRNCOV	Mountain green cover area (square kilometres)	534	-63.06198692	18.03926508	SXM	Sint Maarten (Dutch part)	1	KMSQ	Square kilometers	2017					
2018.Q2.G.01	ER_MTN_GRNCOV	Mountain green cover area (square kilometres)	540	165.5067368	-21.41742531	NCL	New Caledonia	1	KMSQ	Square kilometers	2017	5.8589324023438	Float		Food and Agriculture Organisation of United Nations ( FAO)	E
2018.Q2.G.01	ER_MTN_GRNCOV	Mountain green cover area (square kilometres)	548	167.0679779	-15.34445547	VUT	Vanuatu	1	KMSQ	Square kilometers	2017	4.5852514453125	Float		Food and Agriculture Organisation of United Nations ( FAO)	E
2018.Q2.G.01	ER_MTN_GRNCOV	Mountain green cover area (square kilometres)	554	170.4755673	-43.98721568	NZL	New Zealand	1	KMSQ	Square kilometers	2017	125.839678554687	Float		Food and Agriculture Organisation of United Nations ( FAO)	E
2018.Q2.G.01	ER_MTN_GRNCOV	Mountain green cover area (square kilometres)	558	-85.03060315	12.84210839	NIC	Nicaragua	1	KMSQ	Square kilometers	2017	29.1651165234375	Float		Food and Agriculture Organisation of United Nations ( FAO)	E
2018.Q2.G.01	ER_MTN_GRNCOV	Mountain green cover area (square kilometres)	562	9.400167877	17.42143036	NER	Niger	1	KMSQ	Square kilometers	2017	2.039092890625	Float		Food and Agriculture Organisation of United Nations ( FAO)	E
2018.Q2.G.01	ER_MTN_GRNCOV	Mountain green cover area (square kilometres)	566	8.097363256	9.585789025	NGA	Nigeria	1	KMSQ	Square kilometers	2017	55.5605522070313	Float		Food and Agriculture Organisation of United Nations ( FAO)	E
2018.Q2.G.01	ER_MTN_GRNCOV	Mountain green cover area (square kilometres)	570	-169.8601693	-19.05000475	NIU	Niue	1	KMSQ	Square kilometers	2017					
2018.Q2.G.01	ER_MTN_GRNCOV	Mountain green cover area (square kilometres)	574	167.9515548	-29.03230018	NFK	Norfolk Island	1	KMSQ	Square kilometers	2017					
2018.Q2.G.01	ER_MTN_GRNCOV	Mountain green cover area (square kilometres)	578	11.47846389	61.34311134	NOR	Norway	1	KMSQ	Square kilometers	2017	97.8089946484375	Float		Food and Agriculture Organisation of United Nations ( FAO)	E
2018.Q2.G.01	ER_MTN_GRNCOV	Mountain green cover area (square kilometres)	580	145.7582114	15.19099517	MNP	Northern Mariana Islands	1	KMSQ	Square kilometers	2017					
2018.Q2.G.01	ER_MTN_GRNCOV	Mountain green cover area (square kilometres)	581	-162.4343752	5.874443968	UMI	US Minor Outlying Islands	1	KMSQ	Square kilometers	2017					
2018.Q2.G.01	ER_MTN_GRNCOV	Mountain green cover area (square kilometres)	583	158.225216	6.880670092	FSM	Micronesia, Federated States of	1	KMSQ	Square kilometers	2017					
2018.Q2.G.01	ER_MTN_GRNCOV	Mountain green cover area (square kilometres)	584	171.0839119	7.110213497	MHL	Marshall Islands	1	KMSQ	Square kilometers	2017					
2018.Q2.G.01	ER_MTN_GRNCOV	Mountain green cover area (square kilometres)	585	134.5733878	7.502307591	PLW	Palau	1	KMSQ	Square kilometers	2017					
2018.Q2.G.01	ER_MTN_GRNCOV	Mountain green cover area (square kilometres)	586	68.80479684	29.36491634	PAK	Pakistan	1	KMSQ	Square kilometers	2017	155.135209589844	Float		Food and Agriculture Organisation of United Nations ( FAO)	E
2018.Q2.G.01	ER_MTN_GRNCOV	Mountain green cover area (square kilometres)	591	-81.26616623	8.450965746	PAN	Panama	1	KMSQ	Square kilometers	2017	25.0717668359375	Float		Food and Agriculture Organisation of United Nations ( FAO)	E
2018.Q2.G.01	ER_MTN_GRNCOV	Mountain green cover area (square kilometres)	598	145.8587761	-6.756057077	PNG	Papua New Guinea	1	KMSQ	Square kilometers	2017	196.570270976563	Float		Food and Agriculture Organisation of United Nations ( FAO)	E
2018.Q2.G.01	ER_MTN_GRNCOV	Mountain green cover area (square kilometres)	600	-60.54854225	-21.70216237	PRY	Paraguay	1	KMSQ	Square kilometers	2017	2.2249725	Float		Food and Agriculture Organisation of United Nations ( FAO)	E
2018.Q2.G.01	ER_MTN_GRNCOV	Mountain green cover area (square kilometres)	604	-71.82093277	-13.58939705	PER	Peru	1	KMSQ	Square kilometers	2017	501.264677910156	Float		Food and Agriculture Organisation of United Nations ( FAO)	E
2018.Q2.G.01	ER_MTN_GRNCOV	Mountain green cover area (square kilometres)	608	120.8601418	14.16591706	PHL	Philippines	1	KMSQ	Square kilometers	2017	102.079880859375	Float		Food and Agriculture Organisation of United Nations ( FAO)	E
2018.Q2.G.01	ER_MTN_GRNCOV	Mountain green cover area (square kilometres)	612	-128.3225873	-24.37538456	PCN	Pitcairn	1	KMSQ	Square kilometers	2017					
2018.Q2.G.01	ER_MTN_GRNCOV	Mountain green cover area (square kilometres)	616	19.40660158	52.1226733	POL	Poland	1	KMSQ	Square kilometers	2017	14.2708146875	Float		Food and Agriculture Organisation of United Nations ( FAO)	E
2018.Q2.G.01	ER_MTN_GRNCOV	Mountain green cover area (square kilometres)	620	-7.961599811	39.68509315	PRT	Portugal	1	KMSQ	Square kilometers	2017	24.6941555078125	Float		Food and Agriculture Organisation of United Nations ( FAO)	E
2018.Q2.G.01	ER_MTN_GRNCOV	Mountain green cover area (square kilometres)	624	-14.40182514	12.11760394	GNB	Guinea-Bissau	1	KMSQ	Square kilometers	2017					
2018.Q2.G.01	ER_MTN_GRNCOV	Mountain green cover area (square kilometres)	626	125.9451052	-8.797497247	TLS	Timor-Leste	1	KMSQ	Square kilometers	2017	9.573309140625	Float		Food and Agriculture Organisation of United Nations ( FAO)	E
2018.Q2.G.01	ER_MTN_GRNCOV	Mountain green cover area (square kilometres)	630	-66.47591017	18.22753799	PRI	Puerto Rico	1	KMSQ	Square kilometers	2017	2.5583435546875	Float		Food and Agriculture Organisation of United Nations ( FAO)	E
2018.Q2.G.01	ER_MTN_GRNCOV	Mountain green cover area (square kilometres)	634	51.19152467	25.28355379	QAT	Qatar	1	KMSQ	Square kilometers	2017					
2018.Q2.G.01	ER_MTN_GRNCOV	Mountain green cover area (square kilometres)	638	55.53171398	-21.13183266	REU	Réunion	1	KMSQ	Square kilometers	2017	1.7915828710938	Float		Food and Agriculture Organisation of United Nations ( FAO)	E
2018.Q2.G.01	ER_MTN_GRNCOV	Mountain green cover area (square kilometres)	642	24.98481009	45.83893563	ROU	Romania	1	KMSQ	Square kilometers	2017	77.9058378515625	Float		Food and Agriculture Organisation of United Nations ( FAO)	E
2018.Q2.G.01	ER_MTN_GRNCOV	Mountain green cover area (square kilometres)	643	99.01404926	61.61899849	RUS	Russian Federation	1	KMSQ	Square kilometers	2017	3722.69867152344	Float		Food and Agriculture Organisation of United Nations ( FAO)	E
2018.Q2.G.01	ER_MTN_GRNCOV	Mountain green cover area (square kilometres)	646	29.92310194	-1.999842114	RWA	Rwanda	1	KMSQ	Square kilometers	2017	13.8207821484375	Float		Food and Agriculture Organisation of United Nations ( FAO)	E
2018.Q2.G.01	ER_MTN_GRNCOV	Mountain green cover area (square kilometres)	652	-62.83173536	17.89513362	BLM	Saint Barthélemy	1	KMSQ	Square kilometers	2017					
2018.Q2.G.01	ER_MTN_GRNCOV	Mountain green cover area (square kilometres)	654	-5.705752501	-15.96503946	SHN	Saint Helena	1	KMSQ	Square kilometers	2017					
2018.Q2.G.01	ER_MTN_GRNCOV	Mountain green cover area (square kilometres)	659	-62.76628613	17.33994219	KNA	Saint Kitts and Nevis	1	KMSQ	Square kilometers	2017					
2018.Q2.G.01	ER_MTN_GRNCOV	Mountain green cover area (square kilometres)	660	-63.05651612	18.21525315	AIA	Anguilla	1	KMSQ	Square kilometers	2017					
2018.Q2.G.01	ER_MTN_GRNCOV	Mountain green cover area (square kilometres)	662	-60.96529553	13.89405601	LCA	Saint Lucia	1	KMSQ	Square kilometers	2017					
2018.Q2.G.01	ER_MTN_GRNCOV	Mountain green cover area (square kilometres)	663	-63.04505461	18.0882685	MAF	Saint Martin (French Part)	1	KMSQ	Square kilometers	2017					
2018.Q2.G.01	ER_MTN_GRNCOV	Mountain green cover area (square kilometres)	666	-56.33682442	46.85812735	SPM	Saint Pierre and Miquelon	1	KMSQ	Square kilometers	2017					
2018.Q2.G.01	ER_MTN_GRNCOV	Mountain green cover area (square kilometres)	670	-61.19024321	13.24627968	VCT	Saint Vincent and the Grenadines	1	KMSQ	Square kilometers	2017					
2018.Q2.G.01	ER_MTN_GRNCOV	Mountain green cover area (square kilometres)	674	12.46329038	43.93841766	SMR	San Marino	1	KMSQ	Square kilometers	2017					
2018.Q2.G.01	ER_MTN_GRNCOV	Mountain green cover area (square kilometres)	678	6.609772265	0.241554875	STP	Sao Tome and Principe	1	KMSQ	Square kilometers	2017	0.3382652734375	Float		Food and Agriculture Organisation of United Nations ( FAO)	E
2018.Q2.G.01	ER_MTN_GRNCOV	Mountain green cover area (square kilometres)	682	44.54763347	24.12594211	SAU	Saudi Arabia	1	KMSQ	Square kilometers	2017	35.1089697265625	Float		Food and Agriculture Organisation of United Nations ( FAO)	E
2018.Q2.G.01	ER_MTN_GRNCOV	Mountain green cover area (square kilometres)	686	-14.46636926	14.35920905	SEN	Senegal	1	KMSQ	Square kilometers	2017	0.1688007421875	Float		Food and Agriculture Organisation of United Nations ( FAO)	E
2018.Q2.G.01	ER_MTN_GRNCOV	Mountain green cover area (square kilometres)	688	20.805876	44.03145697	SRB	Serbia	1	KMSQ	Square kilometers	2017	43.0672800390625	Float		Food and Agriculture Organisation of United Nations ( FAO)	E
2018.Q2.G.01	ER_MTN_GRNCOV	Mountain green cover area (square kilometres)	690	55.46561591	-4.678053059	SYC	Seychelles	1	KMSQ	Square kilometers	2017					
2018.Q2.G.01	ER_MTN_GRNCOV	Mountain green cover area (square kilometres)	694	-11.78306584	8.568604164	SLE	Sierra Leone	1	KMSQ	Square kilometers	2017	8.190093125	Float		Food and Agriculture Organisation of United Nations ( FAO)	E
2018.Q2.G.01	ER_MTN_GRNCOV	Mountain green cover area (square kilometres)	702	103.8107883	1.361009155	SGP	Singapore	1	KMSQ	Square kilometers	2017					
2018.Q2.G.01	ER_MTN_GRNCOV	Mountain green cover area (square kilometres)	703	19.48495604	48.70741446	SVK	Slovakia	1	KMSQ	Square kilometers	2017	25.7384336328125	Float		Food and Agriculture Organisation of United Nations ( FAO)	E
2018.Q2.G.01	ER_MTN_GRNCOV	Mountain green cover area (square kilometres)	704	105.802499	10.09643079	VNM	Viet Nam	1	KMSQ	Square kilometers	2017	132.83306015625	Float		Food and Agriculture Organisation of United Nations ( FAO)	E
2018.Q2.G.01	ER_MTN_GRNCOV	Mountain green cover area (square kilometres)	705	14.82209486	46.11958061	SVN	Slovenia	1	KMSQ	Square kilometers	2017	11.9772908984375	Float		Food and Agriculture Organisation of United Nations ( FAO)	E
2018.Q2.G.01	ER_MTN_GRNCOV	Mountain green cover area (square kilometres)	706	46.20367477	4.406485729	SOM	Somalia	1	KMSQ	Square kilometers	2017	31.0253012109375	Float		Food and Agriculture Organisation of United Nations ( FAO)	E
2018.Q2.G.01	ER_MTN_GRNCOV	Mountain green cover area (square kilometres)	710	24.67184355	-29.99957544	ZAF	South Africa	1	KMSQ	Square kilometers	2017	344.232315722656	Float		Food and Agriculture Organisation of United Nations ( FAO)	E
2018.Q2.G.01	ER_MTN_GRNCOV	Mountain green cover area (square kilometres)	716	29.86909584	-19.00075492	ZWE	Zimbabwe	1	KMSQ	Square kilometers	2017	66.0611564257813	Float		Food and Agriculture Organisation of United Nations ( FAO)	E
2018.Q2.G.01	ER_MTN_GRNCOV	Mountain green cover area (square kilometres)	724	-3.554078296	40.39211472	ESP	Spain	1	KMSQ	Square kilometers	2017	218.901581875	Float		Food and Agriculture Organisation of United Nations ( FAO)	E
2018.Q2.G.01	ER_MTN_GRNCOV	Mountain green cover area (square kilometres)	728	30.32618773	7.290839152	SSD	South Sudan	1	KMSQ	Square kilometers	2017	23.5832278515625	Float		Food and Agriculture Organisation of United Nations ( FAO)	E
2018.Q2.G.01	ER_MTN_GRNCOV	Mountain green cover area (square kilometres)	732	-13.13515523	24.66265342	ESH	Western Sahara	1	KMSQ	Square kilometers	2017	0.50578828125	Float		Food and Agriculture Organisation of United Nations ( FAO)	E
2018.Q2.G.01	ER_MTN_GRNCOV	Mountain green cover area (square kilometres)	736	29.95650159	16.02643066	SDN	Sudan	1	KMSQ	Square kilometers	2017					
2018.Q2.G.01	ER_MTN_GRNCOV	Mountain green cover area (square kilometres)	740	-55.90626394	4.132603197	SUR	Suriname	1	KMSQ	Square kilometers	2017	10.13731171875	Float		Food and Agriculture Organisation of United Nations ( FAO)	E
2018.Q2.G.01	ER_MTN_GRNCOV	Mountain green cover area (square kilometres)	744	13.38071013	78.82894131	SJM	Svalbard and Jan Mayen Islands	1	KMSQ	Square kilometers	2017	3.144673359375	Float		Food and Agriculture Organisation of United Nations ( FAO)	E
2018.Q2.G.01	ER_MTN_GRNCOV	Mountain green cover area (square kilometres)	748	31.50149288	-26.56471011	SWZ	Swaziland	1	KMSQ	Square kilometers	2017	10.9604192675781	Float		Food and Agriculture Organisation of United Nations ( FAO)	E
2018.Q2.G.01	ER_MTN_GRNCOV	Mountain green cover area (square kilometres)	752	14.3775338	60.60103109	SWE	Sweden	1	KMSQ	Square kilometers	2017	40.776211953125	Float		Food and Agriculture Organisation of United Nations ( FAO)	E
2018.Q2.G.01	ER_MTN_GRNCOV	Mountain green cover area (square kilometres)	756	8.223158	46.96617097	CHE	Switzerland	1	KMSQ	Square kilometers	2017	24.2094177734375	Float		Food and Agriculture Organisation of United Nations ( FAO)	E
2018.Q2.G.01	ER_MTN_GRNCOV	Mountain green cover area (square kilometres)	760	38.50466565	35.01676176	SYR	Syrian Arab Republic (Syria)	1	KMSQ	Square kilometers	2017	13.0460298144531	Float		Food and Agriculture Organisation of United Nations ( FAO)	E
2018.Q2.G.01	ER_MTN_GRNCOV	Mountain green cover area (square kilometres)	762	69.294998	38.43069666	TJK	Tajikistan	1	KMSQ	Square kilometers	2017	22.6986945703125	Float		Food and Agriculture Organisation of United Nations ( FAO)	E
2018.Q2.G.01	ER_MTN_GRNCOV	Mountain green cover area (square kilometres)	764	101.0202951	15.13089239	THA	Thailand	1	KMSQ	Square kilometers	2017	142.394973046875	Float		Food and Agriculture Organisation of United Nations ( FAO)	E
2018.Q2.G.01	ER_MTN_GRNCOV	Mountain green cover area (square kilometres)	768	0.97835765	8.532096072	TGO	Togo	1	KMSQ	Square kilometers	2017	5.3747486132813	Float		Food and Agriculture Organisation of United Nations ( FAO)	E
2018.Q2.G.01	ER_MTN_GRNCOV	Mountain green cover area (square kilometres)	772	-171.8154473	-9.214545558	TKL	Tokelau	1	KMSQ	Square kilometers	2017					
2018.Q2.G.01	ER_MTN_GRNCOV	Mountain green cover area (square kilometres)	776	-175.1959991	-21.19511329	TON	Tonga	1	KMSQ	Square kilometers	2017					
2018.Q2.G.01	ER_MTN_GRNCOV	Mountain green cover area (square kilometres)	780	-61.29389504	10.41877263	TTO	Trinidad and Tobago	1	KMSQ	Square kilometers	2017	0.2588870898438	Float		Food and Agriculture Organisation of United Nations ( FAO)	E
2018.Q2.G.01	ER_MTN_GRNCOV	Mountain green cover area (square kilometres)	784	53.98279159	23.43322219	ARE	United Arab Emirates	1	KMSQ	Square kilometers	2017	0.4645146484375	Float		Food and Agriculture Organisation of United Nations ( FAO)	E
2018.Q2.G.01	ER_MTN_GRNCOV	Mountain green cover area (square kilometres)	788	9.572737411	34.11439971	TUN	Tunisia	1	KMSQ	Square kilometers	2017	16.5971873242188	Float		Food and Agriculture Organisation of United Nations ( FAO)	E
2018.Q2.G.01	ER_MTN_GRNCOV	Mountain green cover area (square kilometres)	792	35.42890329	38.9899684	TUR	Turkey	1	KMSQ	Square kilometers	2017	485.700512587891	Float		Food and Agriculture Organisation of United Nations ( FAO)	E
2018.Q2.G.01	ER_MTN_GRNCOV	Mountain green cover area (square kilometres)	795	58.9787665	40.0912346	TKM	Turkmenistan	1	KMSQ	Square kilometers	2017	8.367913125	Float		Food and Agriculture Organisation of United Nations ( FAO)	E
2018.Q2.G.01	ER_MTN_GRNCOV	Mountain green cover area (square kilometres)	796	-71.745121	21.80780585	TCA	Turks and Caicos Islands	1	KMSQ	Square kilometers	2017					
2018.Q2.G.01	ER_MTN_GRNCOV	Mountain green cover area (square kilometres)	798	178.6679611	-7.460048071	TUV	Tuvalu	1	KMSQ	Square kilometers	2017					
2018.Q2.G.01	ER_MTN_GRNCOV	Mountain green cover area (square kilometres)	800	32.39100438	1.279557331	UGA	Uganda	1	KMSQ	Square kilometers	2017	40.89737921875	Float		Food and Agriculture Organisation of United Nations ( FAO)	E
2018.Q2.G.01	ER_MTN_GRNCOV	Mountain green cover area (square kilometres)	804	31.40270802	49.00735945	UKR	Ukraine	1	KMSQ	Square kilometers	2017	22.6039358984375	Float		Food and Agriculture Organisation of United Nations ( FAO)	E
2018.Q2.G.01	ER_MTN_GRNCOV	Mountain green cover area (square kilometres)	807	21.7007909	41.60048068	MKD	Macedonia, Republic of	1	KMSQ	Square kilometers	2017	20.8774037890625	Float		Food and Agriculture Organisation of United Nations ( FAO)	E
2018.Q2.G.01	ER_MTN_GRNCOV	Mountain green cover area (square kilometres)	818	29.77468534	26.57438204	EGY	Egypt	1	KMSQ	Square kilometers	2017	1.0115765625	Float		Food and Agriculture Organisation of United Nations ( FAO)	E
2018.Q2.G.01	ER_MTN_GRNCOV	Mountain green cover area (square kilometres)	826	-2.23830539	53.27691757	GBR	United Kingdom	1	KMSQ	Square kilometers	2017	28.031957421875	Float		Food and Agriculture Organisation of United Nations ( FAO)	E
2018.Q2.G.01	ER_MTN_GRNCOV	Mountain green cover area (square kilometres)	831	-2.200712402	49.71561166	GGY	Guernsey	1	KMSQ	Square kilometers	2017					
2018.Q2.G.01	ER_MTN_GRNCOV	Mountain green cover area (square kilometres)	832	-2.136773508	49.22353354	JEY	Jersey	1	KMSQ	Square kilometers	2017					
2018.Q2.G.01	ER_MTN_GRNCOV	Mountain green cover area (square kilometres)	833	-4.538190305	54.22880901	IMN	Isle of Man	1	KMSQ	Square kilometers	2017					
2018.Q2.G.01	ER_MTN_GRNCOV	Mountain green cover area (square kilometres)	834	34.80521182	-6.265332606	TZA	Tanzania, United Republic of	1	KMSQ	Square kilometers	2017	226.253951816406	Float		Food and Agriculture Organisation of United Nations ( FAO)	E
2018.Q2.G.01	ER_MTN_GRNCOV	Mountain green cover area (square kilometres)	840	-99.13830311	39.5277871	USA	United States of America	1	KMSQ	Square kilometers	2017	2233.69112349609	Float		Food and Agriculture Organisation of United Nations ( FAO)	E
2018.Q2.G.01	ER_MTN_GRNCOV	Mountain green cover area (square kilometres)	850	-64.76960113	17.73297693	VIR	United States Virgin Islands	1	KMSQ	Square kilometers	2017					
2018.Q2.G.01	ER_MTN_GRNCOV	Mountain green cover area (square kilometres)	854	-1.742843829	12.27491081	BFA	Burkina Faso	1	KMSQ	Square kilometers	2017	0.337601484375	Float		Food and Agriculture Organisation of United Nations ( FAO)	E
2018.Q2.G.01	ER_MTN_GRNCOV	Mountain green cover area (square kilometres)	858	-56.01387025	-32.8002838	URY	Uruguay	1	KMSQ	Square kilometers	2017	0.2534327929688	Float		Food and Agriculture Organisation of United Nations ( FAO)	E
2018.Q2.G.01	ER_MTN_GRNCOV	Mountain green cover area (square kilometres)	860	63.11944558	41.77560518	UZB	Uzbekistan	1	KMSQ	Square kilometers	2017	7.5765870703125	Float		Food and Agriculture Organisation of United Nations ( FAO)	E
2018.Q2.G.01	ER_MTN_GRNCOV	Mountain green cover area (square kilometres)	862	-66.15642084	7.121324748	VEN	Venezuela (Bolivarian Republic)	1	KMSQ	Square kilometers	2017	234.770573076172	Float		Food and Agriculture Organisation of United Nations ( FAO)	E
2018.Q2.G.01	ER_MTN_GRNCOV	Mountain green cover area (square kilometres)	876	-176.2034788	-13.28471201	WLF	Wallis and Futuna Islands	1	KMSQ	Square kilometers	2017					
2018.Q2.G.01	ER_MTN_GRNCOV	Mountain green cover area (square kilometres)	882	-172.4430749	-13.61541469	WSM	Samoa	1	KMSQ	Square kilometers	2017					
2018.Q2.G.01	ER_MTN_GRNCOV	Mountain green cover area (square kilometres)	887	45.22389143	15.22242099	YEM	Yemen	1	KMSQ	Square kilometers	2017	54.9169580078125	Float		Food and Agriculture Organisation of United Nations ( FAO)	E
2018.Q2.G.01	ER_MTN_GRNCOV	Mountain green cover area (square kilometres)	894	27.850329	-14.59701056	ZMB	Zambia	1	KMSQ	Square kilometers	2017	68.8501676464844	Float		Food and Agriculture Organisation of United Nations ( FAO)	E
