series.release	series.code	series.description	geoAreaCode	X	Y	ISO3CD	geoAreaName	sliceId	Units	Units description	1990	1991	1992	1993	1994	1995	1996	1997	1998	1999	2000	2001	2002	2003	2004	2005	2006	2007	2008	2009	2010	2011	2012	2013	2014	2015	2016	2017	2018	last.5.years.mean	latest.year	latest.value	latest.source	latest.nature
2018.Q2.G.01	ER_RSK_LBRED	Proportion of local breeds classified as being not-at-risk (%)	4	66.02688198	33.83160199	AFG	Afghanistan	1	PERCENT	Percentage																			0	0	0	0	0	0	0	0	0	0	0	0	2018	0	DAD-IS 2018 http://www.fao.org/dad-is/	C
2018.Q2.G.01	ER_RSK_LBRED	Proportion of local breeds classified as being not-at-risk (%)	8	20.06660928	41.13897007	ALB	Albania	1	PERCENT	Percentage		0	44.44444	40	26.08696	20.68966	20.68966	20.68966	20.68966	20.68966	16.12903	16.12903	14.28571	14.28571	14.28571	5.71429	5.71429	5.71429	4.87805	4.87805	4.87805	4.87805	2.43902	9.30233	9.30233	9.30233	9.30233	9.30233	9.30233	9.30233	2018	9.30233	DAD-IS 2018 http://www.fao.org/dad-is/	C
2018.Q2.G.01	ER_RSK_LBRED	Proportion of local breeds classified as being not-at-risk (%)	10	21.47585697	-80.40897662	ATA	Antarctica	1	PERCENT	Percentage																																		
2018.Q2.G.01	ER_RSK_LBRED	Proportion of local breeds classified as being not-at-risk (%)	12	2.678164227	28.15940032	DZA	Algeria	1	PERCENT	Percentage	0	0	0	0	0	0	0	0	0	0	0	0	0	0	0	0	0	0	0	0	0	0	0	0	0	0	0	0	0	0	2018	0	DAD-IS 2018 http://www.fao.org/dad-is/	C
2018.Q2.G.01	ER_RSK_LBRED	Proportion of local breeds classified as being not-at-risk (%)	16	-170.7187269	-14.30587306	ASM	American Samoa	1	PERCENT	Percentage																																		
2018.Q2.G.01	ER_RSK_LBRED	Proportion of local breeds classified as being not-at-risk (%)	20	1.576257417	42.54548611	AND	Andorra	1	PERCENT	Percentage																																		
2018.Q2.G.01	ER_RSK_LBRED	Proportion of local breeds classified as being not-at-risk (%)	24	17.57817062	-12.33724746	AGO	Angola	1	PERCENT	Percentage	0	0	0	0	0	0	0	0	0	0	0	0	0	0	0	0	0	0	0	0	0	0	0	0	0	0	0	0	0	0	2018	0	DAD-IS 2018 http://www.fao.org/dad-is/	C
2018.Q2.G.01	ER_RSK_LBRED	Proportion of local breeds classified as being not-at-risk (%)	28	-61.7999755	17.07761471	ATG	Antigua and Barbuda	1	PERCENT	Percentage					0	0	0	0	0	0	0	0	0	0	0	0	0	0	0	0	0	0	0	0	0	0	0	0	0	0	2018	0	DAD-IS 2018 http://www.fao.org/dad-is/	C
2018.Q2.G.01	ER_RSK_LBRED	Proportion of local breeds classified as being not-at-risk (%)	31	50.01064725	40.39229544	AZE	Azerbaijan	1	PERCENT	Percentage	0	0	0	0	0	0	0	0	0	0	0	0	0	0	0	0	0	0	0	0	0	0	0	0	0	0	0	0	0	0	2018	0	DAD-IS 2018 http://www.fao.org/dad-is/	C
2018.Q2.G.01	ER_RSK_LBRED	Proportion of local breeds classified as being not-at-risk (%)	32	-65.14563274	-35.19446255	ARG	Argentina	1	PERCENT	Percentage			0	0	0	0	0	0	0	0	0	0	0	0	0	0	0	0	0	0	5	5	5	5	5	13.63636	13.63636	13.04348	13.04348	11.671936	2018	13.04348	DAD-IS 2018 http://www.fao.org/dad-is/	C
2018.Q2.G.01	ER_RSK_LBRED	Proportion of local breeds classified as being not-at-risk (%)	36	134.3499412	-25.57717202	AUS	Australia	1	PERCENT	Percentage	0	0	10	7.14286	6.66667	6.25	6.25	6.25	5.88235	10.52632	10	10	10	10	8.69565	4.34783	4.34783	4.34783	0.80645	1.5873	1.5873	1.5873	1.5873	1.5873	1.5873	1.5873	1.5873	1.5873	1.5873	1.5873	2018	1.5873	DAD-IS 2018 http://www.fao.org/dad-is/	C
2018.Q2.G.01	ER_RSK_LBRED	Proportion of local breeds classified as being not-at-risk (%)	40	14.14172472	47.58704857	AUT	Austria	1	PERCENT	Percentage	0	0	0	0	0	0	0	0	0	0	0	0	0	0	0	0	0	0	0	0	0	0	0	4.16667	4.16667	4.16667	3.84615	3.84615	3.84615	3.974358	2018	3.84615	DAD-IS 2018 http://www.fao.org/dad-is/	C
2018.Q2.G.01	ER_RSK_LBRED	Proportion of local breeds classified as being not-at-risk (%)	44	-78.05111663	24.69546597	BHS	Bahamas	1	PERCENT	Percentage																			0	0	0	0	0	0	0	0	0	0	0	0	2018	0	DAD-IS 2018 http://www.fao.org/dad-is/	C
2018.Q2.G.01	ER_RSK_LBRED	Proportion of local breeds classified as being not-at-risk (%)	48	50.5490754	26.04407747	BHR	Bahrain	1	PERCENT	Percentage																			0	0	0	0	0	0	0	0	0	0	0	0	2018	0	DAD-IS 2018 http://www.fao.org/dad-is/	C
2018.Q2.G.01	ER_RSK_LBRED	Proportion of local breeds classified as being not-at-risk (%)	50	89.17660788	22.86961622	BGD	Bangladesh	1	PERCENT	Percentage	0	0	0	0	0	0	0	0	0	0	0	0	0	0	0	0	0	0	0	0	0	0	0	0	0	0	0	0	0	0	2018	0	DAD-IS 2018 http://www.fao.org/dad-is/	C
2018.Q2.G.01	ER_RSK_LBRED	Proportion of local breeds classified as being not-at-risk (%)	51	44.93839317	40.29499741	ARM	Armenia	1	PERCENT	Percentage	0	0	0	0	0	0	0	0	0	0	0	0	0	0	0	0	0	0	0	0	0	0	0	0	0	0	0	0	0	0	2018	0	DAD-IS 2018 http://www.fao.org/dad-is/	C
2018.Q2.G.01	ER_RSK_LBRED	Proportion of local breeds classified as being not-at-risk (%)	52	-59.5346489	13.13648273	BRB	Barbados	1	PERCENT	Percentage																			0	0	0	0	0	0	0	0	0	0	0	0	2018	0	DAD-IS 2018 http://www.fao.org/dad-is/	C
2018.Q2.G.01	ER_RSK_LBRED	Proportion of local breeds classified as being not-at-risk (%)	56	4.660976456	50.64104975	BEL	Belgium	1	PERCENT	Percentage	0	0	0	0	2.94118	2.85714	2.85714	2.85714	2.85714	2.85714	2.63158	2.63158	2.63158	2.63158	2.63158	0	0	2.63158	2.12766	2.12766	2.12766	2.12766	0	2.7027	2.7027	2.7027	2.7027	2.7027	2.7027	2.7027	2018	2.7027	DAD-IS 2018 http://www.fao.org/dad-is/	C
2018.Q2.G.01	ER_RSK_LBRED	Proportion of local breeds classified as being not-at-risk (%)	60	-64.78155012	32.27881922	BMU	Bermuda	1	PERCENT	Percentage					0	0	0	0	0	0	0	0	0	0	0	0	0	0	0	0	0	0	0	0	0	0	0	0	0	0	2018	0	DAD-IS 2018 http://www.fao.org/dad-is/	C
2018.Q2.G.01	ER_RSK_LBRED	Proportion of local breeds classified as being not-at-risk (%)	64	90.45098484	27.39598568	BTN	Bhutan	1	PERCENT	Percentage	100	100	0	0	0	0	0	50	50	50	100	100	100	100	100	100	100	70	57.14286	65.21739	66.66667	66.66667	64	64	64	64	64	64	64	64	2018	64	DAD-IS 2018 http://www.fao.org/dad-is/	C
2018.Q2.G.01	ER_RSK_LBRED	Proportion of local breeds classified as being not-at-risk (%)	68	-64.66224284	-16.71273412	BOL	Bolivia (Plurinational State of)	1	PERCENT	Percentage			0	0	0	0	0	0	0	0	0	0	0	0	0	0	0	0	12	15.38462	19.23077	19.23077	19.23077	19.23077	19.23077	19.23077	19.23077	19.23077	11.53846	17.692308	2018	11.53846	DAD-IS 2018 http://www.fao.org/dad-is/	C
2018.Q2.G.01	ER_RSK_LBRED	Proportion of local breeds classified as being not-at-risk (%)	70	17.78584332	44.16845548	BIH	Bosnia and Herzegovina	1	PERCENT	Percentage		0	0	0	0	0	0	0	0	0	0	0	0	0	0	0	0	0	0	0	0	0	0	0	0	0	0	0	0	0	2018	0	DAD-IS 2018 http://www.fao.org/dad-is/	C
2018.Q2.G.01	ER_RSK_LBRED	Proportion of local breeds classified as being not-at-risk (%)	72	23.81380223	-22.18810073	BWA	Botswana	1	PERCENT	Percentage	100	100	100	100	66.66667	50	50	50	50	50	50	50	50	50	50	25	25	25	12.5	12.5	0	12.5	11.11111	11.11111	11.11111	11.11111	11.11111	11.11111	11.11111	11.11111	2018	11.11111	DAD-IS 2018 http://www.fao.org/dad-is/	C
2018.Q2.G.01	ER_RSK_LBRED	Proportion of local breeds classified as being not-at-risk (%)	74	3.410732868	-54.43295905	BVT	Bouvet Island	1	PERCENT	Percentage																																		
2018.Q2.G.01	ER_RSK_LBRED	Proportion of local breeds classified as being not-at-risk (%)	76	-53.08432878	-10.77668561	BRA	Brazil	1	PERCENT	Percentage	0	0	0	0	0	0	0	0	0	0	0	0	0	0	0	0	0	0	0	0	0	0	0	0	0	0	0	0	0	0	2018	0	DAD-IS 2018 http://www.fao.org/dad-is/	C
2018.Q2.G.01	ER_RSK_LBRED	Proportion of local breeds classified as being not-at-risk (%)	84	-88.70199554	17.19965901	BLZ	Belize	1	PERCENT	Percentage																			0	0	0	0	0	0	0	0	0	0	0	0	2018	0	DAD-IS 2018 http://www.fao.org/dad-is/	C
2018.Q2.G.01	ER_RSK_LBRED	Proportion of local breeds classified as being not-at-risk (%)	86	72.38715553	-7.299281071	IOT	British Indian Ocean Territory	1	PERCENT	Percentage																																		
2018.Q2.G.01	ER_RSK_LBRED	Proportion of local breeds classified as being not-at-risk (%)	90	160.1584117	-9.622391719	SLB	Solomon Islands	1	PERCENT	Percentage					0	0	0	0	0	0	0	0	0	0	0	0	0	0	0	0	0	0	0	0	0	0	0	0	0	0	2018	0	DAD-IS 2018 http://www.fao.org/dad-is/	C
2018.Q2.G.01	ER_RSK_LBRED	Proportion of local breeds classified as being not-at-risk (%)	92	-64.63294223	18.42256578	VGB	British Virgin Islands	1	PERCENT	Percentage	0	0	0	0	0	0	0	0	0	0	0	0	0	0	0	0	0	0	0	0	0	0	0	0	0	0	0	0	0	0	2018	0	DAD-IS 2018 http://www.fao.org/dad-is/	C
2018.Q2.G.01	ER_RSK_LBRED	Proportion of local breeds classified as being not-at-risk (%)	96	114.6288563	4.49736984	BRN	Brunei Darussalam	1	PERCENT	Percentage																																		
2018.Q2.G.01	ER_RSK_LBRED	Proportion of local breeds classified as being not-at-risk (%)	100	25.23763153	42.75731323	BGR	Bulgaria	1	PERCENT	Percentage	100	0	0	0	0	0	0	0	0	0	0	0	11.11111	11.11111	11.11111	11.11111	11.11111	11.11111	8.33333	9.25926	11.86441	8.06452	6.15385	7.14286	17.3913	12.67606	6.94444	16.21622	16.21622	13.888848	2018	16.21622	DAD-IS 2018 http://www.fao.org/dad-is/	C
2018.Q2.G.01	ER_RSK_LBRED	Proportion of local breeds classified as being not-at-risk (%)	104	96.51752295	21.19332882	MMR	Myanmar	1	PERCENT	Percentage	0	0	0	0	0	0	0	0	0	0	0	0	0	0	0	0	0	0	0	0	0	0	0	0	0	0	0	0	0	0	2018	0	DAD-IS 2018 http://www.fao.org/dad-is/	C
2018.Q2.G.01	ER_RSK_LBRED	Proportion of local breeds classified as being not-at-risk (%)	108	29.89080992	-3.366387428	BDI	Burundi	1	PERCENT	Percentage	100	100	100	100	100	100	100	100	100	100	100	66.66667	66.66667	66.66667	100	100	100	100	50	50	57.14286	57.14286	57.14286	57.14286	57.14286	57.14286	57.14286	57.14286	57.14286	57.14286	2018	57.14286	DAD-IS 2018 http://www.fao.org/dad-is/	C
2018.Q2.G.01	ER_RSK_LBRED	Proportion of local breeds classified as being not-at-risk (%)	112	28.04940161	53.54193075	BLR	Belarus	1	PERCENT	Percentage	0	0	0	0	0	0	0	0	0	0	0	0	0	0	0	0	0	0	0	0	0	0	0	0	0	0	0	0	0	0	2018	0	DAD-IS 2018 http://www.fao.org/dad-is/	C
2018.Q2.G.01	ER_RSK_LBRED	Proportion of local breeds classified as being not-at-risk (%)	116	104.922836	12.71163737	KHM	Cambodia	1	PERCENT	Percentage	0	0	0	0	0	0	0	0	0	0	0	0	0	0	0	0	0	0	0	0	0	0	0	0	0	0	0	0	0	0	2018	0	DAD-IS 2018 http://www.fao.org/dad-is/	C
2018.Q2.G.01	ER_RSK_LBRED	Proportion of local breeds classified as being not-at-risk (%)	120	12.7419827	5.692387031	CMR	Cameroon	1	PERCENT	Percentage	0	0	0	0	0	0	0	0	0	0	0	0	0	0	0	0	0	0	0	0	0	0	0	0	0	0	0	0	0	0	2018	0	DAD-IS 2018 http://www.fao.org/dad-is/	C
2018.Q2.G.01	ER_RSK_LBRED	Proportion of local breeds classified as being not-at-risk (%)	124	-101.6575058	57.72360191	CAN	Canada	1	PERCENT	Percentage	0	0	0	0	0	0	0	0	0	0	0	0	0	0	0	0	0	0	0	0	0	0	0	0	0	0	0	0	0	0	2018	0	DAD-IS 2018 http://www.fao.org/dad-is/	C
2018.Q2.G.01	ER_RSK_LBRED	Proportion of local breeds classified as being not-at-risk (%)	132	-23.63544151	15.07791834	CPV	Cabo Verde	1	PERCENT	Percentage																																		
2018.Q2.G.01	ER_RSK_LBRED	Proportion of local breeds classified as being not-at-risk (%)	136	-81.16740559	19.32266656	CYM	Cayman Islands	1	PERCENT	Percentage																																		
2018.Q2.G.01	ER_RSK_LBRED	Proportion of local breeds classified as being not-at-risk (%)	140	20.93559492	7.003720791	CAF	Central African Republic	1	PERCENT	Percentage																			0	0	0	0	0	0	0	0	0	0	0	0	2018	0	DAD-IS 2018 http://www.fao.org/dad-is/	C
2018.Q2.G.01	ER_RSK_LBRED	Proportion of local breeds classified as being not-at-risk (%)	144	80.70489654	7.614693343	LKA	Sri Lanka	1	PERCENT	Percentage	66.66667	57.14286	41.66667	41.66667	41.66667	41.66667	41.66667	41.66667	41.66667	41.66667	8.33333	8.33333	8.33333	0	0	0	0	0	0	0	27.27273	27.27273	27.27273	27.27273	27.27273	27.27273	27.27273	27.27273	27.27273	27.27273	2018	27.27273	DAD-IS 2018 http://www.fao.org/dad-is/	C
2018.Q2.G.01	ER_RSK_LBRED	Proportion of local breeds classified as being not-at-risk (%)	148	18.66618401	15.36279341	TCD	Chad	1	PERCENT	Percentage	0	0	0	0	0	0	0	0	0	0	0	0	0	0	0	0	0	0	0	0	0	0	0	0	0	0	0	0	0	0	2018	0	DAD-IS 2018 http://www.fao.org/dad-is/	C
2018.Q2.G.01	ER_RSK_LBRED	Proportion of local breeds classified as being not-at-risk (%)	152	-71.23029019	-35.2652885	CHL	Chile	1	PERCENT	Percentage	0	0	0	0	0	0	0	0	0	0	0	0	0	0	0	0	0	0	0	0	0	0	2.08333	2.08333	2.08333	2.08333	2.08333	2.08333	2.08333	2.08333	2018	2.08333	DAD-IS 2018 http://www.fao.org/dad-is/	C
2018.Q2.G.01	ER_RSK_LBRED	Proportion of local breeds classified as being not-at-risk (%)	156	104.1403375	32.30955217	CHN	China	1	PERCENT	Percentage	3.35052	1.80412	1.54639	1.02302	0	0.24213	0.23923	0.23364	0.23148	0.22989	0.22936	0.22883	0.22883	0.22173	0.21882	0.21413	0	0	4.13907	4.61285	4.61285	4.61285	4.61285	4.61285	4.61285	4.61285	4.61285	4.61285	0.49423	3.789126	2018	0.49423	DAD-IS 2018 http://www.fao.org/dad-is/	C
2018.Q2.G.01	ER_RSK_LBRED	Proportion of local breeds classified as being not-at-risk (%)	162	105.6426067	-10.4882473	CXR	Christmas Island	1	PERCENT	Percentage																																		
2018.Q2.G.01	ER_RSK_LBRED	Proportion of local breeds classified as being not-at-risk (%)	166	96.82633757	-12.18600682	CCK	Cocos (Keeling) Islands	1	PERCENT	Percentage																																		
2018.Q2.G.01	ER_RSK_LBRED	Proportion of local breeds classified as being not-at-risk (%)	170	-73.07446751	3.888209046	COL	Colombia	1	PERCENT	Percentage	0	0	0	0	0	0	0	0	0	0	0	0	0	0	0	0	0	0	0	0	0	0	0	0	0	0	0	0	0	0	2018	0	DAD-IS 2018 http://www.fao.org/dad-is/	C
2018.Q2.G.01	ER_RSK_LBRED	Proportion of local breeds classified as being not-at-risk (%)	174	43.34234565	-11.66121732	COM	Comoros	1	PERCENT	Percentage														0	0	0	0	0	0	0	0	0	0	0	0	0	0	0	0	0	2018	0	DAD-IS 2018 http://www.fao.org/dad-is/	C
2018.Q2.G.01	ER_RSK_LBRED	Proportion of local breeds classified as being not-at-risk (%)	175	45.14015057	-12.82217691	MYT	Mayotte	1	PERCENT	Percentage																																		
2018.Q2.G.01	ER_RSK_LBRED	Proportion of local breeds classified as being not-at-risk (%)	178	15.22052612	-0.840544119	COG	Congo	1	PERCENT	Percentage																			0	0	0	0	0	0	0	0	0	0	0	0	2018	0	DAD-IS 2018 http://www.fao.org/dad-is/	C
2018.Q2.G.01	ER_RSK_LBRED	Proportion of local breeds classified as being not-at-risk (%)	180	23.65496507	-2.877154732	COD	Democratic Republic of the Congo	1	PERCENT	Percentage	0	0	0	0	0	0	0	0	0	0	0	0	0	0	0	0	0	0	0	0	0	0	0	0	0	0	0	0	0	0	2018	0	DAD-IS 2018 http://www.fao.org/dad-is/	C
2018.Q2.G.01	ER_RSK_LBRED	Proportion of local breeds classified as being not-at-risk (%)	184	-159.7711391	-21.22696458	COK	Cook Islands	1	PERCENT	Percentage					0	0	0	0	0	0	0	0	0	0	0	0	0	0	0	0	0	0	0	0	0	0	0	0	0	0	2018	0	DAD-IS 2018 http://www.fao.org/dad-is/	C
2018.Q2.G.01	ER_RSK_LBRED	Proportion of local breeds classified as being not-at-risk (%)	188	-84.19712782	9.970998683	CRI	Costa Rica	1	PERCENT	Percentage																			0	0	0	0	0	0	0	0	0	0	0	0	2018	0	DAD-IS 2018 http://www.fao.org/dad-is/	C
2018.Q2.G.01	ER_RSK_LBRED	Proportion of local breeds classified as being not-at-risk (%)	191	17.95874553	45.45172212	HRV	Croatia	1	PERCENT	Percentage	25	22.22222	22.22222	18.18182	26.66667	22.22222	22.22222	22.22222	22.22222	22.22222	22.22222	22.22222	22.22222	16.66667	22.22222	26.92308	26.92308	26.92308	23.07692	26.92308	26.92308	26.92308	26.92308	25.92593	25.92593	22.22222	18.42105	18.42105	18.42105	20.68226	2018	18.42105	DAD-IS 2018 http://www.fao.org/dad-is/	C
2018.Q2.G.01	ER_RSK_LBRED	Proportion of local breeds classified as being not-at-risk (%)	192	-79.54460144	22.10030366	CUB	Cuba	1	PERCENT	Percentage	0	0	0	0	0	0	0	0	0	0	0	0	0	0	0	0	0	0	0	0	0	0	0	0	0	0	0	0	0	0	2018	0	DAD-IS 2018 http://www.fao.org/dad-is/	C
2018.Q2.G.01	ER_RSK_LBRED	Proportion of local breeds classified as being not-at-risk (%)	196	33.22285964	35.05659437	CYP	Cyprus	1	PERCENT	Percentage	0	0	0	0	0	0	0	0	0	0	0	0	0	0	7.69231	7.14286	7.14286	7.14286	5.88235	5.88235	5.88235	5.88235	5.88235	5.88235	5.88235	5.88235	5.88235	5.88235	5.88235	5.88235	2018	5.88235	DAD-IS 2018 http://www.fao.org/dad-is/	C
2018.Q2.G.01	ER_RSK_LBRED	Proportion of local breeds classified as being not-at-risk (%)	203	15.33151382	49.73913871	CZE	Czechia	1	PERCENT	Percentage	100	100	100	40	28.57143	25	25	30	30	30	18.75	18.75	18.75	5.88235	9.09091	9.09091	4.54545	4.54545	3.57143	3.57143	3.57143	7.14286	7.14286	15.15152	15.15152	14.70588	14.70588	17.14286	17.14286	15.7698	2018	17.14286	DAD-IS 2018 http://www.fao.org/dad-is/	C
2018.Q2.G.01	ER_RSK_LBRED	Proportion of local breeds classified as being not-at-risk (%)	204	2.339933594	9.65401646	BEN	Benin	1	PERCENT	Percentage	0	0	0	0	0	0	0	0	0	0	0	0	0	0	0	0	0	0	0	0	0	0	0	0	0	0	0	0	0	0	2018	0	DAD-IS 2018 http://www.fao.org/dad-is/	C
2018.Q2.G.01	ER_RSK_LBRED	Proportion of local breeds classified as being not-at-risk (%)	208	9.326571283	56.03829721	DNK	Denmark	1	PERCENT	Percentage	20	20	0	0	0	0	0	0	16.66667	16.66667	11.11111	11.11111	11.11111	11.11111	0	0	0	0	0	0	0	0	31.70732	4.87805	24.39024	11.36364	4.25532	13.46154	13.46154	13.386456	2018	13.46154	DAD-IS 2018 http://www.fao.org/dad-is/	C
2018.Q2.G.01	ER_RSK_LBRED	Proportion of local breeds classified as being not-at-risk (%)	212	-61.3493756	15.43391378	DMA	Dominica	1	PERCENT	Percentage																			0	0	0	0	0	0	0	0	0	0	0	0	2018	0	DAD-IS 2018 http://www.fao.org/dad-is/	C
2018.Q2.G.01	ER_RSK_LBRED	Proportion of local breeds classified as being not-at-risk (%)	214	-70.49847576	18.89832088	DOM	Dominican Republic	1	PERCENT	Percentage	0	0	0	0	0	0	0	0	0	0	0	0	0	0	0	0	0	0	0	0	0	0	0	0	0	0	0	0	0	0	2018	0	DAD-IS 2018 http://www.fao.org/dad-is/	C
2018.Q2.G.01	ER_RSK_LBRED	Proportion of local breeds classified as being not-at-risk (%)	218	-78.37005241	-1.447785891	ECU	Ecuador	1	PERCENT	Percentage	0	0	0	0	0	0	0	0	0	0	0	0	0	0	0	0	0	0	5.26316	5.26316	5.26316	5.26316	5.26316	5.26316	5.26316	5.26316	5.26316	5.26316	0	4.210528	2018	0	DAD-IS 2018 http://www.fao.org/dad-is/	C
2018.Q2.G.01	ER_RSK_LBRED	Proportion of local breeds classified as being not-at-risk (%)	222	-88.86862995	13.73603564	SLV	El Salvador	1	PERCENT	Percentage					0	0	0	0	0	0	0	0	0	0	0	0	0	0	0	0	0	0	0	0	0	0	0	0	0	0	2018	0	DAD-IS 2018 http://www.fao.org/dad-is/	C
2018.Q2.G.01	ER_RSK_LBRED	Proportion of local breeds classified as being not-at-risk (%)	226	10.46535826	1.565792376	GNQ	Equatorial Guinea	1	PERCENT	Percentage																																		
2018.Q2.G.01	ER_RSK_LBRED	Proportion of local breeds classified as being not-at-risk (%)	231	39.63505296	8.631223181	ETH	Ethiopia	1	PERCENT	Percentage	0	0	0	0	0	0	0	0	0	0	0	0	0	0	0	0	0	0	0	0	0	0	0	0	0	0	0	0	0	0	2018	0	DAD-IS 2018 http://www.fao.org/dad-is/	C
2018.Q2.G.01	ER_RSK_LBRED	Proportion of local breeds classified as being not-at-risk (%)	232	38.11074289	16.12894644	ERI	Eritrea	1	PERCENT	Percentage	0	0	0	0	0	0	0	0	0	0	0	0	0	0	0	0	0	0	0	0	0	0	0	0	0	0	0	0	0	0	2018	0	DAD-IS 2018 http://www.fao.org/dad-is/	C
2018.Q2.G.01	ER_RSK_LBRED	Proportion of local breeds classified as being not-at-risk (%)	233	25.84093481	58.68487172	EST	Estonia	1	PERCENT	Percentage	0	0	0	0	0	0	0	0	0	0	0	0	0	0	0	0	0	0	0	0	0	0	0	0	0	0	0	0	0	0	2018	0	DAD-IS 2018 http://www.fao.org/dad-is/	C
2018.Q2.G.01	ER_RSK_LBRED	Proportion of local breeds classified as being not-at-risk (%)	234	-7.122044325	62.21228119	FRO	Faroe Islands	1	PERCENT	Percentage			100	100	100	100	100	100	100	100	100	100	100	100	100	100	100	100	100	0	0	0	0	0	0	0	0	50	50	20	2018	50	DAD-IS 2018 http://www.fao.org/dad-is/	C
2018.Q2.G.01	ER_RSK_LBRED	Proportion of local breeds classified as being not-at-risk (%)	238	-58.75246778	-51.74562601	FLK	Falkland Islands (Malvinas)	1	PERCENT	Percentage				0	0	0	0	0	0	0	0	0	0	0	0	0	0	0	0	0	0	0	0	0	0	0	0	0	0	0	2018	0	DAD-IS 2018 http://www.fao.org/dad-is/	C
2018.Q2.G.01	ER_RSK_LBRED	Proportion of local breeds classified as being not-at-risk (%)	239	-36.90662765	-54.20736749	SGS	South Georgia and the South Sandwich Islands	1	PERCENT	Percentage																																		
2018.Q2.G.01	ER_RSK_LBRED	Proportion of local breeds classified as being not-at-risk (%)	242	177.9660884	-17.83301566	FJI	Fiji	1	PERCENT	Percentage															0	0	0	0	0	0	0	0	0	0	0	0	0	0	0	0	2018	0	DAD-IS 2018 http://www.fao.org/dad-is/	C
2018.Q2.G.01	ER_RSK_LBRED	Proportion of local breeds classified as being not-at-risk (%)	246	23.308447	61.91586738	FIN	Finland	1	PERCENT	Percentage	25	37.5	37.5	22.22222	30	20	30	30	30	40	40	36.36364	36.36364	36.36364	15.38462	15.38462	15.38462	15.38462	12.5	11.42857	10.81081	10.81081	10.81081	10.81081	10.81081	10.81081	10.81081	10.81081	10.81081	10.81081	2018	10.81081	DAD-IS 2018 http://www.fao.org/dad-is/	C
2018.Q2.G.01	ER_RSK_LBRED	Proportion of local breeds classified as being not-at-risk (%)	248	19.80945969	60.1544901	ALA	Åland Islands	1	PERCENT	Percentage																																		
2018.Q2.G.01	ER_RSK_LBRED	Proportion of local breeds classified as being not-at-risk (%)	250	2.457288129	46.62660861	FRA	France	1	PERCENT	Percentage	33.33333	33.33333	31.03448	31.66667	22.07792	15.74074	14.52991	15.07937	14.1791	14.1791	15.94203	14.49275	14.49275	14.49275	14.49275	14.49275	14.49275	14.49275	8.33333	8.33333	8.33333	8.33333	0	0	6.71937	6.71937	6.71937	6.71937	6.66667	6.70883	2018	6.66667	DAD-IS 2018 http://www.fao.org/dad-is/	C
2018.Q2.G.01	ER_RSK_LBRED	Proportion of local breeds classified as being not-at-risk (%)	254	-53.23619089	3.922673437	GUF	French Guiana	1	PERCENT	Percentage					0	0	0	0	0	0	0	0	0	0	0	0	0	0	0	0	0	0	0	0	0	0	0	0	0	0	2018	0	DAD-IS 2018 http://www.fao.org/dad-is/	C
2018.Q2.G.01	ER_RSK_LBRED	Proportion of local breeds classified as being not-at-risk (%)	258	-149.4052367	-17.67709294	PYF	French Polynesia	1	PERCENT	Percentage																																		
2018.Q2.G.01	ER_RSK_LBRED	Proportion of local breeds classified as being not-at-risk (%)	260	69.64849091	-49.6068576	ATF	French Southern Territories	1	PERCENT	Percentage																																		
2018.Q2.G.01	ER_RSK_LBRED	Proportion of local breeds classified as being not-at-risk (%)	262	42.18274707	11.56004161	DJI	Djibouti	1	PERCENT	Percentage																			0	0	0	0	0	0	0	0	0	0	0	0	2018	0	DAD-IS 2018 http://www.fao.org/dad-is/	C
2018.Q2.G.01	ER_RSK_LBRED	Proportion of local breeds classified as being not-at-risk (%)	266	11.78727747	-0.60687619	GAB	Gabon	1	PERCENT	Percentage																			0	0	0	0	0	0	0	0	0	0	0	0	2018	0	DAD-IS 2018 http://www.fao.org/dad-is/	C
2018.Q2.G.01	ER_RSK_LBRED	Proportion of local breeds classified as being not-at-risk (%)	268	43.3713615	42.04813028	GEO	Georgia	1	PERCENT	Percentage	0	0	0	0	0	0	0	0	0	0	0	0	0	0	0	0	0	0	0	0	0	0	0	0	0	0	0	0	0	0	2018	0	DAD-IS 2018 http://www.fao.org/dad-is/	C
2018.Q2.G.01	ER_RSK_LBRED	Proportion of local breeds classified as being not-at-risk (%)	270	-15.39944785	13.45295927	GMB	Gambia	1	PERCENT	Percentage																																		
2018.Q2.G.01	ER_RSK_LBRED	Proportion of local breeds classified as being not-at-risk (%)	275	35.25694122	31.94347933	PSE	State of Palestine	1	PERCENT	Percentage																																		
2018.Q2.G.01	ER_RSK_LBRED	Proportion of local breeds classified as being not-at-risk (%)	276	10.3806066	51.08862743	DEU	Germany	1	PERCENT	Percentage	0	0	0	0	0	0	0	6.09756	5.43478	5.94059	17.82178	17.70492	17.97386	17.30769	18.03714	16.42157	16.34146	16.58537	14.05152	14.28571	14.09091	13.83929	13.41991	12.25806	11.96581	11.5304	9.52381	9.52381	9.52381	10.413528	2018	9.52381	DAD-IS 2018 http://www.fao.org/dad-is/	C
2018.Q2.G.01	ER_RSK_LBRED	Proportion of local breeds classified as being not-at-risk (%)	288	-1.205623522	7.964825185	GHA	Ghana	1	PERCENT	Percentage	0	0	0	0	0	0	0	0	0	0	0	0	0	0	0	0	0	0	0	0	0	0	0	0	0	0	0	0	0	0	2018	0	DAD-IS 2018 http://www.fao.org/dad-is/	C
2018.Q2.G.01	ER_RSK_LBRED	Proportion of local breeds classified as being not-at-risk (%)	292	-5.347561686	36.13895036	GIB	Gibraltar	1	PERCENT	Percentage																																		
2018.Q2.G.01	ER_RSK_LBRED	Proportion of local breeds classified as being not-at-risk (%)	296	-157.5643005	1.768837732	KIR	Kiribati	1	PERCENT	Percentage																			0	0	0	0	0	0	0	0	0	0	0	0	2018	0	DAD-IS 2018 http://www.fao.org/dad-is/	C
2018.Q2.G.01	ER_RSK_LBRED	Proportion of local breeds classified as being not-at-risk (%)	300	22.58307827	39.47301873	GRC	Greece	1	PERCENT	Percentage	31.25	31.25	29.41176	29.41176	27.77778	27.77778	27.77778	5.55556	10	10	10	25.92593	25.92593	25.92593	25.92593	22.22222	25	29.03226	25	25	25	23.52941	26.47059	23.52941	23.52941	28.57143	28.57143	20	20	24.134454	2018	20	DAD-IS 2018 http://www.fao.org/dad-is/	C
2018.Q2.G.01	ER_RSK_LBRED	Proportion of local breeds classified as being not-at-risk (%)	304	-41.39371316	74.75625681	GRL	Greenland	1	PERCENT	Percentage			0	0	0	0	0	0	0	0	0	0	0	0	0	0	0	0	0	0	0	0	0	0	0	0	0	0	0	0	2018	0	DAD-IS 2018 http://www.fao.org/dad-is/	C
2018.Q2.G.01	ER_RSK_LBRED	Proportion of local breeds classified as being not-at-risk (%)	308	-61.68248568	12.11238395	GRD	Grenada	1	PERCENT	Percentage																			0	0	0	0	0	0	0	0	0	0	0	0	2018	0	DAD-IS 2018 http://www.fao.org/dad-is/	C
2018.Q2.G.01	ER_RSK_LBRED	Proportion of local breeds classified as being not-at-risk (%)	312	-61.64762115	16.14416917	GLP	Guadeloupe	1	PERCENT	Percentage																																		
2018.Q2.G.01	ER_RSK_LBRED	Proportion of local breeds classified as being not-at-risk (%)	316	144.7029305	13.35485404	GUM	Guam	1	PERCENT	Percentage			0	0	0	0	0	0	0	0	0	0	0	0	0	0	0	0	0	0	0	0	0	0	0	0	0	0	0	0	2018	0	DAD-IS 2018 http://www.fao.org/dad-is/	C
2018.Q2.G.01	ER_RSK_LBRED	Proportion of local breeds classified as being not-at-risk (%)	320	-91.2312746	15.00273719	GTM	Guatemala	1	PERCENT	Percentage	0	0	0	0	0	0	0	0	0	0	0	0	0	0	0	0	0	0	0	0	0	0	0	0	0	0	0	0	0	0	2018	0	DAD-IS 2018 http://www.fao.org/dad-is/	C
2018.Q2.G.01	ER_RSK_LBRED	Proportion of local breeds classified as being not-at-risk (%)	324	-11.28173419	11.00210343	GIN	Guinea	1	PERCENT	Percentage					0	0	0	0	0	0	0	0	0	0	0	0	0	0	0	0	0	0	0	0	0	0	0	0	0	0	2018	0	DAD-IS 2018 http://www.fao.org/dad-is/	C
2018.Q2.G.01	ER_RSK_LBRED	Proportion of local breeds classified as being not-at-risk (%)	328	-58.97322037	4.788012784	GUY	Guyana	1	PERCENT	Percentage																			0	0	0	0	0	0	0	0	0	0	0	0	2018	0	DAD-IS 2018 http://www.fao.org/dad-is/	C
2018.Q2.G.01	ER_RSK_LBRED	Proportion of local breeds classified as being not-at-risk (%)	332	-72.33640958	18.40426539	HTI	Haiti	1	PERCENT	Percentage																			0	0	0	0	0	0	0	0	0	0	0	0	2018	0	DAD-IS 2018 http://www.fao.org/dad-is/	C
2018.Q2.G.01	ER_RSK_LBRED	Proportion of local breeds classified as being not-at-risk (%)	334	73.52633626	-53.09106147	HMD	Heard Island and McDonald Islands	1	PERCENT	Percentage																																		
2018.Q2.G.01	ER_RSK_LBRED	Proportion of local breeds classified as being not-at-risk (%)	336	12.45315803	41.90343751	VAT	Holy See	1	PERCENT	Percentage																																		
2018.Q2.G.01	ER_RSK_LBRED	Proportion of local breeds classified as being not-at-risk (%)	340	-86.59974381	14.82243161	HND	Honduras	1	PERCENT	Percentage											0	0	0	0	0	0	0	0	0	0	0	0	0	0	0	0	0	0	0	0	2018	0	DAD-IS 2018 http://www.fao.org/dad-is/	C
2018.Q2.G.01	ER_RSK_LBRED	Proportion of local breeds classified as being not-at-risk (%)	344	114.0266445	22.41749934	HKG	China, Hong Kong Special Administrative Region	1	PERCENT	Percentage																																		
2018.Q2.G.01	ER_RSK_LBRED	Proportion of local breeds classified as being not-at-risk (%)	348	19.41221519	47.1651448	HUN	Hungary	1	PERCENT	Percentage	0	0	0	33.33333	7.69231	7.69231	7.69231	7.69231	0	7.69231	14.70588	11.42857	14.28571	13.51351	10.25641	15.90909	15.21739	14	6.59341	7.69231	6.59341	7.6087	5.37634	6.45161	6.45161	6.45161	6.45161	6.45161	6.45161	6.45161	2018	6.45161	DAD-IS 2018 http://www.fao.org/dad-is/	C
2018.Q2.G.01	ER_RSK_LBRED	Proportion of local breeds classified as being not-at-risk (%)	352	-19.02116966	64.79134763	ISL	Iceland	1	PERCENT	Percentage	66.66667	66.66667	50	40	33.33333	33.33333	33.33333	33.33333	33.33333	33.33333	66.66667	66.66667	66.66667	66.66667	66.66667	66.66667	66.66667	66.66667	66.66667	66.66667	66.66667	66.66667	66.66667	66.66667	66.66667	66.66667	66.66667	66.66667	66.66667	66.66667	2018	66.66667	DAD-IS 2018 http://www.fao.org/dad-is/	C
2018.Q2.G.01	ER_RSK_LBRED	Proportion of local breeds classified as being not-at-risk (%)	356	79.3608464	22.34642074	IND	India	1	PERCENT	Percentage	1.07527	1.05263	1.03093	0	0	0	0	0	0	0	0	0	0	0	0	0	0	0	0.45045	0.89686	0.89686	0.89686	0.89686	0.89686	0.89686	0.89686	0.89686	0.89686	0.44843	0.807174	2018	0.44843	DAD-IS 2018 http://www.fao.org/dad-is/	C
2018.Q2.G.01	ER_RSK_LBRED	Proportion of local breeds classified as being not-at-risk (%)	360	113.9174	-0.994582204	IDN	Indonesia	1	PERCENT	Percentage	14.28571	14.28571	28.57143	28.57143	28.57143	25	25	16.27907	16.27907	16.27907	16.27907	13.95349	17.54386	17.54386	17.54386	18.96552	20.33898	20	9.44882	10.85271	15.55556	20.13889	21.76871	22.81879	23.33333	25.80645	26.11465	26.11465	26.11465	25.496746	2018	26.11465	DAD-IS 2018 http://www.fao.org/dad-is/	C
2018.Q2.G.01	ER_RSK_LBRED	Proportion of local breeds classified as being not-at-risk (%)	364	54.19766348	32.74370885	IRN	Iran (Islamic Republic of)	1	PERCENT	Percentage	0	0	0	0	0	0	0	0	0	0	0	0	0	0	0	0	0	0	0	0	0	0	0	0	0	0	0	0	0	0	2018	0	DAD-IS 2018 http://www.fao.org/dad-is/	C
2018.Q2.G.01	ER_RSK_LBRED	Proportion of local breeds classified as being not-at-risk (%)	368	43.76606267	33.05013795	IRQ	Iraq	1	PERCENT	Percentage	33.33333	33.33333	33.33333	33.33333	16.66667	16.66667	16.66667	16.66667	26.66667	26.66667	26.66667	20	20	20	20	20	20	20	38.09524	38.09524	38.09524	38.09524	38.09524	38.09524	38.09524	38.09524	38.09524	38.09524	0	30.476192	2018	0	DAD-IS 2018 http://www.fao.org/dad-is/	C
2018.Q2.G.01	ER_RSK_LBRED	Proportion of local breeds classified as being not-at-risk (%)	372	-7.121425272	53.25274054	IRL	Ireland	1	PERCENT	Percentage	60	60	50	42.85714	33.33333	33.33333	33.33333	30	23.07692	23.07692	23.07692	23.07692	23.07692	14.28571	13.33333	6.66667	6.66667	0	0	0	0	2.63158	7.89474	7.89474	7.89474	7.89474	7.89474	7.89474	7.89474	7.89474	2018	7.89474	DAD-IS 2018 http://www.fao.org/dad-is/	C
2018.Q2.G.01	ER_RSK_LBRED	Proportion of local breeds classified as being not-at-risk (%)	376	34.62277992	31.06164552	ISR	Israel	1	PERCENT	Percentage																			0	0	0	0	0	0	0	0	0	0	0	0	2018	0	DAD-IS 2018 http://www.fao.org/dad-is/	C
2018.Q2.G.01	ER_RSK_LBRED	Proportion of local breeds classified as being not-at-risk (%)	380	12.57022427	42.79917282	ITA	Italy	1	PERCENT	Percentage	24.5098	23.58491	20.68966	20.68966	14.4	14.51613	15.32258	14.96063	13.63636	16.91176	12.40876	10.38961	10.90909	9.94152	9.94152	10	10.43956	9.18919	10.34483	10.39604	13.19797	12.19512	11.16071	11.06557	10.20408	10.20408	10.20408	10.20408	10.20408	10.20408	2018	10.20408	DAD-IS 2018 http://www.fao.org/dad-is/	C
2018.Q2.G.01	ER_RSK_LBRED	Proportion of local breeds classified as being not-at-risk (%)	384	-5.552690016	7.62211586	CIV	Côte d'Ivoire	1	PERCENT	Percentage		0	0	0	0	0	0	0	0	0	0	0	0	0	0	0	0	0	0	0	0	0	0	0	0	0	0	0	0	0	2018	0	DAD-IS 2018 http://www.fao.org/dad-is/	C
2018.Q2.G.01	ER_RSK_LBRED	Proportion of local breeds classified as being not-at-risk (%)	388	-77.31068409	18.15616857	JAM	Jamaica	1	PERCENT	Percentage																0	0	0	0	0	0	0	0	0	0	0	0	0	0	0	2018	0	DAD-IS 2018 http://www.fao.org/dad-is/	C
2018.Q2.G.01	ER_RSK_LBRED	Proportion of local breeds classified as being not-at-risk (%)	392	139.2716103	36.6554539	JPN	Japan	1	PERCENT	Percentage	0	0	0	0	0	0	0	2.5641	2.5641	2.32558	8.88889	8.88889	8.88889	8.88889	8.88889	8.88889	6.52174	4.34783	6.25	6.25	6.25	6.25	6.25	6.25	6.25	6.25	6.25	6.25	0	5	2018	0	DAD-IS 2018 http://www.fao.org/dad-is/	C
2018.Q2.G.01	ER_RSK_LBRED	Proportion of local breeds classified as being not-at-risk (%)	398	66.65359159	48.01963494	KAZ	Kazakhstan	1	PERCENT	Percentage	0	0	0	0	0	0	0	0	0	0	0	0	0	0	0	0	0	0	0	0	0	0	0	0	0	0	0	0	0	0	2018	0	DAD-IS 2018 http://www.fao.org/dad-is/	C
2018.Q2.G.01	ER_RSK_LBRED	Proportion of local breeds classified as being not-at-risk (%)	400	37.13024774	30.65365973	JOR	Jordan	1	PERCENT	Percentage	0	0	0	0	0	0	0	0	0	0	0	0	0	0	0	0	0	0	0	0	0	0	0	0	0	0	0	0	0	0	2018	0	DAD-IS 2018 http://www.fao.org/dad-is/	C
2018.Q2.G.01	ER_RSK_LBRED	Proportion of local breeds classified as being not-at-risk (%)	404	37.86096816	0.534797278	KEN	Kenya	1	PERCENT	Percentage	14.28571	14.28571	14.28571	10	10	10	10	10	10	10	10	0	0	0	0	0	0	0	0	0	7.40741	7.40741	7.40741	7.40741	7.40741	7.40741	7.40741	7.40741	7.40741	7.40741	2018	7.40741	DAD-IS 2018 http://www.fao.org/dad-is/	C
2018.Q2.G.01	ER_RSK_LBRED	Proportion of local breeds classified as being not-at-risk (%)	408	127.1803633	40.1462645	PRK	Democratic People's Republic of Korea	1	PERCENT	Percentage																			0	0	0	0	0	0	0	0	0	0	0	0	2018	0	DAD-IS 2018 http://www.fao.org/dad-is/	C
2018.Q2.G.01	ER_RSK_LBRED	Proportion of local breeds classified as being not-at-risk (%)	410	127.8610254	36.45201023	KOR	Republic of Korea	1	PERCENT	Percentage	0	0	0	0	0	0	0	0	0	0	0	0	0	14.28571	14.28571	14.28571	14.28571	14.28571	4	4	4	3.57143	3.125	6.06061	9.09091	8.69565	8.69565	8.69565	8.69565	8.774702	2018	8.69565	DAD-IS 2018 http://www.fao.org/dad-is/	C
2018.Q2.G.01	ER_RSK_LBRED	Proportion of local breeds classified as being not-at-risk (%)	414	47.49305029	29.53949468	KWT	Kuwait	1	PERCENT	Percentage																																		
2018.Q2.G.01	ER_RSK_LBRED	Proportion of local breeds classified as being not-at-risk (%)	417	74.52324839	41.46204516	KGZ	Kyrgyzstan	1	PERCENT	Percentage	0	0	0	0	0	0	0	0	0	0	0	0	0	0	0	0	0	0	0	0	0	0	0	0	0	0	0	0	0	0	2018	0	DAD-IS 2018 http://www.fao.org/dad-is/	C
2018.Q2.G.01	ER_RSK_LBRED	Proportion of local breeds classified as being not-at-risk (%)	418	101.9901968	20.27482773	LAO	Lao People's Democratic Republic	1	PERCENT	Percentage					0	0	0	0	0	0	0	0	0	0	0	0	0	0	0	0	0	0	0	0	0	0	0	0	0	0	2018	0	DAD-IS 2018 http://www.fao.org/dad-is/	C
2018.Q2.G.01	ER_RSK_LBRED	Proportion of local breeds classified as being not-at-risk (%)	422	35.89391711	33.92152458	LBN	Lebanon	1	PERCENT	Percentage	0	0	0	0	0	0	0	0	0	0	0	0	0	0	0	0	0	0	0	0	0	0	0	0	0	0	0	0	0	0	2018	0	DAD-IS 2018 http://www.fao.org/dad-is/	C
2018.Q2.G.01	ER_RSK_LBRED	Proportion of local breeds classified as being not-at-risk (%)	426	28.25362195	-29.58041814	LSO	Lesotho	1	PERCENT	Percentage					0	0	0	0	0	0	0	0	0	0	0	0	0	0	0	0	0	0	0	0	0	0	0	0	0	0	2018	0	DAD-IS 2018 http://www.fao.org/dad-is/	C
2018.Q2.G.01	ER_RSK_LBRED	Proportion of local breeds classified as being not-at-risk (%)	428	26.42461876	56.64196636	LVA	Latvia	1	PERCENT	Percentage	66.66667	66.66667	66.66667	66.66667	33.33333	33.33333	33.33333	33.33333	33.33333	33.33333	33.33333	33.33333	33.33333	40	20	20	20	20	11.11111	11.11111	11.11111	11.11111	11.11111	0	0	0	0	0	0	0	2018	0	DAD-IS 2018 http://www.fao.org/dad-is/	C
2018.Q2.G.01	ER_RSK_LBRED	Proportion of local breeds classified as being not-at-risk (%)	430	-9.311879038	6.448381009	LBR	Liberia	1	PERCENT	Percentage																																		
2018.Q2.G.01	ER_RSK_LBRED	Proportion of local breeds classified as being not-at-risk (%)	434	18.0295985	27.04042819	LBY	Libya	1	PERCENT	Percentage	0	0	0	0	0	0	0	0	0	0	0	0	0	0	0	0	0	0	0	0	0	0	0	0	0	0	0	0	0	0	2018	0	DAD-IS 2018 http://www.fao.org/dad-is/	C
2018.Q2.G.01	ER_RSK_LBRED	Proportion of local breeds classified as being not-at-risk (%)	438	9.552985019	47.14167005	LIE	Liechtenstein	1	PERCENT	Percentage																																		
2018.Q2.G.01	ER_RSK_LBRED	Proportion of local breeds classified as being not-at-risk (%)	440	23.90517807	55.33680309	LTU	Lithuania	1	PERCENT	Percentage	50	25	25	28.57143	20	18.18182	18.18182	18.18182	18.18182	18.18182	18.18182	10	10	15.38462	15.38462	15.38462	15.38462	15.38462	10	10	10	10	10	10	0	0	0	0	0	0	2018	0	DAD-IS 2018 http://www.fao.org/dad-is/	C
2018.Q2.G.01	ER_RSK_LBRED	Proportion of local breeds classified as being not-at-risk (%)	442	6.092656563	49.77679538	LUX	Luxembourg	1	PERCENT	Percentage																								0.87719	0.87719	0.87719	0.87719	0.87719	0.87719	0.87719	2018	0.87719	DAD-IS 2018 http://www.fao.org/dad-is/	C
2018.Q2.G.01	ER_RSK_LBRED	Proportion of local breeds classified as being not-at-risk (%)	446	113.5665388	22.1237259	MAC	China, Macao Special Administrative Region	1	PERCENT	Percentage																																		
2018.Q2.G.01	ER_RSK_LBRED	Proportion of local breeds classified as being not-at-risk (%)	450	46.6982339	-19.38514785	MDG	Madagascar	1	PERCENT	Percentage	0	0	0	0	0	0	0	0	0	0	0	0	0	0	0	0	0	0	0	0	0	0	0	0	0	0	0	0	0	0	2018	0	DAD-IS 2018 http://www.fao.org/dad-is/	C
2018.Q2.G.01	ER_RSK_LBRED	Proportion of local breeds classified as being not-at-risk (%)	454	33.4884625	-13.40819859	MWI	Malawi	1	PERCENT	Percentage	100	100	100	100	50	50	50	50	50	0	100	100	100	100	100	100	100	100	30.76923	30.76923	30.76923	30.76923	30.76923	30.76923	30.76923	30.76923	30.76923	30.76923	30.76923	30.76923	2018	30.76923	DAD-IS 2018 http://www.fao.org/dad-is/	C
2018.Q2.G.01	ER_RSK_LBRED	Proportion of local breeds classified as being not-at-risk (%)	458	116.8346314	5.452415309	MYS	Malaysia	1	PERCENT	Percentage	40	40	33.33333	33.33333	33.33333	33.33333	50	50	41.66667	41.66667	41.66667	41.66667	41.66667	41.66667	33.33333	33.33333	30.76923	15.38462	15.78947	15.78947	13.63636	13.63636	13.63636	13.63636	13.63636	13.63636	13.63636	16.66667	8.33333	13.181816	2018	8.33333	DAD-IS 2018 http://www.fao.org/dad-is/	C
2018.Q2.G.01	ER_RSK_LBRED	Proportion of local breeds classified as being not-at-risk (%)	462	73.09672546	-0.614385021	MDV	Maldives	1	PERCENT	Percentage					0	0	0	0	0	0	0	0	0	0	0	0	0	0	0	0	0	0	0	0	0	0	0	0	0	0	2018	0	DAD-IS 2018 http://www.fao.org/dad-is/	C
2018.Q2.G.01	ER_RSK_LBRED	Proportion of local breeds classified as being not-at-risk (%)	466	-3.522016039	17.35311254	MLI	Mali	1	PERCENT	Percentage	0	0	0	0	0	0	0	0	0	0	0	0	0	0	0	0	0	0	0	0	0	0	0	0	0	0	0	0	0	0	2018	0	DAD-IS 2018 http://www.fao.org/dad-is/	C
2018.Q2.G.01	ER_RSK_LBRED	Proportion of local breeds classified as being not-at-risk (%)	470	14.44617519	35.89194275	MLT	Malta	1	PERCENT	Percentage				0	0	0	0	0	0	0	0	0	0	0	0	0	0	0	0	0	0	0	0	0	0	0	0	0	0	0	2018	0	DAD-IS 2018 http://www.fao.org/dad-is/	C
2018.Q2.G.01	ER_RSK_LBRED	Proportion of local breeds classified as being not-at-risk (%)	474	-60.91544135	14.56086108	MTQ	Martinique	1	PERCENT	Percentage																																		
2018.Q2.G.01	ER_RSK_LBRED	Proportion of local breeds classified as being not-at-risk (%)	478	-10.33187259	20.26089546	MRT	Mauritania	1	PERCENT	Percentage			0	0	0	0	0	0	0	0	0	0	0	0	0	0	0	0	0	0	0	0	0	0	0	0	0	0	0	0	2018	0	DAD-IS 2018 http://www.fao.org/dad-is/	C
2018.Q2.G.01	ER_RSK_LBRED	Proportion of local breeds classified as being not-at-risk (%)	480	57.568022	-20.28581998	MUS	Mauritius	1	PERCENT	Percentage				0	0	0	0	0	0	0	0	0	0	0	0	0	0	0	0	0	0	0	0	0	0	0	0	0	0	0	2018	0	DAD-IS 2018 http://www.fao.org/dad-is/	C
2018.Q2.G.01	ER_RSK_LBRED	Proportion of local breeds classified as being not-at-risk (%)	484	-102.5148166	23.93378032	MEX	Mexico	1	PERCENT	Percentage	0	0	0	0	0	0	0	0	0	0	0	0	0	0	0	0	0	0	0	0	2.77778	2.77778	2.77778	2.77778	5.55556	5.55556	8.10811	8.10811	8.10811	7.08709	2018	8.10811	DAD-IS 2018 http://www.fao.org/dad-is/	C
2018.Q2.G.01	ER_RSK_LBRED	Proportion of local breeds classified as being not-at-risk (%)	492	7.424214814	43.73532918	MCO	Monaco	1	PERCENT	Percentage																																		
2018.Q2.G.01	ER_RSK_LBRED	Proportion of local breeds classified as being not-at-risk (%)	496	103.0728057	46.83892054	MNG	Mongolia	1	PERCENT	Percentage	0	0	0	0	0	0	0	0	0	0	0	0	0	0	0	0	0	2.7027	2.43902	2.43902	2.43902	2.43902	2.43902	2.43902	2.43902	2.43902	2.43902	2.43902	2.43902	2.43902	2018	2.43902	DAD-IS 2018 http://www.fao.org/dad-is/	C
2018.Q2.G.01	ER_RSK_LBRED	Proportion of local breeds classified as being not-at-risk (%)	498	28.4650624	47.20236795	MDA	Republic of Moldova	1	PERCENT	Percentage					0	0	0	0	0	0	0	0	0	0	0	0	0	0	0	0	0	0	0	0	0	0	0	0	0	0	2018	0	DAD-IS 2018 http://www.fao.org/dad-is/	C
2018.Q2.G.01	ER_RSK_LBRED	Proportion of local breeds classified as being not-at-risk (%)	499	19.25214024	42.78717043	MNE	Montenegro	1	PERCENT	Percentage																			25	20	0	9.09091	16.66667	16.66667	16.66667	16.66667	16.66667	15.38462	15.38462	16.15385	2018	15.38462	DAD-IS 2018 http://www.fao.org/dad-is/	C
2018.Q2.G.01	ER_RSK_LBRED	Proportion of local breeds classified as being not-at-risk (%)	500	-62.19261223	16.73558313	MSR	Montserrat	1	PERCENT	Percentage																																		
2018.Q2.G.01	ER_RSK_LBRED	Proportion of local breeds classified as being not-at-risk (%)	504	-6.281942841	31.8440131	MAR	Morocco	1	PERCENT	Percentage	0	0	0	0	0	0	0	0	0	0	0	0	0	0	0	0	0	0	0	0	0	0	0	0	0	0	0	0	0	0	2018	0	DAD-IS 2018 http://www.fao.org/dad-is/	C
2018.Q2.G.01	ER_RSK_LBRED	Proportion of local breeds classified as being not-at-risk (%)	508	38.18479941	-14.27963886	MOZ	Mozambique	1	PERCENT	Percentage	0	0	0	0	0	0	0	0	0	0	0	0	0	0	0	0	0	0	0	0	0	0	0	0	0	0	0	0	0	0	2018	0	DAD-IS 2018 http://www.fao.org/dad-is/	C
2018.Q2.G.01	ER_RSK_LBRED	Proportion of local breeds classified as being not-at-risk (%)	512	57.87743482	21.98805614	OMN	Oman	1	PERCENT	Percentage	0	0	0	0	0	0	0	0	0	0	0	0	0	0	0	0	0	0	0	0	0	0	0	0	0	0	0	0	0	0	2018	0	DAD-IS 2018 http://www.fao.org/dad-is/	C
2018.Q2.G.01	ER_RSK_LBRED	Proportion of local breeds classified as being not-at-risk (%)	516	17.21907885	-22.13817068	NAM	Namibia	1	PERCENT	Percentage					0	0	0	0	0	0	0	0	0	0	0	0	0	0	0	0	0	0	0	0	30	30	30	30	30	30	2018	30	DAD-IS 2018 http://www.fao.org/dad-is/	C
2018.Q2.G.01	ER_RSK_LBRED	Proportion of local breeds classified as being not-at-risk (%)	520	166.92313	-0.528742623	NRU	Nauru	1	PERCENT	Percentage																																		
2018.Q2.G.01	ER_RSK_LBRED	Proportion of local breeds classified as being not-at-risk (%)	524	83.94678863	28.25866332	NPL	Nepal	1	PERCENT	Percentage	0	0	0	0	0	0	0	0	0	0	0	0	0	0	0	0	0	0	0	0	0	0	0	0	0	0	0	0	0	0	2018	0	DAD-IS 2018 http://www.fao.org/dad-is/	C
2018.Q2.G.01	ER_RSK_LBRED	Proportion of local breeds classified as being not-at-risk (%)	528	5.331480568	51.86728884	NLD	Netherlands	1	PERCENT	Percentage	11.11111	11.11111	11.11111	11.11111	8.33333	8.33333	8.33333	15.38462	14.28571	14.28571	11.76471	5.71429	5.6338	4.22535	4.16667	4.16667	4.16667	8.43373	7.6087	7.6087	7.6087	7.52688	8.08081	9	7.61905	7.61905	7.61905	7.47664	7.40741	7.54824	2018	7.40741	DAD-IS 2018 http://www.fao.org/dad-is/	C
2018.Q2.G.01	ER_RSK_LBRED	Proportion of local breeds classified as being not-at-risk (%)	530	-68.30676179	12.22720635	ANT	Netherlands Antilles	1	PERCENT	Percentage																																		
2018.Q2.G.01	ER_RSK_LBRED	Proportion of local breeds classified as being not-at-risk (%)	531	-68.95033464	12.15058042	CUW	Curaçao	1	PERCENT	Percentage																																		
2018.Q2.G.01	ER_RSK_LBRED	Proportion of local breeds classified as being not-at-risk (%)	533	-69.97050586	12.50878756	ABW	Aruba	1	PERCENT	Percentage																																		
2018.Q2.G.01	ER_RSK_LBRED	Proportion of local breeds classified as being not-at-risk (%)	534	-63.06198692	18.03926508	SXM	Sint Maarten (Dutch part)	1	PERCENT	Percentage																																		
2018.Q2.G.01	ER_RSK_LBRED	Proportion of local breeds classified as being not-at-risk (%)	540	165.5067368	-21.41742531	NCL	New Caledonia	1	PERCENT	Percentage																																		
2018.Q2.G.01	ER_RSK_LBRED	Proportion of local breeds classified as being not-at-risk (%)	548	167.0679779	-15.34445547	VUT	Vanuatu	1	PERCENT	Percentage				0	0	0	0	0	0	0	0	0	0	0	0	0	0	0	0	0	0	0	0	0	0	0	0	0	0	0	2018	0	DAD-IS 2018 http://www.fao.org/dad-is/	C
2018.Q2.G.01	ER_RSK_LBRED	Proportion of local breeds classified as being not-at-risk (%)	554	170.4755673	-43.98721568	NZL	New Zealand	1	PERCENT	Percentage	0	0	0	0	0	0	0	0	0	0	0	0	0	0	0	0	0	0	0	0	0	0	0	0	0	0	0	0	0	0	2018	0	DAD-IS 2018 http://www.fao.org/dad-is/	C
2018.Q2.G.01	ER_RSK_LBRED	Proportion of local breeds classified as being not-at-risk (%)	558	-85.03060315	12.84210839	NIC	Nicaragua	1	PERCENT	Percentage													0	0	0	0	0	0	0	0	0	0	0	0	0	0	0	0	0	0	2018	0	DAD-IS 2018 http://www.fao.org/dad-is/	C
2018.Q2.G.01	ER_RSK_LBRED	Proportion of local breeds classified as being not-at-risk (%)	562	9.400167877	17.42143036	NER	Niger	1	PERCENT	Percentage	0	0	0	50	50	50	50	50	50	50	50	50	50	50	0	88.88889	88.88889	88.88889	42.10526	42.10526	42.10526	42.10526	42.10526	42.10526	42.10526	42.10526	39.13043	39.13043	41.66667	40.82761	2018	41.66667	DAD-IS 2018 http://www.fao.org/dad-is/	C
2018.Q2.G.01	ER_RSK_LBRED	Proportion of local breeds classified as being not-at-risk (%)	566	8.097363256	9.585789025	NGA	Nigeria	1	PERCENT	Percentage	0	0	0	0	0	0	0	0	0	0	0	0	0	0	0	0	0	0	0	0	0	0	0	0	0	0	0	0	0	0	2018	0	DAD-IS 2018 http://www.fao.org/dad-is/	C
2018.Q2.G.01	ER_RSK_LBRED	Proportion of local breeds classified as being not-at-risk (%)	570	-169.8601693	-19.05000475	NIU	Niue	1	PERCENT	Percentage					0	0	0	0	0	0	0	0	0	0	0	0	0	0	0	0	0	0	0	0	0	0	0	0	0	0	2018	0	DAD-IS 2018 http://www.fao.org/dad-is/	C
2018.Q2.G.01	ER_RSK_LBRED	Proportion of local breeds classified as being not-at-risk (%)	574	167.9515548	-29.03230018	NFK	Norfolk Island	1	PERCENT	Percentage																																		
2018.Q2.G.01	ER_RSK_LBRED	Proportion of local breeds classified as being not-at-risk (%)	578	11.47846389	61.34311134	NOR	Norway	1	PERCENT	Percentage	26.31579	26.31579	26.31579	30	15.21739	15.21739	14.89362	16.66667	16.32653	16.32653	14.28571	14.28571	20	19.44444	19.44444	16.66667	19.44444	16.66667	13.51351	13.51351	5.40541	6.97674	9.30233	10	10	10	12	10	10	10.4	2018	10	DAD-IS 2018 http://www.fao.org/dad-is/	C
2018.Q2.G.01	ER_RSK_LBRED	Proportion of local breeds classified as being not-at-risk (%)	580	145.7582114	15.19099517	MNP	Northern Mariana Islands	1	PERCENT	Percentage																			0	0	0	0	0	0	0	0	0	0	0	0	2018	0	DAD-IS 2018 http://www.fao.org/dad-is/	C
2018.Q2.G.01	ER_RSK_LBRED	Proportion of local breeds classified as being not-at-risk (%)	581	-162.4343752	5.874443968	UMI	US Minor Outlying Islands	1	PERCENT	Percentage																																		
2018.Q2.G.01	ER_RSK_LBRED	Proportion of local breeds classified as being not-at-risk (%)	583	158.225216	6.880670092	FSM	Micronesia, Federated States of	1	PERCENT	Percentage																																		
2018.Q2.G.01	ER_RSK_LBRED	Proportion of local breeds classified as being not-at-risk (%)	584	171.0839119	7.110213497	MHL	Marshall Islands	1	PERCENT	Percentage																																		
2018.Q2.G.01	ER_RSK_LBRED	Proportion of local breeds classified as being not-at-risk (%)	585	134.5733878	7.502307591	PLW	Palau	1	PERCENT	Percentage																																		
2018.Q2.G.01	ER_RSK_LBRED	Proportion of local breeds classified as being not-at-risk (%)	586	68.80479684	29.36491634	PAK	Pakistan	1	PERCENT	Percentage	0	0	0	0	0	0	0	0	0	0	0	0	0	0	0	0	0	0	0	0	0	0	0	0	0	0	0	0	0	0	2018	0	DAD-IS 2018 http://www.fao.org/dad-is/	C
2018.Q2.G.01	ER_RSK_LBRED	Proportion of local breeds classified as being not-at-risk (%)	591	-81.26616623	8.450965746	PAN	Panama	1	PERCENT	Percentage																			0	0	0	0	0	0	0	0	0	0	0	0	2018	0	DAD-IS 2018 http://www.fao.org/dad-is/	C
2018.Q2.G.01	ER_RSK_LBRED	Proportion of local breeds classified as being not-at-risk (%)	598	145.8587761	-6.756057077	PNG	Papua New Guinea	1	PERCENT	Percentage	0	0	0	0	0	0	0	0	0	0	0	0	0	0	0	0	0	0	0	0	0	0	0	0	0	0	0	0	0	0	2018	0	DAD-IS 2018 http://www.fao.org/dad-is/	C
2018.Q2.G.01	ER_RSK_LBRED	Proportion of local breeds classified as being not-at-risk (%)	600	-60.54854225	-21.70216237	PRY	Paraguay	1	PERCENT	Percentage														0	0	0	0	0	0	0	0	0	0	0	0	0	0	0	0	0	2018	0	DAD-IS 2018 http://www.fao.org/dad-is/	C
2018.Q2.G.01	ER_RSK_LBRED	Proportion of local breeds classified as being not-at-risk (%)	604	-71.82093277	-13.58939705	PER	Peru	1	PERCENT	Percentage	0	0	0	0	14.28571	14.28571	14.28571	14.28571	14.28571	14.28571	12.5	12.5	12.5	12.5	22.22222	10	10	10	3.125	3.125	3.125	3.125	6.06061	2.94118	2.94118	2.94118	2.94118	2.94118	2.94118	2.94118	2018	2.94118	DAD-IS 2018 http://www.fao.org/dad-is/	C
2018.Q2.G.01	ER_RSK_LBRED	Proportion of local breeds classified as being not-at-risk (%)	608	120.8601418	14.16591706	PHL	Philippines	1	PERCENT	Percentage	0	0	0	0	0	0	0	0	0	0	0	0	0	0	0	0	0	0	0	0	0	0	0	0	0	0	0	0	0	0	2018	0	DAD-IS 2018 http://www.fao.org/dad-is/	C
2018.Q2.G.01	ER_RSK_LBRED	Proportion of local breeds classified as being not-at-risk (%)	612	-128.3225873	-24.37538456	PCN	Pitcairn	1	PERCENT	Percentage																																		
2018.Q2.G.01	ER_RSK_LBRED	Proportion of local breeds classified as being not-at-risk (%)	616	19.40660158	52.1226733	POL	Poland	1	PERCENT	Percentage	40	40	40	46.42857	27.08333	27.08333	42.64706	40.57971	42.85714	42.85714	30.68182	31.03448	32.18391	32.18391	29.88506	28.57143	28.57143	5.61798	2.9703	3.9604	3.50877	4.95868	6.36364	14.52991	14.78261	14.65517	12.5	12.5	12.5	13.387556	2018	12.5	DAD-IS 2018 http://www.fao.org/dad-is/	C
2018.Q2.G.01	ER_RSK_LBRED	Proportion of local breeds classified as being not-at-risk (%)	620	-7.961599811	39.68509315	PRT	Portugal	1	PERCENT	Percentage	85.71429	85.71429	85.71429	82.6087	46.15385	46.15385	46.15385	46.15385	46.15385	46.15385	46.15385	46.15385	46.15385	46.15385	30.55556	27.77778	27.77778	27.77778	27.02703	27.02703	41.30435	41.30435	41.30435	34.78261	34.78261	34.78261	34	40	40	36.713044	2018	40	DAD-IS 2018 http://www.fao.org/dad-is/	C
2018.Q2.G.01	ER_RSK_LBRED	Proportion of local breeds classified as being not-at-risk (%)	624	-14.40182514	12.11760394	GNB	Guinea-Bissau	1	PERCENT	Percentage	0	0	0	0	0	0	0	0	0	0	0	0	0	0	0	0	0	0	0	0	0	0	0	0	0	0	0	0	0	0	2018	0	DAD-IS 2018 http://www.fao.org/dad-is/	C
2018.Q2.G.01	ER_RSK_LBRED	Proportion of local breeds classified as being not-at-risk (%)	626	125.9451052	-8.797497247	TLS	Timor-Leste	1	PERCENT	Percentage																																		
2018.Q2.G.01	ER_RSK_LBRED	Proportion of local breeds classified as being not-at-risk (%)	630	-66.47591017	18.22753799	PRI	Puerto Rico	1	PERCENT	Percentage																																		
2018.Q2.G.01	ER_RSK_LBRED	Proportion of local breeds classified as being not-at-risk (%)	634	51.19152467	25.28355379	QAT	Qatar	1	PERCENT	Percentage																																		
2018.Q2.G.01	ER_RSK_LBRED	Proportion of local breeds classified as being not-at-risk (%)	638	55.53171398	-21.13183266	REU	Réunion	1	PERCENT	Percentage																																		
2018.Q2.G.01	ER_RSK_LBRED	Proportion of local breeds classified as being not-at-risk (%)	642	24.98481009	45.83893563	ROU	Romania	1	PERCENT	Percentage	0	0	0	0	0	0	0	0	0	0	0	0	0	0	0	0	0	0	0	0	0	0	0	0	0	0	0	0	0	0	2018	0	DAD-IS 2018 http://www.fao.org/dad-is/	C
2018.Q2.G.01	ER_RSK_LBRED	Proportion of local breeds classified as being not-at-risk (%)	643	99.01404926	61.61899849	RUS	Russian Federation	1	PERCENT	Percentage	0	0	0	0	0	0	0	0	0	0	0	0	0	0	0	0	0	0	0	0	0	0	0	0	0	0	0	0	0	0	2018	0	DAD-IS 2018 http://www.fao.org/dad-is/	C
2018.Q2.G.01	ER_RSK_LBRED	Proportion of local breeds classified as being not-at-risk (%)	646	29.92310194	-1.999842114	RWA	Rwanda	1	PERCENT	Percentage																			0	0	0	0	0	0	0	0	0	0	0	0	2018	0	DAD-IS 2018 http://www.fao.org/dad-is/	C
2018.Q2.G.01	ER_RSK_LBRED	Proportion of local breeds classified as being not-at-risk (%)	652	-62.83173536	17.89513362	BLM	Saint Barthélemy	1	PERCENT	Percentage																																		
2018.Q2.G.01	ER_RSK_LBRED	Proportion of local breeds classified as being not-at-risk (%)	654	-5.705752501	-15.96503946	SHN	Saint Helena	1	PERCENT	Percentage																																		
2018.Q2.G.01	ER_RSK_LBRED	Proportion of local breeds classified as being not-at-risk (%)	659	-62.76628613	17.33994219	KNA	Saint Kitts and Nevis	1	PERCENT	Percentage												0	0	0	0	0	0	0	0	0	0	0	0	0	0	0	0	0	0	0	2018	0	DAD-IS 2018 http://www.fao.org/dad-is/	C
2018.Q2.G.01	ER_RSK_LBRED	Proportion of local breeds classified as being not-at-risk (%)	660	-63.05651612	18.21525315	AIA	Anguilla	1	PERCENT	Percentage																																		
2018.Q2.G.01	ER_RSK_LBRED	Proportion of local breeds classified as being not-at-risk (%)	662	-60.96529553	13.89405601	LCA	Saint Lucia	1	PERCENT	Percentage																			0	0	0	0	0	0	0	0	0	0	0	0	2018	0	DAD-IS 2018 http://www.fao.org/dad-is/	C
2018.Q2.G.01	ER_RSK_LBRED	Proportion of local breeds classified as being not-at-risk (%)	663	-63.04505461	18.0882685	MAF	Saint Martin (French Part)	1	PERCENT	Percentage																																		
2018.Q2.G.01	ER_RSK_LBRED	Proportion of local breeds classified as being not-at-risk (%)	666	-56.33682442	46.85812735	SPM	Saint Pierre and Miquelon	1	PERCENT	Percentage																																		
2018.Q2.G.01	ER_RSK_LBRED	Proportion of local breeds classified as being not-at-risk (%)	670	-61.19024321	13.24627968	VCT	Saint Vincent and the Grenadines	1	PERCENT	Percentage																																		
2018.Q2.G.01	ER_RSK_LBRED	Proportion of local breeds classified as being not-at-risk (%)	674	12.46329038	43.93841766	SMR	San Marino	1	PERCENT	Percentage																																		
2018.Q2.G.01	ER_RSK_LBRED	Proportion of local breeds classified as being not-at-risk (%)	678	6.609772265	0.241554875	STP	Sao Tome and Principe	1	PERCENT	Percentage																			0	0	0	0	0	0	0	0	0	0	0	0	2018	0	DAD-IS 2018 http://www.fao.org/dad-is/	C
2018.Q2.G.01	ER_RSK_LBRED	Proportion of local breeds classified as being not-at-risk (%)	682	44.54763347	24.12594211	SAU	Saudi Arabia	1	PERCENT	Percentage																			0	0	0	0	0	0	0	0	0	0	0	0	2018	0	DAD-IS 2018 http://www.fao.org/dad-is/	C
2018.Q2.G.01	ER_RSK_LBRED	Proportion of local breeds classified as being not-at-risk (%)	686	-14.46636926	14.35920905	SEN	Senegal	1	PERCENT	Percentage	100	100	100	100	100	100	100	100	100	100	100	75	75	75	100	100	85.71429	85.71429	53.84615	53.84615	53.84615	53.84615	57.14286	57.14286	57.14286	57.14286	57.14286	57.14286	50	55.714288	2018	50	DAD-IS 2018 http://www.fao.org/dad-is/	C
2018.Q2.G.01	ER_RSK_LBRED	Proportion of local breeds classified as being not-at-risk (%)	688	20.805876	44.03145697	SRB	Serbia	1	PERCENT	Percentage				14.28571	14.28571	14.28571	14.28571	14.28571	14.28571	0	0	0	0	0	15.38462	15.38462	15.38462	15.38462	9.09091	9.09091	9.09091	9.09091	0	0	0	0	3.57143	3.57143	3.57143	2.142858	2018	3.57143	DAD-IS 2018 http://www.fao.org/dad-is/	C
2018.Q2.G.01	ER_RSK_LBRED	Proportion of local breeds classified as being not-at-risk (%)	690	55.46561591	-4.678053059	SYC	Seychelles	1	PERCENT	Percentage																			0	0	0	0	0	0	0	0	0	0	0	0	2018	0	DAD-IS 2018 http://www.fao.org/dad-is/	C
2018.Q2.G.01	ER_RSK_LBRED	Proportion of local breeds classified as being not-at-risk (%)	694	-11.78306584	8.568604164	SLE	Sierra Leone	1	PERCENT	Percentage																																		
2018.Q2.G.01	ER_RSK_LBRED	Proportion of local breeds classified as being not-at-risk (%)	702	103.8107883	1.361009155	SGP	Singapore	1	PERCENT	Percentage																																		
2018.Q2.G.01	ER_RSK_LBRED	Proportion of local breeds classified as being not-at-risk (%)	703	19.48495604	48.70741446	SVK	Slovakia	1	PERCENT	Percentage	50	50	50	10	7.69231	7.69231	7.69231	7.69231	7.69231	7.69231	7.69231	7.69231	7.69231	5.55556	5.55556	6.25	6.25	4.16667	3.84615	3.84615	3.84615	7.69231	3.84615	7.69231	7.69231	7.40741	3.7037	7.40741	7.40741	6.723648	2018	7.40741	DAD-IS 2018 http://www.fao.org/dad-is/	C
2018.Q2.G.01	ER_RSK_LBRED	Proportion of local breeds classified as being not-at-risk (%)	704	105.802499	10.09643079	VNM	Viet Nam	1	PERCENT	Percentage	25	46.66667	43.75	43.75	37.03704	35.71429	35.71429	36.36364	36.36364	36.36364	36.36364	36.36364	34.28571	37.14286	37.14286	36.11111	36.11111	36.11111	7.40741	7.40741	34.92063	34.92063	34.92063	34.92063	34.92063	34.92063	34.92063	34.92063	34.92063	34.92063	2018	34.92063	DAD-IS 2018 http://www.fao.org/dad-is/	C
2018.Q2.G.01	ER_RSK_LBRED	Proportion of local breeds classified as being not-at-risk (%)	705	14.82209486	46.11958061	SVN	Slovenia	1	PERCENT	Percentage	0	0	0	0	20	20	20	20	20	60	60	33.33333	33.33333	9.09091	6.66667	6.12245	5.26316	5.26316	5.08475	3.38983	3.38983	3.38983	3.38983	3.33333	3.27869	1.63934	0	1.5873	1.5873	1.618526	2018	1.5873	DAD-IS 2018 http://www.fao.org/dad-is/	C
2018.Q2.G.01	ER_RSK_LBRED	Proportion of local breeds classified as being not-at-risk (%)	706	46.20367477	4.406485729	SOM	Somalia	1	PERCENT	Percentage	0	0	0	0	0	0	0	0	0	0	0	0	0	0	0	0	0	0	0	0	0	0	0	0	0	0	0	0	0	0	2018	0	DAD-IS 2018 http://www.fao.org/dad-is/	C
2018.Q2.G.01	ER_RSK_LBRED	Proportion of local breeds classified as being not-at-risk (%)	710	24.67184355	-29.99957544	ZAF	South Africa	1	PERCENT	Percentage			10	10	8.33333	8.33333	8.33333	0	0	0	0	0	0	0	0	0	0	0	0	0	0	1.49254	1.49254	1.49254	1.49254	1.49254	2.94118	2.94118	2.94118	2.361724	2018	2.94118	DAD-IS 2018 http://www.fao.org/dad-is/	C
2018.Q2.G.01	ER_RSK_LBRED	Proportion of local breeds classified as being not-at-risk (%)	716	29.86909584	-19.00075492	ZWE	Zimbabwe	1	PERCENT	Percentage	50	50	25	25	25	25	25	25	25	25	25	25	25	0	0	0	0	0	0	0	0	0	0	14.28571	14.28571	14.28571	14.28571	14.28571	14.28571	14.28571	2018	14.28571	DAD-IS 2018 http://www.fao.org/dad-is/	C
2018.Q2.G.01	ER_RSK_LBRED	Proportion of local breeds classified as being not-at-risk (%)	724	-3.554078296	40.39211472	ESP	Spain	1	PERCENT	Percentage	52.5	32.83582	38.88889	45.45455	45.56962	42.85714	39.39394	28.07018	28.07018	28.92562	16.66667	19.40299	19.40299	20.14925	19.40299	19.11765	19.85294	19.01408	16.11111	17.80105	15.70681	21.35922	20.87379	21.73913	22.59615	22.27488	24.0566	24.0566	24.0566	23.408166	2018	24.0566	DAD-IS 2018 http://www.fao.org/dad-is/	C
2018.Q2.G.01	ER_RSK_LBRED	Proportion of local breeds classified as being not-at-risk (%)	728	30.32618773	7.290839152	SSD	South Sudan	1	PERCENT	Percentage																																		
2018.Q2.G.01	ER_RSK_LBRED	Proportion of local breeds classified as being not-at-risk (%)	732	-13.13515523	24.66265342	ESH	Western Sahara	1	PERCENT	Percentage																																		
2018.Q2.G.01	ER_RSK_LBRED	Proportion of local breeds classified as being not-at-risk (%)	736	29.95650159	16.02643066	SDN	Sudan	1	PERCENT	Percentage																																		
2018.Q2.G.01	ER_RSK_LBRED	Proportion of local breeds classified as being not-at-risk (%)	740	-55.90626394	4.132603197	SUR	Suriname	1	PERCENT	Percentage																			0	0	0	0	0	0	0	0	0	0	0	0	2018	0	DAD-IS 2018 http://www.fao.org/dad-is/	C
2018.Q2.G.01	ER_RSK_LBRED	Proportion of local breeds classified as being not-at-risk (%)	744	13.38071013	78.82894131	SJM	Svalbard and Jan Mayen Islands	1	PERCENT	Percentage																																		
2018.Q2.G.01	ER_RSK_LBRED	Proportion of local breeds classified as being not-at-risk (%)	748	31.50149288	-26.56471011	SWZ	Swaziland	1	PERCENT	Percentage				0	0	0	0	0	0	0	0	0	0	0	0	0	0	0	0	0	0	0	0	0	0	0	0	0	0	0	2018	0	DAD-IS 2018 http://www.fao.org/dad-is/	C
2018.Q2.G.01	ER_RSK_LBRED	Proportion of local breeds classified as being not-at-risk (%)	752	14.3775338	60.60103109	SWE	Sweden	1	PERCENT	Percentage	0	0	0	5.88235	5.55556	4.7619	4.7619	4	16.66667	11.42857	8.57143	8.57143	7.5	7.31707	2.32558	2.32558	2.32558	2.32558	2.22222	2.08333	2.04082	1.96078	3.84615	3.84615	3.84615	3.77358	5.66038	5.66038	5.66038	4.920174	2018	5.66038	DAD-IS 2018 http://www.fao.org/dad-is/	C
2018.Q2.G.01	ER_RSK_LBRED	Proportion of local breeds classified as being not-at-risk (%)	756	8.223158	46.96617097	CHE	Switzerland	1	PERCENT	Percentage	44.44444	40	28.57143	28.57143	35.71429	31.25	41.17647	33.33333	33.33333	33.33333	33.33333	31.57895	31.57895	31.57895	31.57895	31.57895	35	33.33333	24	30.76923	29.62963	29.62963	30.76923	30.76923	26.92308	26.92308	30.76923	30.76923	30.76923	29.23077	2018	30.76923	DAD-IS 2018 http://www.fao.org/dad-is/	C
2018.Q2.G.01	ER_RSK_LBRED	Proportion of local breeds classified as being not-at-risk (%)	760	38.50466565	35.01676176	SYR	Syrian Arab Republic (Syria)	1	PERCENT	Percentage	0	0	0	0	0	0	0	0	0	0	0	0	0	0	0	0	0	0	0	0	0	0	0	0	0	0	0	0	0	0	2018	0	DAD-IS 2018 http://www.fao.org/dad-is/	C
2018.Q2.G.01	ER_RSK_LBRED	Proportion of local breeds classified as being not-at-risk (%)	762	69.294998	38.43069666	TJK	Tajikistan	1	PERCENT	Percentage	0	0	0	0	0	0	0	0	0	0	0	0	0	0	0	0	0	0	0	0	0	0	0	0	0	0	0	0	0	0	2018	0	DAD-IS 2018 http://www.fao.org/dad-is/	C
2018.Q2.G.01	ER_RSK_LBRED	Proportion of local breeds classified as being not-at-risk (%)	764	101.0202951	15.13089239	THA	Thailand	1	PERCENT	Percentage	50	50	44.44444	44.44444	40	36.36364	36.36364	33.33333	33.33333	33.33333	33.33333	33.33333	33.33333	33.33333	33.33333	33.33333	33.33333	33.33333	21.05263	21.05263	21.05263	21.05263	21.05263	21.05263	21.05263	21.05263	21.05263	21.05263	21.05263	21.05263	2018	21.05263	DAD-IS 2018 http://www.fao.org/dad-is/	C
2018.Q2.G.01	ER_RSK_LBRED	Proportion of local breeds classified as being not-at-risk (%)	768	0.97835765	8.532096072	TGO	Togo	1	PERCENT	Percentage	0	0	0	0	0	0	0	0	0	0	0	0	0	0	0	0	0	0	0	0	0	0	0	0	0	0	0	0	0	0	2018	0	DAD-IS 2018 http://www.fao.org/dad-is/	C
2018.Q2.G.01	ER_RSK_LBRED	Proportion of local breeds classified as being not-at-risk (%)	772	-171.8154473	-9.214545558	TKL	Tokelau	1	PERCENT	Percentage																																		
2018.Q2.G.01	ER_RSK_LBRED	Proportion of local breeds classified as being not-at-risk (%)	776	-175.1959991	-21.19511329	TON	Tonga	1	PERCENT	Percentage	0	0	0	0	0	0	0	0	0	0	0	0	0	0	0	0	0	0	0	0	0	0	0	0	0	0	0	0	0	0	2018	0	DAD-IS 2018 http://www.fao.org/dad-is/	C
2018.Q2.G.01	ER_RSK_LBRED	Proportion of local breeds classified as being not-at-risk (%)	780	-61.29389504	10.41877263	TTO	Trinidad and Tobago	1	PERCENT	Percentage																			0	0	0	0	0	0	0	0	0	0	0	0	2018	0	DAD-IS 2018 http://www.fao.org/dad-is/	C
2018.Q2.G.01	ER_RSK_LBRED	Proportion of local breeds classified as being not-at-risk (%)	784	53.98279159	23.43322219	ARE	United Arab Emirates	1	PERCENT	Percentage																																		
2018.Q2.G.01	ER_RSK_LBRED	Proportion of local breeds classified as being not-at-risk (%)	788	9.572737411	34.11439971	TUN	Tunisia	1	PERCENT	Percentage	0	33.33333	33.33333	33.33333	33.33333	33.33333	33.33333	33.33333	33.33333	33.33333	33.33333	33.33333	0	0	0	0	0	0	0	0	0	0	0	0	0	0	0	12.5	12.5	5	2018	12.5	DAD-IS 2018 http://www.fao.org/dad-is/	C
2018.Q2.G.01	ER_RSK_LBRED	Proportion of local breeds classified as being not-at-risk (%)	792	35.42890329	38.9899684	TUR	Turkey	1	PERCENT	Percentage	58.82353	58.82353	58.82353	57.14286	57.14286	57.14286	57.14286	57.14286	36.84211	42.10526	42.10526	26.31579	26.31579	26.31579	21.05263	21.05263	21.05263	21.05263	6.25	4.6875	3.125	4.54545	16.4557	19.27711	19.27711	19.27711	19.27711	19.27711	19.27711	19.27711	2018	19.27711	DAD-IS 2018 http://www.fao.org/dad-is/	C
2018.Q2.G.01	ER_RSK_LBRED	Proportion of local breeds classified as being not-at-risk (%)	795	58.9787665	40.0912346	TKM	Turkmenistan	1	PERCENT	Percentage	0	0	0	0	0	0	0	0	0	0	0	0	0	0	0	0	0	0	0	0	0	0	0	0	0	0	0	0	0	0	2018	0	DAD-IS 2018 http://www.fao.org/dad-is/	C
2018.Q2.G.01	ER_RSK_LBRED	Proportion of local breeds classified as being not-at-risk (%)	796	-71.745121	21.80780585	TCA	Turks and Caicos Islands	1	PERCENT	Percentage																																		
2018.Q2.G.01	ER_RSK_LBRED	Proportion of local breeds classified as being not-at-risk (%)	798	178.6679611	-7.460048071	TUV	Tuvalu	1	PERCENT	Percentage													0	0	0	0	0	0	0	0	0	0	0	0	0	0	0	0	0	0	2018	0	DAD-IS 2018 http://www.fao.org/dad-is/	C
2018.Q2.G.01	ER_RSK_LBRED	Proportion of local breeds classified as being not-at-risk (%)	800	32.39100438	1.279557331	UGA	Uganda	1	PERCENT	Percentage	0	0	0	0	0	0	0	0	0	0	0	0	0	0	0	0	0	0	0	0	0	0	0	0	0	0	0	0	0	0	2018	0	DAD-IS 2018 http://www.fao.org/dad-is/	C
2018.Q2.G.01	ER_RSK_LBRED	Proportion of local breeds classified as being not-at-risk (%)	804	31.40270802	49.00735945	UKR	Ukraine	1	PERCENT	Percentage	57.14286	28.57143	28.57143	6.25	9.09091	9.09091	6.06061	6.06061	6.06061	6.06061	6.06061	24	24.5283	22.53521	24.67532	27.5	29.62963	30.8642	18.80342	20.33898	20.16807	21.31148	21.13821	20.96774	20.16129	20	20	17.69231	15.38462	18.647644	2018	15.38462	DAD-IS 2018 http://www.fao.org/dad-is/	C
2018.Q2.G.01	ER_RSK_LBRED	Proportion of local breeds classified as being not-at-risk (%)	807	21.7007909	41.60048068	MKD	Macedonia, Republic of	1	PERCENT	Percentage	0	0	0	0	0	0	0	0	0	0	0	0	0	0	0	0	0	0	0	0	0	0	0	0	0	0	0	0	0	0	2018	0	DAD-IS 2018 http://www.fao.org/dad-is/	C
2018.Q2.G.01	ER_RSK_LBRED	Proportion of local breeds classified as being not-at-risk (%)	818	29.77468534	26.57438204	EGY	Egypt	1	PERCENT	Percentage	0	0	0	0	0	0	0	0	0	0	0	0	0	0	0	0	0	0	0	0	0	0	0	0	0	0	0	0	0	0	2018	0	DAD-IS 2018 http://www.fao.org/dad-is/	C
2018.Q2.G.01	ER_RSK_LBRED	Proportion of local breeds classified as being not-at-risk (%)	826	-2.23830539	53.27691757	GBR	United Kingdom	1	PERCENT	Percentage	18.51852	18.51852	18.51852	17.64706	9.7561	8.33333	7.27273	5.45455	5.45455	4.83871	4.83871	4.7619	4.24242	4.24242	4.21687	4.21687	4.21687	3.59281	1.9685	1.9685	1.9685	1.9685	4.33213	4.31655	4.30108	4.25532	4.60993	4.60993	4.60993	4.477238	2018	4.60993	DAD-IS 2018 http://www.fao.org/dad-is/	C
2018.Q2.G.01	ER_RSK_LBRED	Proportion of local breeds classified as being not-at-risk (%)	831	-2.200712402	49.71561166	GGY	Guernsey	1	PERCENT	Percentage																																		
2018.Q2.G.01	ER_RSK_LBRED	Proportion of local breeds classified as being not-at-risk (%)	832	-2.136773508	49.22353354	JEY	Jersey	1	PERCENT	Percentage																																		
2018.Q2.G.01	ER_RSK_LBRED	Proportion of local breeds classified as being not-at-risk (%)	833	-4.538190305	54.22880901	IMN	Isle of Man	1	PERCENT	Percentage																																		
2018.Q2.G.01	ER_RSK_LBRED	Proportion of local breeds classified as being not-at-risk (%)	834	34.80521182	-6.265332606	TZA	Tanzania, United Republic of	1	PERCENT	Percentage	50	50	50	50	40	40	40	40	40	40	40	10	10	10	10	0	0	0	40.42553	40.42553	40.42553	40.42553	40.42553	54.16667	54.16667	54.16667	54.16667	54.16667	54.16667	54.16667	2018	54.16667	DAD-IS 2018 http://www.fao.org/dad-is/	C
2018.Q2.G.01	ER_RSK_LBRED	Proportion of local breeds classified as being not-at-risk (%)	840	-99.13830311	39.5277871	USA	United States of America	1	PERCENT	Percentage	4	4	4	4	18.75	18.18182	18.18182	17.14286	17.14286	22.85714	18.91892	18.91892	15.55556	14.81481	14.81481	5.55556	5.08475	5.08475	3.52941	3.48837	2.29885	2.29885	2.29885	4.34783	3.26087	5.43478	5.43478	5.43478	5.43478	4.999998	2018	5.43478	DAD-IS 2018 http://www.fao.org/dad-is/	C
2018.Q2.G.01	ER_RSK_LBRED	Proportion of local breeds classified as being not-at-risk (%)	850	-64.76960113	17.73297693	VIR	United States Virgin Islands	1	PERCENT	Percentage	0	0	0	0	0	0	0	0	0	0	0	0	0	0	0	0	0	0	0	0	0	0	0	0	0	0	0	0	0	0	2018	0	DAD-IS 2018 http://www.fao.org/dad-is/	C
2018.Q2.G.01	ER_RSK_LBRED	Proportion of local breeds classified as being not-at-risk (%)	854	-1.742843829	12.27491081	BFA	Burkina Faso	1	PERCENT	Percentage	0	0	0	0	0	0	0	0	0	0	0	0	0	0	0	0	0	0	0	0	0	0	0	0	0	0	0	0	0	0	2018	0	DAD-IS 2018 http://www.fao.org/dad-is/	C
2018.Q2.G.01	ER_RSK_LBRED	Proportion of local breeds classified as being not-at-risk (%)	858	-56.01387025	-32.8002838	URY	Uruguay	1	PERCENT	Percentage	33.33333	0	25	25	20	20	20	20	20	20	20	20	20	0	0	0	0	0	0	0	5.55556	5.45455	5.35714	7.14286	5.35714	7.14286	7.14286	7.14286	7.14286	6.785716	2018	7.14286	DAD-IS 2018 http://www.fao.org/dad-is/	C
2018.Q2.G.01	ER_RSK_LBRED	Proportion of local breeds classified as being not-at-risk (%)	860	63.11944558	41.77560518	UZB	Uzbekistan	1	PERCENT	Percentage	0	0	0	0	0	0	0	0	0	0	0	0	0	0	0	0	0	0	0	0	0	0	0	0	0	0	0	0	0	0	2018	0	DAD-IS 2018 http://www.fao.org/dad-is/	C
2018.Q2.G.01	ER_RSK_LBRED	Proportion of local breeds classified as being not-at-risk (%)	862	-66.15642084	7.121324748	VEN	Venezuela (Bolivarian Republic)	1	PERCENT	Percentage	0	0	0	0	0	0	0	0	0	0	0	0	0	0	0	0	0	0	0	0	0	0	0	0	0	0	0	0	0	0	2018	0	DAD-IS 2018 http://www.fao.org/dad-is/	C
2018.Q2.G.01	ER_RSK_LBRED	Proportion of local breeds classified as being not-at-risk (%)	876	-176.2034788	-13.28471201	WLF	Wallis and Futuna Islands	1	PERCENT	Percentage																																		
2018.Q2.G.01	ER_RSK_LBRED	Proportion of local breeds classified as being not-at-risk (%)	882	-172.4430749	-13.61541469	WSM	Samoa	1	PERCENT	Percentage																			0	0	0	0	0	0	0	0	0	0	0	0	2018	0	DAD-IS 2018 http://www.fao.org/dad-is/	C
2018.Q2.G.01	ER_RSK_LBRED	Proportion of local breeds classified as being not-at-risk (%)	887	45.22389143	15.22242099	YEM	Yemen	1	PERCENT	Percentage	0	0	0	0	0	0	0	0	0	0	0	0	0	0	0	0	0	0	0	0	0	0	0	0	0	0	0	0	0	0	2018	0	DAD-IS 2018 http://www.fao.org/dad-is/	C
2018.Q2.G.01	ER_RSK_LBRED	Proportion of local breeds classified as being not-at-risk (%)	894	27.850329	-14.59701056	ZMB	Zambia	1	PERCENT	Percentage										0	0	0	0	0	0	0	0	0	0	0	0	0	0	0	0	0	0	0	0	0	2018	0	DAD-IS 2018 http://www.fao.org/dad-is/	C
