series.release	series.code	series.description	geoAreaCode	X	Y	ISO3CD	geoAreaName	sliceId	Age	Units	Age description	Units description	2004	2005	2006	2007	2008	2009	2010	2011	2012	2013	2014	2015	2016	last.5.years.mean	latest.year	latest.value	latest.source	latest.nature
2018.Q2.G.01	FB_CBK_BRCH	Number of commercial bank branches per 100,000 adults	4	66.02688198	33.83160199	AFG	Afghanistan	1	15+	NUMBER	15 years old and over	Number	0.37365	0.59331	0.93769	1.25291	1.49115	2.24163	2.40094	2.23095	2.15297	2.27745	2.33223	2.191	2.21525	2.23378	2016	2.21525	Financial Access Survey (FAS), IMF's Statistics Department, accessible at http://imf.data.org/FAS	C
2018.Q2.G.01	FB_CBK_BRCH	Number of commercial bank branches per 100,000 adults	8	20.06660928	41.13897007	ALB	Albania	1	15+	NUMBER	15 years old and over	Number	9.67682	11.69609	13.82393	18.60144	23.49872	24.00591	24.13042	24.09378	24.01735	23.40908	21.94187	21.85142	21.50958	22.54586	2016	21.50958	Financial Access Survey (FAS), IMF's Statistics Department, accessible at http://imf.data.org/FAS	C
2018.Q2.G.01	FB_CBK_BRCH	Number of commercial bank branches per 100,000 adults	10	21.47585697	-80.40897662	ATA	Antarctica	1	15+	NUMBER	15 years old and over	Number																		
2018.Q2.G.01	FB_CBK_BRCH	Number of commercial bank branches per 100,000 adults	12	2.678164227	28.15940032	DZA	Algeria	1	15+	NUMBER	15 years old and over	Number	4.70424	4.69769	4.92094	5.03748	5.21223	5.14242	5.03236	5.15662	5.20012	5.19231	5.18849	5.23427	5.23446	5.20993	2016	5.23446	Financial Access Survey (FAS), IMF's Statistics Department, accessible at http://imf.data.org/FAS	C
2018.Q2.G.01	FB_CBK_BRCH	Number of commercial bank branches per 100,000 adults	16	-170.7187269	-14.30587306	ASM	American Samoa	1	15+	NUMBER	15 years old and over	Number																		
2018.Q2.G.01	FB_CBK_BRCH	Number of commercial bank branches per 100,000 adults	20	1.576257417	42.54548611	AND	Andorra	1	15+	NUMBER	15 years old and over	Number																		
2018.Q2.G.01	FB_CBK_BRCH	Number of commercial bank branches per 100,000 adults	24	17.57817062	-12.33724746	AGO	Angola	1	15+	NUMBER	15 years old and over	Number	1.80997	2.23799	3.38051	3.87974	4.67002	5.23804	7.44677	8.40913	9.06792	10.17499	10.20332	10.43881	10.28611	10.03423	2016	10.28611	Financial Access Survey (FAS), IMF's Statistics Department, accessible at http://imf.data.org/FAS	C
2018.Q2.G.01	FB_CBK_BRCH	Number of commercial bank branches per 100,000 adults	28	-61.7999755	17.07761471	ATG	Antigua and Barbuda	1	15+	NUMBER	15 years old and over	Number						36.60215	35.98002	33.97172	33.41036	32.86771	29.6464	27.85774	27.44739	30.24592	2016	27.44739	Financial Access Survey (FAS), IMF's Statistics Department, accessible at http://imf.data.org/FAS	C
2018.Q2.G.01	FB_CBK_BRCH	Number of commercial bank branches per 100,000 adults	31	50.01064725	40.39229544	AZE	Azerbaijan	1	15+	NUMBER	15 years old and over	Number	6.51808	6.75205	7.33347	8.20872	9.1875	9.78643	9.86153	10.00147	9.69745	10.20297	10.82791	10.66056		10.3472225	2015	10.66056	Financial Access Survey (FAS), IMF's Statistics Department, accessible at http://imf.data.org/FAS	C
2018.Q2.G.01	FB_CBK_BRCH	Number of commercial bank branches per 100,000 adults	32	-65.14563274	-35.19446255	ARG	Argentina	1	15+	NUMBER	15 years old and over	Number	13.27586	13.08727	13.09552	13.04716	12.98195	12.85054	12.87727	12.9979	13.09527	13.13303	13.12697	13.16881	13.3689	13.178596	2016	13.3689	Financial Access Survey (FAS), IMF's Statistics Department, accessible at http://imf.data.org/FAS	C
2018.Q2.G.01	FB_CBK_BRCH	Number of commercial bank branches per 100,000 adults	36	134.3499412	-25.57717202	AUS	Australia	1	15+	NUMBER	15 years old and over	Number	30.66425	30.641	31.23817	31.66872	31.56301	31.21108	30.74734	30.40556	30.93415	30.13444	29.16199	28.76446	27.79604	29.358216	2016	27.79604	Financial Access Survey (FAS), IMF's Statistics Department, accessible at http://imf.data.org/FAS	C
2018.Q2.G.01	FB_CBK_BRCH	Number of commercial bank branches per 100,000 adults	40	14.14172472	47.58704857	AUT	Austria	1	15+	NUMBER	15 years old and over	Number	13.92817	13.32138	13.03592	12.88147	12.58414	11.76476	11.28622	15.09856	15.9733	15.54429	14.84375	13.81139	12.62924	14.560394	2016	12.62924	Financial Access Survey (FAS), IMF's Statistics Department, accessible at http://imf.data.org/FAS	C
2018.Q2.G.01	FB_CBK_BRCH	Number of commercial bank branches per 100,000 adults	44	-78.05111663	24.69546597	BHS	Bahamas	1	15+	NUMBER	15 years old and over	Number				39.94958	38.91021	36.76079	36.13363	35.41126	35.02591	34.00181	33.4124	29.65686	29.57781	32.334958	2016	29.57781	Financial Access Survey (FAS), IMF's Statistics Department, accessible at http://imf.data.org/FAS	C
2018.Q2.G.01	FB_CBK_BRCH	Number of commercial bank branches per 100,000 adults	48	50.5490754	26.04407747	BHR	Bahrain	1	15+	NUMBER	15 years old and over	Number																		
2018.Q2.G.01	FB_CBK_BRCH	Number of commercial bank branches per 100,000 adults	50	89.17660788	22.86961622	BGD	Bangladesh	1	15+	NUMBER	15 years old and over	Number	6.91538	6.86144	6.8923	6.92762	6.97722	7.18934	7.44327	7.64622	7.84514	8.01532	8.21022	8.37108	8.44057	8.176466	2016	8.44057	Financial Access Survey (FAS), IMF's Statistics Department, accessible at http://imf.data.org/FAS	C
2018.Q2.G.01	FB_CBK_BRCH	Number of commercial bank branches per 100,000 adults	51	44.93839317	40.29499741	ARM	Armenia	1	15+	NUMBER	15 years old and over	Number	10.83837	12.30015	13.67942	15.80835	17.31369	17.79052	18.55556	19.98345	21.28331	21.7406	22.71153	23.39512	23.09807	22.445726	2016	23.09807	Financial Access Survey (FAS), IMF's Statistics Department, accessible at http://imf.data.org/FAS	C
2018.Q2.G.01	FB_CBK_BRCH	Number of commercial bank branches per 100,000 adults	52	-59.5346489	13.13648273	BRB	Barbados	1	15+	NUMBER	15 years old and over	Number			19.21968	19.55008	19.42125	18.85657	18.76022	19.97559	20.75688	19.34891	21.02524	16.1448	16.50373	18.755912	2016	16.50373	Financial Access Survey (FAS), IMF's Statistics Department, accessible at http://imf.data.org/FAS	C
2018.Q2.G.01	FB_CBK_BRCH	Number of commercial bank branches per 100,000 adults	56	4.660976456	50.64104975	BEL	Belgium	1	15+	NUMBER	15 years old and over	Number				8.30361	12.23575	11.68417	11.30728	10.49147	8.88095	8.90306	8.22942	7.54506	6.90356	8.09241	2016	6.90356	Financial Access Survey (FAS), IMF's Statistics Department, accessible at http://imf.data.org/FAS	C
2018.Q2.G.01	FB_CBK_BRCH	Number of commercial bank branches per 100,000 adults	60	-64.78155012	32.27881922	BMU	Bermuda	1	15+	NUMBER	15 years old and over	Number																		
2018.Q2.G.01	FB_CBK_BRCH	Number of commercial bank branches per 100,000 adults	64	90.45098484	27.39598568	BTN	Bhutan	1	15+	NUMBER	15 years old and over	Number	14.43054	13.80979	13.28889	12.82676	12.83427	12.84959	14.25215	16.18871	12.38941	15.92377	15.37482	15.22304	15.26914	14.836036	2016	15.26914	Financial Access Survey (FAS), IMF's Statistics Department, accessible at http://imf.data.org/FAS	C
2018.Q2.G.01	FB_CBK_BRCH	Number of commercial bank branches per 100,000 adults	68	-64.66224284	-16.71273412	BOL	Bolivia (Plurinational State of)	1	15+	NUMBER	15 years old and over	Number	4.4776	5.10119	5.7295	5.91499	6.28377	6.90121	8.59832	9.29843	9.71046	11.48429	15.05381	15.32081		12.8923425	2015	15.32081	Financial Access Survey (FAS), IMF's Statistics Department, accessible at http://imf.data.org/FAS	C
2018.Q2.G.01	FB_CBK_BRCH	Number of commercial bank branches per 100,000 adults	70	17.78584332	44.16845548	BIH	Bosnia and Herzegovina	1	15+	NUMBER	15 years old and over	Number		27.37855	28.18192	31.71478	33.82915	32.20829	31.37782	32.15388	31.75101	32.4467	33.30912	30.42294	28.93878	31.37371	2016	28.93878	Financial Access Survey (FAS), IMF's Statistics Department, accessible at http://imf.data.org/FAS	C
2018.Q2.G.01	FB_CBK_BRCH	Number of commercial bank branches per 100,000 adults	72	23.81380223	-22.18810073	BWA	Botswana	1	15+	NUMBER	15 years old and over	Number	6.61956	6.31209	6.65564	7.61528	8.52813	8.48691	8.81498	8.40239	8.43025	8.59364	8.7478	8.09632	8.31892	8.437386	2016	8.31892	Financial Access Survey (FAS), IMF's Statistics Department, accessible at http://imf.data.org/FAS	C
2018.Q2.G.01	FB_CBK_BRCH	Number of commercial bank branches per 100,000 adults	74	3.410732868	-54.43295905	BVT	Bouvet Island	1	15+	NUMBER	15 years old and over	Number																		
2018.Q2.G.01	FB_CBK_BRCH	Number of commercial bank branches per 100,000 adults	76	-53.08432878	-10.77668561	BRA	Brazil	1	15+	NUMBER	15 years old and over	Number		18.32387	18.19694	18.25133	18.88169	18.77897	18.26098	18.8086	20.07466	20.26847	21.08559	20.7225	20.40062	20.510368	2016	20.40062	Financial Access Survey (FAS), IMF's Statistics Department, accessible at http://imf.data.org/FAS	C
2018.Q2.G.01	FB_CBK_BRCH	Number of commercial bank branches per 100,000 adults	84	-88.70199554	17.19965901	BLZ	Belize	1	15+	NUMBER	15 years old and over	Number	25.69926	25.44882	23.42195	26.34409	26.96144	26.0216	25.14215	24.29679	23.52249	24.11107	23.37412	21.01498	20.42484	22.4895	2016	20.42484	Financial Access Survey (FAS), IMF's Statistics Department, accessible at http://imf.data.org/FAS	C
2018.Q2.G.01	FB_CBK_BRCH	Number of commercial bank branches per 100,000 adults	86	72.38715553	-7.299281071	IOT	British Indian Ocean Territory	1	15+	NUMBER	15 years old and over	Number																		
2018.Q2.G.01	FB_CBK_BRCH	Number of commercial bank branches per 100,000 adults	90	160.1584117	-9.622391719	SLB	Solomon Islands	1	15+	NUMBER	15 years old and over	Number	7.45559	7.97992	8.12678	7.92167	7.72637	7.53928	4.47818	4.05819	3.95647	3.55855	4.0452	3.94224	4.11578	3.923648	2016	4.11578	Financial Access Survey (FAS), IMF's Statistics Department, accessible at http://imf.data.org/FAS	C
2018.Q2.G.01	FB_CBK_BRCH	Number of commercial bank branches per 100,000 adults	92	-64.63294223	18.42256578	VGB	British Virgin Islands	1	15+	NUMBER	15 years old and over	Number																		
2018.Q2.G.01	FB_CBK_BRCH	Number of commercial bank branches per 100,000 adults	96	114.6288563	4.49736984	BRN	Brunei Darussalam	1	15+	NUMBER	15 years old and over	Number	20.96973	25.80156	23.09718	22.68727	23.01786	23.69032	23.282	23.13909	22.66538	22.85968	20.16161	20.70757	19.43065	21.164978	2016	19.43065	Financial Access Survey (FAS), IMF's Statistics Department, accessible at http://imf.data.org/FAS	C
2018.Q2.G.01	FB_CBK_BRCH	Number of commercial bank branches per 100,000 adults	100	25.23763153	42.75731323	BGR	Bulgaria	1	15+	NUMBER	15 years old and over	Number	84.91794	85.41114	84.47557	88.26899	92.17315	92.04516	91.64777	59.82395	61.14692	60.57664	60.35137	60.28248	48.53596	58.178674	2016	48.53596	Financial Access Survey (FAS), IMF's Statistics Department, accessible at http://imf.data.org/FAS	C
2018.Q2.G.01	FB_CBK_BRCH	Number of commercial bank branches per 100,000 adults	104	96.51752295	21.19332882	MMR	Myanmar	1	15+	NUMBER	15 years old and over	Number	1.81812	1.73461	1.42609	1.45135	1.48149	1.50172	1.54328	1.69042	1.87462	2.76221	3.4169	3.37876	3.41065	2.968628	2016	3.41065	Financial Access Survey (FAS), IMF's Statistics Department, accessible at http://imf.data.org/FAS	C
2018.Q2.G.01	FB_CBK_BRCH	Number of commercial bank branches per 100,000 adults	108	29.89080992	-3.366387428	BDI	Burundi	1	15+	NUMBER	15 years old and over	Number	1.55703	1.58921	1.71472	1.82877	1.86748	2.0305	2.26449	2.47869	2.69978	3.20792	3.13897	3.17668	3.17157	3.078984	2016	3.17157	Financial Access Survey (FAS), IMF's Statistics Department, accessible at http://imf.data.org/FAS	C
2018.Q2.G.01	FB_CBK_BRCH	Number of commercial bank branches per 100,000 adults	112	28.04940161	53.54193075	BLR	Belarus	1	15+	NUMBER	15 years old and over	Number	6.09645	5.79904	5.56752	4.87553	4.39022	3.66788	3.19242	2.09858	1.70723	1.56274	1.20365	0.89214	0.85612	1.244376	2016	0.85612	Financial Access Survey (FAS), IMF's Statistics Department, accessible at http://imf.data.org/FAS	C
2018.Q2.G.01	FB_CBK_BRCH	Number of commercial bank branches per 100,000 adults	116	104.922836	12.71163737	KHM	Cambodia	1	15+	NUMBER	15 years old and over	Number			2.32799	3.03472	3.14109	3.9629	4.11944	4.27608	4.49115	4.77495	5.69473	6.12415		5.271245	2015	6.12415	Financial Access Survey (FAS), IMF's Statistics Department, accessible at http://imf.data.org/FAS	C
2018.Q2.G.01	FB_CBK_BRCH	Number of commercial bank branches per 100,000 adults	120	12.7419827	5.692387031	CMR	Cameroon	1	15+	NUMBER	15 years old and over	Number	0.48606	1.01467	1.0959	1.14177	1.23059	1.32242	1.70928	1.75738	1.85977	1.98724	2.01037			1.95246	2014	2.01037	Financial Access Survey (FAS), IMF's Statistics Department, accessible at http://imf.data.org/FAS	C
2018.Q2.G.01	FB_CBK_BRCH	Number of commercial bank branches per 100,000 adults	124	-101.6575058	57.72360191	CAN	Canada	1	15+	NUMBER	15 years old and over	Number			24.57829	24.66927	24.61283	24.18642	24.0506	24.17498	24.23929	24.15184	23.90923	23.62491	22.94107	23.773268	2016	22.94107	Financial Access Survey (FAS), IMF's Statistics Department, accessible at http://imf.data.org/FAS	C
2018.Q2.G.01	FB_CBK_BRCH	Number of commercial bank branches per 100,000 adults	132	-23.63544151	15.07791834	CPV	Cabo Verde	1	15+	NUMBER	15 years old and over	Number	16.16485	16.34432	18.22121	21.32231	25.87428	28.37798	31.37359	30.74031	34.45451	34.3204	33.91385	33.80386	33.40897	33.980318	2016	33.40897	Financial Access Survey (FAS), IMF's Statistics Department, accessible at http://imf.data.org/FAS	C
2018.Q2.G.01	FB_CBK_BRCH	Number of commercial bank branches per 100,000 adults	136	-81.16740559	19.32266656	CYM	Cayman Islands	1	15+	NUMBER	15 years old and over	Number																		
2018.Q2.G.01	FB_CBK_BRCH	Number of commercial bank branches per 100,000 adults	140	20.93559492	7.003720791	CAF	Central African Republic	1	15+	NUMBER	15 years old and over	Number	0.29886	0.2932	0.28881	0.48747	0.52025	0.75041	0.85957	0.89852	0.93972	1.02055				0.980135	2013	1.02055	Financial Access Survey (FAS), IMF's Statistics Department, accessible at http://imf.data.org/FAS	C
2018.Q2.G.01	FB_CBK_BRCH	Number of commercial bank branches per 100,000 adults	144	80.70489654	7.614693343	LKA	Sri Lanka	1	15+	NUMBER	15 years old and over	Number	8.77503	9.08748	12.1114	13.37703	14.21132	15.01519	15.98392	17.39531	18.00905	18.30822	18.44316	18.58528		18.3364275	2015	18.58528	Financial Access Survey (FAS), IMF's Statistics Department, accessible at http://imf.data.org/FAS	C
2018.Q2.G.01	FB_CBK_BRCH	Number of commercial bank branches per 100,000 adults	148	18.66618401	15.36279341	TCD	Chad	1	15+	NUMBER	15 years old and over	Number	0.38478	0.37059	0.35819	0.36431	0.49254	0.56009	0.62171	0.67904	0.6547	0.85092	0.97523	0.99404	1.01258	0.897494	2016	1.01258	Financial Access Survey (FAS), IMF's Statistics Department, accessible at http://imf.data.org/FAS	C
2018.Q2.G.01	FB_CBK_BRCH	Number of commercial bank branches per 100,000 adults	152	-71.23029019	-35.2652885	CHL	Chile	1	15+	NUMBER	15 years old and over	Number	12.80204	13.37573	14.12229	15.2219	15.68921	17.27786	17.70673	17.61732	17.49216	17.35036	17.16778	16.49214	16.18618	16.937724	2016	16.18618	Financial Access Survey (FAS), IMF's Statistics Department, accessible at http://imf.data.org/FAS	C
2018.Q2.G.01	FB_CBK_BRCH	Number of commercial bank branches per 100,000 adults	156	104.1403375	32.30955217	CHN	China	1	15+	NUMBER	15 years old and over	Number									7.69217	7.77604	8.01433	8.49376	8.78275	8.15181	2016	8.78275	Financial Access Survey (FAS), IMF's Statistics Department, accessible at http://imf.data.org/FAS	C
2018.Q2.G.01	FB_CBK_BRCH	Number of commercial bank branches per 100,000 adults	162	105.6426067	-10.4882473	CXR	Christmas Island	1	15+	NUMBER	15 years old and over	Number																		
2018.Q2.G.01	FB_CBK_BRCH	Number of commercial bank branches per 100,000 adults	166	96.82633757	-12.18600682	CCK	Cocos (Keeling) Islands	1	15+	NUMBER	15 years old and over	Number																		
2018.Q2.G.01	FB_CBK_BRCH	Number of commercial bank branches per 100,000 adults	170	-73.07446751	3.888209046	COL	Colombia	1	15+	NUMBER	15 years old and over	Number				11.00262	13.61031	13.56431	13.4233	14.38069	14.67212	15.29023	15.30853	15.90831	15.76239	15.388316	2016	15.76239	Financial Access Survey (FAS), IMF's Statistics Department, accessible at http://imf.data.org/FAS	C
2018.Q2.G.01	FB_CBK_BRCH	Number of commercial bank branches per 100,000 adults	174	43.34234565	-11.66121732	COM	Comoros	1	15+	NUMBER	15 years old and over	Number	0.58347	0.56642	0.55053	1.07027	1.04048	1.26456	1.22967	2.15444	2.32987	2.49455	2.86967	2.79359	3.14108	2.725752	2016	3.14108	Financial Access Survey (FAS), IMF's Statistics Department, accessible at http://imf.data.org/FAS	C
2018.Q2.G.01	FB_CBK_BRCH	Number of commercial bank branches per 100,000 adults	175	45.14015057	-12.82217691	MYT	Mayotte	1	15+	NUMBER	15 years old and over	Number																		
2018.Q2.G.01	FB_CBK_BRCH	Number of commercial bank branches per 100,000 adults	178	15.22052612	-0.840544119	COG	Congo	1	15+	NUMBER	15 years old and over	Number	0.66424	0.64449	0.6238	1.3786	1.66619	1.69327	2.03226	2.48124	2.64907	3.24611	3.492	3.65077		3.2594875	2015	3.65077	Financial Access Survey (FAS), IMF's Statistics Department, accessible at http://imf.data.org/FAS	C
2018.Q2.G.01	FB_CBK_BRCH	Number of commercial bank branches per 100,000 adults	180	23.65496507	-2.877154732	COD	Democratic Republic of the Congo	1	15+	NUMBER	15 years old and over	Number	0.45895	0.45478	0.45131	0.47877	0.47296	0.48464	0.60141	0.61089	0.6917	0.64865	0.79446	1.02974		0.7911375	2015	1.02974	Financial Access Survey (FAS), IMF's Statistics Department, accessible at http://imf.data.org/FAS	C
2018.Q2.G.01	FB_CBK_BRCH	Number of commercial bank branches per 100,000 adults	184	-159.7711391	-21.22696458	COK	Cook Islands	1	15+	NUMBER	15 years old and over	Number																		
2018.Q2.G.01	FB_CBK_BRCH	Number of commercial bank branches per 100,000 adults	188	-84.19712782	9.970998683	CRI	Costa Rica	1	15+	NUMBER	15 years old and over	Number	16.23428	18.15807	18.75559	20.89424	20.61826	20.20575	20.27365	23.12657	23.05165	22.56311	22.32378	22.32761	21.78546	22.410322	2016	21.78546	Financial Access Survey (FAS), IMF's Statistics Department, accessible at http://imf.data.org/FAS	C
2018.Q2.G.01	FB_CBK_BRCH	Number of commercial bank branches per 100,000 adults	191	17.95874553	45.45172212	HRV	Croatia	1	15+	NUMBER	15 years old and over	Number	28.83914	30.7221	30.76599	32.66709	34.36291	35.67817	35.17546	35.92758	35.61913	34.65344	33.91375	33.60058	32.86067	34.129514	2016	32.86067	Financial Access Survey (FAS), IMF's Statistics Department, accessible at http://imf.data.org/FAS	C
2018.Q2.G.01	FB_CBK_BRCH	Number of commercial bank branches per 100,000 adults	192	-79.54460144	22.10030366	CUB	Cuba	1	15+	NUMBER	15 years old and over	Number																		
2018.Q2.G.01	FB_CBK_BRCH	Number of commercial bank branches per 100,000 adults	196	33.22285964	35.05659437	CYP	Cyprus	1	15+	NUMBER	15 years old and over	Number	67.50185	62.76204	60.77307	60.68779	61.18392	60.27748	57.97685	55.57432	52.15449	39.27784	37.86829	36.1721	34.33699	39.961942	2016	34.33699	Financial Access Survey (FAS), IMF's Statistics Department, accessible at http://imf.data.org/FAS	C
2018.Q2.G.01	FB_CBK_BRCH	Number of commercial bank branches per 100,000 adults	203	15.33151382	49.73913871	CZE	Czechia	1	15+	NUMBER	15 years old and over	Number	20.99833	21.37379	21.89208	21.5866	22.80877	22.73827	22.61022	23.29032	23.8351	24.30177	24.22176	23.68619	22.36986	23.682936	2016	22.36986	Financial Access Survey (FAS), IMF's Statistics Department, accessible at http://imf.data.org/FAS	C
2018.Q2.G.01	FB_CBK_BRCH	Number of commercial bank branches per 100,000 adults	204	2.339933594	9.65401646	BEN	Benin	1	15+	NUMBER	15 years old and over	Number	0.95551	1.10484	1.6408	2.0377	2.45032	2.83557	3.05861	3.28812	3.28053	3.3573	3.45975	3.65183	3.62214	3.47431	2016	3.62214	Financial Access Survey (FAS), IMF's Statistics Department, accessible at http://imf.data.org/FAS	C
2018.Q2.G.01	FB_CBK_BRCH	Number of commercial bank branches per 100,000 adults	208	9.326571283	56.03829721	DNK	Denmark	1	15+	NUMBER	15 years old and over	Number	50.07968	50.19885	50.51895	51.8562	50.44955	45.79678	40.86215	38.72513	34.08391	30.01479	27.78596	24.69212	23.91175	28.097706	2016	23.91175	Financial Access Survey (FAS), IMF's Statistics Department, accessible at http://imf.data.org/FAS	C
2018.Q2.G.01	FB_CBK_BRCH	Number of commercial bank branches per 100,000 adults	212	-61.3493756	15.43391378	DMA	Dominica	1	15+	NUMBER	15 years old and over	Number	21.78148	21.70499	21.64982	21.60618	21.56849	21.52155	21.45799	21.37481	21.27809	21.17346	19.3082	19.20686	17.37032	19.667386	2016	17.37032	Financial Access Survey (FAS), IMF's Statistics Department, accessible at http://imf.data.org/FAS	C
2018.Q2.G.01	FB_CBK_BRCH	Number of commercial bank branches per 100,000 adults	214	-70.49847576	18.89832088	DOM	Dominican Republic	1	15+	NUMBER	15 years old and over	Number	9.94253	9.90675	9.89095	9.90048	10.02918	10.18627	10.22577	10.65188	10.48715	11.66234	11.57404	12.57084	12.59844	11.778562	2016	12.59844	Financial Access Survey (FAS), IMF's Statistics Department, accessible at http://imf.data.org/FAS	C
2018.Q2.G.01	FB_CBK_BRCH	Number of commercial bank branches per 100,000 adults	218	-78.37005241	-1.447785891	ECU	Ecuador	1	15+	NUMBER	15 years old and over	Number	10.44477	10.55648	11.00079	11.85938	11.95152	11.92706	12.2764	12.66715	12.924	11.96832	11.59519	11.55384	11.02754	11.813778	2016	11.02754	Financial Access Survey (FAS), IMF's Statistics Department, accessible at http://imf.data.org/FAS	C
2018.Q2.G.01	FB_CBK_BRCH	Number of commercial bank branches per 100,000 adults	222	-88.86862995	13.73603564	SLV	El Salvador	1	15+	NUMBER	15 years old and over	Number						11.69042	10.67233	11.50399	11.0787	11.75204	11.67825	11.4682	9.51585	11.098608	2016	9.51585	Financial Access Survey (FAS), IMF's Statistics Department, accessible at http://imf.data.org/FAS	C
2018.Q2.G.01	FB_CBK_BRCH	Number of commercial bank branches per 100,000 adults	226	10.46535826	1.565792376	GNQ	Equatorial Guinea	1	15+	NUMBER	15 years old and over	Number	2.51518	2.62048	2.91082	2.96668	3.01135	3.04694	3.2447	3.25948	3.88645	3.8595	4.40107	4.89462		4.26041	2015	4.89462	Financial Access Survey (FAS), IMF's Statistics Department, accessible at http://imf.data.org/FAS	C
2018.Q2.G.01	FB_CBK_BRCH	Number of commercial bank branches per 100,000 adults	231	39.63505296	8.631223181	ETH	Ethiopia	1	15+	NUMBER	15 years old and over	Number	0.83376	0.91272	0.93618	1.07492	1.19191	1.31364	1.36092	1.89481	2.92578					2.92578	2012	2.92578	Financial Access Survey (FAS), IMF's Statistics Department, accessible at http://imf.data.org/FAS	C
2018.Q2.G.01	FB_CBK_BRCH	Number of commercial bank branches per 100,000 adults	232	38.11074289	16.12894644	ERI	Eritrea	1	15+	NUMBER	15 years old and over	Number																		
2018.Q2.G.01	FB_CBK_BRCH	Number of commercial bank branches per 100,000 adults	233	25.84093481	58.68487172	EST	Estonia	1	15+	NUMBER	15 years old and over	Number	18.41364	20.87982	22.62607	24.0228	23.82469	20.27768	19.46936	17.35153	16.01912	13.95009	12.39216	11.14913	10.42358	12.786816	2016	10.42358	Financial Access Survey (FAS), IMF's Statistics Department, accessible at http://imf.data.org/FAS	C
2018.Q2.G.01	FB_CBK_BRCH	Number of commercial bank branches per 100,000 adults	234	-7.122044325	62.21228119	FRO	Faroe Islands	1	15+	NUMBER	15 years old and over	Number																		
2018.Q2.G.01	FB_CBK_BRCH	Number of commercial bank branches per 100,000 adults	238	-58.75246778	-51.74562601	FLK	Falkland Islands (Malvinas)	1	15+	NUMBER	15 years old and over	Number																		
2018.Q2.G.01	FB_CBK_BRCH	Number of commercial bank branches per 100,000 adults	239	-36.90662765	-54.20736749	SGS	South Georgia and the South Sandwich Islands	1	15+	NUMBER	15 years old and over	Number																		
2018.Q2.G.01	FB_CBK_BRCH	Number of commercial bank branches per 100,000 adults	242	177.9660884	-17.83301566	FJI	Fiji	1	15+	NUMBER	15 years old and over	Number	9.25684	9.63347	10.5864	11.30927	11.64673	11.30103	11.13682	10.87774	10.4653	11.02214	12.20678	12.26982	11.84214	11.561236	2016	11.84214	Financial Access Survey (FAS), IMF's Statistics Department, accessible at http://imf.data.org/FAS	C
2018.Q2.G.01	FB_CBK_BRCH	Number of commercial bank branches per 100,000 adults	246	23.308447	61.91586738	FIN	Finland	1	15+	NUMBER	15 years old and over	Number	13.16947	14.41268	16.94723	16.11028	16.0664	14.96789	15.5008	15.08785	13.59251	12.20424	12.06441	6.54821	5.44007	9.969888	2016	5.44007	Financial Access Survey (FAS), IMF's Statistics Department, accessible at http://imf.data.org/FAS	C
2018.Q2.G.01	FB_CBK_BRCH	Number of commercial bank branches per 100,000 adults	248	19.80945969	60.1544901	ALA	Åland Islands	1	15+	NUMBER	15 years old and over	Number																		
2018.Q2.G.01	FB_CBK_BRCH	Number of commercial bank branches per 100,000 adults	250	2.457288129	46.62660861	FRA	France	1	15+	NUMBER	15 years old and over	Number	21.55021	21.99119	45.86776	44.86907	44.54222	41.90651	41.55033	41.35464	38.96073	38.58395	37.9957	37.52082	37.06002	38.024244	2016	37.06002	Financial Access Survey (FAS), IMF's Statistics Department, accessible at http://imf.data.org/FAS	C
2018.Q2.G.01	FB_CBK_BRCH	Number of commercial bank branches per 100,000 adults	254	-53.23619089	3.922673437	GUF	French Guiana	1	15+	NUMBER	15 years old and over	Number																		
2018.Q2.G.01	FB_CBK_BRCH	Number of commercial bank branches per 100,000 adults	258	-149.4052367	-17.67709294	PYF	French Polynesia	1	15+	NUMBER	15 years old and over	Number																		
2018.Q2.G.01	FB_CBK_BRCH	Number of commercial bank branches per 100,000 adults	260	69.64849091	-49.6068576	ATF	French Southern Territories	1	15+	NUMBER	15 years old and over	Number																		
2018.Q2.G.01	FB_CBK_BRCH	Number of commercial bank branches per 100,000 adults	262	42.18274707	11.56004161	DJI	Djibouti	1	15+	NUMBER	15 years old and over	Number	2.11099	2.05509	2.40178	2.33956	3.03913	3.51623	4.3274	4.91646	5.13221	4.83566	5.36525	6.02628	5.89281	5.450442	2016	5.89281	Financial Access Survey (FAS), IMF's Statistics Department, accessible at http://imf.data.org/FAS	C
2018.Q2.G.01	FB_CBK_BRCH	Number of commercial bank branches per 100,000 adults	266	11.78727747	-0.60687619	GAB	Gabon	1	15+	NUMBER	15 years old and over	Number		3.97257	3.94004	4.01229	3.86419	4.22286	4.64491	5.21576	8.87118	9.23367				9.052425	2013	9.23367	Financial Access Survey (FAS), IMF's Statistics Department, accessible at http://imf.data.org/FAS	C
2018.Q2.G.01	FB_CBK_BRCH	Number of commercial bank branches per 100,000 adults	268	43.3713615	42.04813028	GEO	Georgia	1	15+	NUMBER	15 years old and over	Number	9.49061	10.93416	13.19599	16.16825	20.87443	19.89702	20.47466	22.87754	27.26606	32.33284	32.26355	32.13647	32.67462	31.334708	2016	32.67462	Financial Access Survey (FAS), IMF's Statistics Department, accessible at http://imf.data.org/FAS	C
2018.Q2.G.01	FB_CBK_BRCH	Number of commercial bank branches per 100,000 adults	270	-15.39944785	13.45295927	GMB	Gambia	1	15+	NUMBER	15 years old and over	Number	4.25936	4.51026	5.25306	6.18518	7.40195	7.73297	9.45901	9.16126	8.76259	9.17182	8.96046	9.02799	8.10571	8.805714	2016	8.10571	Financial Access Survey (FAS), IMF's Statistics Department, accessible at http://imf.data.org/FAS	C
2018.Q2.G.01	FB_CBK_BRCH	Number of commercial bank branches per 100,000 adults	275	35.25694122	31.94347933	PSE	State of Palestine	1	15+	NUMBER	15 years old and over	Number	8.77172	8.68385	9.05938	9.29323	10.4058	10.85112	10.47734	10.69569	10.50035	10.31094	10.76016	10.95389	11.83027	10.871122	2016	11.83027	Financial Access Survey (FAS), IMF's Statistics Department, accessible at http://imf.data.org/FAS	C
2018.Q2.G.01	FB_CBK_BRCH	Number of commercial bank branches per 100,000 adults	276	10.3806066	51.08862743	DEU	Germany	1	15+	NUMBER	15 years old and over	Number	21.30151	20.20972	16.69511	16.31573	16.3244	15.86496	15.71192	15.84649	14.18075	14.8931	14.55075	14.04671	13.45917	14.226096	2016	13.45917	Financial Access Survey (FAS), IMF's Statistics Department, accessible at http://imf.data.org/FAS	C
2018.Q2.G.01	FB_CBK_BRCH	Number of commercial bank branches per 100,000 adults	288	-1.205623522	7.964825185	GHA	Ghana	1	15+	NUMBER	15 years old and over	Number	3.06223	3.2293	3.59789	4.56253	4.7675	5.09572	5.36097	5.37828	5.66646	5.82495	6.04661	7.12012	7.12831	6.35729	2016	7.12831	Financial Access Survey (FAS), IMF's Statistics Department, accessible at http://imf.data.org/FAS	C
2018.Q2.G.01	FB_CBK_BRCH	Number of commercial bank branches per 100,000 adults	292	-5.347561686	36.13895036	GIB	Gibraltar	1	15+	NUMBER	15 years old and over	Number																		
2018.Q2.G.01	FB_CBK_BRCH	Number of commercial bank branches per 100,000 adults	296	-157.5643005	1.768837732	KIR	Kiribati	1	15+	NUMBER	15 years old and over	Number								5.98641	5.84881	5.70085				5.77483	2013	5.70085	Financial Access Survey (FAS), IMF's Statistics Department, accessible at http://imf.data.org/FAS	C
2018.Q2.G.01	FB_CBK_BRCH	Number of commercial bank branches per 100,000 adults	300	22.58307827	39.47301873	GRC	Greece	1	15+	NUMBER	15 years old and over	Number	34.17847	35.33331	38.16166	40.21209	42.65823	42.27041	41.25876	39.62103	37.70829	32.52237	28.16511	26.80904	24.68241	29.977444	2016	24.68241	Financial Access Survey (FAS), IMF's Statistics Department, accessible at http://imf.data.org/FAS	C
2018.Q2.G.01	FB_CBK_BRCH	Number of commercial bank branches per 100,000 adults	304	-41.39371316	74.75625681	GRL	Greenland	1	15+	NUMBER	15 years old and over	Number																		
2018.Q2.G.01	FB_CBK_BRCH	Number of commercial bank branches per 100,000 adults	308	-61.68248568	12.11238395	GRD	Grenada	1	15+	NUMBER	15 years old and over	Number	38.07804	34.71017	34.20534	33.81897	33.51476	33.23363	32.94719	34.0283	35.07632	34.81266	34.57682	34.38089	27.84352	33.338042	2016	27.84352	Financial Access Survey (FAS), IMF's Statistics Department, accessible at http://imf.data.org/FAS	C
2018.Q2.G.01	FB_CBK_BRCH	Number of commercial bank branches per 100,000 adults	312	-61.64762115	16.14416917	GLP	Guadeloupe	1	15+	NUMBER	15 years old and over	Number																		
2018.Q2.G.01	FB_CBK_BRCH	Number of commercial bank branches per 100,000 adults	316	144.7029305	13.35485404	GUM	Guam	1	15+	NUMBER	15 years old and over	Number																		
2018.Q2.G.01	FB_CBK_BRCH	Number of commercial bank branches per 100,000 adults	320	-91.2312746	15.00273719	GTM	Guatemala	1	15+	NUMBER	15 years old and over	Number	17.94271	17.72	17.36643	27.62763	30.25994	32.65424	33.3784	34.09057	34.58118	34.8241	34.55772	34.3886	33.34884	34.340088	2016	33.34884	Financial Access Survey (FAS), IMF's Statistics Department, accessible at http://imf.data.org/FAS	C
2018.Q2.G.01	FB_CBK_BRCH	Number of commercial bank branches per 100,000 adults	324	-11.28173419	11.00210343	GIN	Guinea	1	15+	NUMBER	15 years old and over	Number	0.67889	0.66431	0.75864	0.82958	1.03367	1.21004	1.32768	1.47227	1.62372	1.68938	2.26778	2.52362	2.63606	2.148112	2016	2.63606	Financial Access Survey (FAS), IMF's Statistics Department, accessible at http://imf.data.org/FAS	C
2018.Q2.G.01	FB_CBK_BRCH	Number of commercial bank branches per 100,000 adults	328	-58.97322037	4.788012784	GUY	Guyana	1	15+	NUMBER	15 years old and over	Number	6.06467	6.05265	6.20703	6.35513	6.49566	6.63182	6.76458	7.45766	7.73962	8.20104	8.46028	8.52948	8.42784	8.271652	2016	8.42784	Financial Access Survey (FAS), IMF's Statistics Department, accessible at http://imf.data.org/FAS	C
2018.Q2.G.01	FB_CBK_BRCH	Number of commercial bank branches per 100,000 adults	332	-72.33640958	18.40426539	HTI	Haiti	1	15+	NUMBER	15 years old and over	Number	3.15364	3.13412	3.06311	2.92917	2.88243	2.86867	2.44875	2.59735	2.69345	2.68225	2.67195	2.6631		2.6776875	2015	2.6631	Financial Access Survey (FAS), IMF's Statistics Department, accessible at http://imf.data.org/FAS	C
2018.Q2.G.01	FB_CBK_BRCH	Number of commercial bank branches per 100,000 adults	334	73.52633626	-53.09106147	HMD	Heard Island and McDonald Islands	1	15+	NUMBER	15 years old and over	Number																		
2018.Q2.G.01	FB_CBK_BRCH	Number of commercial bank branches per 100,000 adults	336	12.45315803	41.90343751	VAT	Holy See	1	15+	NUMBER	15 years old and over	Number																		
2018.Q2.G.01	FB_CBK_BRCH	Number of commercial bank branches per 100,000 adults	340	-86.59974381	14.82243161	HND	Honduras	1	15+	NUMBER	15 years old and over	Number	15.27486	16.02531	17.96784	21.37689	22.66875	21.7447	19.07984	19.35103	21.23541	21.5634	21.42212	19.41859	19.64496	20.656896	2016	19.64496	Financial Access Survey (FAS), IMF's Statistics Department, accessible at http://imf.data.org/FAS	C
2018.Q2.G.01	FB_CBK_BRCH	Number of commercial bank branches per 100,000 adults	344	114.0266445	22.41749934	HKG	China, Hong Kong Special Administrative Region	1	15+	NUMBER	15 years old and over	Number	23.55472	23.23765	23.06117	23.42413	23.8009	23.51908	23.84471	23.83335	23.2582	22.79475	22.52853	22.12973	21.43189	22.42862	2016	21.43189	Financial Access Survey (FAS), IMF's Statistics Department, accessible at http://imf.data.org/FAS	C
2018.Q2.G.01	FB_CBK_BRCH	Number of commercial bank branches per 100,000 adults	348	19.41221519	47.1651448	HUN	Hungary	1	15+	NUMBER	15 years old and over	Number	13.79081	14.80907	16.14962	17.33662	17.98837	17.65176	16.78415	16.43946	16.07883	15.41141	15.50251	15.12778	14.6992	15.363946	2016	14.6992	Financial Access Survey (FAS), IMF's Statistics Department, accessible at http://imf.data.org/FAS	C
2018.Q2.G.01	FB_CBK_BRCH	Number of commercial bank branches per 100,000 adults	352	-19.02116966	64.79134763	ISL	Iceland	1	15+	NUMBER	15 years old and over	Number	90.90122	86.1775	77.58179	73.31082	69.67993	60.84659	57.56329	52.20438	47.14086	43.125	40.28657	36.41649	35.60154	40.514092	2016	35.60154	Financial Access Survey (FAS), IMF's Statistics Department, accessible at http://imf.data.org/FAS	C
2018.Q2.G.01	FB_CBK_BRCH	Number of commercial bank branches per 100,000 adults	356	79.3608464	22.34642074	IND	India	1	15+	NUMBER	15 years old and over	Number	8.96515	8.92713	8.89685	9.00683	9.31359	9.60238	10.03731	10.51204	11.18393	11.85125	12.86703	13.54457	14.05615	12.700586	2016	14.05615	Financial Access Survey (FAS), IMF's Statistics Department, accessible at http://imf.data.org/FAS	C
2018.Q2.G.01	FB_CBK_BRCH	Number of commercial bank branches per 100,000 adults	360	113.9174	-0.994582204	IDN	Indonesia	1	15+	NUMBER	15 years old and over	Number	5.16616	5.27598	5.72188	5.96973	6.57848	7.63431	8.10295	14.7069	16.89586	17.69797	17.91836	17.75491	17.38709	17.530838	2016	17.38709	Financial Access Survey (FAS), IMF's Statistics Department, accessible at http://imf.data.org/FAS	C
2018.Q2.G.01	FB_CBK_BRCH	Number of commercial bank branches per 100,000 adults	364	54.19766348	32.74370885	IRN	Iran (Islamic Republic of)	1	15+	NUMBER	15 years old and over	Number	28.31294	27.61535	27.39306	27.5282	28.32288	28.0089	25.8275	29.09752	26.70574	27.27398	27.22233	30.89137	31.29941	28.678566	2016	31.29941	Financial Access Survey (FAS), IMF's Statistics Department, accessible at http://imf.data.org/FAS	C
2018.Q2.G.01	FB_CBK_BRCH	Number of commercial bank branches per 100,000 adults	368	43.76606267	33.05013795	IRQ	Iraq	1	15+	NUMBER	15 years old and over	Number			3.36815	3.33091	3.32326	4.66373	5.10085	4.95831	5.41662	5.34997	5.25115	4.89486	4.0819	4.9989	2016	4.0819	Financial Access Survey (FAS), IMF's Statistics Department, accessible at http://imf.data.org/FAS	C
2018.Q2.G.01	FB_CBK_BRCH	Number of commercial bank branches per 100,000 adults	372	-7.121425272	53.25274054	IRL	Ireland	1	15+	NUMBER	15 years old and over	Number	35.69051	34.38118	33.70483	32.92336	33.4691	34.11718	27.95957	26.99348	24.47239	22.89493	21.96323	21.938	21.51365	22.55644	2016	21.51365	Financial Access Survey (FAS), IMF's Statistics Department, accessible at http://imf.data.org/FAS	C
2018.Q2.G.01	FB_CBK_BRCH	Number of commercial bank branches per 100,000 adults	376	34.62277992	31.06164552	ISR	Israel	1	15+	NUMBER	15 years old and over	Number	19.78889	19.60197	19.4059	19.45556	19.82575	19.68292	21.5533	21.87753	21.85172	21.48577	20.85373	20.06461	18.85757	20.62268	2016	18.85757	Financial Access Survey (FAS), IMF's Statistics Department, accessible at http://imf.data.org/FAS	C
2018.Q2.G.01	FB_CBK_BRCH	Number of commercial bank branches per 100,000 adults	380	12.57022427	42.79917282	ITA	Italy	1	15+	NUMBER	15 years old and over	Number	56.17271	56.72385	57.95721	59.12251	62.56469	59.65565	58.39653	57.95705	56.42957	53.2591	50.78583	49.55885	48.65726	51.738122	2016	48.65726	Financial Access Survey (FAS), IMF's Statistics Department, accessible at http://imf.data.org/FAS	C
2018.Q2.G.01	FB_CBK_BRCH	Number of commercial bank branches per 100,000 adults	384	-5.552690016	7.62211586	CIV	Côte d'Ivoire	1	15+	NUMBER	15 years old and over	Number	1.38113	1.46432	1.58795	1.83527	2.46229	2.73421	4.32955	4.3497	4.56641	4.49163	4.66522	4.95447	5.09291	4.754128	2016	5.09291	Financial Access Survey (FAS), IMF's Statistics Department, accessible at http://imf.data.org/FAS	C
2018.Q2.G.01	FB_CBK_BRCH	Number of commercial bank branches per 100,000 adults	388	-77.31068409	18.15616857	JAM	Jamaica	1	15+	NUMBER	15 years old and over	Number	6.96235	6.72185	6.67783	6.63913	6.80113	6.46004	6.12263	5.99485	5.91017	5.59233	5.0592	5.14021	5.09136	5.358654	2016	5.09136	Financial Access Survey (FAS), IMF's Statistics Department, accessible at http://imf.data.org/FAS	C
2018.Q2.G.01	FB_CBK_BRCH	Number of commercial bank branches per 100,000 adults	392	139.2716103	36.6554539	JPN	Japan	1	15+	NUMBER	15 years old and over	Number	34.60584	34.38425	34.11543	33.89886	33.84942	33.81596	33.81826	33.89982	33.94593	33.90489	33.89141	34.14093	34.10426	33.997484	2016	34.10426	Financial Access Survey (FAS), IMF's Statistics Department, accessible at http://imf.data.org/FAS	C
2018.Q2.G.01	FB_CBK_BRCH	Number of commercial bank branches per 100,000 adults	398	66.65359159	48.01963494	KAZ	Kazakhstan	1	15+	NUMBER	15 years old and over	Number	3.72649	3.95248	3.07934	3.29182	3.48947	3.36469	3.25855	3.32372	3.29066	3.27785	3.39145	2.96578	2.95662	3.176472	2016	2.95662	Financial Access Survey (FAS), IMF's Statistics Department, accessible at http://imf.data.org/FAS	C
2018.Q2.G.01	FB_CBK_BRCH	Number of commercial bank branches per 100,000 adults	400	37.13024774	30.65365973	JOR	Jordan	1	15+	NUMBER	15 years old and over	Number	18.22013	17.77418	16.97263	17.01583	16.76785	16.43666	16.77479	16.65313	16.30073	15.85326	15.51368	15.25742	15.08452	15.601922	2016	15.08452	Financial Access Survey (FAS), IMF's Statistics Department, accessible at http://imf.data.org/FAS	C
2018.Q2.G.01	FB_CBK_BRCH	Number of commercial bank branches per 100,000 adults	404	37.86096816	0.534797278	KEN	Kenya	1	15+	NUMBER	15 years old and over	Number	2.7356	2.62769	2.72134	3.55129	4.12165	4.41597	4.71239	4.97947	5.25242	5.34638	5.54471	5.65211	5.43146	5.445416	2016	5.43146	Financial Access Survey (FAS), IMF's Statistics Department, accessible at http://imf.data.org/FAS	C
2018.Q2.G.01	FB_CBK_BRCH	Number of commercial bank branches per 100,000 adults	408	127.1803633	40.1462645	PRK	Democratic People's Republic of Korea	1	15+	NUMBER	15 years old and over	Number																		
2018.Q2.G.01	FB_CBK_BRCH	Number of commercial bank branches per 100,000 adults	410	127.8610254	36.45201023	KOR	Republic of Korea	1	15+	NUMBER	15 years old and over	Number	16.79809	17.33251	17.8245	18.30856	18.69918	18.19447	18.17917	18.22317	18.31433	18.02381	17.20643	16.77538	16.25747	17.315484	2016	16.25747	Financial Access Survey (FAS), IMF's Statistics Department, accessible at http://imf.data.org/FAS	C
2018.Q2.G.01	FB_CBK_BRCH	Number of commercial bank branches per 100,000 adults	414	47.49305029	29.53949468	KWT	Kuwait	1	15+	NUMBER	15 years old and over	Number	12.78129	13.70744	14.55638	15.40224	15.49397	15.84736	15.68061	15.79356	14.55599	14.98932	14.84392	14.3556	14.27047	14.60306	2016	14.27047	Financial Access Survey (FAS), IMF's Statistics Department, accessible at http://imf.data.org/FAS	C
2018.Q2.G.01	FB_CBK_BRCH	Number of commercial bank branches per 100,000 adults	417	74.52324839	41.46204516	KGZ	Kyrgyzstan	1	15+	NUMBER	15 years old and over	Number	5.13721	5.30237	5.3233	6.41605	6.8191	6.91402	6.1009	7.14809	7.68788	7.81787	7.84646	8.23518	8.37789	7.993056	2016	8.37789	Financial Access Survey (FAS), IMF's Statistics Department, accessible at http://imf.data.org/FAS	C
2018.Q2.G.01	FB_CBK_BRCH	Number of commercial bank branches per 100,000 adults	418	101.9901968	20.27482773	LAO	Lao People's Democratic Republic	1	15+	NUMBER	15 years old and over	Number						2.34866	2.53794	2.55416	2.71564	2.75435	2.90806	2.9429	3.03773	2.871736	2016	3.03773	Financial Access Survey (FAS), IMF's Statistics Department, accessible at http://imf.data.org/FAS	C
2018.Q2.G.01	FB_CBK_BRCH	Number of commercial bank branches per 100,000 adults	422	35.89391711	33.92152458	LBN	Lebanon	1	15+	NUMBER	15 years old and over	Number	30.81334	30.58191	29.9228	29.91437	29.75954	29.64725	29.19918	28.59316	27.08458	25.92651	25.25917	24.55218	24.09049	25.382586	2016	24.09049	Financial Access Survey (FAS), IMF's Statistics Department, accessible at http://imf.data.org/FAS	C
2018.Q2.G.01	FB_CBK_BRCH	Number of commercial bank branches per 100,000 adults	426	28.25362195	-29.58041814	LSO	Lesotho	1	15+	NUMBER	15 years old and over	Number	2.57739	2.45516	1.99803	2.13088	2.26007	2.30406	3.35952	3.37962	3.31949	3.5552	3.49104		3.73038	3.5240275	2016	3.73038	Financial Access Survey (FAS), IMF's Statistics Department, accessible at http://imf.data.org/FAS	C
2018.Q2.G.01	FB_CBK_BRCH	Number of commercial bank branches per 100,000 adults	428	26.42461876	56.64196636	LVA	Latvia	1	15+	NUMBER	15 years old and over	Number	31.58769	31.88239	33.41189	37.35917	36.60823	35.34816	34.18378	32.76503	24.63804	21.60074	20.39535	18.05389	17.09159	20.355922	2016	17.09159	Financial Access Survey (FAS), IMF's Statistics Department, accessible at http://imf.data.org/FAS	C
2018.Q2.G.01	FB_CBK_BRCH	Number of commercial bank branches per 100,000 adults	430	-9.311879038	6.448381009	LBR	Liberia	1	15+	NUMBER	15 years old and over	Number			0.83719	1.10712	1.64192	2.92307	3.6214	3.72335	3.6573	3.80088	3.73418			3.73078666666667	2014	3.73418	Financial Access Survey (FAS), IMF's Statistics Department, accessible at http://imf.data.org/FAS	C
2018.Q2.G.01	FB_CBK_BRCH	Number of commercial bank branches per 100,000 adults	434	18.0295985	27.04042819	LBY	Libya	1	15+	NUMBER	15 years old and over	Number	8.80562	8.86548	10.63176	10.72437	10.67055	10.83314	11.16536	11.18757	11.45442					11.45442	2012	11.45442	Financial Access Survey (FAS), IMF's Statistics Department, accessible at http://imf.data.org/FAS	C
2018.Q2.G.01	FB_CBK_BRCH	Number of commercial bank branches per 100,000 adults	438	9.552985019	47.14167005	LIE	Liechtenstein	1	15+	NUMBER	15 years old and over	Number																		
2018.Q2.G.01	FB_CBK_BRCH	Number of commercial bank branches per 100,000 adults	440	23.90517807	55.33680309	LTU	Lithuania	1	15+	NUMBER	15 years old and over	Number	23.76416	25.4951	27.95039	29.93346	29.72214	29.51532	29.05354	18.99553	19.27286	18.07641	16.23983	14.55115	13.42684	16.313418	2016	13.42684	Financial Access Survey (FAS), IMF's Statistics Department, accessible at http://imf.data.org/FAS	C
2018.Q2.G.01	FB_CBK_BRCH	Number of commercial bank branches per 100,000 adults	442	6.092656563	49.77679538	LUX	Luxembourg	1	15+	NUMBER	15 years old and over	Number	110.9388	105.4068	100.6193	97.54715	94.58591	90.93197	88.62145	85.94871	82.96718	81.69994	79.54892	76.83989	76.13866	79.438918	2016	76.13866	Financial Access Survey (FAS), IMF's Statistics Department, accessible at http://imf.data.org/FAS	C
2018.Q2.G.01	FB_CBK_BRCH	Number of commercial bank branches per 100,000 adults	446	113.5665388	22.1237259	MAC	China, Macao Special Administrative Region	1	15+	NUMBER	15 years old and over	Number	34.46149	34.17985	35.85126	35.85598	36.14537	36.21606	36.06441	36.60794	36.28741	36.79467	37.54909	37.80934	37.46799	37.1817	2016	37.46799	Financial Access Survey (FAS), IMF's Statistics Department, accessible at http://imf.data.org/FAS	C
2018.Q2.G.01	FB_CBK_BRCH	Number of commercial bank branches per 100,000 adults	450	46.6982339	-19.38514785	MDG	Madagascar	1	15+	NUMBER	15 years old and over	Number	1.12091	1.11462	1.13631	1.26656	1.33343	1.41128	1.46493	1.53044	1.61254	1.67937	1.90111	2.06474	2.20326	1.892204	2016	2.20326	Financial Access Survey (FAS), IMF's Statistics Department, accessible at http://imf.data.org/FAS	C
2018.Q2.G.01	FB_CBK_BRCH	Number of commercial bank branches per 100,000 adults	454	33.4884625	-13.40819859	MWI	Malawi	1	15+	NUMBER	15 years old and over	Number	0.97868	0.93559	0.92093	1.92032	2.14861	2.24441	2.81948	1.04348	3.19336	3.1676	3.14088	3.18715		3.1722475	2015	3.18715	Financial Access Survey (FAS), IMF's Statistics Department, accessible at http://imf.data.org/FAS	C
2018.Q2.G.01	FB_CBK_BRCH	Number of commercial bank branches per 100,000 adults	458	116.8346314	5.452415309	MYS	Malaysia	1	15+	NUMBER	15 years old and over	Number	14.04806	12.63157	11.75775	11.49949	11.32434	11.17552	10.95252	11.24593	11.0963	10.85859	10.66039	10.51468	11.48521	10.923034	2016	11.48521	Financial Access Survey (FAS), IMF's Statistics Department, accessible at http://imf.data.org/FAS	C
2018.Q2.G.01	FB_CBK_BRCH	Number of commercial bank branches per 100,000 adults	462	73.09672546	-0.614385021	MDV	Maldives	1	15+	NUMBER	15 years old and over	Number	10.0769	10.01434	11.59828	11.65411	11.80192	12.07025	11.69907	11.63603	11.65858	11.36693	11.42841	11.48776	14.07745	12.003826	2016	14.07745	Financial Access Survey (FAS), IMF's Statistics Department, accessible at http://imf.data.org/FAS	C
2018.Q2.G.01	FB_CBK_BRCH	Number of commercial bank branches per 100,000 adults	466	-3.522016039	17.35311254	MLI	Mali	1	15+	NUMBER	15 years old and over	Number	2.44347	2.48491	2.64258	2.9792	2.86121	3.2165	3.64951	4.25693	4.81567	5.04645	5.62945	6.04688	6.07246	5.522182	2016	6.07246	Financial Access Survey (FAS), IMF's Statistics Department, accessible at http://imf.data.org/FAS	C
2018.Q2.G.01	FB_CBK_BRCH	Number of commercial bank branches per 100,000 adults	470	14.44617519	35.89194275	MLT	Malta	1	15+	NUMBER	15 years old and over	Number	38.9898	39.43245	37.48776	38.57714	40.14166	40.20421	39.5247	41.53103	38.0462	38.17255	37.76186	38.41718	36.09711	37.69898	2016	36.09711	Financial Access Survey (FAS), IMF's Statistics Department, accessible at http://imf.data.org/FAS	C
2018.Q2.G.01	FB_CBK_BRCH	Number of commercial bank branches per 100,000 adults	474	-60.91544135	14.56086108	MTQ	Martinique	1	15+	NUMBER	15 years old and over	Number																		
2018.Q2.G.01	FB_CBK_BRCH	Number of commercial bank branches per 100,000 adults	478	-10.33187259	20.26089546	MRT	Mauritania	1	15+	NUMBER	15 years old and over	Number				3.93866	4.11821	4.13527	4.14542	4.1045	4.58975	6.53336	6.77744	7.1217	8.30709	6.665868	2016	8.30709	Financial Access Survey (FAS), IMF's Statistics Department, accessible at http://imf.data.org/FAS	C
2018.Q2.G.01	FB_CBK_BRCH	Number of commercial bank branches per 100,000 adults	480	57.568022	-20.28581998	MUS	Mauritius	1	15+	NUMBER	15 years old and over	Number	18.14074	18.27924	18.64517	18.95307	19.55484	21.09933	21.31144	21.61193	21.91073	22.23793	22.47028	21.71657	20.39889	21.74688	2016	20.39889	Financial Access Survey (FAS), IMF's Statistics Department, accessible at http://imf.data.org/FAS	C
2018.Q2.G.01	FB_CBK_BRCH	Number of commercial bank branches per 100,000 adults	484	-102.5148166	23.93378032	MEX	Mexico	1	15+	NUMBER	15 years old and over	Number	10.86699	10.92181	11.25661	12.36249	13.21943	13.79673	14.1929	14.1989	15.04865	14.97493	14.8594	14.10098	14.15449	14.62769	2016	14.15449	Financial Access Survey (FAS), IMF's Statistics Department, accessible at http://imf.data.org/FAS	C
2018.Q2.G.01	FB_CBK_BRCH	Number of commercial bank branches per 100,000 adults	492	7.424214814	43.73532918	MCO	Monaco	1	15+	NUMBER	15 years old and over	Number																		
2018.Q2.G.01	FB_CBK_BRCH	Number of commercial bank branches per 100,000 adults	496	103.0728057	46.83892054	MNG	Mongolia	1	15+	NUMBER	15 years old and over	Number	40.00473	41.65859	46.1218	53.09622	57.27401	54.36529	54.70617	65.82909	68.41561	70.97475	71.60711	70.56165	70.3664	70.385104	2016	70.3664	Financial Access Survey (FAS), IMF's Statistics Department, accessible at http://imf.data.org/FAS	C
2018.Q2.G.01	FB_CBK_BRCH	Number of commercial bank branches per 100,000 adults	498	28.4650624	47.20236795	MDA	Republic of Moldova	1	15+	NUMBER	15 years old and over	Number	7.26301	7.78286	8.22334	9.17538	10.63648	10.20767	10.35734	11.23561	11.40966	11.9599	12.08657	10.01618	9.98758	11.091978	2016	9.98758	Financial Access Survey (FAS), IMF's Statistics Department, accessible at http://imf.data.org/FAS	C
2018.Q2.G.01	FB_CBK_BRCH	Number of commercial bank branches per 100,000 adults	499	19.25214024	42.78717043	MNE	Montenegro	1	15+	NUMBER	15 years old and over	Number	21.09495	25.08601	27.24473	34.64891	41.77155	43.58135	39.78268	40.27676	40.56431	42.42132	41.89492	42.97099	44.20158	42.410624	2016	44.20158	Financial Access Survey (FAS), IMF's Statistics Department, accessible at http://imf.data.org/FAS	C
2018.Q2.G.01	FB_CBK_BRCH	Number of commercial bank branches per 100,000 adults	500	-62.19261223	16.73558313	MSR	Montserrat	1	15+	NUMBER	15 years old and over	Number																		
2018.Q2.G.01	FB_CBK_BRCH	Number of commercial bank branches per 100,000 adults	504	-6.281942841	31.8440131	MAR	Morocco	1	15+	NUMBER	15 years old and over	Number	9.88312	10.59427	11.46922	12.605	14.11948	19.5161	20.73875	21.74936	22.7769	23.49719	23.95049	24.45891	24.6652	23.869738	2016	24.6652	Financial Access Survey (FAS), IMF's Statistics Department, accessible at http://imf.data.org/FAS	C
2018.Q2.G.01	FB_CBK_BRCH	Number of commercial bank branches per 100,000 adults	508	38.18479941	-14.27963886	MOZ	Mozambique	1	15+	NUMBER	15 years old and over	Number	1.79794	2.01908	2.0512	2.37714	2.51157	2.86978	3.28669	3.50855	3.72623	3.73741	3.97047	4.12374	4.19538	3.950646	2016	4.19538	Financial Access Survey (FAS), IMF's Statistics Department, accessible at http://imf.data.org/FAS	C
2018.Q2.G.01	FB_CBK_BRCH	Number of commercial bank branches per 100,000 adults	512	57.87743482	21.98805614	OMN	Oman	1	15+	NUMBER	15 years old and over	Number	21.16286	20.16888	19.62727	20.01675	20.60602	21.04193	20.39699	19.56892	18.8974	19.20455	17.56396	16.88788	16.3488	17.780518	2016	16.3488	Financial Access Survey (FAS), IMF's Statistics Department, accessible at http://imf.data.org/FAS	C
2018.Q2.G.01	FB_CBK_BRCH	Number of commercial bank branches per 100,000 adults	516	17.21907885	-22.13817068	NAM	Namibia	1	15+	NUMBER	15 years old and over	Number	10.71006	10.70973	11.75025	12.42863	12.59862	12.6644	12.70539	12.74914	12.55714	12.56824	13.0411	13.02764	14.6976	13.178344	2016	14.6976	Financial Access Survey (FAS), IMF's Statistics Department, accessible at http://imf.data.org/FAS	C
2018.Q2.G.01	FB_CBK_BRCH	Number of commercial bank branches per 100,000 adults	520	166.92313	-0.528742623	NRU	Nauru	1	15+	NUMBER	15 years old and over	Number																		
2018.Q2.G.01	FB_CBK_BRCH	Number of commercial bank branches per 100,000 adults	524	83.94678863	28.25866332	NPL	Nepal	1	15+	NUMBER	15 years old and over	Number	2.58022	2.53334	2.58331	3.55409	3.53972	4.66202	5.15307	7.31694	8.33675	8.25416	8.36132	8.80622	9.58023	8.667736	2016	9.58023	Financial Access Survey (FAS), IMF's Statistics Department, accessible at http://imf.data.org/FAS	C
2018.Q2.G.01	FB_CBK_BRCH	Number of commercial bank branches per 100,000 adults	528	5.331480568	51.86728884	NLD	Netherlands	1	15+	NUMBER	15 years old and over	Number	33.61277	28.072	27.69631	28.65758	27.5722	25.22525	23.01517	21.30453	19.64608	17.34928	14.73873	13.99138	12.45524	15.636142	2016	12.45524	Financial Access Survey (FAS), IMF's Statistics Department, accessible at http://imf.data.org/FAS	C
2018.Q2.G.01	FB_CBK_BRCH	Number of commercial bank branches per 100,000 adults	530	-68.30676179	12.22720635	ANT	Netherlands Antilles	1	15+	NUMBER	15 years old and over	Number																		
2018.Q2.G.01	FB_CBK_BRCH	Number of commercial bank branches per 100,000 adults	531	-68.95033464	12.15058042	CUW	Curaçao	1	15+	NUMBER	15 years old and over	Number																		
2018.Q2.G.01	FB_CBK_BRCH	Number of commercial bank branches per 100,000 adults	533	-69.97050586	12.50878756	ABW	Aruba	1	15+	NUMBER	15 years old and over	Number								20.96229	21.96354	19.28942	19.06169	18.86214	19.83641	19.80264	2016	19.83641	Financial Access Survey (FAS), IMF's Statistics Department, accessible at http://imf.data.org/FAS	C
2018.Q2.G.01	FB_CBK_BRCH	Number of commercial bank branches per 100,000 adults	534	-63.06198692	18.03926508	SXM	Sint Maarten (Dutch part)	1	15+	NUMBER	15 years old and over	Number																		
2018.Q2.G.01	FB_CBK_BRCH	Number of commercial bank branches per 100,000 adults	540	165.5067368	-21.41742531	NCL	New Caledonia	1	15+	NUMBER	15 years old and over	Number																		
2018.Q2.G.01	FB_CBK_BRCH	Number of commercial bank branches per 100,000 adults	548	167.0679779	-15.34445547	VUT	Vanuatu	1	15+	NUMBER	15 years old and over	Number	19.58033	18.99696	19.11096	20.76782	20.21982	19.70235	20.54387	20.69246	22.03843	22.00663	22.60881	21.43584	20.84419	21.78678	2016	20.84419	Financial Access Survey (FAS), IMF's Statistics Department, accessible at http://imf.data.org/FAS	C
2018.Q2.G.01	FB_CBK_BRCH	Number of commercial bank branches per 100,000 adults	554	170.4755673	-43.98721568	NZL	New Zealand	1	15+	NUMBER	15 years old and over	Number	35.00951	35.14983	35.3509	35.13763	34.98947	35.69786	34.49058	33.91214	33.31382	30.82113	29.55237	28.95674		30.661015	2015	28.95674	Financial Access Survey (FAS), IMF's Statistics Department, accessible at http://imf.data.org/FAS	C
2018.Q2.G.01	FB_CBK_BRCH	Number of commercial bank branches per 100,000 adults	558	-85.03060315	12.84210839	NIC	Nicaragua	1	15+	NUMBER	15 years old and over	Number	4.90407	6.24093	6.94052	7.38966	8.17354	8.1042	6.79392	7.16307	7.06811	7.41643	7.61079	8.13096	11.11812	8.268882	2016	11.11812	Financial Access Survey (FAS), IMF's Statistics Department, accessible at http://imf.data.org/FAS	C
2018.Q2.G.01	FB_CBK_BRCH	Number of commercial bank branches per 100,000 adults	562	9.400167877	17.42143036	NER	Niger	1	15+	NUMBER	15 years old and over	Number	0.40338	0.50543	0.47542	0.6627	0.81028	0.79485	0.93688	1.08039	1.27912	1.46074	1.46884	1.60472	1.62315	1.487314	2016	1.62315	Financial Access Survey (FAS), IMF's Statistics Department, accessible at http://imf.data.org/FAS	C
2018.Q2.G.01	FB_CBK_BRCH	Number of commercial bank branches per 100,000 adults	566	8.097363256	9.585789025	NGA	Nigeria	1	15+	NUMBER	15 years old and over	Number	4.69504	4.17416	3.77887	5.20683	6.26436	6.47854	6.56072	6.4052	5.81451	5.90383	5.54781	5.41809	5.36293	5.609434	2016	5.36293	Financial Access Survey (FAS), IMF's Statistics Department, accessible at http://imf.data.org/FAS	C
2018.Q2.G.01	FB_CBK_BRCH	Number of commercial bank branches per 100,000 adults	570	-169.8601693	-19.05000475	NIU	Niue	1	15+	NUMBER	15 years old and over	Number																		
2018.Q2.G.01	FB_CBK_BRCH	Number of commercial bank branches per 100,000 adults	574	167.9515548	-29.03230018	NFK	Norfolk Island	1	15+	NUMBER	15 years old and over	Number																		
2018.Q2.G.01	FB_CBK_BRCH	Number of commercial bank branches per 100,000 adults	578	11.47846389	61.34311134	NOR	Norway	1	15+	NUMBER	15 years old and over	Number	13.12973	12.08105	12.0126	12.31466	11.69967	11.01884	10.95854	10.72448	9.92279	8.93435	8.50623	7.72915	6.1627	8.251044	2016	6.1627	Financial Access Survey (FAS), IMF's Statistics Department, accessible at http://imf.data.org/FAS	C
2018.Q2.G.01	FB_CBK_BRCH	Number of commercial bank branches per 100,000 adults	580	145.7582114	15.19099517	MNP	Northern Mariana Islands	1	15+	NUMBER	15 years old and over	Number																		
2018.Q2.G.01	FB_CBK_BRCH	Number of commercial bank branches per 100,000 adults	581	-162.4343752	5.874443968	UMI	US Minor Outlying Islands	1	15+	NUMBER	15 years old and over	Number																		
2018.Q2.G.01	FB_CBK_BRCH	Number of commercial bank branches per 100,000 adults	583	158.225216	6.880670092	FSM	Micronesia, Federated States of	1	15+	NUMBER	15 years old and over	Number	12.3394	12.3094	12.29313	12.28973	12.28577	15.34025	15.29496	15.16944	15.02246	14.8584	14.69054	14.52348	14.34329	14.687634	2016	14.34329	Financial Access Survey (FAS), IMF's Statistics Department, accessible at http://imf.data.org/FAS	C
2018.Q2.G.01	FB_CBK_BRCH	Number of commercial bank branches per 100,000 adults	584	171.0839119	7.110213497	MHL	Marshall Islands	1	15+	NUMBER	15 years old and over	Number	11.79754	11.80184	11.79663	14.7291	17.6475	17.6131	17.57782	20.4618	20.41478	20.36451	20.32409	20.28727	20.25975	20.33008	2016	20.25975	Financial Access Survey (FAS), IMF's Statistics Department, accessible at http://imf.data.org/FAS	C
2018.Q2.G.01	FB_CBK_BRCH	Number of commercial bank branches per 100,000 adults	585	134.5733878	7.502307591	PLW	Palau	1	15+	NUMBER	15 years old and over	Number																		
2018.Q2.G.01	FB_CBK_BRCH	Number of commercial bank branches per 100,000 adults	586	68.80479684	29.36491634	PAK	Pakistan	1	15+	NUMBER	15 years old and over	Number	7.66188	7.75118	7.89284	8.14612	8.49356	8.57377	8.61126	8.78916	9.03527	9.36078	9.63856	10.01782	10.3574	9.681966	2016	10.3574	Financial Access Survey (FAS), IMF's Statistics Department, accessible at http://imf.data.org/FAS	C
2018.Q2.G.01	FB_CBK_BRCH	Number of commercial bank branches per 100,000 adults	591	-81.26616623	8.450965746	PAN	Panama	1	15+	NUMBER	15 years old and over	Number				21.43371	22.47821	22.36118	22.70038	22.65051	22.25571	23.57789	23.95078	23.60842	23.39632	23.357824	2016	23.39632	Financial Access Survey (FAS), IMF's Statistics Department, accessible at http://imf.data.org/FAS	C
2018.Q2.G.01	FB_CBK_BRCH	Number of commercial bank branches per 100,000 adults	598	145.8587761	-6.756057077	PNG	Papua New Guinea	1	15+	NUMBER	15 years old and over	Number	1.84402	1.82143	1.7227	1.72736	1.68277	1.59193	1.64061	1.75323	1.74981	1.74484	1.6982	2.64946	3.12481	2.193424	2016	3.12481	Financial Access Survey (FAS), IMF's Statistics Department, accessible at http://imf.data.org/FAS	C
2018.Q2.G.01	FB_CBK_BRCH	Number of commercial bank branches per 100,000 adults	600	-60.54854225	-21.70216237	PRY	Paraguay	1	15+	NUMBER	15 years old and over	Number	4.15589	3.99908	4.05938	4.32829	5.76264	7.13686	8.59039	9.54126	10.04867	10.34758	9.12219	10.15415	10.13432	9.961382	2016	10.13432	Financial Access Survey (FAS), IMF's Statistics Department, accessible at http://imf.data.org/FAS	C
2018.Q2.G.01	FB_CBK_BRCH	Number of commercial bank branches per 100,000 adults	604	-71.82093277	-13.58939705	PER	Peru	1	15+	NUMBER	15 years old and over	Number	4.26398	4.37423	4.53075	5.17903	6.65153	6.72224	6.78586	7.00574	7.58622	7.71771	8.0059	8.12855	7.96118	7.879912	2016	7.96118	Financial Access Survey (FAS), IMF's Statistics Department, accessible at http://imf.data.org/FAS	C
2018.Q2.G.01	FB_CBK_BRCH	Number of commercial bank branches per 100,000 adults	608	120.8601418	14.16591706	PHL	Philippines	1	15+	NUMBER	15 years old and over	Number	8.21107	8.00729	7.80272	7.54124	7.57666	7.49583	7.55586	7.67036	7.94809	8.25565	8.6352	8.79102	8.87275	8.500542	2016	8.87275	Financial Access Survey (FAS), IMF's Statistics Department, accessible at http://imf.data.org/FAS	C
2018.Q2.G.01	FB_CBK_BRCH	Number of commercial bank branches per 100,000 adults	612	-128.3225873	-24.37538456	PCN	Pitcairn	1	15+	NUMBER	15 years old and over	Number																		
2018.Q2.G.01	FB_CBK_BRCH	Number of commercial bank branches per 100,000 adults	616	19.40660158	52.1226733	POL	Poland	1	15+	NUMBER	15 years old and over	Number	26.61644	26.59464	27.61666	29.70898	32.7453	32.93737	32.18543	32.57778	33.97444	32.97733	32.95898	31.13577	31.03306	32.415916	2016	31.03306	Financial Access Survey (FAS), IMF's Statistics Department, accessible at http://imf.data.org/FAS	C
2018.Q2.G.01	FB_CBK_BRCH	Number of commercial bank branches per 100,000 adults	620	-7.961599811	39.68509315	PRT	Portugal	1	15+	NUMBER	15 years old and over	Number	66.44301	68.14198	70.73228	61.5042	64.20139	65.76696	65.86008	63.93914	61.09181	58.02616	53.3867	48.73043	42.70564	52.788148	2016	42.70564	Financial Access Survey (FAS), IMF's Statistics Department, accessible at http://imf.data.org/FAS	C
2018.Q2.G.01	FB_CBK_BRCH	Number of commercial bank branches per 100,000 adults	624	-14.40182514	12.11760394	GNB	Guinea-Bissau	1	15+	NUMBER	15 years old and over	Number	0.13208	0.25671	0.37476	0.48594	1.18083	1.83578	1.89474	2.27804	2.42608	2.66559	2.59082	3.19666	3.11291	2.798412	2016	3.11291	Financial Access Survey (FAS), IMF's Statistics Department, accessible at http://imf.data.org/FAS	C
2018.Q2.G.01	FB_CBK_BRCH	Number of commercial bank branches per 100,000 adults	626	125.9451052	-8.797497247	TLS	Timor-Leste	1	15+	NUMBER	15 years old and over	Number	1.19368	2.10813	2.01945	1.95937	1.91533	1.8722	1.82241	4.05896	4.41893	5.04073	5.17972	5.17991	5.04437	4.972732	2016	5.04437	Financial Access Survey (FAS), IMF's Statistics Department, accessible at http://imf.data.org/FAS	C
2018.Q2.G.01	FB_CBK_BRCH	Number of commercial bank branches per 100,000 adults	630	-66.47591017	18.22753799	PRI	Puerto Rico	1	15+	NUMBER	15 years old and over	Number																		
2018.Q2.G.01	FB_CBK_BRCH	Number of commercial bank branches per 100,000 adults	634	51.19152467	25.28355379	QAT	Qatar	1	15+	NUMBER	15 years old and over	Number	21.34009	20.2338	18.84508	18.27454	18.31426	18.14171	17.90771	12.998	12.85748	12.01927	13.75908	10.98936	11.7484	12.274718	2016	11.7484	Financial Access Survey (FAS), IMF's Statistics Department, accessible at http://imf.data.org/FAS	C
2018.Q2.G.01	FB_CBK_BRCH	Number of commercial bank branches per 100,000 adults	638	55.53171398	-21.13183266	REU	Réunion	1	15+	NUMBER	15 years old and over	Number																		
2018.Q2.G.01	FB_CBK_BRCH	Number of commercial bank branches per 100,000 adults	642	24.98481009	45.83893563	ROU	Romania	1	15+	NUMBER	15 years old and over	Number					36.76966	36.22808	35.43806	35.23738	33.16299	31.61316	30.7157	28.68038	27.97839	30.430124	2016	27.97839	Financial Access Survey (FAS), IMF's Statistics Department, accessible at http://imf.data.org/FAS	C
2018.Q2.G.01	FB_CBK_BRCH	Number of commercial bank branches per 100,000 adults	643	99.01404926	61.61899849	RUS	Russian Federation	1	15+	NUMBER	15 years old and over	Number	26.69007	28.36648	30.35428	33.69938	35.55808	34.62605	35.0458	36.71117	38.21672	38.49546	37.02059	32.90928	30.13836	35.356082	2016	30.13836	Financial Access Survey (FAS), IMF's Statistics Department, accessible at http://imf.data.org/FAS	C
2018.Q2.G.01	FB_CBK_BRCH	Number of commercial bank branches per 100,000 adults	646	29.92310194	-1.999842114	RWA	Rwanda	1	15+	NUMBER	15 years old and over	Number	0.39185	0.76351	0.72438	1.06801	4.57354	4.90612	4.90998	5.46766	5.6329	5.96251	5.83341	6.10055	6.15977	5.937828	2016	6.15977	Financial Access Survey (FAS), IMF's Statistics Department, accessible at http://imf.data.org/FAS	C
2018.Q2.G.01	FB_CBK_BRCH	Number of commercial bank branches per 100,000 adults	652	-62.83173536	17.89513362	BLM	Saint Barthélemy	1	15+	NUMBER	15 years old and over	Number																		
2018.Q2.G.01	FB_CBK_BRCH	Number of commercial bank branches per 100,000 adults	654	-5.705752501	-15.96503946	SHN	Saint Helena	1	15+	NUMBER	15 years old and over	Number																		
2018.Q2.G.01	FB_CBK_BRCH	Number of commercial bank branches per 100,000 adults	659	-62.76628613	17.33994219	KNA	Saint Kitts and Nevis	1	15+	NUMBER	15 years old and over	Number	57.55653	56.79875	56.10738	55.46159	59.8436	59.19208	58.5489	48.26443	50.11394	49.56915	44.37258	43.92385	41.2075	45.837404	2016	41.2075	Financial Access Survey (FAS), IMF's Statistics Department, accessible at http://imf.data.org/FAS	C
2018.Q2.G.01	FB_CBK_BRCH	Number of commercial bank branches per 100,000 adults	660	-63.05651612	18.21525315	AIA	Anguilla	1	15+	NUMBER	15 years old and over	Number																		
2018.Q2.G.01	FB_CBK_BRCH	Number of commercial bank branches per 100,000 adults	662	-60.96529553	13.89405601	LCA	Saint Lucia	1	15+	NUMBER	15 years old and over	Number	25.06114	24.50628	23.91496	23.34868	22.80968	22.31267	21.87062	21.50107	21.1852	20.90482	20.64307	19.68808	18.1027	20.104774	2016	18.1027	Financial Access Survey (FAS), IMF's Statistics Department, accessible at http://imf.data.org/FAS	C
2018.Q2.G.01	FB_CBK_BRCH	Number of commercial bank branches per 100,000 adults	663	-63.04505461	18.0882685	MAF	Saint Martin (French Part)	1	15+	NUMBER	15 years old and over	Number																		
2018.Q2.G.01	FB_CBK_BRCH	Number of commercial bank branches per 100,000 adults	666	-56.33682442	46.85812735	SPM	Saint Pierre and Miquelon	1	15+	NUMBER	15 years old and over	Number																		
2018.Q2.G.01	FB_CBK_BRCH	Number of commercial bank branches per 100,000 adults	670	-61.19024321	13.24627968	VCT	Saint Vincent and the Grenadines	1	15+	NUMBER	15 years old and over	Number						21.29579	21.16086	21.04716	20.92617	20.80172	20.68454	20.57962	16.82611	19.963632	2016	16.82611	Financial Access Survey (FAS), IMF's Statistics Department, accessible at http://imf.data.org/FAS	C
2018.Q2.G.01	FB_CBK_BRCH	Number of commercial bank branches per 100,000 adults	674	12.46329038	43.93841766	SMR	San Marino	1	15+	NUMBER	15 years old and over	Number	236.9998	258.172	274.8265	287.2376	283.6981	280.263	276.7766	258.339	258.7161	251.9491	238.3824	229.0337	223.805	240.37726	2016	223.805	Financial Access Survey (FAS), IMF's Statistics Department, accessible at http://imf.data.org/FAS	C
2018.Q2.G.01	FB_CBK_BRCH	Number of commercial bank branches per 100,000 adults	678	6.609772265	0.241554875	STP	Sao Tome and Principe	1	15+	NUMBER	15 years old and over	Number					20.36071	25.14484	29.70246	29.97213	33.15715	33.31461	31.56273	30.74502	25.53131	30.862164	2016	25.53131	Financial Access Survey (FAS), IMF's Statistics Department, accessible at http://imf.data.org/FAS	C
2018.Q2.G.01	FB_CBK_BRCH	Number of commercial bank branches per 100,000 adults	682	44.54763347	24.12594211	SAU	Saudi Arabia	1	15+	NUMBER	15 years old and over	Number	8.09155	7.8285	7.92397	7.99195	8.01431	8.30361	8.37123	8.30418	8.20455	8.21725	8.56114	8.61569	8.57954	8.435634	2016	8.57954	Financial Access Survey (FAS), IMF's Statistics Department, accessible at http://imf.data.org/FAS	C
2018.Q2.G.01	FB_CBK_BRCH	Number of commercial bank branches per 100,000 adults	686	-14.46636926	14.35920905	SEN	Senegal	1	15+	NUMBER	15 years old and over	Number	1.98391	2.50807	2.91229	3.08292	3.7329	3.90628	4.14684	4.4365	4.65138	4.56153	4.6058	4.92504	4.96281	4.741312	2016	4.96281	Financial Access Survey (FAS), IMF's Statistics Department, accessible at http://imf.data.org/FAS	C
2018.Q2.G.01	FB_CBK_BRCH	Number of commercial bank branches per 100,000 adults	688	20.805876	44.03145697	SRB	Serbia	1	15+	NUMBER	15 years old and over	Number	22.30388	32.02794	36.65631	40.99498	45.77342	44.18504	41.78909	40.29059	38.06504	33.90721	30.60472	29.76614	29.72259	32.41314	2016	29.72259	Financial Access Survey (FAS), IMF's Statistics Department, accessible at http://imf.data.org/FAS	C
2018.Q2.G.01	FB_CBK_BRCH	Number of commercial bank branches per 100,000 adults	690	55.46561591	-4.678053059	SYC	Seychelles	1	15+	NUMBER	15 years old and over	Number	42.34335	40.20168	40.84186	40.43926	46.83503	46.30665	46.16373	47.16733	47.98748	48.42283	53.20523	53.34775	52.83474	51.159606	2016	52.83474	Financial Access Survey (FAS), IMF's Statistics Department, accessible at http://imf.data.org/FAS	C
2018.Q2.G.01	FB_CBK_BRCH	Number of commercial bank branches per 100,000 adults	694	-11.78306584	8.568604164	SLE	Sierra Leone	1	15+	NUMBER	15 years old and over	Number	1.12687	1.20775	1.35358	1.61474	2.03939	2.46966	2.59677	2.66606	2.6744					2.6744	2012	2.6744	Financial Access Survey (FAS), IMF's Statistics Department, accessible at http://imf.data.org/FAS	C
2018.Q2.G.01	FB_CBK_BRCH	Number of commercial bank branches per 100,000 adults	702	103.8107883	1.361009155	SGP	Singapore	1	15+	NUMBER	15 years old and over	Number	11.72165	11.51022	11.17079	10.75531	10.30477	10.24127	10.22305	9.96479	9.76929	9.43743	9.31969	9.25824	8.984	9.35373	2016	8.984	Financial Access Survey (FAS), IMF's Statistics Department, accessible at http://imf.data.org/FAS	C
2018.Q2.G.01	FB_CBK_BRCH	Number of commercial bank branches per 100,000 adults	703	19.48495604	48.70741446	SVK	Slovakia	1	15+	NUMBER	15 years old and over	Number	25.21819	25.71062	26.30225	25.96068	27.78439	26.45732	26.289	25.97161	26.63119	26.90149	27.99339	28.27078	28.27205	27.61378	2016	28.27205	Financial Access Survey (FAS), IMF's Statistics Department, accessible at http://imf.data.org/FAS	C
2018.Q2.G.01	FB_CBK_BRCH	Number of commercial bank branches per 100,000 adults	704	105.802499	10.09643079	VNM	Viet Nam	1	15+	NUMBER	15 years old and over	Number					3.30912	3.31874	3.25253	3.5784	3.14207	3.68723	3.87615	3.79679	3.87331	3.67511	2016	3.87331	Financial Access Survey (FAS), IMF's Statistics Department, accessible at http://imf.data.org/FAS	C
2018.Q2.G.01	FB_CBK_BRCH	Number of commercial bank branches per 100,000 adults	705	14.82209486	46.11958061	SVN	Slovenia	1	15+	NUMBER	15 years old and over	Number	40.99163	40.11632	39.6774	40.24467	39.40712	39.60812	38.79028	38.34361	38.49015	34.44957	31.84734	31.19329	30.47496	33.291062	2016	30.47496	Financial Access Survey (FAS), IMF's Statistics Department, accessible at http://imf.data.org/FAS	C
2018.Q2.G.01	FB_CBK_BRCH	Number of commercial bank branches per 100,000 adults	706	46.20367477	4.406485729	SOM	Somalia	1	15+	NUMBER	15 years old and over	Number																		
2018.Q2.G.01	FB_CBK_BRCH	Number of commercial bank branches per 100,000 adults	710	24.67184355	-29.99957544	ZAF	South Africa	1	15+	NUMBER	15 years old and over	Number	4.7681	7.12528	7.3577	5.99061	7.80887	9.21533	9.91926	10.37679	10.04711	10.19731	10.94129	10.50463	10.18284	10.374636	2016	10.18284	Financial Access Survey (FAS), IMF's Statistics Department, accessible at http://imf.data.org/FAS	C
2018.Q2.G.01	FB_CBK_BRCH	Number of commercial bank branches per 100,000 adults	716	29.86909584	-19.00075492	ZWE	Zimbabwe	1	15+	NUMBER	15 years old and over	Number	2.73707	3.68009	3.42264	3.78747	3.12732	4.12153	4.32187	5.54911	11.46902	12.00351	12.81176	5.16544	5.26014	9.341974	2016	5.26014	Financial Access Survey (FAS), IMF's Statistics Department, accessible at http://imf.data.org/FAS	C
2018.Q2.G.01	FB_CBK_BRCH	Number of commercial bank branches per 100,000 adults	724	-3.554078296	40.39211472	ESP	Spain	1	15+	NUMBER	15 years old and over	Number	97.49159	99.24419	101.8004	104.208	103.7535	99.0597	95.72896	88.21737	83.74823	73.56168	69.67945	67.51205	61.92691	71.285664	2016	61.92691	Financial Access Survey (FAS), IMF's Statistics Department, accessible at http://imf.data.org/FAS	C
2018.Q2.G.01	FB_CBK_BRCH	Number of commercial bank branches per 100,000 adults	728	30.32618773	7.290839152	SSD	South Sudan	1	15+	NUMBER	15 years old and over	Number						0.64214	0.68378	0.70744	0.89125	1.358	1.73113	1.45315	1.44897	1.3765	2016	1.44897	Financial Access Survey (FAS), IMF's Statistics Department, accessible at http://imf.data.org/FAS	C
2018.Q2.G.01	FB_CBK_BRCH	Number of commercial bank branches per 100,000 adults	732	-13.13515523	24.66265342	ESH	Western Sahara	1	15+	NUMBER	15 years old and over	Number																		
2018.Q2.G.01	FB_CBK_BRCH	Number of commercial bank branches per 100,000 adults	736	29.95650159	16.02643066	SDN	Sudan	1	15+	NUMBER	15 years old and over	Number																		
2018.Q2.G.01	FB_CBK_BRCH	Number of commercial bank branches per 100,000 adults	740	-55.90626394	4.132603197	SUR	Suriname	1	15+	NUMBER	15 years old and over	Number	10.59543	10.72293	10.54672	10.65216	10.47444	10.57111	11.1974	11.02235	10.85384	12.2199	12.29485	10.88664	11.23774	11.498594	2016	11.23774	Financial Access Survey (FAS), IMF's Statistics Department, accessible at http://imf.data.org/FAS	C
2018.Q2.G.01	FB_CBK_BRCH	Number of commercial bank branches per 100,000 adults	744	13.38071013	78.82894131	SJM	Svalbard and Jan Mayen Islands	1	15+	NUMBER	15 years old and over	Number																		
2018.Q2.G.01	FB_CBK_BRCH	Number of commercial bank branches per 100,000 adults	748	31.50149288	-26.56471011	SWZ	Swaziland	1	15+	NUMBER	15 years old and over	Number	5.87869	5.93918	5.95586	5.80626	5.79729	5.64205	5.63161	6.29549	6.1393	5.86206	5.72349	6.56576	5.94627	6.047376	2016	5.94627	Financial Access Survey (FAS), IMF's Statistics Department, accessible at http://imf.data.org/FAS	C
2018.Q2.G.01	FB_CBK_BRCH	Number of commercial bank branches per 100,000 adults	752	14.3775338	60.60103109	SWE	Sweden	1	15+	NUMBER	15 years old and over	Number	23.57491	23.51833	23.78233	23.59525	23.95457	22.96478	22.50322	21.7013	21.80951	21.54138	21.10452	19.32328	17.57942	20.271622	2016	17.57942	Financial Access Survey (FAS), IMF's Statistics Department, accessible at http://imf.data.org/FAS	C
2018.Q2.G.01	FB_CBK_BRCH	Number of commercial bank branches per 100,000 adults	756	8.223158	46.96617097	CHE	Switzerland	1	15+	NUMBER	15 years old and over	Number	57.35801	56.7961	55.6206	55.27875	53.95073	52.67699	51.76653	50.24137	48.87921	47.44398	46.02522	44.34771	42.46365	45.831954	2016	42.46365	Financial Access Survey (FAS), IMF's Statistics Department, accessible at http://imf.data.org/FAS	C
2018.Q2.G.01	FB_CBK_BRCH	Number of commercial bank branches per 100,000 adults	760	38.50466565	35.01676176	SYR	Syrian Arab Republic (Syria)	1	15+	NUMBER	15 years old and over	Number	2.53079	2.67508	2.73994	2.90558	3.11023	3.48452	3.85794	4.14413	4.33958	4.5198				4.42969	2013	4.5198	Financial Access Survey (FAS), IMF's Statistics Department, accessible at http://imf.data.org/FAS	C
2018.Q2.G.01	FB_CBK_BRCH	Number of commercial bank branches per 100,000 adults	762	69.294998	38.43069666	TJK	Tajikistan	1	15+	NUMBER	15 years old and over	Number	4.89977	5.02233	5.04083	5.06957	5.31804	5.23601	5.43718	5.74303	6.1986	6.47678				6.33769	2013	6.47678	Financial Access Survey (FAS), IMF's Statistics Department, accessible at http://imf.data.org/FAS	C
2018.Q2.G.01	FB_CBK_BRCH	Number of commercial bank branches per 100,000 adults	764	101.0202951	15.13089239	THA	Thailand	1	15+	NUMBER	15 years old and over	Number	7.75408	8.26885	9.07464	9.7068	10.30754	10.79212	11.00596	11.3371	11.68694	12.09509	12.52639	12.54067	12.37217	12.244252	2016	12.37217	Financial Access Survey (FAS), IMF's Statistics Department, accessible at http://imf.data.org/FAS	C
2018.Q2.G.01	FB_CBK_BRCH	Number of commercial bank branches per 100,000 adults	768	0.97835765	8.532096072	TGO	Togo	1	15+	NUMBER	15 years old and over	Number	1.1674	1.19559	1.58216	2.87631	3.78799	3.96032	4.14696	4.3743	4.40732	4.50741	4.83592	5.20991	5.58195	4.908502	2016	5.58195	Financial Access Survey (FAS), IMF's Statistics Department, accessible at http://imf.data.org/FAS	C
2018.Q2.G.01	FB_CBK_BRCH	Number of commercial bank branches per 100,000 adults	772	-171.8154473	-9.214545558	TKL	Tokelau	1	15+	NUMBER	15 years old and over	Number																		
2018.Q2.G.01	FB_CBK_BRCH	Number of commercial bank branches per 100,000 adults	776	-175.1959991	-21.19511329	TON	Tonga	1	15+	NUMBER	15 years old and over	Number	24.15109	20.804	20.66116	22.05697	23.40313	21.63933	21.46087	21.34797	19.72327	21.12315	17.98292	29.71503		22.1360925	2015	29.71503	Financial Access Survey (FAS), IMF's Statistics Department, accessible at http://imf.data.org/FAS	C
2018.Q2.G.01	FB_CBK_BRCH	Number of commercial bank branches per 100,000 adults	780	-61.29389504	10.41877263	TTO	Trinidad and Tobago	1	15+	NUMBER	15 years old and over	Number	12.58019	12.43058	12.60482	12.78788	12.78846	12.80086	13.48691	12.56552	12.69255	12.54215	13.32738	12.99345	12.94015	12.899136	2016	12.94015	Financial Access Survey (FAS), IMF's Statistics Department, accessible at http://imf.data.org/FAS	C
2018.Q2.G.01	FB_CBK_BRCH	Number of commercial bank branches per 100,000 adults	784	53.98279159	23.43322219	ARE	United Arab Emirates	1	15+	NUMBER	15 years old and over	Number	15.00783	13.35558	12.78076	12.44023	12.69272	12.24058	12.11562	12.05739	12.28858	12.63626	12.91329	12.88607	12.41501	12.627842	2016	12.41501	Financial Access Survey (FAS), IMF's Statistics Department, accessible at http://imf.data.org/FAS	C
2018.Q2.G.01	FB_CBK_BRCH	Number of commercial bank branches per 100,000 adults	788	9.572737411	34.11439971	TUN	Tunisia	1	15+	NUMBER	15 years old and over	Number	11.80765	12.1023	12.89827	13.60449	14.33048	14.88297	16.379	16.8299	17.37655	17.99852	19.07996	19.79613	20.45682	18.941596	2016	20.45682	Financial Access Survey (FAS), IMF's Statistics Department, accessible at http://imf.data.org/FAS	C
2018.Q2.G.01	FB_CBK_BRCH	Number of commercial bank branches per 100,000 adults	792	35.42890329	38.9899684	TUR	Turkey	1	15+	NUMBER	15 years old and over	Number		12.94267	14.05289	15.32017	17.15641	17.33518	17.87605	18.238	18.6219	19.67093	19.63731	19.1993	18.13983	19.053854	2016	18.13983	Financial Access Survey (FAS), IMF's Statistics Department, accessible at http://imf.data.org/FAS	C
2018.Q2.G.01	FB_CBK_BRCH	Number of commercial bank branches per 100,000 adults	795	58.9787665	40.0912346	TKM	Turkmenistan	1	15+	NUMBER	15 years old and over	Number																		
2018.Q2.G.01	FB_CBK_BRCH	Number of commercial bank branches per 100,000 adults	796	-71.745121	21.80780585	TCA	Turks and Caicos Islands	1	15+	NUMBER	15 years old and over	Number																		
2018.Q2.G.01	FB_CBK_BRCH	Number of commercial bank branches per 100,000 adults	798	178.6679611	-7.460048071	TUV	Tuvalu	1	15+	NUMBER	15 years old and over	Number																		
2018.Q2.G.01	FB_CBK_BRCH	Number of commercial bank branches per 100,000 adults	800	32.39100438	1.279557331	UGA	Uganda	1	15+	NUMBER	15 years old and over	Number	1.12151	1.17301	1.17983	1.36544	2.01129	2.32367	2.41803	2.34672	2.6434	2.83103	2.91506	2.90128	2.77115	2.812384	2016	2.77115	Financial Access Survey (FAS), IMF's Statistics Department, accessible at http://imf.data.org/FAS	C
2018.Q2.G.01	FB_CBK_BRCH	Number of commercial bank branches per 100,000 adults	804	31.40270802	49.00735945	UKR	Ukraine	1	15+	NUMBER	15 years old and over	Number	3.71331	3.86414	3.87185	3.85732	3.73734	3.22066	2.32795	1.60371	1.07189	0.91902	0.76737	0.56318	0.48493	0.761278	2016	0.48493	Financial Access Survey (FAS), IMF's Statistics Department, accessible at http://imf.data.org/FAS	C
2018.Q2.G.01	FB_CBK_BRCH	Number of commercial bank branches per 100,000 adults	807	21.7007909	41.60048068	MKD	Macedonia, Republic of	1	15+	NUMBER	15 years old and over	Number	17.29132	16.42365	18.78894	19.97099	24.34904	25.31315	25.64763	24.16208	24.65074	24.75734	24.8719	24.69419	25.00182	24.795198	2016	25.00182	Financial Access Survey (FAS), IMF's Statistics Department, accessible at http://imf.data.org/FAS	C
2018.Q2.G.01	FB_CBK_BRCH	Number of commercial bank branches per 100,000 adults	818	29.77468534	26.57438204	EGY	Egypt	1	15+	NUMBER	15 years old and over	Number	3.70927	3.71874	3.82959	4.11763	4.35142	4.47248	4.50115	4.51173	4.47291	4.47493	4.48129	4.53407		4.4908	2015	4.53407	Financial Access Survey (FAS), IMF's Statistics Department, accessible at http://imf.data.org/FAS	C
2018.Q2.G.01	FB_CBK_BRCH	Number of commercial bank branches per 100,000 adults	826	-2.23830539	53.27691757	GBR	United Kingdom	1	15+	NUMBER	15 years old and over	Number	29.02593	28.31767	26.43102	26.38391	26.03399	25.4199	24.70696	24.06461	22.08795	25.14111				23.61453	2013	25.14111	Financial Access Survey (FAS), IMF's Statistics Department, accessible at http://imf.data.org/FAS	C
2018.Q2.G.01	FB_CBK_BRCH	Number of commercial bank branches per 100,000 adults	831	-2.200712402	49.71561166	GGY	Guernsey	1	15+	NUMBER	15 years old and over	Number																		
2018.Q2.G.01	FB_CBK_BRCH	Number of commercial bank branches per 100,000 adults	832	-2.136773508	49.22353354	JEY	Jersey	1	15+	NUMBER	15 years old and over	Number																		
2018.Q2.G.01	FB_CBK_BRCH	Number of commercial bank branches per 100,000 adults	833	-4.538190305	54.22880901	IMN	Isle of Man	1	15+	NUMBER	15 years old and over	Number																		
2018.Q2.G.01	FB_CBK_BRCH	Number of commercial bank branches per 100,000 adults	834	34.80521182	-6.265332606	TZA	Tanzania, United Republic of	1	15+	NUMBER	15 years old and over	Number		1.1775	1.15706	1.31359	1.76626	1.86958	1.98512	2.05108	2.18988	2.44095	2.43497	2.4585		2.381075	2015	2.4585	Financial Access Survey (FAS), IMF's Statistics Department, accessible at http://imf.data.org/FAS	C
2018.Q2.G.01	FB_CBK_BRCH	Number of commercial bank branches per 100,000 adults	840	-99.13830311	39.5277871	USA	United States of America	1	15+	NUMBER	15 years old and over	Number	32.69386	33.28057	33.94066	34.76701	35.15109	35.89812	35.40139	35.12619	34.86649	33.60905	32.38577	33.03269	32.66639	33.312078	2016	32.66639	Financial Access Survey (FAS), IMF's Statistics Department, accessible at http://imf.data.org/FAS	C
2018.Q2.G.01	FB_CBK_BRCH	Number of commercial bank branches per 100,000 adults	850	-64.76960113	17.73297693	VIR	United States Virgin Islands	1	15+	NUMBER	15 years old and over	Number																		
2018.Q2.G.01	FB_CBK_BRCH	Number of commercial bank branches per 100,000 adults	854	-1.742843829	12.27491081	BFA	Burkina Faso	1	15+	NUMBER	15 years old and over	Number	1.16408	1.29503	1.21672	1.50792	1.67748	1.83403	1.94234	2.1144	2.16007	2.34025	2.77854	2.91167	2.88709	2.615524	2016	2.88709	Financial Access Survey (FAS), IMF's Statistics Department, accessible at http://imf.data.org/FAS	C
2018.Q2.G.01	FB_CBK_BRCH	Number of commercial bank branches per 100,000 adults	858	-56.01387025	-32.8002838	URY	Uruguay	1	15+	NUMBER	15 years old and over	Number	12.82021	12.78176	13.35116	13.46741	13.56962	13.39772	13.57535	13.52792	12.7266	12.57398	12.19949	11.97766	11.42709	12.180964	2016	11.42709	Financial Access Survey (FAS), IMF's Statistics Department, accessible at http://imf.data.org/FAS	C
2018.Q2.G.01	FB_CBK_BRCH	Number of commercial bank branches per 100,000 adults	860	63.11944558	41.77560518	UZB	Uzbekistan	1	15+	NUMBER	15 years old and over	Number	39.14898	40.01133	42.33095	41.44206	40.66479	40.28493	39.18171	38.23357	38.02247	37.72505	37.3803	36.99247	36.14156	37.25237	2016	36.14156	Financial Access Survey (FAS), IMF's Statistics Department, accessible at http://imf.data.org/FAS	C
2018.Q2.G.01	FB_CBK_BRCH	Number of commercial bank branches per 100,000 adults	862	-66.15642084	7.121324748	VEN	Venezuela (Bolivarian Republic)	1	15+	NUMBER	15 years old and over	Number		15.7479	16.46919	17.31682	17.34886	18.37891	17.18335	16.70159	16.79876	16.69136	16.52508	15.92181		16.4842525	2015	15.92181	Financial Access Survey (FAS), IMF's Statistics Department, accessible at http://imf.data.org/FAS	C
2018.Q2.G.01	FB_CBK_BRCH	Number of commercial bank branches per 100,000 adults	876	-176.2034788	-13.28471201	WLF	Wallis and Futuna Islands	1	15+	NUMBER	15 years old and over	Number																		
2018.Q2.G.01	FB_CBK_BRCH	Number of commercial bank branches per 100,000 adults	882	-172.4430749	-13.61541469	WSM	Samoa	1	15+	NUMBER	15 years old and over	Number	17.64209	18.39267	20.91765	23.38845	23.13229	26.39567	25.22617	18.10454	18.75101	22.7244	24.11382	21.38281	22.72672	21.939752	2016	22.72672	Financial Access Survey (FAS), IMF's Statistics Department, accessible at http://imf.data.org/FAS	C
2018.Q2.G.01	FB_CBK_BRCH	Number of commercial bank branches per 100,000 adults	887	45.22389143	15.22242099	YEM	Yemen	1	15+	NUMBER	15 years old and over	Number	1.73288	1.83436	1.90226	1.9517	1.93837	1.93307	1.84059	1.75622	1.69837	1.67099	1.64474	1.59415		1.6520625	2015	1.59415	Financial Access Survey (FAS), IMF's Statistics Department, accessible at http://imf.data.org/FAS	C
2018.Q2.G.01	FB_CBK_BRCH	Number of commercial bank branches per 100,000 adults	894	27.850329	-14.59701056	ZMB	Zambia	1	15+	NUMBER	15 years old and over	Number	2.98739	2.86347	2.91161	3.18913	3.5463	3.72211	3.85257	3.99917	4.21702	4.44899	4.69265	4.66203	4.67616	4.53937	2016	4.67616	Financial Access Survey (FAS), IMF's Statistics Department, accessible at http://imf.data.org/FAS	C
