series.release	series.code	series.description	geoAreaCode	X	Y	ISO3CD	geoAreaName	sliceId	Units	Units description	2006	2007	2008	2009	2010	2011	2012	2013	2014	2015	2016	2017	last.5.years.mean	latest.year	latest.value	latest.source	latest.nature
2018.Q2.G.01	FC_ACC_SSID	Proportion of small-scale industries with a loan or line of credit (%)	4	66.02688198	33.83160199	AFG	Afghanistan	1	PERCENT	Percentage									2.38016				2.38016	2014	2.38016	World Bank Enterprise Surveys 2017	G
2018.Q2.G.01	FC_ACC_SSID	Proportion of small-scale industries with a loan or line of credit (%)	8	20.06660928	41.13897007	ALB	Albania	1	PERCENT	Percentage		37.37467						21.58753					21.58753	2013	21.58753	World Bank Enterprise Surveys 2017	G
2018.Q2.G.01	FC_ACC_SSID	Proportion of small-scale industries with a loan or line of credit (%)	10	21.47585697	-80.40897662	ATA	Antarctica	1	PERCENT	Percentage																	
2018.Q2.G.01	FC_ACC_SSID	Proportion of small-scale industries with a loan or line of credit (%)	12	2.678164227	28.15940032	DZA	Algeria	1	PERCENT	Percentage																	
2018.Q2.G.01	FC_ACC_SSID	Proportion of small-scale industries with a loan or line of credit (%)	16	-170.7187269	-14.30587306	ASM	American Samoa	1	PERCENT	Percentage																	
2018.Q2.G.01	FC_ACC_SSID	Proportion of small-scale industries with a loan or line of credit (%)	20	1.576257417	42.54548611	AND	Andorra	1	PERCENT	Percentage																	
2018.Q2.G.01	FC_ACC_SSID	Proportion of small-scale industries with a loan or line of credit (%)	24	17.57817062	-12.33724746	AGO	Angola	1	PERCENT	Percentage	1.0859				2.44912									2010	2.44912	World Bank Enterprise Surveys 2017	G
2018.Q2.G.01	FC_ACC_SSID	Proportion of small-scale industries with a loan or line of credit (%)	28	-61.7999755	17.07761471	ATG	Antigua and Barbuda	1	PERCENT	Percentage					50									2010	50	World Bank Enterprise Surveys 2017	G
2018.Q2.G.01	FC_ACC_SSID	Proportion of small-scale industries with a loan or line of credit (%)	31	50.01064725	40.39229544	AZE	Azerbaijan	1	PERCENT	Percentage				25.16472				28.2976					28.2976	2013	28.2976	World Bank Enterprise Surveys 2017	G
2018.Q2.G.01	FC_ACC_SSID	Proportion of small-scale industries with a loan or line of credit (%)	32	-65.14563274	-35.19446255	ARG	Argentina	1	PERCENT	Percentage	28.23726				43.82188									2010	43.82188	World Bank Enterprise Surveys 2017	G
2018.Q2.G.01	FC_ACC_SSID	Proportion of small-scale industries with a loan or line of credit (%)	36	134.3499412	-25.57717202	AUS	Australia	1	PERCENT	Percentage																	
2018.Q2.G.01	FC_ACC_SSID	Proportion of small-scale industries with a loan or line of credit (%)	40	14.14172472	47.58704857	AUT	Austria	1	PERCENT	Percentage																	
2018.Q2.G.01	FC_ACC_SSID	Proportion of small-scale industries with a loan or line of credit (%)	44	-78.05111663	24.69546597	BHS	Bahamas	1	PERCENT	Percentage					32.11009									2010	32.11009	World Bank Enterprise Surveys 2017	G
2018.Q2.G.01	FC_ACC_SSID	Proportion of small-scale industries with a loan or line of credit (%)	48	50.5490754	26.04407747	BHR	Bahrain	1	PERCENT	Percentage																	
2018.Q2.G.01	FC_ACC_SSID	Proportion of small-scale industries with a loan or line of credit (%)	50	89.17660788	22.86961622	BGD	Bangladesh	1	PERCENT	Percentage								30.98912					30.98912	2013	30.98912	World Bank Enterprise Surveys 2017	G
2018.Q2.G.01	FC_ACC_SSID	Proportion of small-scale industries with a loan or line of credit (%)	51	44.93839317	40.29499741	ARM	Armenia	1	PERCENT	Percentage				35.49375				15.11725					15.11725	2013	15.11725	World Bank Enterprise Surveys 2017	G
2018.Q2.G.01	FC_ACC_SSID	Proportion of small-scale industries with a loan or line of credit (%)	52	-59.5346489	13.13648273	BRB	Barbados	1	PERCENT	Percentage					44									2010	44	World Bank Enterprise Surveys 2017	G
2018.Q2.G.01	FC_ACC_SSID	Proportion of small-scale industries with a loan or line of credit (%)	56	4.660976456	50.64104975	BEL	Belgium	1	PERCENT	Percentage																	
2018.Q2.G.01	FC_ACC_SSID	Proportion of small-scale industries with a loan or line of credit (%)	60	-64.78155012	32.27881922	BMU	Bermuda	1	PERCENT	Percentage																	
2018.Q2.G.01	FC_ACC_SSID	Proportion of small-scale industries with a loan or line of credit (%)	64	90.45098484	27.39598568	BTN	Bhutan	1	PERCENT	Percentage				38.08208						31.77883			31.77883	2015	31.77883	World Bank Enterprise Surveys 2017	G
2018.Q2.G.01	FC_ACC_SSID	Proportion of small-scale industries with a loan or line of credit (%)	68	-64.66224284	-16.71273412	BOL	Bolivia (Plurinational State of)	1	PERCENT	Percentage	37.24142				40.19195							30.85243	30.85243	2017	30.85243	World Bank Enterprise Surveys 2017	G
2018.Q2.G.01	FC_ACC_SSID	Proportion of small-scale industries with a loan or line of credit (%)	70	17.78584332	44.16845548	BIH	Bosnia and Herzegovina	1	PERCENT	Percentage				59.3133				77.52833					77.52833	2013	77.52833	World Bank Enterprise Surveys 2017	G
2018.Q2.G.01	FC_ACC_SSID	Proportion of small-scale industries with a loan or line of credit (%)	72	23.81380223	-22.18810073	BWA	Botswana	1	PERCENT	Percentage	26.80051				35.55034									2010	35.55034	World Bank Enterprise Surveys 2017	G
2018.Q2.G.01	FC_ACC_SSID	Proportion of small-scale industries with a loan or line of credit (%)	74	3.410732868	-54.43295905	BVT	Bouvet Island	1	PERCENT	Percentage																	
2018.Q2.G.01	FC_ACC_SSID	Proportion of small-scale industries with a loan or line of credit (%)	76	-53.08432878	-10.77668561	BRA	Brazil	1	PERCENT	Percentage				55.60343										2009	55.60343	World Bank Enterprise Surveys 2017	G
2018.Q2.G.01	FC_ACC_SSID	Proportion of small-scale industries with a loan or line of credit (%)	84	-88.70199554	17.19965901	BLZ	Belize	1	PERCENT	Percentage					39.25751									2010	39.25751	World Bank Enterprise Surveys 2017	G
2018.Q2.G.01	FC_ACC_SSID	Proportion of small-scale industries with a loan or line of credit (%)	86	72.38715553	-7.299281071	IOT	British Indian Ocean Territory	1	PERCENT	Percentage																	
2018.Q2.G.01	FC_ACC_SSID	Proportion of small-scale industries with a loan or line of credit (%)	90	160.1584117	-9.622391719	SLB	Solomon Islands	1	PERCENT	Percentage										63.63636			63.63636	2015	63.63636	World Bank Enterprise Surveys 2017	G
2018.Q2.G.01	FC_ACC_SSID	Proportion of small-scale industries with a loan or line of credit (%)	92	-64.63294223	18.42256578	VGB	British Virgin Islands	1	PERCENT	Percentage																	
2018.Q2.G.01	FC_ACC_SSID	Proportion of small-scale industries with a loan or line of credit (%)	96	114.6288563	4.49736984	BRN	Brunei Darussalam	1	PERCENT	Percentage																	
2018.Q2.G.01	FC_ACC_SSID	Proportion of small-scale industries with a loan or line of credit (%)	100	25.23763153	42.75731323	BGR	Bulgaria	1	PERCENT	Percentage		27.2875		31.3861				40.91206					40.91206	2013	40.91206	World Bank Enterprise Surveys 2017	G
2018.Q2.G.01	FC_ACC_SSID	Proportion of small-scale industries with a loan or line of credit (%)	104	96.51752295	21.19332882	MMR	Myanmar	1	PERCENT	Percentage									4.49918		15.18327		9.841225	2016	15.18327	World Bank Enterprise Surveys 2017	G
2018.Q2.G.01	FC_ACC_SSID	Proportion of small-scale industries with a loan or line of credit (%)	108	29.89080992	-3.366387428	BDI	Burundi	1	PERCENT	Percentage	25.25604								30.74306				30.74306	2014	30.74306	World Bank Enterprise Surveys 2017	G
2018.Q2.G.01	FC_ACC_SSID	Proportion of small-scale industries with a loan or line of credit (%)	112	28.04940161	53.54193075	BLR	Belarus	1	PERCENT	Percentage			23.50191					17.41035					17.41035	2013	17.41035	World Bank Enterprise Surveys 2017	G
2018.Q2.G.01	FC_ACC_SSID	Proportion of small-scale industries with a loan or line of credit (%)	116	104.922836	12.71163737	KHM	Cambodia	1	PERCENT	Percentage								38.70471			20.10317		29.40394	2016	20.10317	World Bank Enterprise Surveys 2017	G
2018.Q2.G.01	FC_ACC_SSID	Proportion of small-scale industries with a loan or line of credit (%)	120	12.7419827	5.692387031	CMR	Cameroon	1	PERCENT	Percentage				36.0291							7.19039		7.19039	2016	7.19039	World Bank Enterprise Surveys 2017	G
2018.Q2.G.01	FC_ACC_SSID	Proportion of small-scale industries with a loan or line of credit (%)	124	-101.6575058	57.72360191	CAN	Canada	1	PERCENT	Percentage																	
2018.Q2.G.01	FC_ACC_SSID	Proportion of small-scale industries with a loan or line of credit (%)	132	-23.63544151	15.07791834	CPV	Cabo Verde	1	PERCENT	Percentage				12.68885										2009	12.68885	World Bank Enterprise Surveys 2017	G
2018.Q2.G.01	FC_ACC_SSID	Proportion of small-scale industries with a loan or line of credit (%)	136	-81.16740559	19.32266656	CYM	Cayman Islands	1	PERCENT	Percentage																	
2018.Q2.G.01	FC_ACC_SSID	Proportion of small-scale industries with a loan or line of credit (%)	140	20.93559492	7.003720791	CAF	Central African Republic	1	PERCENT	Percentage						21.35067								2011	21.35067	World Bank Enterprise Surveys 2017	G
2018.Q2.G.01	FC_ACC_SSID	Proportion of small-scale industries with a loan or line of credit (%)	144	80.70489654	7.614693343	LKA	Sri Lanka	1	PERCENT	Percentage						26.10774								2011	26.10774	World Bank Enterprise Surveys 2017	G
2018.Q2.G.01	FC_ACC_SSID	Proportion of small-scale industries with a loan or line of credit (%)	148	18.66618401	15.36279341	TCD	Chad	1	PERCENT	Percentage				19.94569										2009	19.94569	World Bank Enterprise Surveys 2017	G
2018.Q2.G.01	FC_ACC_SSID	Proportion of small-scale industries with a loan or line of credit (%)	152	-71.23029019	-35.2652885	CHL	Chile	1	PERCENT	Percentage	40.82558				69.75138									2010	69.75138	World Bank Enterprise Surveys 2017	G
2018.Q2.G.01	FC_ACC_SSID	Proportion of small-scale industries with a loan or line of credit (%)	156	104.1403375	32.30955217	CHN	China	1	PERCENT	Percentage							11.39332							2012	11.39332	World Bank Enterprise Surveys 2017	G
2018.Q2.G.01	FC_ACC_SSID	Proportion of small-scale industries with a loan or line of credit (%)	162	105.6426067	-10.4882473	CXR	Christmas Island	1	PERCENT	Percentage																	
2018.Q2.G.01	FC_ACC_SSID	Proportion of small-scale industries with a loan or line of credit (%)	166	96.82633757	-12.18600682	CCK	Cocos (Keeling) Islands	1	PERCENT	Percentage																	
2018.Q2.G.01	FC_ACC_SSID	Proportion of small-scale industries with a loan or line of credit (%)	170	-73.07446751	3.888209046	COL	Colombia	1	PERCENT	Percentage	35.49754				59.21258									2010	59.21258	World Bank Enterprise Surveys 2017	G
2018.Q2.G.01	FC_ACC_SSID	Proportion of small-scale industries with a loan or line of credit (%)	174	43.34234565	-11.66121732	COM	Comoros	1	PERCENT	Percentage																	
2018.Q2.G.01	FC_ACC_SSID	Proportion of small-scale industries with a loan or line of credit (%)	175	45.14015057	-12.82217691	MYT	Mayotte	1	PERCENT	Percentage																	
2018.Q2.G.01	FC_ACC_SSID	Proportion of small-scale industries with a loan or line of credit (%)	178	15.22052612	-0.840544119	COG	Congo	1	PERCENT	Percentage																	
2018.Q2.G.01	FC_ACC_SSID	Proportion of small-scale industries with a loan or line of credit (%)	180	23.65496507	-2.877154732	COD	Democratic Republic of the Congo	1	PERCENT	Percentage	4.0041				10.81888			5.28022					5.28022	2013	5.28022	World Bank Enterprise Surveys 2017	G
2018.Q2.G.01	FC_ACC_SSID	Proportion of small-scale industries with a loan or line of credit (%)	184	-159.7711391	-21.22696458	COK	Cook Islands	1	PERCENT	Percentage																	
2018.Q2.G.01	FC_ACC_SSID	Proportion of small-scale industries with a loan or line of credit (%)	188	-84.19712782	9.970998683	CRI	Costa Rica	1	PERCENT	Percentage					55.38594									2010	55.38594	World Bank Enterprise Surveys 2017	G
2018.Q2.G.01	FC_ACC_SSID	Proportion of small-scale industries with a loan or line of credit (%)	191	17.95874553	45.45172212	HRV	Croatia	1	PERCENT	Percentage		74.92042						47.33961					47.33961	2013	47.33961	World Bank Enterprise Surveys 2017	G
2018.Q2.G.01	FC_ACC_SSID	Proportion of small-scale industries with a loan or line of credit (%)	192	-79.54460144	22.10030366	CUB	Cuba	1	PERCENT	Percentage																	
2018.Q2.G.01	FC_ACC_SSID	Proportion of small-scale industries with a loan or line of credit (%)	196	33.22285964	35.05659437	CYP	Cyprus	1	PERCENT	Percentage																	
2018.Q2.G.01	FC_ACC_SSID	Proportion of small-scale industries with a loan or line of credit (%)	203	15.33151382	49.73913871	CZE	Czechia	1	PERCENT	Percentage				41.66328				49.22549					49.22549	2013	49.22549	World Bank Enterprise Surveys 2017	G
2018.Q2.G.01	FC_ACC_SSID	Proportion of small-scale industries with a loan or line of credit (%)	204	2.339933594	9.65401646	BEN	Benin	1	PERCENT	Percentage				25.96696							51.5022		51.5022	2016	51.5022	World Bank Enterprise Surveys 2017	G
2018.Q2.G.01	FC_ACC_SSID	Proportion of small-scale industries with a loan or line of credit (%)	208	9.326571283	56.03829721	DNK	Denmark	1	PERCENT	Percentage																	
2018.Q2.G.01	FC_ACC_SSID	Proportion of small-scale industries with a loan or line of credit (%)	212	-61.3493756	15.43391378	DMA	Dominica	1	PERCENT	Percentage					20									2010	20	World Bank Enterprise Surveys 2017	G
2018.Q2.G.01	FC_ACC_SSID	Proportion of small-scale industries with a loan or line of credit (%)	214	-70.49847576	18.89832088	DOM	Dominican Republic	1	PERCENT	Percentage					63.53926						49.72253		49.72253	2016	49.72253	World Bank Enterprise Surveys 2017	G
2018.Q2.G.01	FC_ACC_SSID	Proportion of small-scale industries with a loan or line of credit (%)	218	-78.37005241	-1.447785891	ECU	Ecuador	1	PERCENT	Percentage	33.34786				48.06132							44.93025	44.93025	2017	44.93025	World Bank Enterprise Surveys 2017	G
2018.Q2.G.01	FC_ACC_SSID	Proportion of small-scale industries with a loan or line of credit (%)	222	-88.86862995	13.73603564	SLV	El Salvador	1	PERCENT	Percentage	63.12857				78.18651						41.63299		41.63299	2016	41.63299	World Bank Enterprise Surveys 2017	G
2018.Q2.G.01	FC_ACC_SSID	Proportion of small-scale industries with a loan or line of credit (%)	226	10.46535826	1.565792376	GNQ	Equatorial Guinea	1	PERCENT	Percentage																	
2018.Q2.G.01	FC_ACC_SSID	Proportion of small-scale industries with a loan or line of credit (%)	231	39.63505296	8.631223181	ETH	Ethiopia	1	PERCENT	Percentage																	
2018.Q2.G.01	FC_ACC_SSID	Proportion of small-scale industries with a loan or line of credit (%)	232	38.11074289	16.12894644	ERI	Eritrea	1	PERCENT	Percentage				14.01698										2009	14.01698	World Bank Enterprise Surveys 2017	G
2018.Q2.G.01	FC_ACC_SSID	Proportion of small-scale industries with a loan or line of credit (%)	233	25.84093481	58.68487172	EST	Estonia	1	PERCENT	Percentage				51.66769				41.34955					41.34955	2013	41.34955	World Bank Enterprise Surveys 2017	G
2018.Q2.G.01	FC_ACC_SSID	Proportion of small-scale industries with a loan or line of credit (%)	234	-7.122044325	62.21228119	FRO	Faroe Islands	1	PERCENT	Percentage																	
2018.Q2.G.01	FC_ACC_SSID	Proportion of small-scale industries with a loan or line of credit (%)	238	-58.75246778	-51.74562601	FLK	Falkland Islands (Malvinas)	1	PERCENT	Percentage																	
2018.Q2.G.01	FC_ACC_SSID	Proportion of small-scale industries with a loan or line of credit (%)	239	-36.90662765	-54.20736749	SGS	South Georgia and the South Sandwich Islands	1	PERCENT	Percentage																	
2018.Q2.G.01	FC_ACC_SSID	Proportion of small-scale industries with a loan or line of credit (%)	242	177.9660884	-17.83301566	FJI	Fiji	1	PERCENT	Percentage				27.82731										2009	27.82731	World Bank Enterprise Surveys 2017	G
2018.Q2.G.01	FC_ACC_SSID	Proportion of small-scale industries with a loan or line of credit (%)	246	23.308447	61.91586738	FIN	Finland	1	PERCENT	Percentage																	
2018.Q2.G.01	FC_ACC_SSID	Proportion of small-scale industries with a loan or line of credit (%)	248	19.80945969	60.1544901	ALA	Åland Islands	1	PERCENT	Percentage																	
2018.Q2.G.01	FC_ACC_SSID	Proportion of small-scale industries with a loan or line of credit (%)	250	2.457288129	46.62660861	FRA	France	1	PERCENT	Percentage																	
2018.Q2.G.01	FC_ACC_SSID	Proportion of small-scale industries with a loan or line of credit (%)	254	-53.23619089	3.922673437	GUF	French Guiana	1	PERCENT	Percentage																	
2018.Q2.G.01	FC_ACC_SSID	Proportion of small-scale industries with a loan or line of credit (%)	258	-149.4052367	-17.67709294	PYF	French Polynesia	1	PERCENT	Percentage																	
2018.Q2.G.01	FC_ACC_SSID	Proportion of small-scale industries with a loan or line of credit (%)	260	69.64849091	-49.6068576	ATF	French Southern Territories	1	PERCENT	Percentage																	
2018.Q2.G.01	FC_ACC_SSID	Proportion of small-scale industries with a loan or line of credit (%)	262	42.18274707	11.56004161	DJI	Djibouti	1	PERCENT	Percentage								26.19258					26.19258	2013	26.19258	World Bank Enterprise Surveys 2017	G
2018.Q2.G.01	FC_ACC_SSID	Proportion of small-scale industries with a loan or line of credit (%)	266	11.78727747	-0.60687619	GAB	Gabon	1	PERCENT	Percentage																	
2018.Q2.G.01	FC_ACC_SSID	Proportion of small-scale industries with a loan or line of credit (%)	268	43.3713615	42.04813028	GEO	Georgia	1	PERCENT	Percentage			32.39911					41.33238					41.33238	2013	41.33238	World Bank Enterprise Surveys 2017	G
2018.Q2.G.01	FC_ACC_SSID	Proportion of small-scale industries with a loan or line of credit (%)	270	-15.39944785	13.45295927	GMB	Gambia	1	PERCENT	Percentage	13.22454													2006	13.22454	World Bank Enterprise Surveys 2017	G
2018.Q2.G.01	FC_ACC_SSID	Proportion of small-scale industries with a loan or line of credit (%)	275	35.25694122	31.94347933	PSE	State of Palestine	1	PERCENT	Percentage																	
2018.Q2.G.01	FC_ACC_SSID	Proportion of small-scale industries with a loan or line of credit (%)	276	10.3806066	51.08862743	DEU	Germany	1	PERCENT	Percentage																	
2018.Q2.G.01	FC_ACC_SSID	Proportion of small-scale industries with a loan or line of credit (%)	288	-1.205623522	7.964825185	GHA	Ghana	1	PERCENT	Percentage		9.40377						16.78921					16.78921	2013	16.78921	World Bank Enterprise Surveys 2017	G
2018.Q2.G.01	FC_ACC_SSID	Proportion of small-scale industries with a loan or line of credit (%)	292	-5.347561686	36.13895036	GIB	Gibraltar	1	PERCENT	Percentage																	
2018.Q2.G.01	FC_ACC_SSID	Proportion of small-scale industries with a loan or line of credit (%)	296	-157.5643005	1.768837732	KIR	Kiribati	1	PERCENT	Percentage																	
2018.Q2.G.01	FC_ACC_SSID	Proportion of small-scale industries with a loan or line of credit (%)	300	22.58307827	39.47301873	GRC	Greece	1	PERCENT	Percentage																	
2018.Q2.G.01	FC_ACC_SSID	Proportion of small-scale industries with a loan or line of credit (%)	304	-41.39371316	74.75625681	GRL	Greenland	1	PERCENT	Percentage																	
2018.Q2.G.01	FC_ACC_SSID	Proportion of small-scale industries with a loan or line of credit (%)	308	-61.68248568	12.11238395	GRD	Grenada	1	PERCENT	Percentage					64.43174									2010	64.43174	World Bank Enterprise Surveys 2017	G
2018.Q2.G.01	FC_ACC_SSID	Proportion of small-scale industries with a loan or line of credit (%)	312	-61.64762115	16.14416917	GLP	Guadeloupe	1	PERCENT	Percentage																	
2018.Q2.G.01	FC_ACC_SSID	Proportion of small-scale industries with a loan or line of credit (%)	316	144.7029305	13.35485404	GUM	Guam	1	PERCENT	Percentage																	
2018.Q2.G.01	FC_ACC_SSID	Proportion of small-scale industries with a loan or line of credit (%)	320	-91.2312746	15.00273719	GTM	Guatemala	1	PERCENT	Percentage	32.38574				23.39715									2010	23.39715	World Bank Enterprise Surveys 2017	G
2018.Q2.G.01	FC_ACC_SSID	Proportion of small-scale industries with a loan or line of credit (%)	324	-11.28173419	11.00210343	GIN	Guinea	1	PERCENT	Percentage	1.7294										8.74446		8.74446	2016	8.74446	World Bank Enterprise Surveys 2017	G
2018.Q2.G.01	FC_ACC_SSID	Proportion of small-scale industries with a loan or line of credit (%)	328	-58.97322037	4.788012784	GUY	Guyana	1	PERCENT	Percentage					43.20692									2010	43.20692	World Bank Enterprise Surveys 2017	G
2018.Q2.G.01	FC_ACC_SSID	Proportion of small-scale industries with a loan or line of credit (%)	332	-72.33640958	18.40426539	HTI	Haiti	1	PERCENT	Percentage																	
2018.Q2.G.01	FC_ACC_SSID	Proportion of small-scale industries with a loan or line of credit (%)	334	73.52633626	-53.09106147	HMD	Heard Island and McDonald Islands	1	PERCENT	Percentage																	
2018.Q2.G.01	FC_ACC_SSID	Proportion of small-scale industries with a loan or line of credit (%)	336	12.45315803	41.90343751	VAT	Holy See	1	PERCENT	Percentage																	
2018.Q2.G.01	FC_ACC_SSID	Proportion of small-scale industries with a loan or line of credit (%)	340	-86.59974381	14.82243161	HND	Honduras	1	PERCENT	Percentage	36.51316				13.35072						39.20653		39.20653	2016	39.20653	World Bank Enterprise Surveys 2017	G
2018.Q2.G.01	FC_ACC_SSID	Proportion of small-scale industries with a loan or line of credit (%)	344	114.0266445	22.41749934	HKG	China, Hong Kong Special Administrative Region	1	PERCENT	Percentage																	
2018.Q2.G.01	FC_ACC_SSID	Proportion of small-scale industries with a loan or line of credit (%)	348	19.41221519	47.1651448	HUN	Hungary	1	PERCENT	Percentage				42.55251				27.229					27.229	2013	27.229	World Bank Enterprise Surveys 2017	G
2018.Q2.G.01	FC_ACC_SSID	Proportion of small-scale industries with a loan or line of credit (%)	352	-19.02116966	64.79134763	ISL	Iceland	1	PERCENT	Percentage																	
2018.Q2.G.01	FC_ACC_SSID	Proportion of small-scale industries with a loan or line of credit (%)	356	79.3608464	22.34642074	IND	India	1	PERCENT	Percentage									27.98082				27.98082	2014	27.98082	World Bank Enterprise Surveys 2017	G
2018.Q2.G.01	FC_ACC_SSID	Proportion of small-scale industries with a loan or line of credit (%)	360	113.9174	-0.994582204	IDN	Indonesia	1	PERCENT	Percentage				15.12222						34.31451			34.31451	2015	34.31451	World Bank Enterprise Surveys 2017	G
2018.Q2.G.01	FC_ACC_SSID	Proportion of small-scale industries with a loan or line of credit (%)	364	54.19766348	32.74370885	IRN	Iran (Islamic Republic of)	1	PERCENT	Percentage																	
2018.Q2.G.01	FC_ACC_SSID	Proportion of small-scale industries with a loan or line of credit (%)	368	43.76606267	33.05013795	IRQ	Iraq	1	PERCENT	Percentage						3.72414								2011	3.72414	World Bank Enterprise Surveys 2017	G
2018.Q2.G.01	FC_ACC_SSID	Proportion of small-scale industries with a loan or line of credit (%)	372	-7.121425272	53.25274054	IRL	Ireland	1	PERCENT	Percentage																	
2018.Q2.G.01	FC_ACC_SSID	Proportion of small-scale industries with a loan or line of credit (%)	376	34.62277992	31.06164552	ISR	Israel	1	PERCENT	Percentage								50.94111					50.94111	2013	50.94111	World Bank Enterprise Surveys 2017	G
2018.Q2.G.01	FC_ACC_SSID	Proportion of small-scale industries with a loan or line of credit (%)	380	12.57022427	42.79917282	ITA	Italy	1	PERCENT	Percentage																	
2018.Q2.G.01	FC_ACC_SSID	Proportion of small-scale industries with a loan or line of credit (%)	384	-5.552690016	7.62211586	CIV	Côte d'Ivoire	1	PERCENT	Percentage				5.18347							9.61638		9.61638	2016	9.61638	World Bank Enterprise Surveys 2017	G
2018.Q2.G.01	FC_ACC_SSID	Proportion of small-scale industries with a loan or line of credit (%)	388	-77.31068409	18.15616857	JAM	Jamaica	1	PERCENT	Percentage					32.99626									2010	32.99626	World Bank Enterprise Surveys 2017	G
2018.Q2.G.01	FC_ACC_SSID	Proportion of small-scale industries with a loan or line of credit (%)	392	139.2716103	36.6554539	JPN	Japan	1	PERCENT	Percentage																	
2018.Q2.G.01	FC_ACC_SSID	Proportion of small-scale industries with a loan or line of credit (%)	398	66.65359159	48.01963494	KAZ	Kazakhstan	1	PERCENT	Percentage				13.32845				13.71753					13.71753	2013	13.71753	World Bank Enterprise Surveys 2017	G
2018.Q2.G.01	FC_ACC_SSID	Proportion of small-scale industries with a loan or line of credit (%)	400	37.13024774	30.65365973	JOR	Jordan	1	PERCENT	Percentage								12.56471					12.56471	2013	12.56471	World Bank Enterprise Surveys 2017	G
2018.Q2.G.01	FC_ACC_SSID	Proportion of small-scale industries with a loan or line of credit (%)	404	37.86096816	0.534797278	KEN	Kenya	1	PERCENT	Percentage		46.43911						44.07107					44.07107	2013	44.07107	World Bank Enterprise Surveys 2017	G
2018.Q2.G.01	FC_ACC_SSID	Proportion of small-scale industries with a loan or line of credit (%)	408	127.1803633	40.1462645	PRK	Democratic People's Republic of Korea	1	PERCENT	Percentage																	
2018.Q2.G.01	FC_ACC_SSID	Proportion of small-scale industries with a loan or line of credit (%)	410	127.8610254	36.45201023	KOR	Republic of Korea	1	PERCENT	Percentage																	
2018.Q2.G.01	FC_ACC_SSID	Proportion of small-scale industries with a loan or line of credit (%)	414	47.49305029	29.53949468	KWT	Kuwait	1	PERCENT	Percentage																	
2018.Q2.G.01	FC_ACC_SSID	Proportion of small-scale industries with a loan or line of credit (%)	417	74.52324839	41.46204516	KGZ	Kyrgyzstan	1	PERCENT	Percentage				18.95121				15.70021					15.70021	2013	15.70021	World Bank Enterprise Surveys 2017	G
2018.Q2.G.01	FC_ACC_SSID	Proportion of small-scale industries with a loan or line of credit (%)	418	101.9901968	20.27482773	LAO	Lao People's Democratic Republic	1	PERCENT	Percentage				15.36724			33.71431				6.67022		6.67022	2016	6.67022	World Bank Enterprise Surveys 2017	G
2018.Q2.G.01	FC_ACC_SSID	Proportion of small-scale industries with a loan or line of credit (%)	422	35.89391711	33.92152458	LBN	Lebanon	1	PERCENT	Percentage								37.15282					37.15282	2013	37.15282	World Bank Enterprise Surveys 2017	G
2018.Q2.G.01	FC_ACC_SSID	Proportion of small-scale industries with a loan or line of credit (%)	426	28.25362195	-29.58041814	LSO	Lesotho	1	PERCENT	Percentage				16.01021							23.3876		23.3876	2016	23.3876	World Bank Enterprise Surveys 2017	G
2018.Q2.G.01	FC_ACC_SSID	Proportion of small-scale industries with a loan or line of credit (%)	428	26.42461876	56.64196636	LVA	Latvia	1	PERCENT	Percentage				34.80859				9.21262					9.21262	2013	9.21262	World Bank Enterprise Surveys 2017	G
2018.Q2.G.01	FC_ACC_SSID	Proportion of small-scale industries with a loan or line of credit (%)	430	-9.311879038	6.448381009	LBR	Liberia	1	PERCENT	Percentage				6.04818								11.10983	11.10983	2017	11.10983	World Bank Enterprise Surveys 2017	G
2018.Q2.G.01	FC_ACC_SSID	Proportion of small-scale industries with a loan or line of credit (%)	434	18.0295985	27.04042819	LBY	Libya	1	PERCENT	Percentage																	
2018.Q2.G.01	FC_ACC_SSID	Proportion of small-scale industries with a loan or line of credit (%)	438	9.552985019	47.14167005	LIE	Liechtenstein	1	PERCENT	Percentage																	
2018.Q2.G.01	FC_ACC_SSID	Proportion of small-scale industries with a loan or line of credit (%)	440	23.90517807	55.33680309	LTU	Lithuania	1	PERCENT	Percentage				33.37744				16.21479					16.21479	2013	16.21479	World Bank Enterprise Surveys 2017	G
2018.Q2.G.01	FC_ACC_SSID	Proportion of small-scale industries with a loan or line of credit (%)	442	6.092656563	49.77679538	LUX	Luxembourg	1	PERCENT	Percentage																	
2018.Q2.G.01	FC_ACC_SSID	Proportion of small-scale industries with a loan or line of credit (%)	446	113.5665388	22.1237259	MAC	China, Macao Special Administrative Region	1	PERCENT	Percentage																	
2018.Q2.G.01	FC_ACC_SSID	Proportion of small-scale industries with a loan or line of credit (%)	450	46.6982339	-19.38514785	MDG	Madagascar	1	PERCENT	Percentage				10.81526				12.9077					12.9077	2013	12.9077	World Bank Enterprise Surveys 2017	G
2018.Q2.G.01	FC_ACC_SSID	Proportion of small-scale industries with a loan or line of credit (%)	454	33.4884625	-13.40819859	MWI	Malawi	1	PERCENT	Percentage				27.66843					23.04719				23.04719	2014	23.04719	World Bank Enterprise Surveys 2017	G
2018.Q2.G.01	FC_ACC_SSID	Proportion of small-scale industries with a loan or line of credit (%)	458	116.8346314	5.452415309	MYS	Malaysia	1	PERCENT	Percentage										40.47428			40.47428	2015	40.47428	World Bank Enterprise Surveys 2017	G
2018.Q2.G.01	FC_ACC_SSID	Proportion of small-scale industries with a loan or line of credit (%)	462	73.09672546	-0.614385021	MDV	Maldives	1	PERCENT	Percentage																	
2018.Q2.G.01	FC_ACC_SSID	Proportion of small-scale industries with a loan or line of credit (%)	466	-3.522016039	17.35311254	MLI	Mali	1	PERCENT	Percentage		5.76314			9.93002						18.7538		18.7538	2016	18.7538	World Bank Enterprise Surveys 2017	G
2018.Q2.G.01	FC_ACC_SSID	Proportion of small-scale industries with a loan or line of credit (%)	470	14.44617519	35.89194275	MLT	Malta	1	PERCENT	Percentage																	
2018.Q2.G.01	FC_ACC_SSID	Proportion of small-scale industries with a loan or line of credit (%)	474	-60.91544135	14.56086108	MTQ	Martinique	1	PERCENT	Percentage																	
2018.Q2.G.01	FC_ACC_SSID	Proportion of small-scale industries with a loan or line of credit (%)	478	-10.33187259	20.26089546	MRT	Mauritania	1	PERCENT	Percentage	23.24493								18.55727				18.55727	2014	18.55727	World Bank Enterprise Surveys 2017	G
2018.Q2.G.01	FC_ACC_SSID	Proportion of small-scale industries with a loan or line of credit (%)	480	57.568022	-20.28581998	MUS	Mauritius	1	PERCENT	Percentage				35.89222										2009	35.89222	World Bank Enterprise Surveys 2017	G
2018.Q2.G.01	FC_ACC_SSID	Proportion of small-scale industries with a loan or line of credit (%)	484	-102.5148166	23.93378032	MEX	Mexico	1	PERCENT	Percentage	14.07218				15.45302									2010	15.45302	World Bank Enterprise Surveys 2017	G
2018.Q2.G.01	FC_ACC_SSID	Proportion of small-scale industries with a loan or line of credit (%)	492	7.424214814	43.73532918	MCO	Monaco	1	PERCENT	Percentage																	
2018.Q2.G.01	FC_ACC_SSID	Proportion of small-scale industries with a loan or line of credit (%)	496	103.0728057	46.83892054	MNG	Mongolia	1	PERCENT	Percentage				41.71395				28.66691					28.66691	2013	28.66691	World Bank Enterprise Surveys 2017	G
2018.Q2.G.01	FC_ACC_SSID	Proportion of small-scale industries with a loan or line of credit (%)	498	28.4650624	47.20236795	MDA	Republic of Moldova	1	PERCENT	Percentage				48.56223				37.60315					37.60315	2013	37.60315	World Bank Enterprise Surveys 2017	G
2018.Q2.G.01	FC_ACC_SSID	Proportion of small-scale industries with a loan or line of credit (%)	499	19.25214024	42.78717043	MNE	Montenegro	1	PERCENT	Percentage				52.17693				61.57501					61.57501	2013	61.57501	World Bank Enterprise Surveys 2017	G
2018.Q2.G.01	FC_ACC_SSID	Proportion of small-scale industries with a loan or line of credit (%)	500	-62.19261223	16.73558313	MSR	Montserrat	1	PERCENT	Percentage																	
2018.Q2.G.01	FC_ACC_SSID	Proportion of small-scale industries with a loan or line of credit (%)	504	-6.281942841	31.8440131	MAR	Morocco	1	PERCENT	Percentage								47.83576					47.83576	2013	47.83576	World Bank Enterprise Surveys 2017	G
2018.Q2.G.01	FC_ACC_SSID	Proportion of small-scale industries with a loan or line of credit (%)	508	38.18479941	-14.27963886	MOZ	Mozambique	1	PERCENT	Percentage		4.37631												2007	4.37631	World Bank Enterprise Surveys 2017	G
2018.Q2.G.01	FC_ACC_SSID	Proportion of small-scale industries with a loan or line of credit (%)	512	57.87743482	21.98805614	OMN	Oman	1	PERCENT	Percentage																	
2018.Q2.G.01	FC_ACC_SSID	Proportion of small-scale industries with a loan or line of credit (%)	516	17.21907885	-22.13817068	NAM	Namibia	1	PERCENT	Percentage	27.86276								21.12901				21.12901	2014	21.12901	World Bank Enterprise Surveys 2017	G
2018.Q2.G.01	FC_ACC_SSID	Proportion of small-scale industries with a loan or line of credit (%)	520	166.92313	-0.528742623	NRU	Nauru	1	PERCENT	Percentage																	
2018.Q2.G.01	FC_ACC_SSID	Proportion of small-scale industries with a loan or line of credit (%)	524	83.94678863	28.25866332	NPL	Nepal	1	PERCENT	Percentage				46.13899				30.72414					30.72414	2013	30.72414	World Bank Enterprise Surveys 2017	G
2018.Q2.G.01	FC_ACC_SSID	Proportion of small-scale industries with a loan or line of credit (%)	528	5.331480568	51.86728884	NLD	Netherlands	1	PERCENT	Percentage																	
2018.Q2.G.01	FC_ACC_SSID	Proportion of small-scale industries with a loan or line of credit (%)	530	-68.30676179	12.22720635	ANT	Netherlands Antilles	1	PERCENT	Percentage																	
2018.Q2.G.01	FC_ACC_SSID	Proportion of small-scale industries with a loan or line of credit (%)	531	-68.95033464	12.15058042	CUW	Curaçao	1	PERCENT	Percentage																	
2018.Q2.G.01	FC_ACC_SSID	Proportion of small-scale industries with a loan or line of credit (%)	533	-69.97050586	12.50878756	ABW	Aruba	1	PERCENT	Percentage																	
2018.Q2.G.01	FC_ACC_SSID	Proportion of small-scale industries with a loan or line of credit (%)	534	-63.06198692	18.03926508	SXM	Sint Maarten (Dutch part)	1	PERCENT	Percentage																	
2018.Q2.G.01	FC_ACC_SSID	Proportion of small-scale industries with a loan or line of credit (%)	540	165.5067368	-21.41742531	NCL	New Caledonia	1	PERCENT	Percentage																	
2018.Q2.G.01	FC_ACC_SSID	Proportion of small-scale industries with a loan or line of credit (%)	548	167.0679779	-15.34445547	VUT	Vanuatu	1	PERCENT	Percentage				56.72506										2009	56.72506	World Bank Enterprise Surveys 2017	G
2018.Q2.G.01	FC_ACC_SSID	Proportion of small-scale industries with a loan or line of credit (%)	554	170.4755673	-43.98721568	NZL	New Zealand	1	PERCENT	Percentage																	
2018.Q2.G.01	FC_ACC_SSID	Proportion of small-scale industries with a loan or line of credit (%)	558	-85.03060315	12.84210839	NIC	Nicaragua	1	PERCENT	Percentage	39.37255				28.51856						58.68191		58.68191	2016	58.68191	World Bank Enterprise Surveys 2017	G
2018.Q2.G.01	FC_ACC_SSID	Proportion of small-scale industries with a loan or line of credit (%)	562	9.400167877	17.42143036	NER	Niger	1	PERCENT	Percentage				38.55537								6.71864	6.71864	2017	6.71864	World Bank Enterprise Surveys 2017	G
2018.Q2.G.01	FC_ACC_SSID	Proportion of small-scale industries with a loan or line of credit (%)	566	8.097363256	9.585789025	NGA	Nigeria	1	PERCENT	Percentage		1.88079							5.11226				5.11226	2014	5.11226	World Bank Enterprise Surveys 2017	G
2018.Q2.G.01	FC_ACC_SSID	Proportion of small-scale industries with a loan or line of credit (%)	570	-169.8601693	-19.05000475	NIU	Niue	1	PERCENT	Percentage																	
2018.Q2.G.01	FC_ACC_SSID	Proportion of small-scale industries with a loan or line of credit (%)	574	167.9515548	-29.03230018	NFK	Norfolk Island	1	PERCENT	Percentage																	
2018.Q2.G.01	FC_ACC_SSID	Proportion of small-scale industries with a loan or line of credit (%)	578	11.47846389	61.34311134	NOR	Norway	1	PERCENT	Percentage																	
2018.Q2.G.01	FC_ACC_SSID	Proportion of small-scale industries with a loan or line of credit (%)	580	145.7582114	15.19099517	MNP	Northern Mariana Islands	1	PERCENT	Percentage																	
2018.Q2.G.01	FC_ACC_SSID	Proportion of small-scale industries with a loan or line of credit (%)	581	-162.4343752	5.874443968	UMI	US Minor Outlying Islands	1	PERCENT	Percentage																	
2018.Q2.G.01	FC_ACC_SSID	Proportion of small-scale industries with a loan or line of credit (%)	583	158.225216	6.880670092	FSM	Micronesia, Federated States of	1	PERCENT	Percentage				58.08648										2009	58.08648	World Bank Enterprise Surveys 2017	G
2018.Q2.G.01	FC_ACC_SSID	Proportion of small-scale industries with a loan or line of credit (%)	584	171.0839119	7.110213497	MHL	Marshall Islands	1	PERCENT	Percentage																	
2018.Q2.G.01	FC_ACC_SSID	Proportion of small-scale industries with a loan or line of credit (%)	585	134.5733878	7.502307591	PLW	Palau	1	PERCENT	Percentage																	
2018.Q2.G.01	FC_ACC_SSID	Proportion of small-scale industries with a loan or line of credit (%)	586	68.80479684	29.36491634	PAK	Pakistan	1	PERCENT	Percentage		2.15207						6.55294					6.55294	2013	6.55294	World Bank Enterprise Surveys 2017	G
2018.Q2.G.01	FC_ACC_SSID	Proportion of small-scale industries with a loan or line of credit (%)	591	-81.26616623	8.450965746	PAN	Panama	1	PERCENT	Percentage	45.38386				26.79298									2010	26.79298	World Bank Enterprise Surveys 2017	G
2018.Q2.G.01	FC_ACC_SSID	Proportion of small-scale industries with a loan or line of credit (%)	598	145.8587761	-6.756057077	PNG	Papua New Guinea	1	PERCENT	Percentage										30.89587			30.89587	2015	30.89587	World Bank Enterprise Surveys 2017	G
2018.Q2.G.01	FC_ACC_SSID	Proportion of small-scale industries with a loan or line of credit (%)	600	-60.54854225	-21.70216237	PRY	Paraguay	1	PERCENT	Percentage	39.47022				69.98009							35.72174	35.72174	2017	35.72174	World Bank Enterprise Surveys 2017	G
2018.Q2.G.01	FC_ACC_SSID	Proportion of small-scale industries with a loan or line of credit (%)	604	-71.82093277	-13.58939705	PER	Peru	1	PERCENT	Percentage	40.33984				65.84459									2010	65.84459	World Bank Enterprise Surveys 2017	G
2018.Q2.G.01	FC_ACC_SSID	Proportion of small-scale industries with a loan or line of credit (%)	608	120.8601418	14.16591706	PHL	Philippines	1	PERCENT	Percentage				16.38826						23.99074			23.99074	2015	23.99074	World Bank Enterprise Surveys 2017	G
2018.Q2.G.01	FC_ACC_SSID	Proportion of small-scale industries with a loan or line of credit (%)	612	-128.3225873	-24.37538456	PCN	Pitcairn	1	PERCENT	Percentage																	
2018.Q2.G.01	FC_ACC_SSID	Proportion of small-scale industries with a loan or line of credit (%)	616	19.40660158	52.1226733	POL	Poland	1	PERCENT	Percentage				47.43361				26.1805					26.1805	2013	26.1805	World Bank Enterprise Surveys 2017	G
2018.Q2.G.01	FC_ACC_SSID	Proportion of small-scale industries with a loan or line of credit (%)	620	-7.961599811	39.68509315	PRT	Portugal	1	PERCENT	Percentage																	
2018.Q2.G.01	FC_ACC_SSID	Proportion of small-scale industries with a loan or line of credit (%)	624	-14.40182514	12.11760394	GNB	Guinea-Bissau	1	PERCENT	Percentage	2.52134													2006	2.52134	World Bank Enterprise Surveys 2017	G
2018.Q2.G.01	FC_ACC_SSID	Proportion of small-scale industries with a loan or line of credit (%)	626	125.9451052	-8.797497247	TLS	Timor-Leste	1	PERCENT	Percentage				5.83042						20.15175			20.15175	2015	20.15175	World Bank Enterprise Surveys 2017	G
2018.Q2.G.01	FC_ACC_SSID	Proportion of small-scale industries with a loan or line of credit (%)	630	-66.47591017	18.22753799	PRI	Puerto Rico	1	PERCENT	Percentage																	
2018.Q2.G.01	FC_ACC_SSID	Proportion of small-scale industries with a loan or line of credit (%)	634	51.19152467	25.28355379	QAT	Qatar	1	PERCENT	Percentage																	
2018.Q2.G.01	FC_ACC_SSID	Proportion of small-scale industries with a loan or line of credit (%)	638	55.53171398	-21.13183266	REU	Réunion	1	PERCENT	Percentage																	
2018.Q2.G.01	FC_ACC_SSID	Proportion of small-scale industries with a loan or line of credit (%)	642	24.98481009	45.83893563	ROU	Romania	1	PERCENT	Percentage				29.91934				42.81924					42.81924	2013	42.81924	World Bank Enterprise Surveys 2017	G
2018.Q2.G.01	FC_ACC_SSID	Proportion of small-scale industries with a loan or line of credit (%)	643	99.01404926	61.61899849	RUS	Russian Federation	1	PERCENT	Percentage				5.83339			10.62098							2012	10.62098	World Bank Enterprise Surveys 2017	G
2018.Q2.G.01	FC_ACC_SSID	Proportion of small-scale industries with a loan or line of credit (%)	646	29.92310194	-1.999842114	RWA	Rwanda	1	PERCENT	Percentage	36.69676					29.19489								2011	29.19489	World Bank Enterprise Surveys 2017	G
2018.Q2.G.01	FC_ACC_SSID	Proportion of small-scale industries with a loan or line of credit (%)	652	-62.83173536	17.89513362	BLM	Saint Barthélemy	1	PERCENT	Percentage																	
2018.Q2.G.01	FC_ACC_SSID	Proportion of small-scale industries with a loan or line of credit (%)	654	-5.705752501	-15.96503946	SHN	Saint Helena	1	PERCENT	Percentage																	
2018.Q2.G.01	FC_ACC_SSID	Proportion of small-scale industries with a loan or line of credit (%)	659	-62.76628613	17.33994219	KNA	Saint Kitts and Nevis	1	PERCENT	Percentage					29.5082									2010	29.5082	World Bank Enterprise Surveys 2017	G
2018.Q2.G.01	FC_ACC_SSID	Proportion of small-scale industries with a loan or line of credit (%)	660	-63.05651612	18.21525315	AIA	Anguilla	1	PERCENT	Percentage																	
2018.Q2.G.01	FC_ACC_SSID	Proportion of small-scale industries with a loan or line of credit (%)	662	-60.96529553	13.89405601	LCA	Saint Lucia	1	PERCENT	Percentage					41.02564									2010	41.02564	World Bank Enterprise Surveys 2017	G
2018.Q2.G.01	FC_ACC_SSID	Proportion of small-scale industries with a loan or line of credit (%)	663	-63.04505461	18.0882685	MAF	Saint Martin (French Part)	1	PERCENT	Percentage																	
2018.Q2.G.01	FC_ACC_SSID	Proportion of small-scale industries with a loan or line of credit (%)	666	-56.33682442	46.85812735	SPM	Saint Pierre and Miquelon	1	PERCENT	Percentage																	
2018.Q2.G.01	FC_ACC_SSID	Proportion of small-scale industries with a loan or line of credit (%)	670	-61.19024321	13.24627968	VCT	Saint Vincent and the Grenadines	1	PERCENT	Percentage					65.93001									2010	65.93001	World Bank Enterprise Surveys 2017	G
2018.Q2.G.01	FC_ACC_SSID	Proportion of small-scale industries with a loan or line of credit (%)	674	12.46329038	43.93841766	SMR	San Marino	1	PERCENT	Percentage																	
2018.Q2.G.01	FC_ACC_SSID	Proportion of small-scale industries with a loan or line of credit (%)	678	6.609772265	0.241554875	STP	Sao Tome and Principe	1	PERCENT	Percentage																	
2018.Q2.G.01	FC_ACC_SSID	Proportion of small-scale industries with a loan or line of credit (%)	682	44.54763347	24.12594211	SAU	Saudi Arabia	1	PERCENT	Percentage																	
2018.Q2.G.01	FC_ACC_SSID	Proportion of small-scale industries with a loan or line of credit (%)	686	-14.46636926	14.35920905	SEN	Senegal	1	PERCENT	Percentage		7.10059							10.46976				10.46976	2014	10.46976	World Bank Enterprise Surveys 2017	G
2018.Q2.G.01	FC_ACC_SSID	Proportion of small-scale industries with a loan or line of credit (%)	688	20.805876	44.03145697	SRB	Serbia	1	PERCENT	Percentage				62.86337				47.35334					47.35334	2013	47.35334	World Bank Enterprise Surveys 2017	G
2018.Q2.G.01	FC_ACC_SSID	Proportion of small-scale industries with a loan or line of credit (%)	690	55.46561591	-4.678053059	SYC	Seychelles	1	PERCENT	Percentage																	
2018.Q2.G.01	FC_ACC_SSID	Proportion of small-scale industries with a loan or line of credit (%)	694	-11.78306584	8.568604164	SLE	Sierra Leone	1	PERCENT	Percentage				6.03646								3.0171	3.0171	2017	3.0171	World Bank Enterprise Surveys 2017	G
2018.Q2.G.01	FC_ACC_SSID	Proportion of small-scale industries with a loan or line of credit (%)	702	103.8107883	1.361009155	SGP	Singapore	1	PERCENT	Percentage																	
2018.Q2.G.01	FC_ACC_SSID	Proportion of small-scale industries with a loan or line of credit (%)	703	19.48495604	48.70741446	SVK	Slovakia	1	PERCENT	Percentage				50.7469				45.78978					45.78978	2013	45.78978	World Bank Enterprise Surveys 2017	G
2018.Q2.G.01	FC_ACC_SSID	Proportion of small-scale industries with a loan or line of credit (%)	704	105.802499	10.09643079	VNM	Viet Nam	1	PERCENT	Percentage				30.63618						37.28332			37.28332	2015	37.28332	World Bank Enterprise Surveys 2017	G
2018.Q2.G.01	FC_ACC_SSID	Proportion of small-scale industries with a loan or line of credit (%)	705	14.82209486	46.11958061	SVN	Slovenia	1	PERCENT	Percentage				67.23179				72.26477					72.26477	2013	72.26477	World Bank Enterprise Surveys 2017	G
2018.Q2.G.01	FC_ACC_SSID	Proportion of small-scale industries with a loan or line of credit (%)	706	46.20367477	4.406485729	SOM	Somalia	1	PERCENT	Percentage																	
2018.Q2.G.01	FC_ACC_SSID	Proportion of small-scale industries with a loan or line of credit (%)	710	24.67184355	-29.99957544	ZAF	South Africa	1	PERCENT	Percentage		21.0986												2007	21.0986	World Bank Enterprise Surveys 2017	G
2018.Q2.G.01	FC_ACC_SSID	Proportion of small-scale industries with a loan or line of credit (%)	716	29.86909584	-19.00075492	ZWE	Zimbabwe	1	PERCENT	Percentage						7.43053					5.68802		5.68802	2016	5.68802	World Bank Enterprise Surveys 2017	G
2018.Q2.G.01	FC_ACC_SSID	Proportion of small-scale industries with a loan or line of credit (%)	724	-3.554078296	40.39211472	ESP	Spain	1	PERCENT	Percentage																	
2018.Q2.G.01	FC_ACC_SSID	Proportion of small-scale industries with a loan or line of credit (%)	728	30.32618773	7.290839152	SSD	South Sudan	1	PERCENT	Percentage									7.96052				7.96052	2014	7.96052	World Bank Enterprise Surveys 2017	G
2018.Q2.G.01	FC_ACC_SSID	Proportion of small-scale industries with a loan or line of credit (%)	732	-13.13515523	24.66265342	ESH	Western Sahara	1	PERCENT	Percentage																	
2018.Q2.G.01	FC_ACC_SSID	Proportion of small-scale industries with a loan or line of credit (%)	736	29.95650159	16.02643066	SDN	Sudan	1	PERCENT	Percentage																	
2018.Q2.G.01	FC_ACC_SSID	Proportion of small-scale industries with a loan or line of credit (%)	740	-55.90626394	4.132603197	SUR	Suriname	1	PERCENT	Percentage					44.56021									2010	44.56021	World Bank Enterprise Surveys 2017	G
2018.Q2.G.01	FC_ACC_SSID	Proportion of small-scale industries with a loan or line of credit (%)	744	13.38071013	78.82894131	SJM	Svalbard and Jan Mayen Islands	1	PERCENT	Percentage																	
2018.Q2.G.01	FC_ACC_SSID	Proportion of small-scale industries with a loan or line of credit (%)	748	31.50149288	-26.56471011	SWZ	Swaziland	1	PERCENT	Percentage	33.75942										46.86491		46.86491	2016	46.86491	World Bank Enterprise Surveys 2017	G
2018.Q2.G.01	FC_ACC_SSID	Proportion of small-scale industries with a loan or line of credit (%)	752	14.3775338	60.60103109	SWE	Sweden	1	PERCENT	Percentage									41.34183				41.34183	2014	41.34183	World Bank Enterprise Surveys 2017	G
2018.Q2.G.01	FC_ACC_SSID	Proportion of small-scale industries with a loan or line of credit (%)	756	8.223158	46.96617097	CHE	Switzerland	1	PERCENT	Percentage																	
2018.Q2.G.01	FC_ACC_SSID	Proportion of small-scale industries with a loan or line of credit (%)	760	38.50466565	35.01676176	SYR	Syrian Arab Republic (Syria)	1	PERCENT	Percentage																	
2018.Q2.G.01	FC_ACC_SSID	Proportion of small-scale industries with a loan or line of credit (%)	762	69.294998	38.43069666	TJK	Tajikistan	1	PERCENT	Percentage			21.89877					15.25496					15.25496	2013	15.25496	World Bank Enterprise Surveys 2017	G
2018.Q2.G.01	FC_ACC_SSID	Proportion of small-scale industries with a loan or line of credit (%)	764	101.0202951	15.13089239	THA	Thailand	1	PERCENT	Percentage											9.04189		9.04189	2016	9.04189	World Bank Enterprise Surveys 2017	G
2018.Q2.G.01	FC_ACC_SSID	Proportion of small-scale industries with a loan or line of credit (%)	768	0.97835765	8.532096072	TGO	Togo	1	PERCENT	Percentage				24.0971							19.40912		19.40912	2016	19.40912	World Bank Enterprise Surveys 2017	G
2018.Q2.G.01	FC_ACC_SSID	Proportion of small-scale industries with a loan or line of credit (%)	772	-171.8154473	-9.214545558	TKL	Tokelau	1	PERCENT	Percentage																	
2018.Q2.G.01	FC_ACC_SSID	Proportion of small-scale industries with a loan or line of credit (%)	776	-175.1959991	-21.19511329	TON	Tonga	1	PERCENT	Percentage				44.91461										2009	44.91461	World Bank Enterprise Surveys 2017	G
2018.Q2.G.01	FC_ACC_SSID	Proportion of small-scale industries with a loan or line of credit (%)	780	-61.29389504	10.41877263	TTO	Trinidad and Tobago	1	PERCENT	Percentage					53.90211									2010	53.90211	World Bank Enterprise Surveys 2017	G
2018.Q2.G.01	FC_ACC_SSID	Proportion of small-scale industries with a loan or line of credit (%)	784	53.98279159	23.43322219	ARE	United Arab Emirates	1	PERCENT	Percentage																	
2018.Q2.G.01	FC_ACC_SSID	Proportion of small-scale industries with a loan or line of credit (%)	788	9.572737411	34.11439971	TUN	Tunisia	1	PERCENT	Percentage								39.95648					39.95648	2013	39.95648	World Bank Enterprise Surveys 2017	G
2018.Q2.G.01	FC_ACC_SSID	Proportion of small-scale industries with a loan or line of credit (%)	792	35.42890329	38.9899684	TUR	Turkey	1	PERCENT	Percentage			45.56001					46.83623					46.83623	2013	46.83623	World Bank Enterprise Surveys 2017	G
2018.Q2.G.01	FC_ACC_SSID	Proportion of small-scale industries with a loan or line of credit (%)	795	58.9787665	40.0912346	TKM	Turkmenistan	1	PERCENT	Percentage																	
2018.Q2.G.01	FC_ACC_SSID	Proportion of small-scale industries with a loan or line of credit (%)	796	-71.745121	21.80780585	TCA	Turks and Caicos Islands	1	PERCENT	Percentage																	
2018.Q2.G.01	FC_ACC_SSID	Proportion of small-scale industries with a loan or line of credit (%)	798	178.6679611	-7.460048071	TUV	Tuvalu	1	PERCENT	Percentage																	
2018.Q2.G.01	FC_ACC_SSID	Proportion of small-scale industries with a loan or line of credit (%)	800	32.39100438	1.279557331	UGA	Uganda	1	PERCENT	Percentage	10.17199							6.31303					6.31303	2013	6.31303	World Bank Enterprise Surveys 2017	G
2018.Q2.G.01	FC_ACC_SSID	Proportion of small-scale industries with a loan or line of credit (%)	804	31.40270802	49.00735945	UKR	Ukraine	1	PERCENT	Percentage			17.63008					16.49507					16.49507	2013	16.49507	World Bank Enterprise Surveys 2017	G
2018.Q2.G.01	FC_ACC_SSID	Proportion of small-scale industries with a loan or line of credit (%)	807	21.7007909	41.60048068	MKD	Macedonia, Republic of	1	PERCENT	Percentage				61.15834				40.92853					40.92853	2013	40.92853	World Bank Enterprise Surveys 2017	G
2018.Q2.G.01	FC_ACC_SSID	Proportion of small-scale industries with a loan or line of credit (%)	818	29.77468534	26.57438204	EGY	Egypt	1	PERCENT	Percentage								5.2517			4.32683		4.789265	2016	4.32683	World Bank Enterprise Surveys 2017	G
2018.Q2.G.01	FC_ACC_SSID	Proportion of small-scale industries with a loan or line of credit (%)	826	-2.23830539	53.27691757	GBR	United Kingdom	1	PERCENT	Percentage																	
2018.Q2.G.01	FC_ACC_SSID	Proportion of small-scale industries with a loan or line of credit (%)	831	-2.200712402	49.71561166	GGY	Guernsey	1	PERCENT	Percentage																	
2018.Q2.G.01	FC_ACC_SSID	Proportion of small-scale industries with a loan or line of credit (%)	832	-2.136773508	49.22353354	JEY	Jersey	1	PERCENT	Percentage																	
2018.Q2.G.01	FC_ACC_SSID	Proportion of small-scale industries with a loan or line of credit (%)	833	-4.538190305	54.22880901	IMN	Isle of Man	1	PERCENT	Percentage																	
2018.Q2.G.01	FC_ACC_SSID	Proportion of small-scale industries with a loan or line of credit (%)	834	34.80521182	-6.265332606	TZA	Tanzania, United Republic of	1	PERCENT	Percentage	10.38311							11.10586					11.10586	2013	11.10586	World Bank Enterprise Surveys 2017	G
2018.Q2.G.01	FC_ACC_SSID	Proportion of small-scale industries with a loan or line of credit (%)	840	-99.13830311	39.5277871	USA	United States of America	1	PERCENT	Percentage																	
2018.Q2.G.01	FC_ACC_SSID	Proportion of small-scale industries with a loan or line of credit (%)	850	-64.76960113	17.73297693	VIR	United States Virgin Islands	1	PERCENT	Percentage																	
2018.Q2.G.01	FC_ACC_SSID	Proportion of small-scale industries with a loan or line of credit (%)	854	-1.742843829	12.27491081	BFA	Burkina Faso	1	PERCENT	Percentage				20.24594										2009	20.24594	World Bank Enterprise Surveys 2017	G
2018.Q2.G.01	FC_ACC_SSID	Proportion of small-scale industries with a loan or line of credit (%)	858	-56.01387025	-32.8002838	URY	Uruguay	1	PERCENT	Percentage	40.89995				25.55106							43.50363	43.50363	2017	43.50363	World Bank Enterprise Surveys 2017	G
2018.Q2.G.01	FC_ACC_SSID	Proportion of small-scale industries with a loan or line of credit (%)	860	63.11944558	41.77560518	UZB	Uzbekistan	1	PERCENT	Percentage			8.48338					27.32376					27.32376	2013	27.32376	World Bank Enterprise Surveys 2017	G
2018.Q2.G.01	FC_ACC_SSID	Proportion of small-scale industries with a loan or line of credit (%)	862	-66.15642084	7.121324748	VEN	Venezuela (Bolivarian Republic)	1	PERCENT	Percentage	20.38601				45.2589									2010	45.2589	World Bank Enterprise Surveys 2017	G
2018.Q2.G.01	FC_ACC_SSID	Proportion of small-scale industries with a loan or line of credit (%)	876	-176.2034788	-13.28471201	WLF	Wallis and Futuna Islands	1	PERCENT	Percentage																	
2018.Q2.G.01	FC_ACC_SSID	Proportion of small-scale industries with a loan or line of credit (%)	882	-172.4430749	-13.61541469	WSM	Samoa	1	PERCENT	Percentage				32.55051										2009	32.55051	World Bank Enterprise Surveys 2017	G
2018.Q2.G.01	FC_ACC_SSID	Proportion of small-scale industries with a loan or line of credit (%)	887	45.22389143	15.22242099	YEM	Yemen	1	PERCENT	Percentage					3.34985			3.38159					3.38159	2013	3.38159	World Bank Enterprise Surveys 2017	G
2018.Q2.G.01	FC_ACC_SSID	Proportion of small-scale industries with a loan or line of credit (%)	894	27.850329	-14.59701056	ZMB	Zambia	1	PERCENT	Percentage		4.08976						11.21845					11.21845	2013	11.21845	World Bank Enterprise Surveys 2017	G
