series.release	series.code	series.description	geoAreaCode	X	Y	ISO3CD	geoAreaName	sliceId	Units	Units description	2000	2001	2002	2003	2004	2005	2006	2007	2008	2009	2010	2011	2012	2013	2014	2015	last.5.years.mean	latest.year	latest.value	latest.source	latest.nature
2018.Q2.G.01	NV_IND_TECH	Proportion of medium and high-tech industry value added in total value added (%)	4	66.02688198	33.83160199	AFG	Afghanistan	1	PERCENT	Percentage	13.59084	13.59084	13.59084	13.59084	14.27572	2.71766	2.70155	3.06396	9.5593	10.00684	9.48396	9.28515	8.92793	9.25812	9.50743	9.50743	9.297212	2015	9.50743	UNIDO CIP 2016 Database. Available at https://stat.unido.org.	M
2018.Q2.G.01	NV_IND_TECH	Proportion of medium and high-tech industry value added in total value added (%)	8	20.06660928	41.13897007	ALB	Albania	1	PERCENT	Percentage	7.61097	12.30733	7.80105	6.4348	8.79562	16.98425	20.21227	18.95075	14.08801	14.36152	6.55594	10.54919	17.09505	5.63649	6.62827	6.6907	9.31994	2015	6.6907	UNIDO CIP 2016 Database. Available at https://stat.unido.org.	M
2018.Q2.G.01	NV_IND_TECH	Proportion of medium and high-tech industry value added in total value added (%)	10	21.47585697	-80.40897662	ATA	Antarctica	1	PERCENT	Percentage																					
2018.Q2.G.01	NV_IND_TECH	Proportion of medium and high-tech industry value added in total value added (%)	12	2.678164227	28.15940032	DZA	Algeria	1	PERCENT	Percentage	11.27833	11.27833	14.36849	14.36849	14.36849	14.36849	14.36849	14.36849	15.15203	10.84891	9.66153	9.96336	10.14455	9.14079	9.14079	9.14079	9.506056	2015	9.14079	UNIDO CIP 2016 Database. Available at https://stat.unido.org.	M
2018.Q2.G.01	NV_IND_TECH	Proportion of medium and high-tech industry value added in total value added (%)	16	-170.7187269	-14.30587306	ASM	American Samoa	1	PERCENT	Percentage																					
2018.Q2.G.01	NV_IND_TECH	Proportion of medium and high-tech industry value added in total value added (%)	20	1.576257417	42.54548611	AND	Andorra	1	PERCENT	Percentage																					
2018.Q2.G.01	NV_IND_TECH	Proportion of medium and high-tech industry value added in total value added (%)	24	17.57817062	-12.33724746	AGO	Angola	1	PERCENT	Percentage	4.51858	4.51858	4.51858	4.51858	4.51858	4.51858	4.51858	4.51858	4.51858	4.51858	4.51858	4.51858	4.51858	4.51858	4.51858	3.89201	4.393266	2015	3.89201	UNIDO CIP 2016 Database. Available at https://stat.unido.org.	M
2018.Q2.G.01	NV_IND_TECH	Proportion of medium and high-tech industry value added in total value added (%)	28	-61.7999755	17.07761471	ATG	Antigua and Barbuda	1	PERCENT	Percentage																					
2018.Q2.G.01	NV_IND_TECH	Proportion of medium and high-tech industry value added in total value added (%)	31	50.01064725	40.39229544	AZE	Azerbaijan	1	PERCENT	Percentage	16.53477	23.81822	24.88587	19.81802	18.47081	38.5041	24.21891	19.92034	13.17337	13.8767	10.07076	12.49473	12.496	15.71798	17.53864	13.70048	14.389566	2015	13.70048	UNIDO CIP 2016 Database. Available at https://stat.unido.org.	M
2018.Q2.G.01	NV_IND_TECH	Proportion of medium and high-tech industry value added in total value added (%)	32	-65.14563274	-35.19446255	ARG	Argentina	1	PERCENT	Percentage	28.59574	26.98261	26.00065	26.00065	26.00065	26.00065	26.00065	26.00065	26.00065	26.00065	26.00065	26.00065	26.00065	26.00065	26.00065	26.00065	26.00065	2015	26.00065	UNIDO CIP 2016 Database. Available at https://stat.unido.org.	M
2018.Q2.G.01	NV_IND_TECH	Proportion of medium and high-tech industry value added in total value added (%)	36	134.3499412	-25.57717202	AUS	Australia	1	PERCENT	Percentage	27.2399	26.02618	24.7339	23.90711	24.66209	24.4889	25.08401	26.48138	26.17933	28.02983	27.81665	28.3043	29.42757	30.88139	30.69729	28.17006	29.496122	2015	28.17006	UNIDO CIP 2016 Database. Available at https://stat.unido.org.	M
2018.Q2.G.01	NV_IND_TECH	Proportion of medium and high-tech industry value added in total value added (%)	40	14.14172472	47.58704857	AUT	Austria	1	PERCENT	Percentage	38.80752	38.24113	38.36056	39.70298	39.84123	41.67288	42.1483	42.61642	43.78164	42.69671	44.83634	46.00978	45.68698	45.9689	46.46337	45.93115	46.012036	2015	45.93115	UNIDO CIP 2016 Database. Available at https://stat.unido.org.	M
2018.Q2.G.01	NV_IND_TECH	Proportion of medium and high-tech industry value added in total value added (%)	44	-78.05111663	24.69546597	BHS	Bahamas	1	PERCENT	Percentage	27.77352	27.77352	27.77352	27.77352	27.77352	27.77352	27.77352	27.77352	27.77352	27.77352	27.77352	27.77352	27.77352	27.77352	27.77352	27.77352	27.77352	2015	27.77352	UNIDO CIP 2016 Database. Available at https://stat.unido.org.	M
2018.Q2.G.01	NV_IND_TECH	Proportion of medium and high-tech industry value added in total value added (%)	48	50.5490754	26.04407747	BHR	Bahrain	1	PERCENT	Percentage	12.55588	18.66667	18.15336	21.45576	21.81619	23.80719	25.71018	23.54546	28.24891	26.76049	24.91098	22.73156	21.68	22.50474	24.41092	24.41092	23.147628	2015	24.41092	UNIDO CIP 2016 Database. Available at https://stat.unido.org.	M
2018.Q2.G.01	NV_IND_TECH	Proportion of medium and high-tech industry value added in total value added (%)	50	89.17660788	22.86961622	BGD	Bangladesh	1	PERCENT	Percentage	21.08197	21.08197	21.08197	20.54532	20.54532	17.52962	20.1694	17.52962	17.52962	9.13741	9.13741	9.75763	9.46513	9.46513	9.46513	9.46513	9.52363	2015	9.46513	UNIDO CIP 2016 Database. Available at https://stat.unido.org.	M
2018.Q2.G.01	NV_IND_TECH	Proportion of medium and high-tech industry value added in total value added (%)	51	44.93839317	40.29499741	ARM	Armenia	1	PERCENT	Percentage	9.52627	9.95636	7.75273	7.54789	8.28324	7.47426	7.61688	7.97324	7.44113	5.88698	4.94857	4.22659	4.33074	4.02424	3.66358	3.66358	3.981746	2015	3.66358	UNIDO CIP 2016 Database. Available at https://stat.unido.org.	M
2018.Q2.G.01	NV_IND_TECH	Proportion of medium and high-tech industry value added in total value added (%)	52	-59.5346489	13.13648273	BRB	Barbados	1	PERCENT	Percentage	38.1108	38.1108	38.1108	38.1108	38.1108	38.1108	38.1108	38.1108	38.1108	38.1108	38.1108	38.1108	38.1108	38.1108	38.1108	38.1108	38.1108	2015	38.1108	UNIDO CIP 2016 Database. Available at https://stat.unido.org.	M
2018.Q2.G.01	NV_IND_TECH	Proportion of medium and high-tech industry value added in total value added (%)	56	4.660976456	50.64104975	BEL	Belgium	1	PERCENT	Percentage	43.92267	44.15808	44.00426	43.17389	42.71952	43.69927	45.14857	42.25224	43.38064	42.64512	35.04066	37.61569	48.05138	50.77392	49.78215	49.46894	47.138416	2015	49.46894	UNIDO CIP 2016 Database. Available at https://stat.unido.org.	M
2018.Q2.G.01	NV_IND_TECH	Proportion of medium and high-tech industry value added in total value added (%)	60	-64.78155012	32.27881922	BMU	Bermuda	1	PERCENT	Percentage	16.83835	16.83835	16.83835	16.83835	16.83835	16.83835	16.83835	16.30631	18.85142	21.90021	19.882	20.18734	23.43977	19.69198	25.28958	25.28958	22.77965	2015	25.28958	UNIDO CIP 2016 Database. Available at https://stat.unido.org.	M
2018.Q2.G.01	NV_IND_TECH	Proportion of medium and high-tech industry value added in total value added (%)	64	90.45098484	27.39598568	BTN	Bhutan	1	PERCENT	Percentage																					
2018.Q2.G.01	NV_IND_TECH	Proportion of medium and high-tech industry value added in total value added (%)	68	-64.66224284	-16.71273412	BOL	Bolivia (Plurinational State of)	1	PERCENT	Percentage	4.90853	5.0542	5.0542	5.0542	5.0542	5.0542	11.67377	11.67377	11.67377	11.67377	11.59005	11.67377	11.67377	11.67377	11.67377	11.67377	11.67377	2015	11.67377	UNIDO CIP 2016 Database. Available at https://stat.unido.org.	M
2018.Q2.G.01	NV_IND_TECH	Proportion of medium and high-tech industry value added in total value added (%)	70	17.78584332	44.16845548	BIH	Bosnia and Herzegovina	1	PERCENT	Percentage	29.17025	16.13792	16.13792	16.13792	16.13792	16.13792	16.13792	16.13792	16.13792	16.13792	16.13792	17.12394	19.26365	17.69038	17.92425	17.54684	17.909812	2015	17.54684	UNIDO CIP 2016 Database. Available at https://stat.unido.org.	M
2018.Q2.G.01	NV_IND_TECH	Proportion of medium and high-tech industry value added in total value added (%)	72	23.81380223	-22.18810073	BWA	Botswana	1	PERCENT	Percentage	0.85811	0.85811	77.68447	77.68447	77.68447	7.15601	7.15601	7.15601	8.04321	8.27571	9.68805	8.85727	9.00306	8.88414	7.97876	16.50533	10.245712	2015	16.50533	UNIDO CIP 2016 Database. Available at https://stat.unido.org.	M
2018.Q2.G.01	NV_IND_TECH	Proportion of medium and high-tech industry value added in total value added (%)	74	3.410732868	-54.43295905	BVT	Bouvet Island	1	PERCENT	Percentage																					
2018.Q2.G.01	NV_IND_TECH	Proportion of medium and high-tech industry value added in total value added (%)	76	-53.08432878	-10.77668561	BRA	Brazil	1	PERCENT	Percentage	35.02378	35.78525	35.04855	33.7637	35.00193	33.58968	33.94734	35.72553	37.21807	36.43461	36.62937	36.2793	35.21005	36.17563	35.15962	35.15962	35.596844	2015	35.15962	UNIDO CIP 2016 Database. Available at https://stat.unido.org.	M
2018.Q2.G.01	NV_IND_TECH	Proportion of medium and high-tech industry value added in total value added (%)	84	-88.70199554	17.19965901	BLZ	Belize	1	PERCENT	Percentage	18.45982	18.45982	18.45982	18.45982	18.45982	18.45982	18.45982	18.45982	18.45982	18.45982	18.45982	18.45982	18.45982	18.45982	18.45982	18.45982	18.45982	2015	18.45982	UNIDO CIP 2016 Database. Available at https://stat.unido.org.	M
2018.Q2.G.01	NV_IND_TECH	Proportion of medium and high-tech industry value added in total value added (%)	86	72.38715553	-7.299281071	IOT	British Indian Ocean Territory	1	PERCENT	Percentage																					
2018.Q2.G.01	NV_IND_TECH	Proportion of medium and high-tech industry value added in total value added (%)	90	160.1584117	-9.622391719	SLB	Solomon Islands	1	PERCENT	Percentage																					
2018.Q2.G.01	NV_IND_TECH	Proportion of medium and high-tech industry value added in total value added (%)	92	-64.63294223	18.42256578	VGB	British Virgin Islands	1	PERCENT	Percentage																					
2018.Q2.G.01	NV_IND_TECH	Proportion of medium and high-tech industry value added in total value added (%)	96	114.6288563	4.49736984	BRN	Brunei Darussalam	1	PERCENT	Percentage	3.31993	3.31993	3.31993	3.31993	3.31993	3.31993	3.31993	3.31993	3.31993	3.31993	3.31993	3.31993	3.31993	3.31993	3.31993	3.31993	3.31993	2015	3.31993	UNIDO CIP 2016 Database. Available at https://stat.unido.org.	M
2018.Q2.G.01	NV_IND_TECH	Proportion of medium and high-tech industry value added in total value added (%)	100	25.23763153	42.75731323	BGR	Bulgaria	1	PERCENT	Percentage	30.38849	30.52695	32.51318	29.67758	25.40797	26.95218	27.46286	27.32919	29.25787	27.85677	24.69932	24.77418	29.29282	32.05993	31.41895	29.97093	29.503362	2015	29.97093	UNIDO CIP 2016 Database. Available at https://stat.unido.org.	M
2018.Q2.G.01	NV_IND_TECH	Proportion of medium and high-tech industry value added in total value added (%)	104	96.51752295	21.19332882	MMR	Myanmar	1	PERCENT	Percentage	12.41268	12.41268	12.41268	12.41268	12.41268	12.41268	12.41268	12.41268	12.41268	9.28765	11.65337	10.98549	11.21455	7.61526	6.63349	6.63349	8.616456	2015	6.63349	UNIDO CIP 2016 Database. Available at https://stat.unido.org.	M
2018.Q2.G.01	NV_IND_TECH	Proportion of medium and high-tech industry value added in total value added (%)	108	29.89080992	-3.366387428	BDI	Burundi	1	PERCENT	Percentage	2.41099	2.61417	2.61025	2.93194	3.18641	3.37842	3.37842	3.6647	2.15376	3.30006	3.08204	2.04759	2.20834	2.7892	2.57019	2.57019	2.437102	2015	2.57019	UNIDO CIP 2016 Database. Available at https://stat.unido.org.	M
2018.Q2.G.01	NV_IND_TECH	Proportion of medium and high-tech industry value added in total value added (%)	112	28.04940161	53.54193075	BLR	Belarus	1	PERCENT	Percentage	41.99781	41.99781	41.99781	41.99781	41.99781	41.99781	41.99781	41.99781	41.99781	36.83868	39.98164	47.13237	43.25612	36.45218	37.98758	37.98758	40.563166	2015	37.98758	UNIDO CIP 2016 Database. Available at https://stat.unido.org.	M
2018.Q2.G.01	NV_IND_TECH	Proportion of medium and high-tech industry value added in total value added (%)	116	104.922836	12.71163737	KHM	Cambodia	1	PERCENT	Percentage	0.25953	0.25953	0.25953	0.25953	0.25953	0.25953	0.25953	0.25953	0.25953	0.25953	0.25953	0.25953	0.25953	0.25953	0.25953	0.25953	0.25953	2015	0.25953	UNIDO CIP 2016 Database. Available at https://stat.unido.org.	M
2018.Q2.G.01	NV_IND_TECH	Proportion of medium and high-tech industry value added in total value added (%)	120	12.7419827	5.692387031	CMR	Cameroon	1	PERCENT	Percentage	1.81903	3.32914	11.0089	10.54286	10.54286	10.54286	7.90233	7.90233	7.61196	7.61196	7.61196	7.61196	7.61196	7.61196	7.61196	7.61196	7.61196	2015	7.61196	UNIDO CIP 2016 Database. Available at https://stat.unido.org.	M
2018.Q2.G.01	NV_IND_TECH	Proportion of medium and high-tech industry value added in total value added (%)	124	-101.6575058	57.72360191	CAN	Canada	1	PERCENT	Percentage	43.99976	42.00709	41.59413	40.94257	36.66419	37.57666	37.83853	38.81377	37.87126	31.22457	30.39958	30.12231	30.61386	30.573	30.573	30.573	30.491034	2015	30.573	UNIDO CIP 2016 Database. Available at https://stat.unido.org.	M
2018.Q2.G.01	NV_IND_TECH	Proportion of medium and high-tech industry value added in total value added (%)	132	-23.63544151	15.07791834	CPV	Cabo Verde	1	PERCENT	Percentage	30.6	30.6	30.6	30.6	30.6	27.1	27.1	27.1	27.1	27.1	27.1	27.1	27.1	27.1	27.1	27.1	27.1	2015	27.1	UNIDO CIP 2016 Database. Available at https://stat.unido.org.	M
2018.Q2.G.01	NV_IND_TECH	Proportion of medium and high-tech industry value added in total value added (%)	136	-81.16740559	19.32266656	CYM	Cayman Islands	1	PERCENT	Percentage																					
2018.Q2.G.01	NV_IND_TECH	Proportion of medium and high-tech industry value added in total value added (%)	140	20.93559492	7.003720791	CAF	Central African Republic	1	PERCENT	Percentage	9.24599	9.24599	9.24599	9.24599	9.24599	9.24599	9.24599	9.24599	9.24599	9.24599	9.24599	9.24599	9.24599	9.24599	9.24599	9.24599	9.24599	2015	9.24599	UNIDO CIP 2016 Database. Available at https://stat.unido.org.	M
2018.Q2.G.01	NV_IND_TECH	Proportion of medium and high-tech industry value added in total value added (%)	144	80.70489654	7.614693343	LKA	Sri Lanka	1	PERCENT	Percentage	9.43996	10.49214	10.49214	10.49214	19.53722	19.53722	17.61679	8.88725	13.92996	8.96398	11.7872	7.90236	7.95956	6.67864	6.67864	6.67864	7.179568	2015	6.67864	UNIDO CIP 2016 Database. Available at https://stat.unido.org.	M
2018.Q2.G.01	NV_IND_TECH	Proportion of medium and high-tech industry value added in total value added (%)	148	18.66618401	15.36279341	TCD	Chad	1	PERCENT	Percentage																					
2018.Q2.G.01	NV_IND_TECH	Proportion of medium and high-tech industry value added in total value added (%)	152	-71.23029019	-35.2652885	CHL	Chile	1	PERCENT	Percentage	28.1014	30.48191	31.51565	38.40483	37.50627	9.11766	6.63447	7.53629	19.42972	14.99412	25.85301	9.66505	21.45113	15.83601	13.67477	13.67477	14.860346	2015	13.67477	UNIDO CIP 2016 Database. Available at https://stat.unido.org.	M
2018.Q2.G.01	NV_IND_TECH	Proportion of medium and high-tech industry value added in total value added (%)	156	104.1403375	32.30955217	CHN	China	1	PERCENT	Percentage	42.87728	42.73418	43.88126	43.65375	43.14195	42.44489	42.32899	42.07008	41.3831	41.3831	41.3831	41.3831	41.3831	41.3831	41.3831	41.3831	41.3831	2015	41.3831	UNIDO CIP 2016 Database. Available at https://stat.unido.org.	M
2018.Q2.G.01	NV_IND_TECH	Proportion of medium and high-tech industry value added in total value added (%)	162	105.6426067	-10.4882473	CXR	Christmas Island	1	PERCENT	Percentage																					
2018.Q2.G.01	NV_IND_TECH	Proportion of medium and high-tech industry value added in total value added (%)	166	96.82633757	-12.18600682	CCK	Cocos (Keeling) Islands	1	PERCENT	Percentage																					
2018.Q2.G.01	NV_IND_TECH	Proportion of medium and high-tech industry value added in total value added (%)	170	-73.07446751	3.888209046	COL	Colombia	1	PERCENT	Percentage	21.937	22.18871	22.10519	21.42243	20.80503	20.91565	20.24996	19.91098	20.02123	20.98486	25.05787	21.05932	21.40141	21.19605	21.11856	20.93503	21.142074	2015	20.93503	UNIDO CIP 2016 Database. Available at https://stat.unido.org.	M
2018.Q2.G.01	NV_IND_TECH	Proportion of medium and high-tech industry value added in total value added (%)	174	43.34234565	-11.66121732	COM	Comoros	1	PERCENT	Percentage																					
2018.Q2.G.01	NV_IND_TECH	Proportion of medium and high-tech industry value added in total value added (%)	175	45.14015057	-12.82217691	MYT	Mayotte	1	PERCENT	Percentage																					
2018.Q2.G.01	NV_IND_TECH	Proportion of medium and high-tech industry value added in total value added (%)	178	15.22052612	-0.840544119	COG	Congo	1	PERCENT	Percentage	10.39897	11.8895	13.14112	13.14112	13.14112	13.14112	2.41532	2.41532	2.41532	2.41532	2.41532	2.41532	2.41532	2.41532	2.41532	2.41532	2.41532	2015	2.41532	UNIDO CIP 2016 Database. Available at https://stat.unido.org.	M
2018.Q2.G.01	NV_IND_TECH	Proportion of medium and high-tech industry value added in total value added (%)	180	23.65496507	-2.877154732	COD	Democratic Republic of the Congo	1	PERCENT	Percentage																					
2018.Q2.G.01	NV_IND_TECH	Proportion of medium and high-tech industry value added in total value added (%)	184	-159.7711391	-21.22696458	COK	Cook Islands	1	PERCENT	Percentage																					
2018.Q2.G.01	NV_IND_TECH	Proportion of medium and high-tech industry value added in total value added (%)	188	-84.19712782	9.970998683	CRI	Costa Rica	1	PERCENT	Percentage	18.76088	16.71189	17.18672	16.74847	16.79955	16.71309	19.72535	19.10122	17.92028	16.23769	14.57661	14.52757	22.85308	23.08957	23.06358	23.06358	21.319476	2015	23.06358	UNIDO CIP 2016 Database. Available at https://stat.unido.org.	M
2018.Q2.G.01	NV_IND_TECH	Proportion of medium and high-tech industry value added in total value added (%)	191	17.95874553	45.45172212	HRV	Croatia	1	PERCENT	Percentage	10.89662	10.89662	10.89662	7.24351	7.24351	7.24351	7.24351	7.24351	33.66351	33.66584	37.5548	34.48953	33.77988	32.36098	32.38522	29.93581	32.590284	2015	29.93581	UNIDO CIP 2016 Database. Available at https://stat.unido.org.	M
2018.Q2.G.01	NV_IND_TECH	Proportion of medium and high-tech industry value added in total value added (%)	192	-79.54460144	22.10030366	CUB	Cuba	1	PERCENT	Percentage																					
2018.Q2.G.01	NV_IND_TECH	Proportion of medium and high-tech industry value added in total value added (%)	196	33.22285964	35.05659437	CYP	Cyprus	1	PERCENT	Percentage	11.87863	12.03563	11.77196	10.91832	10.81698	4.83033	5.53197	6.0151	12.91721	13.18675	15.01311	16.14521	18.70149	22.46089	25.51461	22.7083	21.1061	2015	22.7083	UNIDO CIP 2016 Database. Available at https://stat.unido.org.	M
2018.Q2.G.01	NV_IND_TECH	Proportion of medium and high-tech industry value added in total value added (%)	203	15.33151382	49.73913871	CZE	Czechia	1	PERCENT	Percentage	39.1206	39.91378	39.50496	40.27957	40.64537	41.04963	44.49277	44.61216	40.93259	41.33159	45.00335	45.72947	46.72877	47.3513	48.28106	50.50889	47.719898	2015	50.50889	UNIDO CIP 2016 Database. Available at https://stat.unido.org.	M
2018.Q2.G.01	NV_IND_TECH	Proportion of medium and high-tech industry value added in total value added (%)	204	2.339933594	9.65401646	BEN	Benin	1	PERCENT	Percentage																					
2018.Q2.G.01	NV_IND_TECH	Proportion of medium and high-tech industry value added in total value added (%)	208	9.326571283	56.03829721	DNK	Denmark	1	PERCENT	Percentage	40.81736	42.2179	41.18994	41.67593	40.95738	41.89392	43.90045	44.35273	44.57231	47.649	49.89217	52.04935	52.48727	53.21439	53.8365	53.37593	52.992688	2015	53.37593	UNIDO CIP 2016 Database. Available at https://stat.unido.org.	M
2018.Q2.G.01	NV_IND_TECH	Proportion of medium and high-tech industry value added in total value added (%)	212	-61.3493756	15.43391378	DMA	Dominica	1	PERCENT	Percentage																					
2018.Q2.G.01	NV_IND_TECH	Proportion of medium and high-tech industry value added in total value added (%)	214	-70.49847576	18.89832088	DOM	Dominican Republic	1	PERCENT	Percentage																					
2018.Q2.G.01	NV_IND_TECH	Proportion of medium and high-tech industry value added in total value added (%)	218	-78.37005241	-1.447785891	ECU	Ecuador	1	PERCENT	Percentage	11.92455	8.35364	11.82455	7.58152	6.30953	8.51644	9.19362	6.43035	8.1475	8.09522	10.56339	14.27032	8.32196	10.2283	10.26423	10.27145	10.671252	2015	10.27145	UNIDO CIP 2016 Database. Available at https://stat.unido.org.	M
2018.Q2.G.01	NV_IND_TECH	Proportion of medium and high-tech industry value added in total value added (%)	222	-88.86862995	13.73603564	SLV	El Salvador	1	PERCENT	Percentage	19.12749	19.12749	19.12749	19.12749	19.12749	19.12749	19.12749	19.12749	19.12749	19.12749	19.12749	19.12749	19.12749	19.12749	19.12749	19.12749	19.12749	2015	19.12749	UNIDO CIP 2016 Database. Available at https://stat.unido.org.	M
2018.Q2.G.01	NV_IND_TECH	Proportion of medium and high-tech industry value added in total value added (%)	226	10.46535826	1.565792376	GNQ	Equatorial Guinea	1	PERCENT	Percentage																					
2018.Q2.G.01	NV_IND_TECH	Proportion of medium and high-tech industry value added in total value added (%)	231	39.63505296	8.631223181	ETH	Ethiopia	1	PERCENT	Percentage	11.73576	8.89073	7.29637	6.59955	7.96342	6.25928	6.86342	9.63734	7.72673	9.40936	10.92179	10.40788	11.4238	16.70457	16.0807	16.0807	14.13953	2015	16.0807	UNIDO CIP 2016 Database. Available at https://stat.unido.org.	M
2018.Q2.G.01	NV_IND_TECH	Proportion of medium and high-tech industry value added in total value added (%)	232	38.11074289	16.12894644	ERI	Eritrea	1	PERCENT	Percentage	8.69368	9.48639	11.31712	10.86387	9.63633	9.84814	14.32429	6.6375	11.95617	7.04648	6.05813	7.16088	8.94987	7.46935	7.58271	7.58271	7.749104	2015	7.58271	UNIDO CIP 2016 Database. Available at https://stat.unido.org.	M
2018.Q2.G.01	NV_IND_TECH	Proportion of medium and high-tech industry value added in total value added (%)	233	25.84093481	58.68487172	EST	Estonia	1	PERCENT	Percentage	21.84727	16.62319	15.70572	20.15504	19.99872	22.4474	19.36484	23.15636	29.34255	26.35817	28.35624	32.50476	28.44416	28.87989	29.22157	28.80685	29.571446	2015	28.80685	UNIDO CIP 2016 Database. Available at https://stat.unido.org.	M
2018.Q2.G.01	NV_IND_TECH	Proportion of medium and high-tech industry value added in total value added (%)	234	-7.122044325	62.21228119	FRO	Faroe Islands	1	PERCENT	Percentage																					
2018.Q2.G.01	NV_IND_TECH	Proportion of medium and high-tech industry value added in total value added (%)	238	-58.75246778	-51.74562601	FLK	Falkland Islands (Malvinas)	1	PERCENT	Percentage																					
2018.Q2.G.01	NV_IND_TECH	Proportion of medium and high-tech industry value added in total value added (%)	239	-36.90662765	-54.20736749	SGS	South Georgia and the South Sandwich Islands	1	PERCENT	Percentage																					
2018.Q2.G.01	NV_IND_TECH	Proportion of medium and high-tech industry value added in total value added (%)	242	177.9660884	-17.83301566	FJI	Fiji	1	PERCENT	Percentage	8.54178	5.8253	7.2334	7.0685	7.06633	7.97507	7.44934	7.04088	6.75616	7.65963	7.87114	7.6856	7.79213	7.18542	7.13375	7.13375	7.38613	2015	7.13375	UNIDO CIP 2016 Database. Available at https://stat.unido.org.	M
2018.Q2.G.01	NV_IND_TECH	Proportion of medium and high-tech industry value added in total value added (%)	246	23.308447	61.91586738	FIN	Finland	1	PERCENT	Percentage	44.63412	48.29279	47.17518	48.91318	45.31388	46.8259	45.78717	50.00056	50.69248	45.23526	47.42974	39.7606	36.61072	38.31494	45.47537	44.53184	40.938694	2015	44.53184	UNIDO CIP 2016 Database. Available at https://stat.unido.org.	M
2018.Q2.G.01	NV_IND_TECH	Proportion of medium and high-tech industry value added in total value added (%)	248	19.80945969	60.1544901	ALA	Åland Islands	1	PERCENT	Percentage																					
2018.Q2.G.01	NV_IND_TECH	Proportion of medium and high-tech industry value added in total value added (%)	250	2.457288129	46.62660861	FRA	France	1	PERCENT	Percentage	46.29794	46.35382	45.68928	46.61203	45.36956	46.12338	46.42792	47.3749	47.23639	47.1235	47.96283	48.00077	48.95966	49.50072	51.85779	49.37521	49.53883	2015	49.37521	UNIDO CIP 2016 Database. Available at https://stat.unido.org.	M
2018.Q2.G.01	NV_IND_TECH	Proportion of medium and high-tech industry value added in total value added (%)	254	-53.23619089	3.922673437	GUF	French Guiana	1	PERCENT	Percentage																					
2018.Q2.G.01	NV_IND_TECH	Proportion of medium and high-tech industry value added in total value added (%)	258	-149.4052367	-17.67709294	PYF	French Polynesia	1	PERCENT	Percentage																					
2018.Q2.G.01	NV_IND_TECH	Proportion of medium and high-tech industry value added in total value added (%)	260	69.64849091	-49.6068576	ATF	French Southern Territories	1	PERCENT	Percentage																					
2018.Q2.G.01	NV_IND_TECH	Proportion of medium and high-tech industry value added in total value added (%)	262	42.18274707	11.56004161	DJI	Djibouti	1	PERCENT	Percentage																					
2018.Q2.G.01	NV_IND_TECH	Proportion of medium and high-tech industry value added in total value added (%)	266	11.78727747	-0.60687619	GAB	Gabon	1	PERCENT	Percentage	5.38501	5.38501	5.38501	5.38501	5.38501	5.38501	5.38501	5.38501	5.38501	5.38501	5.38501	5.38501	5.38501	5.38501	5.38501	5.38501	5.38501	2015	5.38501	UNIDO CIP 2016 Database. Available at https://stat.unido.org.	M
2018.Q2.G.01	NV_IND_TECH	Proportion of medium and high-tech industry value added in total value added (%)	268	43.3713615	42.04813028	GEO	Georgia	1	PERCENT	Percentage	21.38612	17.24619	15.04398	17.12287	16.02993	18.58321	20.66369	15.74726	15.39108	21.61456	17.16359	21.77249	15.99776	17.78554	15.11175	15.71392	17.276292	2015	15.71392	UNIDO CIP 2016 Database. Available at https://stat.unido.org.	M
2018.Q2.G.01	NV_IND_TECH	Proportion of medium and high-tech industry value added in total value added (%)	270	-15.39944785	13.45295927	GMB	Gambia	1	PERCENT	Percentage	0.78734	0.78734	0.78734	0.78734	3.89841	3.89841	3.89841	3.89841	3.89841	3.89841	3.89841	3.89841	3.89841	3.89841	3.89841	3.89841	3.89841	2015	3.89841	UNIDO CIP 2016 Database. Available at https://stat.unido.org.	M
2018.Q2.G.01	NV_IND_TECH	Proportion of medium and high-tech industry value added in total value added (%)	275	35.25694122	31.94347933	PSE	State of Palestine	1	PERCENT	Percentage	6.37678	7.12215	8.87753	9.08073	7.01847	7.54284	7.1309	5.6855	5.58422	7.5029	5.32158	11.21721	5.52341	1.73387	2.09644	2.20293	4.554772	2015	2.20293	UNIDO CIP 2016 Database. Available at https://stat.unido.org.	M
2018.Q2.G.01	NV_IND_TECH	Proportion of medium and high-tech industry value added in total value added (%)	276	10.3806066	51.08862743	DEU	Germany	1	PERCENT	Percentage	54.53045	55.02838	55.65484	56.7787	56.45102	57.12254	57.72652	58.62158	60.26069	57.99793	59.56596	60.77698	60.93877	61.02319	62.20094	61.39604	61.267184	2015	61.39604	UNIDO CIP 2016 Database. Available at https://stat.unido.org.	M
2018.Q2.G.01	NV_IND_TECH	Proportion of medium and high-tech industry value added in total value added (%)	288	-1.205623522	7.964825185	GHA	Ghana	1	PERCENT	Percentage	1.76846	1.76846	1.76846	0.80248	0.80248	0.80248	0.80248	0.80248	0.80248	0.80248	0.80248	0.80248	0.80248	0.80248	0.80248	0.80248	0.80248	2015	0.80248	UNIDO CIP 2016 Database. Available at https://stat.unido.org.	M
2018.Q2.G.01	NV_IND_TECH	Proportion of medium and high-tech industry value added in total value added (%)	292	-5.347561686	36.13895036	GIB	Gibraltar	1	PERCENT	Percentage																					
2018.Q2.G.01	NV_IND_TECH	Proportion of medium and high-tech industry value added in total value added (%)	296	-157.5643005	1.768837732	KIR	Kiribati	1	PERCENT	Percentage																					
2018.Q2.G.01	NV_IND_TECH	Proportion of medium and high-tech industry value added in total value added (%)	300	22.58307827	39.47301873	GRC	Greece	1	PERCENT	Percentage	24.12419	20.44895	20.44895	21.7611	20.84157	18.89839	20.49629	21.95842	24.05831	23.25456	18.06256	21.62505	22.03984	25.44638	22.12137	20.92939	22.432406	2015	20.92939	UNIDO CIP 2016 Database. Available at https://stat.unido.org.	M
2018.Q2.G.01	NV_IND_TECH	Proportion of medium and high-tech industry value added in total value added (%)	304	-41.39371316	74.75625681	GRL	Greenland	1	PERCENT	Percentage																					
2018.Q2.G.01	NV_IND_TECH	Proportion of medium and high-tech industry value added in total value added (%)	308	-61.68248568	12.11238395	GRD	Grenada	1	PERCENT	Percentage																					
2018.Q2.G.01	NV_IND_TECH	Proportion of medium and high-tech industry value added in total value added (%)	312	-61.64762115	16.14416917	GLP	Guadeloupe	1	PERCENT	Percentage																					
2018.Q2.G.01	NV_IND_TECH	Proportion of medium and high-tech industry value added in total value added (%)	316	144.7029305	13.35485404	GUM	Guam	1	PERCENT	Percentage																					
2018.Q2.G.01	NV_IND_TECH	Proportion of medium and high-tech industry value added in total value added (%)	320	-91.2312746	15.00273719	GTM	Guatemala	1	PERCENT	Percentage	22.40264	22.40264	22.40264	22.40264	22.40264	22.40264	22.40264	22.40264	22.40264	22.40264	22.40264	22.40264	22.40264	22.40264	22.40264	22.40264	22.40264	2015	22.40264	UNIDO CIP 2016 Database. Available at https://stat.unido.org.	M
2018.Q2.G.01	NV_IND_TECH	Proportion of medium and high-tech industry value added in total value added (%)	324	-11.28173419	11.00210343	GIN	Guinea	1	PERCENT	Percentage																					
2018.Q2.G.01	NV_IND_TECH	Proportion of medium and high-tech industry value added in total value added (%)	328	-58.97322037	4.788012784	GUY	Guyana	1	PERCENT	Percentage																					
2018.Q2.G.01	NV_IND_TECH	Proportion of medium and high-tech industry value added in total value added (%)	332	-72.33640958	18.40426539	HTI	Haiti	1	PERCENT	Percentage	5.25966	5.25966	5.25966	5.25966	5.25966	5.25966	5.25966	5.25966	5.25966	5.25966	5.25966	5.25966	5.25966	5.25966	5.25966	5.25966	5.25966	2015	5.25966	UNIDO CIP 2016 Database. Available at https://stat.unido.org.	M
2018.Q2.G.01	NV_IND_TECH	Proportion of medium and high-tech industry value added in total value added (%)	334	73.52633626	-53.09106147	HMD	Heard Island and McDonald Islands	1	PERCENT	Percentage																					
2018.Q2.G.01	NV_IND_TECH	Proportion of medium and high-tech industry value added in total value added (%)	336	12.45315803	41.90343751	VAT	Holy See	1	PERCENT	Percentage																					
2018.Q2.G.01	NV_IND_TECH	Proportion of medium and high-tech industry value added in total value added (%)	340	-86.59974381	14.82243161	HND	Honduras	1	PERCENT	Percentage	7.16346	7.16346	7.16346	7.16346	7.16346	7.16346	7.16346	7.16346	7.16346	7.16346	7.16346	7.16346	7.16346	7.16346	7.16346	7.16346	7.16346	2015	7.16346	UNIDO CIP 2016 Database. Available at https://stat.unido.org.	M
2018.Q2.G.01	NV_IND_TECH	Proportion of medium and high-tech industry value added in total value added (%)	344	114.0266445	22.41749934	HKG	China, Hong Kong Special Administrative Region	1	PERCENT	Percentage	39.49651	36.60623	29.99775	26.31297	27.12986	29.56558	33.07867	29.84323	32.68206	32.57804	38.07385	36.10794	34.12696	33.92988	36.05513	36.05513	35.255008	2015	36.05513	UNIDO CIP 2016 Database. Available at https://stat.unido.org.	M
2018.Q2.G.01	NV_IND_TECH	Proportion of medium and high-tech industry value added in total value added (%)	348	19.41221519	47.1651448	HUN	Hungary	1	PERCENT	Percentage	48.16603	46.01874	45.58465	50.2907	51.99513	53.16003	53.45641	52.49101	51.98644	54.33754	56.131	57.75142	57.0291	57.89992	59.06494	58.78406	58.105888	2015	58.78406	UNIDO CIP 2016 Database. Available at https://stat.unido.org.	M
2018.Q2.G.01	NV_IND_TECH	Proportion of medium and high-tech industry value added in total value added (%)	352	-19.02116966	64.79134763	ISL	Iceland	1	PERCENT	Percentage	16.6287	15.44029	16.67876	18.46192	20.67723	18.95225	16.56649	16.56649	16.56649	16.56649	16.56649	16.56649	16.56649	16.56649	16.56649	16.56649	16.56649	2015	16.56649	UNIDO CIP 2016 Database. Available at https://stat.unido.org.	M
2018.Q2.G.01	NV_IND_TECH	Proportion of medium and high-tech industry value added in total value added (%)	356	79.3608464	22.34642074	IND	India	1	PERCENT	Percentage	41.32953	42.29983	39.68267	39.42255	37.5459	39.60614	36.49573	34.63943	38.52592	40.56229	39.2114	41.13946	40.21242	38.20723	37.90834	37.90834	39.075158	2015	37.90834	UNIDO CIP 2016 Database. Available at https://stat.unido.org.	M
2018.Q2.G.01	NV_IND_TECH	Proportion of medium and high-tech industry value added in total value added (%)	360	113.9174	-0.994582204	IDN	Indonesia	1	PERCENT	Percentage	35.70278	27.91665	28.0101	31.45837	30.72296	34.25212	32.49634	34.11548	39.49467	39.02748	40.33286	38.48527	37.46091	35.47302	35.07801	35.07801	36.315044	2015	35.07801	UNIDO CIP 2016 Database. Available at https://stat.unido.org.	M
2018.Q2.G.01	NV_IND_TECH	Proportion of medium and high-tech industry value added in total value added (%)	364	54.19766348	32.74370885	IRN	Iran (Islamic Republic of)	1	PERCENT	Percentage	41.54969	45.4845	42.70093	44.40346	42.7419	41.77043	43.16288	41.49329	41.22368	47.35396	45.67527	44.16293	40.86394	39.84994	39.79037	39.79037	40.89151	2015	39.79037	UNIDO CIP 2016 Database. Available at https://stat.unido.org.	M
2018.Q2.G.01	NV_IND_TECH	Proportion of medium and high-tech industry value added in total value added (%)	368	43.76606267	33.05013795	IRQ	Iraq	1	PERCENT	Percentage	1.51836	1.51836	1.51836	1.51836	1.51836	1.51836	1.51836	9.01869	7.70349	7.24856	6.80844	7.09952	7.24055	7.24055	7.24055	7.24055	7.212344	2015	7.24055	UNIDO CIP 2016 Database. Available at https://stat.unido.org.	M
2018.Q2.G.01	NV_IND_TECH	Proportion of medium and high-tech industry value added in total value added (%)	372	-7.121425272	53.25274054	IRL	Ireland	1	PERCENT	Percentage	64.72089	64.71962	65.46481	62.16315	57.9777	59.65159	58.30995	60.98081	58.33656	64.22192	60.53903	60.85042	60.74912	61.01838	61.01838	61.01838	60.930936	2015	61.01838	UNIDO CIP 2016 Database. Available at https://stat.unido.org.	M
2018.Q2.G.01	NV_IND_TECH	Proportion of medium and high-tech industry value added in total value added (%)	376	34.62277992	31.06164552	ISR	Israel	1	PERCENT	Percentage	57.65881	49.68641	49.25904	50.27228	53.95335	54.44241	57.78255	59.19658	59.48152	60.95309	61.97084	37.69144	42.923	41.26314	42.81039	42.81039	41.499672	2015	42.81039	UNIDO CIP 2016 Database. Available at https://stat.unido.org.	M
2018.Q2.G.01	NV_IND_TECH	Proportion of medium and high-tech industry value added in total value added (%)	380	12.57022427	42.79917282	ITA	Italy	1	PERCENT	Percentage	38.14318	37.56786	37.30764	37.27426	37.09293	37.9889	38.76653	38.39061	40.13536	41.07107	42.70422	42.46284	43.13508	43.79212	43.68566	42.73488	43.162116	2015	42.73488	UNIDO CIP 2016 Database. Available at https://stat.unido.org.	M
2018.Q2.G.01	NV_IND_TECH	Proportion of medium and high-tech industry value added in total value added (%)	384	-5.552690016	7.62211586	CIV	Côte d'Ivoire	1	PERCENT	Percentage	14.9898	14.9898	14.9898	14.9898	14.9898	14.9898	14.9898	14.9898	14.9898	14.9898	14.9898	14.9898	14.9898	14.9898	14.9898	14.9898	14.9898	2015	14.9898	UNIDO CIP 2016 Database. Available at https://stat.unido.org.	M
2018.Q2.G.01	NV_IND_TECH	Proportion of medium and high-tech industry value added in total value added (%)	388	-77.31068409	18.15616857	JAM	Jamaica	1	PERCENT	Percentage	18.7673	18.7673	18.7673	18.7673	18.7673	18.7673	18.7673	18.7673	18.7673	18.7673	18.7673	18.7673	18.7673	18.7673	18.7673	18.7673	18.7673	2015	18.7673	UNIDO CIP 2016 Database. Available at https://stat.unido.org.	M
2018.Q2.G.01	NV_IND_TECH	Proportion of medium and high-tech industry value added in total value added (%)	392	139.2716103	36.6554539	JPN	Japan	1	PERCENT	Percentage	52.01528	51.36098	53.46491	54.34203	54.6859	55.02087	56.02079	56.81816	55.6398	53.56783	55.64469	54.66995	55.00502	55.33723	55.33723	55.33723	55.137332	2015	55.33723	UNIDO CIP 2016 Database. Available at https://stat.unido.org.	M
2018.Q2.G.01	NV_IND_TECH	Proportion of medium and high-tech industry value added in total value added (%)	398	66.65359159	48.01963494	KAZ	Kazakhstan	1	PERCENT	Percentage	5.18442	5.96221	7.10524	7.94259	6.70724	6.94223	6.58911	6.90195	12.55422	11.55346	12.82673	12.99569	14.04751	16.51504	16.61749	16.6041	15.355966	2015	16.6041	UNIDO CIP 2016 Database. Available at https://stat.unido.org.	M
2018.Q2.G.01	NV_IND_TECH	Proportion of medium and high-tech industry value added in total value added (%)	400	37.13024774	30.65365973	JOR	Jordan	1	PERCENT	Percentage	22.4152	21.91924	21.9707	21.27047	21.42946	22.53045	21.56797	23.37769	26.56841	27.47645	26.09844	27.02963	26.75145	28.14741	27.4464	27.37172	27.349322	2015	27.37172	UNIDO CIP 2016 Database. Available at https://stat.unido.org.	M
2018.Q2.G.01	NV_IND_TECH	Proportion of medium and high-tech industry value added in total value added (%)	404	37.86096816	0.534797278	KEN	Kenya	1	PERCENT	Percentage	9.50336	10.7819	10.54456	11.27439	11.78447	9.64488	9.35893	8.47393	7.93079	8.42167	8.52367	7.9636	8.33748	12.48935	13.40888	13.07164	11.05419	2015	13.07164	UNIDO CIP 2016 Database. Available at https://stat.unido.org.	M
2018.Q2.G.01	NV_IND_TECH	Proportion of medium and high-tech industry value added in total value added (%)	408	127.1803633	40.1462645	PRK	Democratic People's Republic of Korea	1	PERCENT	Percentage																					
2018.Q2.G.01	NV_IND_TECH	Proportion of medium and high-tech industry value added in total value added (%)	410	127.8610254	36.45201023	KOR	Republic of Korea	1	PERCENT	Percentage	58.86514	58.90824	60.13883	60.49121	60.81547	60.16343	62.50136	65.4594	63.28836	66.0923	61.63352	69.01432	66.99972	67.24374	63.65297	63.65297	66.112744	2015	63.65297	UNIDO CIP 2016 Database. Available at https://stat.unido.org.	M
2018.Q2.G.01	NV_IND_TECH	Proportion of medium and high-tech industry value added in total value added (%)	414	47.49305029	29.53949468	KWT	Kuwait	1	PERCENT	Percentage	6.97362	7.99942	19.58196	20.85182	21.22503	21.04058	22.76284	24.73105	27.40937	21.60306	18.44144	23.97181	30.55575	30.22678	28.19246	27.03668	27.996696	2015	27.03668	UNIDO CIP 2016 Database. Available at https://stat.unido.org.	M
2018.Q2.G.01	NV_IND_TECH	Proportion of medium and high-tech industry value added in total value added (%)	417	74.52324839	41.46204516	KGZ	Kyrgyzstan	1	PERCENT	Percentage	5.91875	5.91875	5.7043	4.91633	7.7795	5.96378	6.63848	8.9174	6.13663	4.39168	3.4898	3.71499	6.81041	6.66352	4.18062	4.13223	5.100354	2015	4.13223	UNIDO CIP 2016 Database. Available at https://stat.unido.org.	M
2018.Q2.G.01	NV_IND_TECH	Proportion of medium and high-tech industry value added in total value added (%)	418	101.9901968	20.27482773	LAO	Lao People's Democratic Republic	1	PERCENT	Percentage																					
2018.Q2.G.01	NV_IND_TECH	Proportion of medium and high-tech industry value added in total value added (%)	422	35.89391711	33.92152458	LBN	Lebanon	1	PERCENT	Percentage	10.83217	10.83217	10.83217	19.9496	19.9496	19.9496	19.9496	19.9496	19.9496	19.9496	19.9496	19.9496	19.9496	19.9496	19.9496	19.9496	19.9496	2015	19.9496	UNIDO CIP 2016 Database. Available at https://stat.unido.org.	M
2018.Q2.G.01	NV_IND_TECH	Proportion of medium and high-tech industry value added in total value added (%)	426	28.25362195	-29.58041814	LSO	Lesotho	1	PERCENT	Percentage																					
2018.Q2.G.01	NV_IND_TECH	Proportion of medium and high-tech industry value added in total value added (%)	428	26.42461876	56.64196636	LVA	Latvia	1	PERCENT	Percentage	16.34023	17.46126	15.38876	16.20524	16.67843	17.78945	17.72037	19.23257	20.69584	21.07103	23.25501	22.33141	24.32165	22.66868	23.26625	21.52343	22.822284	2015	21.52343	UNIDO CIP 2016 Database. Available at https://stat.unido.org.	M
2018.Q2.G.01	NV_IND_TECH	Proportion of medium and high-tech industry value added in total value added (%)	430	-9.311879038	6.448381009	LBR	Liberia	1	PERCENT	Percentage																					
2018.Q2.G.01	NV_IND_TECH	Proportion of medium and high-tech industry value added in total value added (%)	434	18.0295985	27.04042819	LBY	Libya	1	PERCENT	Percentage																					
2018.Q2.G.01	NV_IND_TECH	Proportion of medium and high-tech industry value added in total value added (%)	438	9.552985019	47.14167005	LIE	Liechtenstein	1	PERCENT	Percentage																					
2018.Q2.G.01	NV_IND_TECH	Proportion of medium and high-tech industry value added in total value added (%)	440	23.90517807	55.33680309	LTU	Lithuania	1	PERCENT	Percentage	20.33091	23.24765	22.53422	22.43694	21.79989	20.48081	23.51055	25.41322	31.27203	23.97648	29.99765	28.82107	24.59575	23.72591	25.0379	23.1376	25.063646	2015	23.1376	UNIDO CIP 2016 Database. Available at https://stat.unido.org.	M
2018.Q2.G.01	NV_IND_TECH	Proportion of medium and high-tech industry value added in total value added (%)	442	6.092656563	49.77679538	LUX	Luxembourg	1	PERCENT	Percentage	17.75801	15.76417	16.23284	14.95679	14.54055	15.85787	15.04245	13.78031	8.63656	7.10639	7.58358	7.12718	22.41379	23.94881	22.45674	21.26272	19.441848	2015	21.26272	UNIDO CIP 2016 Database. Available at https://stat.unido.org.	M
2018.Q2.G.01	NV_IND_TECH	Proportion of medium and high-tech industry value added in total value added (%)	446	113.5665388	22.1237259	MAC	China, Macao Special Administrative Region	1	PERCENT	Percentage	3.89734	2.38408	2.49646	2.08677	2.59752	2.03673	2.33593	2.92948	2.04729	2.74308	4.04938	1.75275	2.65542	2.65542	6.30643	6.30643	3.93529	2015	6.30643	UNIDO CIP 2016 Database. Available at https://stat.unido.org.	M
2018.Q2.G.01	NV_IND_TECH	Proportion of medium and high-tech industry value added in total value added (%)	450	46.6982339	-19.38514785	MDG	Madagascar	1	PERCENT	Percentage	2.87392	3.08288	3.34282	2.91694	2.91013	2.82898	3.55612	3.55612	3.55612	3.55612	3.55612	3.55612	3.55612	3.55612	3.55612	3.55612	3.55612	2015	3.55612	UNIDO CIP 2016 Database. Available at https://stat.unido.org.	M
2018.Q2.G.01	NV_IND_TECH	Proportion of medium and high-tech industry value added in total value added (%)	454	33.4884625	-13.40819859	MWI	Malawi	1	PERCENT	Percentage	9.43814	9.2369	8.08032	5.4181	4.50692	6.14453	11.1641	5.39158	11.40672	12.51442	11.34466	11.34466	11.34466	11.34466	11.34466	11.34466	11.34466	2015	11.34466	UNIDO CIP 2016 Database. Available at https://stat.unido.org.	M
2018.Q2.G.01	NV_IND_TECH	Proportion of medium and high-tech industry value added in total value added (%)	458	116.8346314	5.452415309	MYS	Malaysia	1	PERCENT	Percentage	51.15066	51.46858	50.18944	50.88645	50.61107	48.37154	50.16105	47.38206	43.08532	45.38718	42.61004	41.65688	43.04966	42.1123	43.49553	42.56112	42.575098	2015	42.56112	UNIDO CIP 2016 Database. Available at https://stat.unido.org.	M
2018.Q2.G.01	NV_IND_TECH	Proportion of medium and high-tech industry value added in total value added (%)	462	73.09672546	-0.614385021	MDV	Maldives	1	PERCENT	Percentage	2.63332	2.63332	2.63332	2.63332	2.63332	2.63332	2.63332	2.63332	2.63332	2.63332	2.63332	2.63332	2.63332	2.63332	2.63332	2.63332	2.63332	2015	2.63332	UNIDO CIP 2016 Database. Available at https://stat.unido.org.	M
2018.Q2.G.01	NV_IND_TECH	Proportion of medium and high-tech industry value added in total value added (%)	466	-3.522016039	17.35311254	MLI	Mali	1	PERCENT	Percentage																					
2018.Q2.G.01	NV_IND_TECH	Proportion of medium and high-tech industry value added in total value added (%)	470	14.44617519	35.89194275	MLT	Malta	1	PERCENT	Percentage	51.18375	47.56407	44.55279	45.17024	41.56077	36.3029	47.78075	51.01394	50.53411	17.12383	19.18471	19.18471	19.18471	19.18471	19.18471	19.18471	19.18471	2015	19.18471	UNIDO CIP 2016 Database. Available at https://stat.unido.org.	M
2018.Q2.G.01	NV_IND_TECH	Proportion of medium and high-tech industry value added in total value added (%)	474	-60.91544135	14.56086108	MTQ	Martinique	1	PERCENT	Percentage																					
2018.Q2.G.01	NV_IND_TECH	Proportion of medium and high-tech industry value added in total value added (%)	478	-10.33187259	20.26089546	MRT	Mauritania	1	PERCENT	Percentage																					
2018.Q2.G.01	NV_IND_TECH	Proportion of medium and high-tech industry value added in total value added (%)	480	57.568022	-20.28581998	MUS	Mauritius	1	PERCENT	Percentage	2.99552	2.63639	2.67399	2.65755	3.40136	3.32013	2.67515	2.97566	3.16753	3.25705	2.67358	9.35259	8.02455	8.90801	8.78723	8.86146	8.786768	2015	8.86146	UNIDO CIP 2016 Database. Available at https://stat.unido.org.	M
2018.Q2.G.01	NV_IND_TECH	Proportion of medium and high-tech industry value added in total value added (%)	484	-102.5148166	23.93378032	MEX	Mexico	1	PERCENT	Percentage	42.61173	43.15826	42.65195	43.53292	39.53579	39.83577	39.72944	38.54061	37.59279	35.68368	36.92034	36.96312	39.66981	39.54517	39.75946	39.75946	39.139404	2015	39.75946	UNIDO CIP 2016 Database. Available at https://stat.unido.org.	M
2018.Q2.G.01	NV_IND_TECH	Proportion of medium and high-tech industry value added in total value added (%)	492	7.424214814	43.73532918	MCO	Monaco	1	PERCENT	Percentage																					
2018.Q2.G.01	NV_IND_TECH	Proportion of medium and high-tech industry value added in total value added (%)	496	103.0728057	46.83892054	MNG	Mongolia	1	PERCENT	Percentage	2.528	2.87864	5.14029	5.90156	1.6267	5.24441	5.7592	4.20663	5.3133	4.14714	2.05007	6.15407	4.87444	4.97239	6.56618	6.66123	5.845662	2015	6.66123	UNIDO CIP 2016 Database. Available at https://stat.unido.org.	M
2018.Q2.G.01	NV_IND_TECH	Proportion of medium and high-tech industry value added in total value added (%)	498	28.4650624	47.20236795	MDA	Republic of Moldova	1	PERCENT	Percentage	6.87429	6.80303	7.21063	7.28116	6.89569	6.88759	7.72971	7.82467	9.84084	8.11426	8.34652	8.71908	11.96032	14.15973	18.76292	18.76169	14.472748	2015	18.76169	UNIDO CIP 2016 Database. Available at https://stat.unido.org.	M
2018.Q2.G.01	NV_IND_TECH	Proportion of medium and high-tech industry value added in total value added (%)	499	19.25214024	42.78717043	MNE	Montenegro	1	PERCENT	Percentage	16.25737	16.25737	16.25737	16.25737	16.25737	16.25737	16.25737	16.25737	16.25737	16.25737	16.25737	13.9869	18.85082	15.87801	16.06419	16.06409	16.168802	2015	16.06409	UNIDO CIP 2016 Database. Available at https://stat.unido.org.	M
2018.Q2.G.01	NV_IND_TECH	Proportion of medium and high-tech industry value added in total value added (%)	500	-62.19261223	16.73558313	MSR	Montserrat	1	PERCENT	Percentage																					
2018.Q2.G.01	NV_IND_TECH	Proportion of medium and high-tech industry value added in total value added (%)	504	-6.281942841	31.8440131	MAR	Morocco	1	PERCENT	Percentage	19.83462	21.2862	21.64218	23.75422	23.2416	22.42652	22.05315	26.74826	29.0707	21.96641	28.0697	28.0499	27.48683	27.82475	27.74924	27.74924	27.771992	2015	27.74924	UNIDO CIP 2016 Database. Available at https://stat.unido.org.	M
2018.Q2.G.01	NV_IND_TECH	Proportion of medium and high-tech industry value added in total value added (%)	508	38.18479941	-14.27963886	MOZ	Mozambique	1	PERCENT	Percentage	10.88764	10.88764	10.88764	10.88764	10.88764	10.88764	10.88764	10.88764	10.88764	10.88764	10.88764	10.88764	10.88764	10.88764	10.88764	10.88764	10.88764	2015	10.88764	UNIDO CIP 2016 Database. Available at https://stat.unido.org.	M
2018.Q2.G.01	NV_IND_TECH	Proportion of medium and high-tech industry value added in total value added (%)	512	57.87743482	21.98805614	OMN	Oman	1	PERCENT	Percentage	9.34369	6.0842	7.81874	6.74064	6.75851	15.84271	13.09758	16.75358	14.22936	26.98401	19.38877	42.68025	48.25562	27.84612	19.91652	19.91652	31.723006	2015	19.91652	UNIDO CIP 2016 Database. Available at https://stat.unido.org.	M
2018.Q2.G.01	NV_IND_TECH	Proportion of medium and high-tech industry value added in total value added (%)	516	17.21907885	-22.13817068	NAM	Namibia	1	PERCENT	Percentage	7.36798	6.70158	6.70158	6.70158	6.70158	6.70158	6.70158	6.70158	7.8691	7.08091	7.45197	7.44534	7.88363	7.28755	7.34891	7.34891	7.462868	2015	7.34891	UNIDO CIP 2016 Database. Available at https://stat.unido.org.	M
2018.Q2.G.01	NV_IND_TECH	Proportion of medium and high-tech industry value added in total value added (%)	520	166.92313	-0.528742623	NRU	Nauru	1	PERCENT	Percentage																					
2018.Q2.G.01	NV_IND_TECH	Proportion of medium and high-tech industry value added in total value added (%)	524	83.94678863	28.25866332	NPL	Nepal	1	PERCENT	Percentage	12.10183	12.12011	11.85859	11.85859	9.18597	9.18597	9.13392	9.18597	1.90098	2.1441	8.46654	8.38379	8.59861	8.59861	8.59861	8.59861	8.555646	2015	8.59861	UNIDO CIP 2016 Database. Available at https://stat.unido.org.	M
2018.Q2.G.01	NV_IND_TECH	Proportion of medium and high-tech industry value added in total value added (%)	528	5.331480568	51.86728884	NLD	Netherlands	1	PERCENT	Percentage	40.91909	38.58955	40.40399	40.57795	43.32823	45.34117	42.68247	42.68078	43.83509	43.67072	47.72501	48.67814	48.92041	47.62319	48.56383	48.19406	48.395926	2015	48.19406	UNIDO CIP 2016 Database. Available at https://stat.unido.org.	M
2018.Q2.G.01	NV_IND_TECH	Proportion of medium and high-tech industry value added in total value added (%)	530	-68.30676179	12.22720635	ANT	Netherlands Antilles	1	PERCENT	Percentage																					
2018.Q2.G.01	NV_IND_TECH	Proportion of medium and high-tech industry value added in total value added (%)	531	-68.95033464	12.15058042	CUW	Curaçao	1	PERCENT	Percentage																					
2018.Q2.G.01	NV_IND_TECH	Proportion of medium and high-tech industry value added in total value added (%)	533	-69.97050586	12.50878756	ABW	Aruba	1	PERCENT	Percentage																					
2018.Q2.G.01	NV_IND_TECH	Proportion of medium and high-tech industry value added in total value added (%)	534	-63.06198692	18.03926508	SXM	Sint Maarten (Dutch part)	1	PERCENT	Percentage																					
2018.Q2.G.01	NV_IND_TECH	Proportion of medium and high-tech industry value added in total value added (%)	540	165.5067368	-21.41742531	NCL	New Caledonia	1	PERCENT	Percentage																					
2018.Q2.G.01	NV_IND_TECH	Proportion of medium and high-tech industry value added in total value added (%)	548	167.0679779	-15.34445547	VUT	Vanuatu	1	PERCENT	Percentage																					
2018.Q2.G.01	NV_IND_TECH	Proportion of medium and high-tech industry value added in total value added (%)	554	170.4755673	-43.98721568	NZL	New Zealand	1	PERCENT	Percentage	12.45157	12.92621	15.00745	17.97659	18.11834	16.85768	16.54444	16.61793	17.77367	16.49578	17.60513	18.05527	17.24859	17.24929	17.24929	17.24929	17.410346	2015	17.24929	UNIDO CIP 2016 Database. Available at https://stat.unido.org.	M
2018.Q2.G.01	NV_IND_TECH	Proportion of medium and high-tech industry value added in total value added (%)	558	-85.03060315	12.84210839	NIC	Nicaragua	1	PERCENT	Percentage																					
2018.Q2.G.01	NV_IND_TECH	Proportion of medium and high-tech industry value added in total value added (%)	562	9.400167877	17.42143036	NER	Niger	1	PERCENT	Percentage	50.52867	44.91637	24.77169	22.69635	22.69635	22.69635	22.69635	22.69635	22.69635	22.69635	22.69635	22.69635	22.69635	22.69635	22.69635	22.69635	22.69635	2015	22.69635	UNIDO CIP 2016 Database. Available at https://stat.unido.org.	M
2018.Q2.G.01	NV_IND_TECH	Proportion of medium and high-tech industry value added in total value added (%)	566	8.097363256	9.585789025	NGA	Nigeria	1	PERCENT	Percentage	33.43626	33.43626	33.43626	33.43626	33.43626	33.43626	33.43626	33.43626	33.43626	33.43626	33.43626	33.43626	33.43626	33.43626	33.43626	33.43626	33.43626	2015	33.43626	UNIDO CIP 2016 Database. Available at https://stat.unido.org.	M
2018.Q2.G.01	NV_IND_TECH	Proportion of medium and high-tech industry value added in total value added (%)	570	-169.8601693	-19.05000475	NIU	Niue	1	PERCENT	Percentage																					
2018.Q2.G.01	NV_IND_TECH	Proportion of medium and high-tech industry value added in total value added (%)	574	167.9515548	-29.03230018	NFK	Norfolk Island	1	PERCENT	Percentage																					
2018.Q2.G.01	NV_IND_TECH	Proportion of medium and high-tech industry value added in total value added (%)	578	11.47846389	61.34311134	NOR	Norway	1	PERCENT	Percentage	49.97913	48.74727	51.43087	51.0626	48.1413	50.25994	54.69145	54.68303	58.42914	63.37054	58.13349	58.67483	59.01985	64.50598	56.48616	46.05935	56.949234	2015	46.05935	UNIDO CIP 2016 Database. Available at https://stat.unido.org.	M
2018.Q2.G.01	NV_IND_TECH	Proportion of medium and high-tech industry value added in total value added (%)	580	145.7582114	15.19099517	MNP	Northern Mariana Islands	1	PERCENT	Percentage																					
2018.Q2.G.01	NV_IND_TECH	Proportion of medium and high-tech industry value added in total value added (%)	581	-162.4343752	5.874443968	UMI	US Minor Outlying Islands	1	PERCENT	Percentage																					
2018.Q2.G.01	NV_IND_TECH	Proportion of medium and high-tech industry value added in total value added (%)	583	158.225216	6.880670092	FSM	Micronesia, Federated States of	1	PERCENT	Percentage																					
2018.Q2.G.01	NV_IND_TECH	Proportion of medium and high-tech industry value added in total value added (%)	584	171.0839119	7.110213497	MHL	Marshall Islands	1	PERCENT	Percentage																					
2018.Q2.G.01	NV_IND_TECH	Proportion of medium and high-tech industry value added in total value added (%)	585	134.5733878	7.502307591	PLW	Palau	1	PERCENT	Percentage																					
2018.Q2.G.01	NV_IND_TECH	Proportion of medium and high-tech industry value added in total value added (%)	586	68.80479684	29.36491634	PAK	Pakistan	1	PERCENT	Percentage	25.23403	25.23382	25.23403	25.23403	22.95502	22.95502	24.61547	24.61547	24.61547	24.61547	24.61547	24.61547	24.61547	24.61547	24.61547	24.61547	24.61547	2015	24.61547	UNIDO CIP 2016 Database. Available at https://stat.unido.org.	M
2018.Q2.G.01	NV_IND_TECH	Proportion of medium and high-tech industry value added in total value added (%)	591	-81.26616623	8.450965746	PAN	Panama	1	PERCENT	Percentage	6.728	10.52026	8.32472	8.17219	8.17219	8.32472	8.32472	8.32472	8.32472	6.3901	6.3901	6.39705	6.65363	6.20071	6.1909	6.1909	6.326638	2015	6.1909	UNIDO CIP 2016 Database. Available at https://stat.unido.org.	M
2018.Q2.G.01	NV_IND_TECH	Proportion of medium and high-tech industry value added in total value added (%)	598	145.8587761	-6.756057077	PNG	Papua New Guinea	1	PERCENT	Percentage	12.60966	12.60966	12.60966	12.60966	12.60966	12.60966	12.60966	12.60966	12.60966	12.60966	12.60966	12.60966	12.60966	12.60966	12.60966	12.60966	12.60966	2015	12.60966	UNIDO CIP 2016 Database. Available at https://stat.unido.org.	M
2018.Q2.G.01	NV_IND_TECH	Proportion of medium and high-tech industry value added in total value added (%)	600	-60.54854225	-21.70216237	PRY	Paraguay	1	PERCENT	Percentage	9.38588	10.9825	12.86721	11.11666	11.11666	11.11666	12.87988	21.25704	21.25704	21.25704	21.92448	21.92448	21.92448	21.92448	21.92448	21.92448	21.92448	2015	21.92448	UNIDO CIP 2016 Database. Available at https://stat.unido.org.	M
2018.Q2.G.01	NV_IND_TECH	Proportion of medium and high-tech industry value added in total value added (%)	604	-71.82093277	-13.58939705	PER	Peru	1	PERCENT	Percentage	14.85437	15.16691	14.70435	14.27672	13.41016	13.61924	14.36608	15.52941	15.60303	15.38753	15.47506	14.80765	16.16251	13.68923	14.11227	14.72362	14.699056	2015	14.72362	UNIDO CIP 2016 Database. Available at https://stat.unido.org.	M
2018.Q2.G.01	NV_IND_TECH	Proportion of medium and high-tech industry value added in total value added (%)	608	120.8601418	14.16591706	PHL	Philippines	1	PERCENT	Percentage	38.13445	41.98431	41.10681	40.57053	39.55158	41.7452	46.0276	45.7253	34.98237	43.01482	45.70986	41.51859	55.2038	45.94276	45.94906	45.94906	46.912654	2015	45.94906	UNIDO CIP 2016 Database. Available at https://stat.unido.org.	M
2018.Q2.G.01	NV_IND_TECH	Proportion of medium and high-tech industry value added in total value added (%)	612	-128.3225873	-24.37538456	PCN	Pitcairn	1	PERCENT	Percentage																					
2018.Q2.G.01	NV_IND_TECH	Proportion of medium and high-tech industry value added in total value added (%)	616	19.40660158	52.1226733	POL	Poland	1	PERCENT	Percentage	29.30454	28.14216	28.30408	27.55055	28.43358	29.62589	34.87308	33.85835	36.47283	38.31732	39.27422	38.72871	37.0393	38.01588	36.95797	35.44946	37.238264	2015	35.44946	UNIDO CIP 2016 Database. Available at https://stat.unido.org.	M
2018.Q2.G.01	NV_IND_TECH	Proportion of medium and high-tech industry value added in total value added (%)	620	-7.961599811	39.68509315	PRT	Portugal	1	PERCENT	Percentage	25.94491	25.47647	24.95579	24.34955	24.75658	25.54322	24.96374	21.66437	26.76619	26.7495	26.43391	27.07086	27.38564	26.72904	26.85823	25.74003	26.75676	2015	25.74003	UNIDO CIP 2016 Database. Available at https://stat.unido.org.	M
2018.Q2.G.01	NV_IND_TECH	Proportion of medium and high-tech industry value added in total value added (%)	624	-14.40182514	12.11760394	GNB	Guinea-Bissau	1	PERCENT	Percentage																					
2018.Q2.G.01	NV_IND_TECH	Proportion of medium and high-tech industry value added in total value added (%)	626	125.9451052	-8.797497247	TLS	Timor-Leste	1	PERCENT	Percentage																					
2018.Q2.G.01	NV_IND_TECH	Proportion of medium and high-tech industry value added in total value added (%)	630	-66.47591017	18.22753799	PRI	Puerto Rico	1	PERCENT	Percentage																					
2018.Q2.G.01	NV_IND_TECH	Proportion of medium and high-tech industry value added in total value added (%)	634	51.19152467	25.28355379	QAT	Qatar	1	PERCENT	Percentage	21.58458	19.8355	14.62924	18.25696	18.02647	21.81321	15.28581	26.84568	33.01598	24.58707	22.74983	36.75251	62.90284	62.477	66.6505	66.87335	59.13124	2015	66.87335	UNIDO CIP 2016 Database. Available at https://stat.unido.org.	M
2018.Q2.G.01	NV_IND_TECH	Proportion of medium and high-tech industry value added in total value added (%)	638	55.53171398	-21.13183266	REU	Réunion	1	PERCENT	Percentage																					
2018.Q2.G.01	NV_IND_TECH	Proportion of medium and high-tech industry value added in total value added (%)	642	24.98481009	45.83893563	ROU	Romania	1	PERCENT	Percentage	23.25575	23.36915	24.21016	31.69151	29.48435	29.19848	28.68459	30.99603	30.77994	37.82477	40.14974	42.00124	41.92338	41.26519	40.79271	37.85108	40.76672	2015	37.85108	UNIDO CIP 2016 Database. Available at https://stat.unido.org.	M
2018.Q2.G.01	NV_IND_TECH	Proportion of medium and high-tech industry value added in total value added (%)	643	99.01404926	61.61899849	RUS	Russian Federation	1	PERCENT	Percentage	32.65347	32.23976	23.04175	26.98378	24.80919	22.45251	21.88256	22.42326	24.5536	23.14146	25.03676	24.70891	24.83765	23.14013	24.13091	25.59801	24.483122	2015	25.59801	UNIDO CIP 2016 Database. Available at https://stat.unido.org.	M
2018.Q2.G.01	NV_IND_TECH	Proportion of medium and high-tech industry value added in total value added (%)	646	29.92310194	-1.999842114	RWA	Rwanda	1	PERCENT	Percentage	6.6581	6.6581	6.6581	6.6581	6.6581	6.6581	6.6581	6.6581	6.6581	6.6581	6.6581	6.6581	6.6581	6.6581	6.6581	6.6581	6.6581	2015	6.6581	UNIDO CIP 2016 Database. Available at https://stat.unido.org.	M
2018.Q2.G.01	NV_IND_TECH	Proportion of medium and high-tech industry value added in total value added (%)	652	-62.83173536	17.89513362	BLM	Saint Barthélemy	1	PERCENT	Percentage																					
2018.Q2.G.01	NV_IND_TECH	Proportion of medium and high-tech industry value added in total value added (%)	654	-5.705752501	-15.96503946	SHN	Saint Helena	1	PERCENT	Percentage																					
2018.Q2.G.01	NV_IND_TECH	Proportion of medium and high-tech industry value added in total value added (%)	659	-62.76628613	17.33994219	KNA	Saint Kitts and Nevis	1	PERCENT	Percentage																					
2018.Q2.G.01	NV_IND_TECH	Proportion of medium and high-tech industry value added in total value added (%)	660	-63.05651612	18.21525315	AIA	Anguilla	1	PERCENT	Percentage																					
2018.Q2.G.01	NV_IND_TECH	Proportion of medium and high-tech industry value added in total value added (%)	662	-60.96529553	13.89405601	LCA	Saint Lucia	1	PERCENT	Percentage	7.82918	7.82918	7.82918	7.82918	7.82918	7.82918	7.82918	7.82918	7.82918	7.82918	7.82918	7.82918	7.82918	7.82918	7.82918	7.82918	7.82918	2015	7.82918	UNIDO CIP 2016 Database. Available at https://stat.unido.org.	M
2018.Q2.G.01	NV_IND_TECH	Proportion of medium and high-tech industry value added in total value added (%)	663	-63.04505461	18.0882685	MAF	Saint Martin (French Part)	1	PERCENT	Percentage																					
2018.Q2.G.01	NV_IND_TECH	Proportion of medium and high-tech industry value added in total value added (%)	666	-56.33682442	46.85812735	SPM	Saint Pierre and Miquelon	1	PERCENT	Percentage																					
2018.Q2.G.01	NV_IND_TECH	Proportion of medium and high-tech industry value added in total value added (%)	670	-61.19024321	13.24627968	VCT	Saint Vincent and the Grenadines	1	PERCENT	Percentage																					
2018.Q2.G.01	NV_IND_TECH	Proportion of medium and high-tech industry value added in total value added (%)	674	12.46329038	43.93841766	SMR	San Marino	1	PERCENT	Percentage																					
2018.Q2.G.01	NV_IND_TECH	Proportion of medium and high-tech industry value added in total value added (%)	678	6.609772265	0.241554875	STP	Sao Tome and Principe	1	PERCENT	Percentage																					
2018.Q2.G.01	NV_IND_TECH	Proportion of medium and high-tech industry value added in total value added (%)	682	44.54763347	24.12594211	SAU	Saudi Arabia	1	PERCENT	Percentage	21.66609	21.66609	42.24265	35.94254	34.66872	41.71362	41.34754	41.23254	41.22707	32.90112	32.18626	33.7852	33.99343	34.83789	35.02397	35.40971	34.61004	2015	35.40971	UNIDO CIP 2016 Database. Available at https://stat.unido.org.	M
2018.Q2.G.01	NV_IND_TECH	Proportion of medium and high-tech industry value added in total value added (%)	686	-14.46636926	14.35920905	SEN	Senegal	1	PERCENT	Percentage	26.77067	29.16038	31.57087	30.46335	13.96866	15.34056	20.54574	19.33746	22.51929	22.07375	20.80375	23.84818	22.89887	21.6468	21.6468	21.6468	22.33749	2015	21.6468	UNIDO CIP 2016 Database. Available at https://stat.unido.org.	M
2018.Q2.G.01	NV_IND_TECH	Proportion of medium and high-tech industry value added in total value added (%)	688	20.805876	44.03145697	SRB	Serbia	1	PERCENT	Percentage	24.41155	24.41155	24.41155	24.41155	24.41155	24.41156	21.35888	22.06611	21.84593	20.41613	18.64357	19.62811	20.06177	21.79845	23.91126	23.91125	21.862168	2015	23.91125	UNIDO CIP 2016 Database. Available at https://stat.unido.org.	M
2018.Q2.G.01	NV_IND_TECH	Proportion of medium and high-tech industry value added in total value added (%)	690	55.46561591	-4.678053059	SYC	Seychelles	1	PERCENT	Percentage																					
2018.Q2.G.01	NV_IND_TECH	Proportion of medium and high-tech industry value added in total value added (%)	694	-11.78306584	8.568604164	SLE	Sierra Leone	1	PERCENT	Percentage																					
2018.Q2.G.01	NV_IND_TECH	Proportion of medium and high-tech industry value added in total value added (%)	702	103.8107883	1.361009155	SGP	Singapore	1	PERCENT	Percentage	78.5222	79.27645	80.49168	80.60023	82.33631	82.75527	84.58	86.55928	88.037	85.52273	84.78636	85.25865	84.17578	84.72833	84.58174	80.37858	83.824616	2015	80.37858	UNIDO CIP 2016 Database. Available at https://stat.unido.org.	M
2018.Q2.G.01	NV_IND_TECH	Proportion of medium and high-tech industry value added in total value added (%)	703	19.48495604	48.70741446	SVK	Slovakia	1	PERCENT	Percentage	33.66096	34.97682	36.05898	38.20938	35.17935	36.12638	39.98559	43.41826	41.5328	43.30238	46.61325	44.85914	48.48723	50.01632	47.52394	48.18677	47.81468	2015	48.18677	UNIDO CIP 2016 Database. Available at https://stat.unido.org.	M
2018.Q2.G.01	NV_IND_TECH	Proportion of medium and high-tech industry value added in total value added (%)	704	105.802499	10.09643079	VNM	Viet Nam	1	PERCENT	Percentage	23.45451	21.85804	21.85804	21.85804	24.04169	24.04169	25.43053	26.13679	25.72909	29.615	25.42911	20.54018	25.59273	32.39356	40.36346	40.36346	31.850678	2015	40.36346	UNIDO CIP 2016 Database. Available at https://stat.unido.org.	M
2018.Q2.G.01	NV_IND_TECH	Proportion of medium and high-tech industry value added in total value added (%)	705	14.82209486	46.11958061	SVN	Slovenia	1	PERCENT	Percentage	36.60224	37.49659	38.91904	41.85262	42.61985	42.2951	43.26555	43.00217	45.80865	46.50514	48.34756	49.37569	49.79724	50.72326	49.92741	48.65158	49.695036	2015	48.65158	UNIDO CIP 2016 Database. Available at https://stat.unido.org.	M
2018.Q2.G.01	NV_IND_TECH	Proportion of medium and high-tech industry value added in total value added (%)	706	46.20367477	4.406485729	SOM	Somalia	1	PERCENT	Percentage																					
2018.Q2.G.01	NV_IND_TECH	Proportion of medium and high-tech industry value added in total value added (%)	710	24.67184355	-29.99957544	ZAF	South Africa	1	PERCENT	Percentage	24.24064	25.61632	25.46015	25.05675	25.20797	25.57882	25.99938	24.53729	23.55713	24.96186	25.16443	24.42803	24.42803	24.42803	24.42803	24.42803	24.42803	2015	24.42803	UNIDO CIP 2016 Database. Available at https://stat.unido.org.	M
2018.Q2.G.01	NV_IND_TECH	Proportion of medium and high-tech industry value added in total value added (%)	716	29.86909584	-19.00075492	ZWE	Zimbabwe	1	PERCENT	Percentage																					
2018.Q2.G.01	NV_IND_TECH	Proportion of medium and high-tech industry value added in total value added (%)	724	-3.554078296	40.39211472	ESP	Spain	1	PERCENT	Percentage	34.11926	33.80615	33.00748	33.17106	32.40042	31.22954	31.79132	32.50899	34.32717	36.31921	37.80522	37.64873	38.80191	39.64608	41.80081	40.23922	39.62735	2015	40.23922	UNIDO CIP 2016 Database. Available at https://stat.unido.org.	M
2018.Q2.G.01	NV_IND_TECH	Proportion of medium and high-tech industry value added in total value added (%)	728	30.32618773	7.290839152	SSD	South Sudan	1	PERCENT	Percentage																					
2018.Q2.G.01	NV_IND_TECH	Proportion of medium and high-tech industry value added in total value added (%)	732	-13.13515523	24.66265342	ESH	Western Sahara	1	PERCENT	Percentage																					
2018.Q2.G.01	NV_IND_TECH	Proportion of medium and high-tech industry value added in total value added (%)	736	29.95650159	16.02643066	SDN	Sudan	1	PERCENT	Percentage																					
2018.Q2.G.01	NV_IND_TECH	Proportion of medium and high-tech industry value added in total value added (%)	740	-55.90626394	4.132603197	SUR	Suriname	1	PERCENT	Percentage	12.97394	12.97394	12.97394	11.61951	11.61951	11.61951	11.61951	11.61951	11.61951	11.61951	11.61951	11.61951	11.61951	11.61951	11.61951	11.61951	11.61951	2015	11.61951	UNIDO CIP 2016 Database. Available at https://stat.unido.org.	M
2018.Q2.G.01	NV_IND_TECH	Proportion of medium and high-tech industry value added in total value added (%)	744	13.38071013	78.82894131	SJM	Svalbard and Jan Mayen Islands	1	PERCENT	Percentage																					
2018.Q2.G.01	NV_IND_TECH	Proportion of medium and high-tech industry value added in total value added (%)	748	31.50149288	-26.56471011	SWZ	Swaziland	1	PERCENT	Percentage	0.48973	0.42365	0.42365	0.42365	1.05241	1.05241	1.05241	1.05241	1.05241	1.05241	1.05241	1.65484	1.65484	1.65484	1.65484	1.65484	1.65484	2015	1.65484	UNIDO CIP 2016 Database. Available at https://stat.unido.org.	M
2018.Q2.G.01	NV_IND_TECH	Proportion of medium and high-tech industry value added in total value added (%)	752	14.3775338	60.60103109	SWE	Sweden	1	PERCENT	Percentage	50.23595	47.6971	48.02525	51.29403	53.20122	53.59074	53.86472	53.23747	53.43204	41.62847	45.03608	47.72594	54.62327	55.14753	46.54024	48.92328	50.592052	2015	48.92328	UNIDO CIP 2016 Database. Available at https://stat.unido.org.	M
2018.Q2.G.01	NV_IND_TECH	Proportion of medium and high-tech industry value added in total value added (%)	756	8.223158	46.96617097	CHE	Switzerland	1	PERCENT	Percentage	55.64626	52.04691	59.00052	57.14152	57.17621	62.16734	63.69193	65.49699	63.97525	60.94438	61.35373	60.87381	62.71192	62.62082	63.04285	63.04285	62.45845	2015	63.04285	UNIDO CIP 2016 Database. Available at https://stat.unido.org.	M
2018.Q2.G.01	NV_IND_TECH	Proportion of medium and high-tech industry value added in total value added (%)	760	38.50466565	35.01676176	SYR	Syrian Arab Republic (Syria)	1	PERCENT	Percentage	21.51935	21.51935	21.51935	21.51935	21.51935	21.51935	21.51935	21.51935	21.51935	21.51935	21.51935	21.51935	21.51935	21.51935	21.51935	21.51935	21.51935	2015	21.51935	UNIDO CIP 2016 Database. Available at https://stat.unido.org.	M
2018.Q2.G.01	NV_IND_TECH	Proportion of medium and high-tech industry value added in total value added (%)	762	69.294998	38.43069666	TJK	Tajikistan	1	PERCENT	Percentage	2.70302	2.70302	2.70302	2.70302	2.70302	2.52762	3.27905	1.26102	2.61188	2.61188	3.65088	3.6505	2.94576	2.49364	2.49364	2.49364	2.815436	2015	2.49364	UNIDO CIP 2016 Database. Available at https://stat.unido.org.	M
2018.Q2.G.01	NV_IND_TECH	Proportion of medium and high-tech industry value added in total value added (%)	764	101.0202951	15.13089239	THA	Thailand	1	PERCENT	Percentage	37.9426	37.86267	42.11112	42.0333	42.0333	46.26757	46.37827	46.26757	46.26757	43.84136	43.84136	40.62675	40.7085	40.7085	40.7085	40.7085	40.69215	2015	40.7085	UNIDO CIP 2016 Database. Available at https://stat.unido.org.	M
2018.Q2.G.01	NV_IND_TECH	Proportion of medium and high-tech industry value added in total value added (%)	768	0.97835765	8.532096072	TGO	Togo	1	PERCENT	Percentage																					
2018.Q2.G.01	NV_IND_TECH	Proportion of medium and high-tech industry value added in total value added (%)	772	-171.8154473	-9.214545558	TKL	Tokelau	1	PERCENT	Percentage																					
2018.Q2.G.01	NV_IND_TECH	Proportion of medium and high-tech industry value added in total value added (%)	776	-175.1959991	-21.19511329	TON	Tonga	1	PERCENT	Percentage	1.61035	1.61035	1.61035	1.61035	1.61035	1.61035	1.61035	1.61035	1.61035	1.61035	1.61035	1.61035	1.61035	1.61035	1.61035	1.61035	1.61035	2015	1.61035	UNIDO CIP 2016 Database. Available at https://stat.unido.org.	M
2018.Q2.G.01	NV_IND_TECH	Proportion of medium and high-tech industry value added in total value added (%)	780	-61.29389504	10.41877263	TTO	Trinidad and Tobago	1	PERCENT	Percentage	27.13902	28.90843	23.8059	30.07696	34.55537	36.52852	39.5985	39.5985	39.5985	39.5985	39.5985	39.5985	39.5985	39.5985	39.5985	39.5985	39.5985	2015	39.5985	UNIDO CIP 2016 Database. Available at https://stat.unido.org.	M
2018.Q2.G.01	NV_IND_TECH	Proportion of medium and high-tech industry value added in total value added (%)	784	53.98279159	23.43322219	ARE	United Arab Emirates	1	PERCENT	Percentage	12.6112	12.6112	12.6112	12.6112	12.6112	12.6112	12.6112	12.6112	12.6112	12.6112	12.6112	12.6112	12.6112	12.6112	12.6112	12.6112	12.6112	2015	12.6112	UNIDO CIP 2016 Database. Available at https://stat.unido.org.	M
2018.Q2.G.01	NV_IND_TECH	Proportion of medium and high-tech industry value added in total value added (%)	788	9.572737411	34.11439971	TUN	Tunisia	1	PERCENT	Percentage	19.57705	20.29438	21.12366	9.67001	9.59805	9.82948	9.32296	26.49098	18.54013	18.02591	20.01469	20.01469	20.01469	20.01469	20.01469	20.01469	20.01469	2015	20.01469	UNIDO CIP 2016 Database. Available at https://stat.unido.org.	M
2018.Q2.G.01	NV_IND_TECH	Proportion of medium and high-tech industry value added in total value added (%)	792	35.42890329	38.9899684	TUR	Turkey	1	PERCENT	Percentage	28.03855	25.66088	27.3343	31.08372	31.81452	30.69699	31.17121	31.63832	32.62228	34.10943	32.3234	32.26797	31.33409	31.22817	31.26962	29.86227	31.192424	2015	29.86227	UNIDO CIP 2016 Database. Available at https://stat.unido.org.	M
2018.Q2.G.01	NV_IND_TECH	Proportion of medium and high-tech industry value added in total value added (%)	795	58.9787665	40.0912346	TKM	Turkmenistan	1	PERCENT	Percentage																					
2018.Q2.G.01	NV_IND_TECH	Proportion of medium and high-tech industry value added in total value added (%)	796	-71.745121	21.80780585	TCA	Turks and Caicos Islands	1	PERCENT	Percentage																					
2018.Q2.G.01	NV_IND_TECH	Proportion of medium and high-tech industry value added in total value added (%)	798	178.6679611	-7.460048071	TUV	Tuvalu	1	PERCENT	Percentage																					
2018.Q2.G.01	NV_IND_TECH	Proportion of medium and high-tech industry value added in total value added (%)	800	32.39100438	1.279557331	UGA	Uganda	1	PERCENT	Percentage	11.06716	11.06716	11.06716	11.06716	11.06716	11.06716	11.06716	11.06716	11.06716	11.06716	11.06716	11.06716	11.06716	11.06716	11.06716	11.06716	11.06716	2015	11.06716	UNIDO CIP 2016 Database. Available at https://stat.unido.org.	M
2018.Q2.G.01	NV_IND_TECH	Proportion of medium and high-tech industry value added in total value added (%)	804	31.40270802	49.00735945	UKR	Ukraine	1	PERCENT	Percentage	23.34419	33.00857	33.14248	32.97821	33.47888	33.12441	33.15324	33.15147	32.92336	32.90965	32.73588	32.78578	35.20469	42.00995	31.10449	30.36311	34.293604	2015	30.36311	UNIDO CIP 2016 Database. Available at https://stat.unido.org.	M
2018.Q2.G.01	NV_IND_TECH	Proportion of medium and high-tech industry value added in total value added (%)	807	21.7007909	41.60048068	MKD	Macedonia, Republic of	1	PERCENT	Percentage	14.54856	15.3102	7.9519	13.77623	14.69382	14.11565	14.09094	12.66671	13.69141	14.61782	19.49954	15.48203	23.42378	15.34829	15.34829	15.34829	16.990136	2015	15.34829	UNIDO CIP 2016 Database. Available at https://stat.unido.org.	M
2018.Q2.G.01	NV_IND_TECH	Proportion of medium and high-tech industry value added in total value added (%)	818	29.77468534	26.57438204	EGY	Egypt	1	PERCENT	Percentage	36.19153	32.18343	32.48629	32.18343	27.35975	28.96719	25.7464	25.70697	25.70697	24.25639	23.84047	21.77483	20.77123	18.08431	14.29085	14.20161	17.824566	2015	14.20161	UNIDO CIP 2016 Database. Available at https://stat.unido.org.	M
2018.Q2.G.01	NV_IND_TECH	Proportion of medium and high-tech industry value added in total value added (%)	826	-2.23830539	53.27691757	GBR	United Kingdom	1	PERCENT	Percentage	43.46396	42.24309	42.66688	41.97365	42.18138	42.38363	43.80752	43.45673	44.89424	47.82204	49.73801	49.53883	49.2304	50.52847	50.17827	47.3672	49.368634	2015	47.3672	UNIDO CIP 2016 Database. Available at https://stat.unido.org.	M
2018.Q2.G.01	NV_IND_TECH	Proportion of medium and high-tech industry value added in total value added (%)	831	-2.200712402	49.71561166	GGY	Guernsey	1	PERCENT	Percentage																					
2018.Q2.G.01	NV_IND_TECH	Proportion of medium and high-tech industry value added in total value added (%)	832	-2.136773508	49.22353354	JEY	Jersey	1	PERCENT	Percentage																					
2018.Q2.G.01	NV_IND_TECH	Proportion of medium and high-tech industry value added in total value added (%)	833	-4.538190305	54.22880901	IMN	Isle of Man	1	PERCENT	Percentage																					
2018.Q2.G.01	NV_IND_TECH	Proportion of medium and high-tech industry value added in total value added (%)	834	34.80521182	-6.265332606	TZA	Tanzania, United Republic of	1	PERCENT	Percentage	20.20661	20.20661	19.31945	8.32459	4.89256	3.70004	1.37631	1.37641	11.16579	8.56086	11.99675	12.14389	11.47638	6.83169	6.82976	6.82976	8.822296	2015	6.82976	UNIDO CIP 2016 Database. Available at https://stat.unido.org.	M
2018.Q2.G.01	NV_IND_TECH	Proportion of medium and high-tech industry value added in total value added (%)	840	-99.13830311	39.5277871	USA	United States of America	1	PERCENT	Percentage	51.01317	49.57009	50.3849	50.41284	50.39386	49.31062	49.46574	50.61013	51.32768	40.32291	47.69114	47.20439	41.17889	41.16643	41.16643	41.16643	42.376514	2015	41.16643	UNIDO CIP 2016 Database. Available at https://stat.unido.org.	M
2018.Q2.G.01	NV_IND_TECH	Proportion of medium and high-tech industry value added in total value added (%)	850	-64.76960113	17.73297693	VIR	United States Virgin Islands	1	PERCENT	Percentage																					
2018.Q2.G.01	NV_IND_TECH	Proportion of medium and high-tech industry value added in total value added (%)	854	-1.742843829	12.27491081	BFA	Burkina Faso	1	PERCENT	Percentage																					
2018.Q2.G.01	NV_IND_TECH	Proportion of medium and high-tech industry value added in total value added (%)	858	-56.01387025	-32.8002838	URY	Uruguay	1	PERCENT	Percentage	13.16243	13.59602	13.80269	14.83275	10.81851	11.36271	13.41203	14.24898	14.46455	13.21954	13.7974	13.90316	15.28891	15.28891	15.28891	15.28891	15.01176	2015	15.28891	UNIDO CIP 2016 Database. Available at https://stat.unido.org.	M
2018.Q2.G.01	NV_IND_TECH	Proportion of medium and high-tech industry value added in total value added (%)	860	63.11944558	41.77560518	UZB	Uzbekistan	1	PERCENT	Percentage																					
2018.Q2.G.01	NV_IND_TECH	Proportion of medium and high-tech industry value added in total value added (%)	862	-66.15642084	7.121324748	VEN	Venezuela (Bolivarian Republic)	1	PERCENT	Percentage	34.28247	34.28247	34.28247	34.28247	34.28247	34.28247	34.28247	34.28247	34.28247	34.28247	34.28247	34.28247	34.28247	34.28247	34.28247	34.28247	34.28247	2015	34.28247	UNIDO CIP 2016 Database. Available at https://stat.unido.org.	M
2018.Q2.G.01	NV_IND_TECH	Proportion of medium and high-tech industry value added in total value added (%)	876	-176.2034788	-13.28471201	WLF	Wallis and Futuna Islands	1	PERCENT	Percentage																					
2018.Q2.G.01	NV_IND_TECH	Proportion of medium and high-tech industry value added in total value added (%)	882	-172.4430749	-13.61541469	WSM	Samoa	1	PERCENT	Percentage																					
2018.Q2.G.01	NV_IND_TECH	Proportion of medium and high-tech industry value added in total value added (%)	887	45.22389143	15.22242099	YEM	Yemen	1	PERCENT	Percentage	5.61806	2.27171	2.0565	1.5211	2.30998	2.55551	2.66094	1.84029	1.46315	1.7522	2.37098	2.25998	2.24652	2.19998	2.06496	2.06496	2.16728	2015	2.06496	UNIDO CIP 2016 Database. Available at https://stat.unido.org.	M
2018.Q2.G.01	NV_IND_TECH	Proportion of medium and high-tech industry value added in total value added (%)	894	27.850329	-14.59701056	ZMB	Zambia	1	PERCENT	Percentage	21.08268	21.08268	21.08268	21.08268	21.08268	21.08268	21.08268	21.08268	21.08268	21.08268	21.08268	21.08268	21.08268	21.08268	21.08268	21.08268	21.08268	2015	21.08268	UNIDO CIP 2016 Database. Available at https://stat.unido.org.	M
