series.release	series.code	series.description	geoAreaCode	X	Y	ISO3CD	geoAreaName	sliceId	Units	Units description	2000	2001	2002	2003	2004	2005	2006	2007	2008	2009	2010	2011	2012	2013	2014	2015	2016	2017	last.5.years.mean	latest.year	latest.value	latest.source	latest.nature
2018.Q2.G.01	SE_PRE_GPIPARTN	Gender parity index for participation rate in organized learning (one year before the official primary entry age), (ratio)	4	66.02688198	33.83160199	AFG	Afghanistan	1	Ratio	Ratio																							
2018.Q2.G.01	SE_PRE_GPIPARTN	Gender parity index for participation rate in organized learning (one year before the official primary entry age), (ratio)	8	20.06660928	41.13897007	ALB	Albania	1	Ratio	Ratio		1.13513		1.06591	1.02873				0.9818	0.99765	0.97118	0.98548	0.98055			0.98989			0.98989	2015	0.98989	UNESCO Institute for Statistics	C
2018.Q2.G.01	SE_PRE_GPIPARTN	Gender parity index for participation rate in organized learning (one year before the official primary entry age), (ratio)	10	21.47585697	-80.40897662	ATA	Antarctica	1	Ratio	Ratio																							
2018.Q2.G.01	SE_PRE_GPIPARTN	Gender parity index for participation rate in organized learning (one year before the official primary entry age), (ratio)	12	2.678164227	28.15940032	DZA	Algeria	1	Ratio	Ratio				0.98487	1.00765	0.93494	0.99029		0.94511		0.94787									2010	0.94787	UNESCO Institute for Statistics	C
2018.Q2.G.01	SE_PRE_GPIPARTN	Gender parity index for participation rate in organized learning (one year before the official primary entry age), (ratio)	16	-170.7187269	-14.30587306	ASM	American Samoa	1	Ratio	Ratio																							
2018.Q2.G.01	SE_PRE_GPIPARTN	Gender parity index for participation rate in organized learning (one year before the official primary entry age), (ratio)	20	1.576257417	42.54548611	AND	Andorra	1	Ratio	Ratio																							
2018.Q2.G.01	SE_PRE_GPIPARTN	Gender parity index for participation rate in organized learning (one year before the official primary entry age), (ratio)	24	17.57817062	-12.33724746	AGO	Angola	1	Ratio	Ratio																							
2018.Q2.G.01	SE_PRE_GPIPARTN	Gender parity index for participation rate in organized learning (one year before the official primary entry age), (ratio)	28	-61.7999755	17.07761471	ATG	Antigua and Barbuda	1	Ratio	Ratio								0.97994	0.92627						0.86384	1.02843			0.946135	2015	1.02843	UNESCO Institute for Statistics	C
2018.Q2.G.01	SE_PRE_GPIPARTN	Gender parity index for participation rate in organized learning (one year before the official primary entry age), (ratio)	31	50.01064725	40.39229544	AZE	Azerbaijan	1	Ratio	Ratio	1.03307	0.94309	1.02676	0.98582	0.93238	0.91414	0.96475	1.01963	0.99022	1.01694	0.96249	0.95566	0.9521	0.98896	1.02967	1.02408	1.00879		1.012875	2016	1.00879	UNESCO Institute for Statistics	C
2018.Q2.G.01	SE_PRE_GPIPARTN	Gender parity index for participation rate in organized learning (one year before the official primary entry age), (ratio)	32	-65.14563274	-35.19446255	ARG	Argentina	1	Ratio	Ratio	1.01755	1.01594	1.01471	1.00887	1.01015	1.01452	1.01176	1.01578	1.01885	1.017	1.0135	1.01401	1.01604	1.01379	1.01399	1.01257			1.01345	2015	1.01257	UNESCO Institute for Statistics	C
2018.Q2.G.01	SE_PRE_GPIPARTN	Gender parity index for participation rate in organized learning (one year before the official primary entry age), (ratio)	36	134.3499412	-25.57717202	AUS	Australia	1	Ratio	Ratio		1.02485	1.0294	1.01681	1.01057	1.00893	0.97943	0.98397	0.97931	0.98557	0.98397			1.00058	0.99747	0.99721	0.98577		0.9952575	2016	0.98577	UNESCO Institute for Statistics	C
2018.Q2.G.01	SE_PRE_GPIPARTN	Gender parity index for participation rate in organized learning (one year before the official primary entry age), (ratio)	40	14.14172472	47.58704857	AUT	Austria	1	Ratio	Ratio																							
2018.Q2.G.01	SE_PRE_GPIPARTN	Gender parity index for participation rate in organized learning (one year before the official primary entry age), (ratio)	44	-78.05111663	24.69546597	BHS	Bahamas	1	Ratio	Ratio																	1.12619		1.12619	2016	1.12619	UNESCO Institute for Statistics	C
2018.Q2.G.01	SE_PRE_GPIPARTN	Gender parity index for participation rate in organized learning (one year before the official primary entry age), (ratio)	48	50.5490754	26.04407747	BHR	Bahrain	1	Ratio	Ratio	1.01708	1.01278		1.02139	0.9958	1.01777	1.08315					1.0081	0.97285	0.9892	0.95981	0.97902	0.997		0.9812575	2016	0.997	UNESCO Institute for Statistics	C
2018.Q2.G.01	SE_PRE_GPIPARTN	Gender parity index for participation rate in organized learning (one year before the official primary entry age), (ratio)	50	89.17660788	22.86961622	BGD	Bangladesh	1	Ratio	Ratio										1.03252	1.00401	0.98892								2011	0.98892	UNESCO Institute for Statistics	C
2018.Q2.G.01	SE_PRE_GPIPARTN	Gender parity index for participation rate in organized learning (one year before the official primary entry age), (ratio)	51	44.93839317	40.29499741	ARM	Armenia	1	Ratio	Ratio																							
2018.Q2.G.01	SE_PRE_GPIPARTN	Gender parity index for participation rate in organized learning (one year before the official primary entry age), (ratio)	52	-59.5346489	13.13648273	BRB	Barbados	1	Ratio	Ratio	1.03094	1.06502	1.05202	0.98959	0.98955	0.9853	0.99063	0.97092	1.05394	1.00144	1.04899	1.11405			1.02692	1.01291	0.92696		0.98893	2016	0.92696	UNESCO Institute for Statistics	C
2018.Q2.G.01	SE_PRE_GPIPARTN	Gender parity index for participation rate in organized learning (one year before the official primary entry age), (ratio)	56	4.660976456	50.64104975	BEL	Belgium	1	Ratio	Ratio	0.98839	0.99777	1.00605	0.99725	0.99918	1.00332	0.99615	1.00403	0.99835	1.00631	1.00384	0.99851	1.00685	1.00197	0.99307	0.99891			0.997983333333333	2015	0.99891	UNESCO Institute for Statistics	C
2018.Q2.G.01	SE_PRE_GPIPARTN	Gender parity index for participation rate in organized learning (one year before the official primary entry age), (ratio)	60	-64.78155012	32.27881922	BMU	Bermuda	1	Ratio	Ratio												0.98275	1.09109							2012	1.09109	UNESCO Institute for Statistics	C
2018.Q2.G.01	SE_PRE_GPIPARTN	Gender parity index for participation rate in organized learning (one year before the official primary entry age), (ratio)	64	90.45098484	27.39598568	BTN	Bhutan	1	Ratio	Ratio																							
2018.Q2.G.01	SE_PRE_GPIPARTN	Gender parity index for participation rate in organized learning (one year before the official primary entry age), (ratio)	68	-64.66224284	-16.71273412	BOL	Bolivia (Plurinational State of)	1	Ratio	Ratio	1.01054	1.00786	1.01622	1.00428	1.00186	1.00126	1.00331	0.99546	1.00219	1.00947	1.00557	0.99646	0.93969	0.9706	1.00126	0.99812	0.99191		0.9904725	2016	0.99191	UNESCO Institute for Statistics	C
2018.Q2.G.01	SE_PRE_GPIPARTN	Gender parity index for participation rate in organized learning (one year before the official primary entry age), (ratio)	70	17.78584332	44.16845548	BIH	Bosnia and Herzegovina	1	Ratio	Ratio																							
2018.Q2.G.01	SE_PRE_GPIPARTN	Gender parity index for participation rate in organized learning (one year before the official primary entry age), (ratio)	72	23.81380223	-22.18810073	BWA	Botswana	1	Ratio	Ratio						1.019	1.1021		1.06227	1.07564			1.05609	1.02284	1.05908				1.04096	2014	1.05908	UNESCO Institute for Statistics	E
2018.Q2.G.01	SE_PRE_GPIPARTN	Gender parity index for participation rate in organized learning (one year before the official primary entry age), (ratio)	74	3.410732868	-54.43295905	BVT	Bouvet Island	1	Ratio	Ratio																							
2018.Q2.G.01	SE_PRE_GPIPARTN	Gender parity index for participation rate in organized learning (one year before the official primary entry age), (ratio)	76	-53.08432878	-10.77668561	BRA	Brazil	1	Ratio	Ratio						1.00594		1.02075	1.007	1.04367		0.98437	1.01065	1.02638	0.99131	0.97695			0.998213333333333	2015	0.97695	UNESCO Institute for Statistics	C
2018.Q2.G.01	SE_PRE_GPIPARTN	Gender parity index for participation rate in organized learning (one year before the official primary entry age), (ratio)	84	-88.70199554	17.19965901	BLZ	Belize	1	Ratio	Ratio	1.14553	1.03013		1.06609	0.97841	1.05295	1.07863	1.03023	1.0007	1.02376	1.0673	1.0161	1.00944	0.97763	1.00211	1.01832	0.99425		0.9980775	2016	0.99425	UNESCO Institute for Statistics	C
2018.Q2.G.01	SE_PRE_GPIPARTN	Gender parity index for participation rate in organized learning (one year before the official primary entry age), (ratio)	86	72.38715553	-7.299281071	IOT	British Indian Ocean Territory	1	Ratio	Ratio																							
2018.Q2.G.01	SE_PRE_GPIPARTN	Gender parity index for participation rate in organized learning (one year before the official primary entry age), (ratio)	90	160.1584117	-9.622391719	SLB	Solomon Islands	1	Ratio	Ratio														1.03622	1.05245	1.00814			1.03227	2015	1.00814	UNESCO Institute for Statistics	C
2018.Q2.G.01	SE_PRE_GPIPARTN	Gender parity index for participation rate in organized learning (one year before the official primary entry age), (ratio)	92	-64.63294223	18.42256578	VGB	British Virgin Islands	1	Ratio	Ratio																							
2018.Q2.G.01	SE_PRE_GPIPARTN	Gender parity index for participation rate in organized learning (one year before the official primary entry age), (ratio)	96	114.6288563	4.49736984	BRN	Brunei Darussalam	1	Ratio	Ratio							0.94967	1.01002	1.04699	1.02555	0.98506	0.9782	0.99849	1.0393	0.99296	0.97773	0.9965		1.0016225	2016	0.9965	UNESCO Institute for Statistics	C
2018.Q2.G.01	SE_PRE_GPIPARTN	Gender parity index for participation rate in organized learning (one year before the official primary entry age), (ratio)	100	25.23763153	42.75731323	BGR	Bulgaria	1	Ratio	Ratio	0.99	1.01348	1.00454	0.9906	0.9806	1.00097	1.00579	1.00168	0.99267	0.98854	0.99994	1.00525	1.00265	0.9997	0.99033	0.99115	1.00727		0.9971125	2016	1.00727	UNESCO Institute for Statistics	C
2018.Q2.G.01	SE_PRE_GPIPARTN	Gender parity index for participation rate in organized learning (one year before the official primary entry age), (ratio)	104	96.51752295	21.19332882	MMR	Myanmar	1	Ratio	Ratio																							
2018.Q2.G.01	SE_PRE_GPIPARTN	Gender parity index for participation rate in organized learning (one year before the official primary entry age), (ratio)	108	29.89080992	-3.366387428	BDI	Burundi	1	Ratio	Ratio											0.99895									2010	0.99895	UNESCO Institute for Statistics	C
2018.Q2.G.01	SE_PRE_GPIPARTN	Gender parity index for participation rate in organized learning (one year before the official primary entry age), (ratio)	112	28.04940161	53.54193075	BLR	Belarus	1	Ratio	Ratio					0.9825	0.98672	0.99088	0.98479	0.98592	0.9678	0.97783	0.99541	0.99581	0.97892	0.97371	0.96352	0.96921		0.97134	2016	0.96921	UNESCO Institute for Statistics	C
2018.Q2.G.01	SE_PRE_GPIPARTN	Gender parity index for participation rate in organized learning (one year before the official primary entry age), (ratio)	116	104.922836	12.71163737	KHM	Cambodia	1	Ratio	Ratio							1.04739				1.01295		1.02658							2012	1.02658	UNESCO Institute for Statistics	C
2018.Q2.G.01	SE_PRE_GPIPARTN	Gender parity index for participation rate in organized learning (one year before the official primary entry age), (ratio)	120	12.7419827	5.692387031	CMR	Cameroon	1	Ratio	Ratio												0.97476	0.97007		0.97906	0.97788	0.98951		0.98215	2016	0.98951	UNESCO Institute for Statistics	C
2018.Q2.G.01	SE_PRE_GPIPARTN	Gender parity index for participation rate in organized learning (one year before the official primary entry age), (ratio)	124	-101.6575058	57.72360191	CAN	Canada	1	Ratio	Ratio																							
2018.Q2.G.01	SE_PRE_GPIPARTN	Gender parity index for participation rate in organized learning (one year before the official primary entry age), (ratio)	132	-23.63544151	15.07791834	CPV	Cabo Verde	1	Ratio	Ratio		1.08509	1.01693	1.01602	1.05575	1.00595	1.02388	1.02391	0.98588	1.01288	1.0128	0.98668	1.00584	0.97902	1.02083	0.99149	1.01132		1.000665	2016	1.01132	UNESCO Institute for Statistics	C
2018.Q2.G.01	SE_PRE_GPIPARTN	Gender parity index for participation rate in organized learning (one year before the official primary entry age), (ratio)	136	-81.16740559	19.32266656	CYM	Cayman Islands	1	Ratio	Ratio																							
2018.Q2.G.01	SE_PRE_GPIPARTN	Gender parity index for participation rate in organized learning (one year before the official primary entry age), (ratio)	140	20.93559492	7.003720791	CAF	Central African Republic	1	Ratio	Ratio									0.98791	0.97911		1.01474								2011	1.01474	UNESCO Institute for Statistics	C
2018.Q2.G.01	SE_PRE_GPIPARTN	Gender parity index for participation rate in organized learning (one year before the official primary entry age), (ratio)	144	80.70489654	7.614693343	LKA	Sri Lanka	1	Ratio	Ratio																							
2018.Q2.G.01	SE_PRE_GPIPARTN	Gender parity index for participation rate in organized learning (one year before the official primary entry age), (ratio)	148	18.66618401	15.36279341	TCD	Chad	1	Ratio	Ratio																							
2018.Q2.G.01	SE_PRE_GPIPARTN	Gender parity index for participation rate in organized learning (one year before the official primary entry age), (ratio)	152	-71.23029019	-35.2652885	CHL	Chile	1	Ratio	Ratio								0.98515	1.00623	1.00026	0.99393	0.98755	0.99508	0.9931	0.99869	0.99849	0.99374		0.996005	2016	0.99374	UNESCO Institute for Statistics	C
2018.Q2.G.01	SE_PRE_GPIPARTN	Gender parity index for participation rate in organized learning (one year before the official primary entry age), (ratio)	156	104.1403375	32.30955217	CHN	China	1	Ratio	Ratio																							
2018.Q2.G.01	SE_PRE_GPIPARTN	Gender parity index for participation rate in organized learning (one year before the official primary entry age), (ratio)	162	105.6426067	-10.4882473	CXR	Christmas Island	1	Ratio	Ratio																							
2018.Q2.G.01	SE_PRE_GPIPARTN	Gender parity index for participation rate in organized learning (one year before the official primary entry age), (ratio)	166	96.82633757	-12.18600682	CCK	Cocos (Keeling) Islands	1	Ratio	Ratio																							
2018.Q2.G.01	SE_PRE_GPIPARTN	Gender parity index for participation rate in organized learning (one year before the official primary entry age), (ratio)	170	-73.07446751	3.888209046	COL	Colombia	1	Ratio	Ratio					1.02028	1.01351	1.01902	1.01455	1.01071	1.00357	1.00412	0.99965	1.01213	1.00694	1.00967		1.00823		1.00828	2016	1.00823	UNESCO Institute for Statistics	C
2018.Q2.G.01	SE_PRE_GPIPARTN	Gender parity index for participation rate in organized learning (one year before the official primary entry age), (ratio)	174	43.34234565	-11.66121732	COM	Comoros	1	Ratio	Ratio															0.74607				0.74607	2014	0.74607	UNESCO Institute for Statistics	C
2018.Q2.G.01	SE_PRE_GPIPARTN	Gender parity index for participation rate in organized learning (one year before the official primary entry age), (ratio)	175	45.14015057	-12.82217691	MYT	Mayotte	1	Ratio	Ratio																							
2018.Q2.G.01	SE_PRE_GPIPARTN	Gender parity index for participation rate in organized learning (one year before the official primary entry age), (ratio)	178	15.22052612	-0.840544119	COG	Congo	1	Ratio	Ratio						1.21828	0.98748				1.04039		1.11076							2012	1.11076	UNESCO Institute for Statistics	C
2018.Q2.G.01	SE_PRE_GPIPARTN	Gender parity index for participation rate in organized learning (one year before the official primary entry age), (ratio)	180	23.65496507	-2.877154732	COD	Democratic Republic of the Congo	1	Ratio	Ratio																							
2018.Q2.G.01	SE_PRE_GPIPARTN	Gender parity index for participation rate in organized learning (one year before the official primary entry age), (ratio)	184	-159.7711391	-21.22696458	COK	Cook Islands	1	Ratio	Ratio														1.02589	1.10104	1.12425	1.01733		1.0671275	2016	1.01733	UNESCO Institute for Statistics	C
2018.Q2.G.01	SE_PRE_GPIPARTN	Gender parity index for participation rate in organized learning (one year before the official primary entry age), (ratio)	188	-84.19712782	9.970998683	CRI	Costa Rica	1	Ratio	Ratio												1.01284	1.01412	1.00013	1.00483	0.99412	0.98555		0.9961575	2016	0.98555	UNESCO Institute for Statistics	C
2018.Q2.G.01	SE_PRE_GPIPARTN	Gender parity index for participation rate in organized learning (one year before the official primary entry age), (ratio)	191	17.95874553	45.45172212	HRV	Croatia	1	Ratio	Ratio		1.01853	0.98998			1.0146	1.00723	0.98893	0.98082	0.98463	1.0271	0.99566	1.00029	0.97725	0.98708	0.95445	0.95132		0.967525	2016	0.95132	UNESCO Institute for Statistics	C
2018.Q2.G.01	SE_PRE_GPIPARTN	Gender parity index for participation rate in organized learning (one year before the official primary entry age), (ratio)	192	-79.54460144	22.10030366	CUB	Cuba	1	Ratio	Ratio	1.00771	0.98846	0.98218	0.98788	0.99498	1.00454	0.98117	0.98831	0.9974	0.99241	0.98833	0.98819	0.99407	0.99182	1.01115	1.00361			1.00219333333333	2015	1.00361	UNESCO Institute for Statistics	C
2018.Q2.G.01	SE_PRE_GPIPARTN	Gender parity index for participation rate in organized learning (one year before the official primary entry age), (ratio)	196	33.22285964	35.05659437	CYP	Cyprus	1	Ratio	Ratio	1.01765	0.9992	0.97718	0.99749	1.02715	0.96807	0.97339	0.97787	1.00218	0.99246	1.00442	0.99474	0.9748	1.00478	0.99539	0.99618			0.998783333333333	2015	0.99618	UNESCO Institute for Statistics	C
2018.Q2.G.01	SE_PRE_GPIPARTN	Gender parity index for participation rate in organized learning (one year before the official primary entry age), (ratio)	203	15.33151382	49.73913871	CZE	Czechia	1	Ratio	Ratio																							
2018.Q2.G.01	SE_PRE_GPIPARTN	Gender parity index for participation rate in organized learning (one year before the official primary entry age), (ratio)	204	2.339933594	9.65401646	BEN	Benin	1	Ratio	Ratio												0.98751	0.97479							2012	0.97479	UNESCO Institute for Statistics	C
2018.Q2.G.01	SE_PRE_GPIPARTN	Gender parity index for participation rate in organized learning (one year before the official primary entry age), (ratio)	208	9.326571283	56.03829721	DNK	Denmark	1	Ratio	Ratio	1.06146	1.00234	0.99375		1.01518	1.09757	1.10525	1.08308	1.1226	1.10883	0.99727	1.0073	0.99453	1.0024	1.04984	1.03523	1.01289		1.02509	2016	1.01289	UNESCO Institute for Statistics	C
2018.Q2.G.01	SE_PRE_GPIPARTN	Gender parity index for participation rate in organized learning (one year before the official primary entry age), (ratio)	212	-61.3493756	15.43391378	DMA	Dominica	1	Ratio	Ratio		1.08039									1.24817					0.99191			0.99191	2015	0.99191	UNESCO Institute for Statistics	C
2018.Q2.G.01	SE_PRE_GPIPARTN	Gender parity index for participation rate in organized learning (one year before the official primary entry age), (ratio)	214	-70.49847576	18.89832088	DOM	Dominican Republic	1	Ratio	Ratio	1.03799		0.98532	1.01492	0.97485	1.01973	1.03219	1.02624	1.01564	0.90964	0.98929	1.02016	1.03188	1.02573	1.03151	1.03366	1.03066		1.03039	2016	1.03066	UNESCO Institute for Statistics	C
2018.Q2.G.01	SE_PRE_GPIPARTN	Gender parity index for participation rate in organized learning (one year before the official primary entry age), (ratio)	218	-78.37005241	-1.447785891	ECU	Ecuador	1	Ratio	Ratio	1.03163	1.03447	1.0362	1.02877		1.02009	1.01861	1.0172			1.03328	1.01989	1.04046	1.04563	1.03124	1.02526	1.03726	1.0454	1.036958	2017	1.0454	UNESCO Institute for Statistics	C
2018.Q2.G.01	SE_PRE_GPIPARTN	Gender parity index for participation rate in organized learning (one year before the official primary entry age), (ratio)	222	-88.86862995	13.73603564	SLV	El Salvador	1	Ratio	Ratio	1.09172	1.0433	1.06075	1.05096		1.02428	1.0411	1.03308	1.02609	1.00295	1.01248	1.02118	1.018	1.0143	1.028	1.02665	1.01795		1.021725	2016	1.01795	UNESCO Institute for Statistics	C
2018.Q2.G.01	SE_PRE_GPIPARTN	Gender parity index for participation rate in organized learning (one year before the official primary entry age), (ratio)	226	10.46535826	1.565792376	GNQ	Equatorial Guinea	1	Ratio	Ratio	1.07105											1.0604				1.04132			1.04132	2015	1.04132	UNESCO Institute for Statistics	C
2018.Q2.G.01	SE_PRE_GPIPARTN	Gender parity index for participation rate in organized learning (one year before the official primary entry age), (ratio)	231	39.63505296	8.631223181	ETH	Ethiopia	1	Ratio	Ratio								0.93365	0.94879	0.91748	0.93566	0.94058	1.11036		0.9233	0.93396			0.92863	2015	0.93396	UNESCO Institute for Statistics	C
2018.Q2.G.01	SE_PRE_GPIPARTN	Gender parity index for participation rate in organized learning (one year before the official primary entry age), (ratio)	232	38.11074289	16.12894644	ERI	Eritrea	1	Ratio	Ratio	0.94787	0.91873	0.92074	0.96532	0.9787	0.98964	1.04076	0.96861	0.92688	0.96642	0.96479	0.9349	0.95915	0.98512	0.9922	0.97175			0.983023333333333	2015	0.97175	UNESCO Institute for Statistics	C
2018.Q2.G.01	SE_PRE_GPIPARTN	Gender parity index for participation rate in organized learning (one year before the official primary entry age), (ratio)	233	25.84093481	58.68487172	EST	Estonia	1	Ratio	Ratio											1.04683	0.99424	0.9658	1.002	1.00971	1.00397			1.00522666666667	2015	1.00397	UNESCO Institute for Statistics	C
2018.Q2.G.01	SE_PRE_GPIPARTN	Gender parity index for participation rate in organized learning (one year before the official primary entry age), (ratio)	234	-7.122044325	62.21228119	FRO	Faroe Islands	1	Ratio	Ratio																							
2018.Q2.G.01	SE_PRE_GPIPARTN	Gender parity index for participation rate in organized learning (one year before the official primary entry age), (ratio)	238	-58.75246778	-51.74562601	FLK	Falkland Islands (Malvinas)	1	Ratio	Ratio																							
2018.Q2.G.01	SE_PRE_GPIPARTN	Gender parity index for participation rate in organized learning (one year before the official primary entry age), (ratio)	239	-36.90662765	-54.20736749	SGS	South Georgia and the South Sandwich Islands	1	Ratio	Ratio																							
2018.Q2.G.01	SE_PRE_GPIPARTN	Gender parity index for participation rate in organized learning (one year before the official primary entry age), (ratio)	242	177.9660884	-17.83301566	FJI	Fiji	1	Ratio	Ratio					1.06608		1.03791													2006	1.03791	UNESCO Institute for Statistics	C
2018.Q2.G.01	SE_PRE_GPIPARTN	Gender parity index for participation rate in organized learning (one year before the official primary entry age), (ratio)	246	23.308447	61.91586738	FIN	Finland	1	Ratio	Ratio	0.99052	1.00752	0.99384	0.98947	1.00742	1.00078	0.99989	0.98675	0.99503	0.99299	1.00389	0.98815	1.00589	0.99981	0.99046	0.99977	1.00369		0.9984325	2016	1.00369	UNESCO Institute for Statistics	C
2018.Q2.G.01	SE_PRE_GPIPARTN	Gender parity index for participation rate in organized learning (one year before the official primary entry age), (ratio)	248	19.80945969	60.1544901	ALA	Åland Islands	1	Ratio	Ratio																							
2018.Q2.G.01	SE_PRE_GPIPARTN	Gender parity index for participation rate in organized learning (one year before the official primary entry age), (ratio)	250	2.457288129	46.62660861	FRA	France	1	Ratio	Ratio	1.00067	1	1.00304	0.99811	1.00169	1.00249	1.00246	1.00284	1.00326	1.00292	1.00296	1.00742	1.00702	1.00724	1.00255	1.00467			1.00482	2015	1.00467	UNESCO Institute for Statistics	C
2018.Q2.G.01	SE_PRE_GPIPARTN	Gender parity index for participation rate in organized learning (one year before the official primary entry age), (ratio)	254	-53.23619089	3.922673437	GUF	French Guiana	1	Ratio	Ratio																							
2018.Q2.G.01	SE_PRE_GPIPARTN	Gender parity index for participation rate in organized learning (one year before the official primary entry age), (ratio)	258	-149.4052367	-17.67709294	PYF	French Polynesia	1	Ratio	Ratio																							
2018.Q2.G.01	SE_PRE_GPIPARTN	Gender parity index for participation rate in organized learning (one year before the official primary entry age), (ratio)	260	69.64849091	-49.6068576	ATF	French Southern Territories	1	Ratio	Ratio																							
2018.Q2.G.01	SE_PRE_GPIPARTN	Gender parity index for participation rate in organized learning (one year before the official primary entry age), (ratio)	262	42.18274707	11.56004161	DJI	Djibouti	1	Ratio	Ratio	0.85028	0.72705	0.81359		0.95677		1.0003	0.87629	0.83172	0.85182		1.06142					1.01752	1.01074	1.01413	2017	1.01074	UNESCO Institute for Statistics	C
2018.Q2.G.01	SE_PRE_GPIPARTN	Gender parity index for participation rate in organized learning (one year before the official primary entry age), (ratio)	266	11.78727747	-0.60687619	GAB	Gabon	1	Ratio	Ratio																							
2018.Q2.G.01	SE_PRE_GPIPARTN	Gender parity index for participation rate in organized learning (one year before the official primary entry age), (ratio)	268	43.3713615	42.04813028	GEO	Georgia	1	Ratio	Ratio					1.13226	1.10824	0.97477													2006	0.97477	UNESCO Institute for Statistics	C
2018.Q2.G.01	SE_PRE_GPIPARTN	Gender parity index for participation rate in organized learning (one year before the official primary entry age), (ratio)	270	-15.39944785	13.45295927	GMB	Gambia	1	Ratio	Ratio																							
2018.Q2.G.01	SE_PRE_GPIPARTN	Gender parity index for participation rate in organized learning (one year before the official primary entry age), (ratio)	275	35.25694122	31.94347933	PSE	State of Palestine	1	Ratio	Ratio	0.96803	0.91518	0.94114	0.98477	1.0032	1.02245	1.02331	1.06749	0.9791	0.98288	0.98325	1.01876	0.98433	0.98199	1.01175	0.77011			0.921283333333333	2015	0.77011	UNESCO Institute for Statistics	C
2018.Q2.G.01	SE_PRE_GPIPARTN	Gender parity index for participation rate in organized learning (one year before the official primary entry age), (ratio)	276	10.3806066	51.08862743	DEU	Germany	1	Ratio	Ratio																							
2018.Q2.G.01	SE_PRE_GPIPARTN	Gender parity index for participation rate in organized learning (one year before the official primary entry age), (ratio)	288	-1.205623522	7.964825185	GHA	Ghana	1	Ratio	Ratio														1.02515	1.02061			1.02832	1.02469333333333	2017	1.02832	UNESCO Institute for Statistics	C
2018.Q2.G.01	SE_PRE_GPIPARTN	Gender parity index for participation rate in organized learning (one year before the official primary entry age), (ratio)	292	-5.347561686	36.13895036	GIB	Gibraltar	1	Ratio	Ratio																							
2018.Q2.G.01	SE_PRE_GPIPARTN	Gender parity index for participation rate in organized learning (one year before the official primary entry age), (ratio)	296	-157.5643005	1.768837732	KIR	Kiribati	1	Ratio	Ratio																							
2018.Q2.G.01	SE_PRE_GPIPARTN	Gender parity index for participation rate in organized learning (one year before the official primary entry age), (ratio)	300	22.58307827	39.47301873	GRC	Greece	1	Ratio	Ratio	1.0154	0.98293	1.02298	1.01165	1.00673	0.99597	0.98422	0.98011			0.99156	0.99003	0.99279	0.98574					0.98574	2013	0.98574	UNESCO Institute for Statistics	E
2018.Q2.G.01	SE_PRE_GPIPARTN	Gender parity index for participation rate in organized learning (one year before the official primary entry age), (ratio)	304	-41.39371316	74.75625681	GRL	Greenland	1	Ratio	Ratio																							
2018.Q2.G.01	SE_PRE_GPIPARTN	Gender parity index for participation rate in organized learning (one year before the official primary entry age), (ratio)	308	-61.68248568	12.11238395	GRD	Grenada	1	Ratio	Ratio			1.01739	0.99478	1.03546			0.98082	0.97932	1.11268	1.04726						0.94918		0.94918	2016	0.94918	UNESCO Institute for Statistics	C
2018.Q2.G.01	SE_PRE_GPIPARTN	Gender parity index for participation rate in organized learning (one year before the official primary entry age), (ratio)	312	-61.64762115	16.14416917	GLP	Guadeloupe	1	Ratio	Ratio																							
2018.Q2.G.01	SE_PRE_GPIPARTN	Gender parity index for participation rate in organized learning (one year before the official primary entry age), (ratio)	316	144.7029305	13.35485404	GUM	Guam	1	Ratio	Ratio																							
2018.Q2.G.01	SE_PRE_GPIPARTN	Gender parity index for participation rate in organized learning (one year before the official primary entry age), (ratio)	320	-91.2312746	15.00273719	GTM	Guatemala	1	Ratio	Ratio	0.98176	0.99502	0.99006		1.01115	1.00976	1.01428	1.01794	1.01749	1.02526	1.03126	1.02415	1.01711	1.0037	1.01149	1.00968	1.00833		1.0083	2016	1.00833	UNESCO Institute for Statistics	C
2018.Q2.G.01	SE_PRE_GPIPARTN	Gender parity index for participation rate in organized learning (one year before the official primary entry age), (ratio)	324	-11.28173419	11.00210343	GIN	Guinea	1	Ratio	Ratio					0.96165	0.9698	0.98873	1.00473	1.01306	0.98373	0.93014	0.91485		0.92218	0.92121				0.921695	2014	0.92121	UNESCO Institute for Statistics	C
2018.Q2.G.01	SE_PRE_GPIPARTN	Gender parity index for participation rate in organized learning (one year before the official primary entry age), (ratio)	328	-58.97322037	4.788012784	GUY	Guyana	1	Ratio	Ratio				1.02966					0.98891	1.01265	1.0305	1.0082	1.04839							2012	1.04839	UNESCO Institute for Statistics	C
2018.Q2.G.01	SE_PRE_GPIPARTN	Gender parity index for participation rate in organized learning (one year before the official primary entry age), (ratio)	332	-72.33640958	18.40426539	HTI	Haiti	1	Ratio	Ratio																							
2018.Q2.G.01	SE_PRE_GPIPARTN	Gender parity index for participation rate in organized learning (one year before the official primary entry age), (ratio)	334	73.52633626	-53.09106147	HMD	Heard Island and McDonald Islands	1	Ratio	Ratio																							
2018.Q2.G.01	SE_PRE_GPIPARTN	Gender parity index for participation rate in organized learning (one year before the official primary entry age), (ratio)	336	12.45315803	41.90343751	VAT	Holy See	1	Ratio	Ratio	0	0	0	0	0	0	0	0	0	0	0	0	0	0	0	0	0	0	0	2017	0	UNESCO Institute for Statistics	C
2018.Q2.G.01	SE_PRE_GPIPARTN	Gender parity index for participation rate in organized learning (one year before the official primary entry age), (ratio)	340	-86.59974381	14.82243161	HND	Honduras	1	Ratio	Ratio														1.01723	1.01592	1.03559	1.02852		1.024315	2016	1.02852	UNESCO Institute for Statistics	C
2018.Q2.G.01	SE_PRE_GPIPARTN	Gender parity index for participation rate in organized learning (one year before the official primary entry age), (ratio)	344	114.0266445	22.41749934	HKG	China, Hong Kong Special Administrative Region	1	Ratio	Ratio													0.99239	1.0009	0.99695	1.02124	0.99795		1.00426	2016	0.99795	UNESCO Institute for Statistics	E
2018.Q2.G.01	SE_PRE_GPIPARTN	Gender parity index for participation rate in organized learning (one year before the official primary entry age), (ratio)	348	19.41221519	47.1651448	HUN	Hungary	1	Ratio	Ratio				0.99177	0.98401	1.00265	0.98605	0.99872	0.99588	1.00031	0.99549	1.0036	0.98686			0.99055	0.98257		0.98656	2016	0.98257	UNESCO Institute for Statistics	C
2018.Q2.G.01	SE_PRE_GPIPARTN	Gender parity index for participation rate in organized learning (one year before the official primary entry age), (ratio)	352	-19.02116966	64.79134763	ISL	Iceland	1	Ratio	Ratio	1.01607	0.9598	0.99618	0.98615	0.98845	1.04478	1.0059	0.97876	1.00891			0.96472	0.98019	0.96472	0.99899	1.00419			0.9893	2015	1.00419	UNESCO Institute for Statistics	C
2018.Q2.G.01	SE_PRE_GPIPARTN	Gender parity index for participation rate in organized learning (one year before the official primary entry age), (ratio)	356	79.3608464	22.34642074	IND	India	1	Ratio	Ratio																							
2018.Q2.G.01	SE_PRE_GPIPARTN	Gender parity index for participation rate in organized learning (one year before the official primary entry age), (ratio)	360	113.9174	-0.994582204	IDN	Indonesia	1	Ratio	Ratio														1.00357	0.97341		1.0769		1.01796	2016	1.0769	UNESCO Institute for Statistics	C
2018.Q2.G.01	SE_PRE_GPIPARTN	Gender parity index for participation rate in organized learning (one year before the official primary entry age), (ratio)	364	54.19766348	32.74370885	IRN	Iran (Islamic Republic of)	1	Ratio	Ratio				1.11635										0.98618	0.95148	0.97509			0.970916666666667	2015	0.97509	UNESCO Institute for Statistics	C
2018.Q2.G.01	SE_PRE_GPIPARTN	Gender parity index for participation rate in organized learning (one year before the official primary entry age), (ratio)	368	43.76606267	33.05013795	IRQ	Iraq	1	Ratio	Ratio	0.99773			1.00663	1.02141			0.94207												2007	0.94207	UNESCO Institute for Statistics	E
2018.Q2.G.01	SE_PRE_GPIPARTN	Gender parity index for participation rate in organized learning (one year before the official primary entry age), (ratio)	372	-7.121425272	53.25274054	IRL	Ireland	1	Ratio	Ratio													1.04002	1.03127	1.02688	1.03878			1.03231	2015	1.03878	UNESCO Institute for Statistics	C
2018.Q2.G.01	SE_PRE_GPIPARTN	Gender parity index for participation rate in organized learning (one year before the official primary entry age), (ratio)	376	34.62277992	31.06164552	ISR	Israel	1	Ratio	Ratio	0.99126	0.98799	0.99033	0.99068	0.99049	1.00174	1.00489	0.99274	1.01519	1.03351	0.9951	0.9951	1.00238	0.9973	1.01031	1.0104	1.00625		1.006065	2016	1.00625	UNESCO Institute for Statistics	C
2018.Q2.G.01	SE_PRE_GPIPARTN	Gender parity index for participation rate in organized learning (one year before the official primary entry age), (ratio)	380	12.57022427	42.79917282	ITA	Italy	1	Ratio	Ratio	0.9982	0.98087	0.98223	0.9908	0.97934	0.98133	0.97965	0.98441	0.98923	0.98561	0.992	0.98255	0.98086	0.98828	0.99368	0.9867			0.989553333333333	2015	0.9867	UNESCO Institute for Statistics	C
2018.Q2.G.01	SE_PRE_GPIPARTN	Gender parity index for participation rate in organized learning (one year before the official primary entry age), (ratio)	384	-5.552690016	7.62211586	CIV	Côte d'Ivoire	1	Ratio	Ratio	0.81902	0.83065	0.8081	0.83496						0.97144				0.99031	0.8368		1.00091		0.942673333333333	2016	1.00091	UNESCO Institute for Statistics	C
2018.Q2.G.01	SE_PRE_GPIPARTN	Gender parity index for participation rate in organized learning (one year before the official primary entry age), (ratio)	388	-77.31068409	18.15616857	JAM	Jamaica	1	Ratio	Ratio														0.9987	1.08322	1.07686	0.95653		1.0288275	2016	0.95653	UNESCO Institute for Statistics	C
2018.Q2.G.01	SE_PRE_GPIPARTN	Gender parity index for participation rate in organized learning (one year before the official primary entry age), (ratio)	392	139.2716103	36.6554539	JPN	Japan	1	Ratio	Ratio																							
2018.Q2.G.01	SE_PRE_GPIPARTN	Gender parity index for participation rate in organized learning (one year before the official primary entry age), (ratio)	398	66.65359159	48.01963494	KAZ	Kazakhstan	1	Ratio	Ratio												1.01583	1.02474	1.01959	1.02035	1.11634	1.0863	1.04816	1.058148	2017	1.04816	UNESCO Institute for Statistics	C
2018.Q2.G.01	SE_PRE_GPIPARTN	Gender parity index for participation rate in organized learning (one year before the official primary entry age), (ratio)	400	37.13024774	30.65365973	JOR	Jordan	1	Ratio	Ratio	0.94337		0.95758	0.95226	0.97918															2004	0.97918	UNESCO Institute for Statistics	C
2018.Q2.G.01	SE_PRE_GPIPARTN	Gender parity index for participation rate in organized learning (one year before the official primary entry age), (ratio)	404	37.86096816	0.534797278	KEN	Kenya	1	Ratio	Ratio		1.02208	1.01387	1.0643	1.02596	1.0238	0.98417	0.97035	0.99685	0.99596										2009	0.99596	UNESCO Institute for Statistics	E
2018.Q2.G.01	SE_PRE_GPIPARTN	Gender parity index for participation rate in organized learning (one year before the official primary entry age), (ratio)	408	127.1803633	40.1462645	PRK	Democratic People's Republic of Korea	1	Ratio	Ratio																							
2018.Q2.G.01	SE_PRE_GPIPARTN	Gender parity index for participation rate in organized learning (one year before the official primary entry age), (ratio)	410	127.8610254	36.45201023	KOR	Republic of Korea	1	Ratio	Ratio						0.99962								1.0082	0.99621	0.99612			1.00017666666667	2015	0.99612	UNESCO Institute for Statistics	C
2018.Q2.G.01	SE_PRE_GPIPARTN	Gender parity index for participation rate in organized learning (one year before the official primary entry age), (ratio)	414	47.49305029	29.53949468	KWT	Kuwait	1	Ratio	Ratio								0.96734					1.03771	1.02131	1.02401	1.01519	1.05405		1.02864	2016	1.05405	UNESCO Institute for Statistics	C
2018.Q2.G.01	SE_PRE_GPIPARTN	Gender parity index for participation rate in organized learning (one year before the official primary entry age), (ratio)	417	74.52324839	41.46204516	KGZ	Kyrgyzstan	1	Ratio	Ratio	1.03891	1.01127	1.03374	1.06094	1.01399	1.00377	1.03984	1.06424	1.06709	1.0442	1.05792	1.03886	1.03779	1.05843	1.04014	1.04081	1.02994		1.04233	2016	1.02994	UNESCO Institute for Statistics	C
2018.Q2.G.01	SE_PRE_GPIPARTN	Gender parity index for participation rate in organized learning (one year before the official primary entry age), (ratio)	418	101.9901968	20.27482773	LAO	Lao People's Democratic Republic	1	Ratio	Ratio												1.02982	1.03585	1.02155	1.02686	1.02876	1.01769		1.023715	2016	1.01769	UNESCO Institute for Statistics	C
2018.Q2.G.01	SE_PRE_GPIPARTN	Gender parity index for participation rate in organized learning (one year before the official primary entry age), (ratio)	422	35.89391711	33.92152458	LBN	Lebanon	1	Ratio	Ratio	1.00477	1.00792	0.9865	0.98011	0.9494	0.95706	0.9368	0.93176	0.95693	0.98052	0.95144	0.9525	0.96008	0.94928	0.9416	0.94273	0.96143		0.94876	2016	0.96143	UNESCO Institute for Statistics	C
2018.Q2.G.01	SE_PRE_GPIPARTN	Gender parity index for participation rate in organized learning (one year before the official primary entry age), (ratio)	426	28.25362195	-29.58041814	LSO	Lesotho	1	Ratio	Ratio														1.05805	1.03666	1.02691	1.03766		1.03982	2016	1.03766	UNESCO Institute for Statistics	C
2018.Q2.G.01	SE_PRE_GPIPARTN	Gender parity index for participation rate in organized learning (one year before the official primary entry age), (ratio)	428	26.42461876	56.64196636	LVA	Latvia	1	Ratio	Ratio									1.00993	1.00305	0.96866	0.97252	1.00109	1.00462	1.0099	0.99933			1.00461666666667	2015	0.99933	UNESCO Institute for Statistics	C
2018.Q2.G.01	SE_PRE_GPIPARTN	Gender parity index for participation rate in organized learning (one year before the official primary entry age), (ratio)	430	-9.311879038	6.448381009	LBR	Liberia	1	Ratio	Ratio	0.83227														0.94299	0.94601			0.9445	2015	0.94601	UNESCO Institute for Statistics	C
2018.Q2.G.01	SE_PRE_GPIPARTN	Gender parity index for participation rate in organized learning (one year before the official primary entry age), (ratio)	434	18.0295985	27.04042819	LBY	Libya	1	Ratio	Ratio																							
2018.Q2.G.01	SE_PRE_GPIPARTN	Gender parity index for participation rate in organized learning (one year before the official primary entry age), (ratio)	438	9.552985019	47.14167005	LIE	Liechtenstein	1	Ratio	Ratio				0.97153	1.01956		1.0745	0.98767	1.05926	1.02634	0.98959	1.01052	1.0164		1.00775	0.9587	0.99949		0.988646666666667	2016	0.99949	UNESCO Institute for Statistics	C
2018.Q2.G.01	SE_PRE_GPIPARTN	Gender parity index for participation rate in organized learning (one year before the official primary entry age), (ratio)	440	23.90517807	55.33680309	LTU	Lithuania	1	Ratio	Ratio	1.02008		0.99972				1.00547	1.00645	1.04341	0.994	0.98908	1.0017	0.99664	1.0138	0.99718	0.99181	0.99973		1.00063	2016	0.99973	UNESCO Institute for Statistics	C
2018.Q2.G.01	SE_PRE_GPIPARTN	Gender parity index for participation rate in organized learning (one year before the official primary entry age), (ratio)	442	6.092656563	49.77679538	LUX	Luxembourg	1	Ratio	Ratio		1.0257	0.99786			1.01561	0.95291	1.06441	0.99965		0.99003	0.98812	1.0315	1.04022	1.01582	0.98043			1.01215666666667	2015	0.98043	UNESCO Institute for Statistics	C
2018.Q2.G.01	SE_PRE_GPIPARTN	Gender parity index for participation rate in organized learning (one year before the official primary entry age), (ratio)	446	113.5665388	22.1237259	MAC	China, Macao Special Administrative Region	1	Ratio	Ratio	0.98451	1.00719	0.98513	0.95025	0.9813	1.05022	0.97397	1.04864	1.05377	0.97111	0.99279	1.02635	0.98091	1.02676	0.96586	1.00084	0.98727		0.9951825	2016	0.98727	UNESCO Institute for Statistics	C
2018.Q2.G.01	SE_PRE_GPIPARTN	Gender parity index for participation rate in organized learning (one year before the official primary entry age), (ratio)	450	46.6982339	-19.38514785	MDG	Madagascar	1	Ratio	Ratio	1.0663	1.06775																		2001	1.06775	UNESCO Institute for Statistics	C
2018.Q2.G.01	SE_PRE_GPIPARTN	Gender parity index for participation rate in organized learning (one year before the official primary entry age), (ratio)	454	33.4884625	-13.40819859	MWI	Malawi	1	Ratio	Ratio																							
2018.Q2.G.01	SE_PRE_GPIPARTN	Gender parity index for participation rate in organized learning (one year before the official primary entry age), (ratio)	458	116.8346314	5.452415309	MYS	Malaysia	1	Ratio	Ratio			1.06368		1.0703	1.05275	1.09384	1.05597	1.03867	1.04148	1.05734		1.02401	1.01898	1.00855	1.01306	1.03534		1.0189825	2016	1.03534	UNESCO Institute for Statistics	C
2018.Q2.G.01	SE_PRE_GPIPARTN	Gender parity index for participation rate in organized learning (one year before the official primary entry age), (ratio)	462	73.09672546	-0.614385021	MDV	Maldives	1	Ratio	Ratio	1.01185	1.03096	1.01859			0.99571	0.99551	1.01118								1.10717	0.99943		1.0533	2016	0.99943	UNESCO Institute for Statistics	C
2018.Q2.G.01	SE_PRE_GPIPARTN	Gender parity index for participation rate in organized learning (one year before the official primary entry age), (ratio)	466	-3.522016039	17.35311254	MLI	Mali	1	Ratio	Ratio										0.8963	0.90886	0.92164			0.90327	0.91149	0.88069		0.898483333333333	2016	0.88069	UNESCO Institute for Statistics	C
2018.Q2.G.01	SE_PRE_GPIPARTN	Gender parity index for participation rate in organized learning (one year before the official primary entry age), (ratio)	470	14.44617519	35.89194275	MLT	Malta	1	Ratio	Ratio												0.99241	0.98544	1.01901	1.00705	1.05706	1.04353		1.0316625	2016	1.04353	UNESCO Institute for Statistics	C
2018.Q2.G.01	SE_PRE_GPIPARTN	Gender parity index for participation rate in organized learning (one year before the official primary entry age), (ratio)	474	-60.91544135	14.56086108	MTQ	Martinique	1	Ratio	Ratio																							
2018.Q2.G.01	SE_PRE_GPIPARTN	Gender parity index for participation rate in organized learning (one year before the official primary entry age), (ratio)	478	-10.33187259	20.26089546	MRT	Mauritania	1	Ratio	Ratio																							
2018.Q2.G.01	SE_PRE_GPIPARTN	Gender parity index for participation rate in organized learning (one year before the official primary entry age), (ratio)	480	57.568022	-20.28581998	MUS	Mauritius	1	Ratio	Ratio	1.00332	1.0281	1.0032	1.0256	1	1.0093	1.02854	1.02499	1.01259	1.02794	1.00569	0.98974	1.02323	1.03003	0.99628	1.0436	1.02493		1.02371	2016	1.02493	UNESCO Institute for Statistics	C
2018.Q2.G.01	SE_PRE_GPIPARTN	Gender parity index for participation rate in organized learning (one year before the official primary entry age), (ratio)	484	-102.5148166	23.93378032	MEX	Mexico	1	Ratio	Ratio	1.00922	1.00448	1.00226	0.99705	0.99813	0.99809	1.00083	1.00648	1.0156	1.02411	1.026	1.02641	1.02566	1.0221	1.01755	1.01266	1.01156		1.0159675	2016	1.01156	UNESCO Institute for Statistics	C
2018.Q2.G.01	SE_PRE_GPIPARTN	Gender parity index for participation rate in organized learning (one year before the official primary entry age), (ratio)	492	7.424214814	43.73532918	MCO	Monaco	1	Ratio	Ratio																							
2018.Q2.G.01	SE_PRE_GPIPARTN	Gender parity index for participation rate in organized learning (one year before the official primary entry age), (ratio)	496	103.0728057	46.83892054	MNG	Mongolia	1	Ratio	Ratio								1.07418	1.09973	1.03612	1.02371	1.0546	0.99802			1.00933	1.0037		1.006515	2016	1.0037	UNESCO Institute for Statistics	C
2018.Q2.G.01	SE_PRE_GPIPARTN	Gender parity index for participation rate in organized learning (one year before the official primary entry age), (ratio)	498	28.4650624	47.20236795	MDA	Republic of Moldova	1	Ratio	Ratio				0.99716	0.96748	0.99887	0.99612	0.99484	0.99706	0.99944	1.01015	1.04522	1.02503	0.9953	1.00329	1.00469			1.00109333333333	2015	1.00469	UNESCO Institute for Statistics	C
2018.Q2.G.01	SE_PRE_GPIPARTN	Gender parity index for participation rate in organized learning (one year before the official primary entry age), (ratio)	499	19.25214024	42.78717043	MNE	Montenegro	1	Ratio	Ratio													1.01309			0.92447	0.9572		0.940835	2016	0.9572	UNESCO Institute for Statistics	C
2018.Q2.G.01	SE_PRE_GPIPARTN	Gender parity index for participation rate in organized learning (one year before the official primary entry age), (ratio)	500	-62.19261223	16.73558313	MSR	Montserrat	1	Ratio	Ratio			1		0.7906	1.69355	1.125	1.05794												2007	1.05794	UNESCO Institute for Statistics	C
2018.Q2.G.01	SE_PRE_GPIPARTN	Gender parity index for participation rate in organized learning (one year before the official primary entry age), (ratio)	504	-6.281942841	31.8440131	MAR	Morocco	1	Ratio	Ratio	0.59187	0.67265	0.59743	0.61843			0.70178	0.76549	0.80113		0.81475	0.82784	0.84042	0.846	0.87297	0.80547	0.83351		0.8394875	2016	0.83351	UNESCO Institute for Statistics	E
2018.Q2.G.01	SE_PRE_GPIPARTN	Gender parity index for participation rate in organized learning (one year before the official primary entry age), (ratio)	508	38.18479941	-14.27963886	MOZ	Mozambique	1	Ratio	Ratio																							
2018.Q2.G.01	SE_PRE_GPIPARTN	Gender parity index for participation rate in organized learning (one year before the official primary entry age), (ratio)	512	57.87743482	21.98805614	OMN	Oman	1	Ratio	Ratio										0.9672		0.96058	0.96345	1.02083	1.04393	1.00392	1.03107		1.0249375	2016	1.03107	UNESCO Institute for Statistics	C
2018.Q2.G.01	SE_PRE_GPIPARTN	Gender parity index for participation rate in organized learning (one year before the official primary entry age), (ratio)	516	17.21907885	-22.13817068	NAM	Namibia	1	Ratio	Ratio														1.0704					1.0704	2013	1.0704	UNESCO Institute for Statistics	C
2018.Q2.G.01	SE_PRE_GPIPARTN	Gender parity index for participation rate in organized learning (one year before the official primary entry age), (ratio)	520	166.92313	-0.528742623	NRU	Nauru	1	Ratio	Ratio								0.78483					0.79932				1.25193		1.25193	2016	1.25193	UNESCO Institute for Statistics	C
2018.Q2.G.01	SE_PRE_GPIPARTN	Gender parity index for participation rate in organized learning (one year before the official primary entry age), (ratio)	524	83.94678863	28.25866332	NPL	Nepal	1	Ratio	Ratio												1.11248	1.09405		1.01402	0.99588	0.97215	0.93711	0.97979	2017	0.93711	UNESCO Institute for Statistics	C
2018.Q2.G.01	SE_PRE_GPIPARTN	Gender parity index for participation rate in organized learning (one year before the official primary entry age), (ratio)	528	5.331480568	51.86728884	NLD	Netherlands	1	Ratio	Ratio												1.012	1.00505	1.01567	1.00591	1.00895	1.01654		1.0117675	2016	1.01654	UNESCO Institute for Statistics	C
2018.Q2.G.01	SE_PRE_GPIPARTN	Gender parity index for participation rate in organized learning (one year before the official primary entry age), (ratio)	530	-68.30676179	12.22720635	ANT	Netherlands Antilles	1	Ratio	Ratio																							
2018.Q2.G.01	SE_PRE_GPIPARTN	Gender parity index for participation rate in organized learning (one year before the official primary entry age), (ratio)	531	-68.95033464	12.15058042	CUW	Curaçao	1	Ratio	Ratio																							
2018.Q2.G.01	SE_PRE_GPIPARTN	Gender parity index for participation rate in organized learning (one year before the official primary entry age), (ratio)	533	-69.97050586	12.50878756	ABW	Aruba	1	Ratio	Ratio	0.98352	0.98617	0.9624	0.94864	1.06544	1.03322	0.9772	1.00498	1.02541	1.0102	0.93277			0.9761	1.00022				0.98816	2014	1.00022	UNESCO Institute for Statistics	C
2018.Q2.G.01	SE_PRE_GPIPARTN	Gender parity index for participation rate in organized learning (one year before the official primary entry age), (ratio)	534	-63.06198692	18.03926508	SXM	Sint Maarten (Dutch part)	1	Ratio	Ratio																							
2018.Q2.G.01	SE_PRE_GPIPARTN	Gender parity index for participation rate in organized learning (one year before the official primary entry age), (ratio)	540	165.5067368	-21.41742531	NCL	New Caledonia	1	Ratio	Ratio																							
2018.Q2.G.01	SE_PRE_GPIPARTN	Gender parity index for participation rate in organized learning (one year before the official primary entry age), (ratio)	548	167.0679779	-15.34445547	VUT	Vanuatu	1	Ratio	Ratio																							
2018.Q2.G.01	SE_PRE_GPIPARTN	Gender parity index for participation rate in organized learning (one year before the official primary entry age), (ratio)	554	170.4755673	-43.98721568	NZL	New Zealand	1	Ratio	Ratio															1.02773	1.01359			1.02066	2015	1.01359	UNESCO Institute for Statistics	C
2018.Q2.G.01	SE_PRE_GPIPARTN	Gender parity index for participation rate in organized learning (one year before the official primary entry age), (ratio)	558	-85.03060315	12.84210839	NIC	Nicaragua	1	Ratio	Ratio	1.04536				1.05584						1.02197									2010	1.02197	UNESCO Institute for Statistics	C
2018.Q2.G.01	SE_PRE_GPIPARTN	Gender parity index for participation rate in organized learning (one year before the official primary entry age), (ratio)	562	9.400167877	17.42143036	NER	Niger	1	Ratio	Ratio	0.86051	0.88336	0.85469	0.83889	0.84033	0.83819	0.9066	0.91865	0.98319	0.95459	0.97051	0.96543	0.96497	0.97693			0.97904		0.977985	2016	0.97904	UNESCO Institute for Statistics	C
2018.Q2.G.01	SE_PRE_GPIPARTN	Gender parity index for participation rate in organized learning (one year before the official primary entry age), (ratio)	566	8.097363256	9.585789025	NGA	Nigeria	1	Ratio	Ratio																							
2018.Q2.G.01	SE_PRE_GPIPARTN	Gender parity index for participation rate in organized learning (one year before the official primary entry age), (ratio)	570	-169.8601693	-19.05000475	NIU	Niue	1	Ratio	Ratio																4.31818			4.31818	2015	4.31818	UNESCO Institute for Statistics	C
2018.Q2.G.01	SE_PRE_GPIPARTN	Gender parity index for participation rate in organized learning (one year before the official primary entry age), (ratio)	574	167.9515548	-29.03230018	NFK	Norfolk Island	1	Ratio	Ratio																							
2018.Q2.G.01	SE_PRE_GPIPARTN	Gender parity index for participation rate in organized learning (one year before the official primary entry age), (ratio)	578	11.47846389	61.34311134	NOR	Norway	1	Ratio	Ratio	1.05906	1.05886	1.05775						1.01055	0.99887	0.98602	0.99711	0.99424	0.99862	0.99941	1.00312	1.00007		1.000305	2016	1.00007	UNESCO Institute for Statistics	C
2018.Q2.G.01	SE_PRE_GPIPARTN	Gender parity index for participation rate in organized learning (one year before the official primary entry age), (ratio)	580	145.7582114	15.19099517	MNP	Northern Mariana Islands	1	Ratio	Ratio																							
2018.Q2.G.01	SE_PRE_GPIPARTN	Gender parity index for participation rate in organized learning (one year before the official primary entry age), (ratio)	581	-162.4343752	5.874443968	UMI	US Minor Outlying Islands	1	Ratio	Ratio																							
2018.Q2.G.01	SE_PRE_GPIPARTN	Gender parity index for participation rate in organized learning (one year before the official primary entry age), (ratio)	583	158.225216	6.880670092	FSM	Micronesia, Federated States of	1	Ratio	Ratio																0.91211			0.91211	2015	0.91211	UNESCO Institute for Statistics	C
2018.Q2.G.01	SE_PRE_GPIPARTN	Gender parity index for participation rate in organized learning (one year before the official primary entry age), (ratio)	584	171.0839119	7.110213497	MHL	Marshall Islands	1	Ratio	Ratio																1.14654	0.97594		1.06124	2016	0.97594	UNESCO Institute for Statistics	C
2018.Q2.G.01	SE_PRE_GPIPARTN	Gender parity index for participation rate in organized learning (one year before the official primary entry age), (ratio)	585	134.5733878	7.502307591	PLW	Palau	1	Ratio	Ratio															0.80392				0.80392	2014	0.80392	UNESCO Institute for Statistics	C
2018.Q2.G.01	SE_PRE_GPIPARTN	Gender parity index for participation rate in organized learning (one year before the official primary entry age), (ratio)	586	68.80479684	29.36491634	PAK	Pakistan	1	Ratio	Ratio																							
2018.Q2.G.01	SE_PRE_GPIPARTN	Gender parity index for participation rate in organized learning (one year before the official primary entry age), (ratio)	591	-81.26616623	8.450965746	PAN	Panama	1	Ratio	Ratio	1.00937		1.00646		1.01269	1.00678	1.01292	0.98525	0.99299	0.9986	0.99645	1.00706	0.9975	1.00506	1.0083	1.0134			1.00892	2015	1.0134	UNESCO Institute for Statistics	C
2018.Q2.G.01	SE_PRE_GPIPARTN	Gender parity index for participation rate in organized learning (one year before the official primary entry age), (ratio)	598	145.8587761	-6.756057077	PNG	Papua New Guinea	1	Ratio	Ratio																							
2018.Q2.G.01	SE_PRE_GPIPARTN	Gender parity index for participation rate in organized learning (one year before the official primary entry age), (ratio)	600	-60.54854225	-21.70216237	PRY	Paraguay	1	Ratio	Ratio											1.00977		1.00376							2012	1.00376	UNESCO Institute for Statistics	C
2018.Q2.G.01	SE_PRE_GPIPARTN	Gender parity index for participation rate in organized learning (one year before the official primary entry age), (ratio)	604	-71.82093277	-13.58939705	PER	Peru	1	Ratio	Ratio	1.01946	1.01522	1.0185	1.01846	1.01908	1.01557	1.01485	1.00906	1.01113	1.00489	1.00378	1.00342	0.99909	0.99232	1.0086	1.01248	1.00521		1.0046525	2016	1.00521	UNESCO Institute for Statistics	C
2018.Q2.G.01	SE_PRE_GPIPARTN	Gender parity index for participation rate in organized learning (one year before the official primary entry age), (ratio)	608	120.8601418	14.16591706	PHL	Philippines	1	Ratio	Ratio		0.98775	0.98186			0.97738	0.96532	0.97258	0.97705	1.0287						1.0206			1.0206	2015	1.0206	UNESCO Institute for Statistics	C
2018.Q2.G.01	SE_PRE_GPIPARTN	Gender parity index for participation rate in organized learning (one year before the official primary entry age), (ratio)	612	-128.3225873	-24.37538456	PCN	Pitcairn	1	Ratio	Ratio																							
2018.Q2.G.01	SE_PRE_GPIPARTN	Gender parity index for participation rate in organized learning (one year before the official primary entry age), (ratio)	616	19.40660158	52.1226733	POL	Poland	1	Ratio	Ratio	1.00134	1.0027	0.99862	0.99508	0.9971	0.99023	0.99836	0.99589	0.9949	0.99771	1.00281	1.00023	1.00332	0.96883	1.00159	1.00992	1.0061		0.99661	2016	1.0061	UNESCO Institute for Statistics	C
2018.Q2.G.01	SE_PRE_GPIPARTN	Gender parity index for participation rate in organized learning (one year before the official primary entry age), (ratio)	620	-7.961599811	39.68509315	PRT	Portugal	1	Ratio	Ratio		1.02772		0.94988	1.01797	1.01535	1.00467	0.98886	0.98472	0.9947	0.99006	0.97557	0.98033	0.96595	0.9626	0.98931	0.99689		0.9786875	2016	0.99689	UNESCO Institute for Statistics	C
2018.Q2.G.01	SE_PRE_GPIPARTN	Gender parity index for participation rate in organized learning (one year before the official primary entry age), (ratio)	624	-14.40182514	12.11760394	GNB	Guinea-Bissau	1	Ratio	Ratio	0.834																			2000	0.834	UNESCO Institute for Statistics	C
2018.Q2.G.01	SE_PRE_GPIPARTN	Gender parity index for participation rate in organized learning (one year before the official primary entry age), (ratio)	626	125.9451052	-8.797497247	TLS	Timor-Leste	1	Ratio	Ratio														1.10982	1.12879	1.10776	1.05402		1.1000975	2016	1.05402	UNESCO Institute for Statistics	C
2018.Q2.G.01	SE_PRE_GPIPARTN	Gender parity index for participation rate in organized learning (one year before the official primary entry age), (ratio)	630	-66.47591017	18.22753799	PRI	Puerto Rico	1	Ratio	Ratio											1.0369	1.05552	1.05962	1.02803	1.02683	1.0221			1.02565333333333	2015	1.0221	UNESCO Institute for Statistics	C
2018.Q2.G.01	SE_PRE_GPIPARTN	Gender parity index for participation rate in organized learning (one year before the official primary entry age), (ratio)	634	51.19152467	25.28355379	QAT	Qatar	1	Ratio	Ratio	0.87189	1.02517	0.99826	0.93666	1.07178	0.81516	1.0639			0.93525				1.02906	1.01519	1.01653	1.01758		1.01959	2016	1.01758	UNESCO Institute for Statistics	C
2018.Q2.G.01	SE_PRE_GPIPARTN	Gender parity index for participation rate in organized learning (one year before the official primary entry age), (ratio)	638	55.53171398	-21.13183266	REU	Réunion	1	Ratio	Ratio																							
2018.Q2.G.01	SE_PRE_GPIPARTN	Gender parity index for participation rate in organized learning (one year before the official primary entry age), (ratio)	642	24.98481009	45.83893563	ROU	Romania	1	Ratio	Ratio	1.02503	1.01472	1.01816	1.0263	1.02058	1.02257	1.02069	1.01131	1.00648	1.00655	1.00336	1.00349	1.00473			0.98842	1.00014		0.99428	2016	1.00014	UNESCO Institute for Statistics	C
2018.Q2.G.01	SE_PRE_GPIPARTN	Gender parity index for participation rate in organized learning (one year before the official primary entry age), (ratio)	643	99.01404926	61.61899849	RUS	Russian Federation	1	Ratio	Ratio									1.00157	1.0059		1.00257	1.00092	0.99625	0.99336	0.9966	0.98934		0.9938875	2016	0.98934	UNESCO Institute for Statistics	C
2018.Q2.G.01	SE_PRE_GPIPARTN	Gender parity index for participation rate in organized learning (one year before the official primary entry age), (ratio)	646	29.92310194	-1.999842114	RWA	Rwanda	1	Ratio	Ratio																	1.03162		1.03162	2016	1.03162	UNESCO Institute for Statistics	C
2018.Q2.G.01	SE_PRE_GPIPARTN	Gender parity index for participation rate in organized learning (one year before the official primary entry age), (ratio)	652	-62.83173536	17.89513362	BLM	Saint Barthélemy	1	Ratio	Ratio																							
2018.Q2.G.01	SE_PRE_GPIPARTN	Gender parity index for participation rate in organized learning (one year before the official primary entry age), (ratio)	654	-5.705752501	-15.96503946	SHN	Saint Helena	1	Ratio	Ratio																							
2018.Q2.G.01	SE_PRE_GPIPARTN	Gender parity index for participation rate in organized learning (one year before the official primary entry age), (ratio)	659	-62.76628613	17.33994219	KNA	Saint Kitts and Nevis	1	Ratio	Ratio																							
2018.Q2.G.01	SE_PRE_GPIPARTN	Gender parity index for participation rate in organized learning (one year before the official primary entry age), (ratio)	660	-63.05651612	18.21525315	AIA	Anguilla	1	Ratio	Ratio																							
2018.Q2.G.01	SE_PRE_GPIPARTN	Gender parity index for participation rate in organized learning (one year before the official primary entry age), (ratio)	662	-60.96529553	13.89405601	LCA	Saint Lucia	1	Ratio	Ratio	1.03293	1.065	0.98423	1.02521	1.04826	1.04663	1.0151	1.00659	1.01794	0.9511	0.98893	0.93826	0.97944	1.13701	1.03779	1.12294	1.01064		1.077095	2016	1.01064	UNESCO Institute for Statistics	C
2018.Q2.G.01	SE_PRE_GPIPARTN	Gender parity index for participation rate in organized learning (one year before the official primary entry age), (ratio)	663	-63.04505461	18.0882685	MAF	Saint Martin (French Part)	1	Ratio	Ratio																							
2018.Q2.G.01	SE_PRE_GPIPARTN	Gender parity index for participation rate in organized learning (one year before the official primary entry age), (ratio)	666	-56.33682442	46.85812735	SPM	Saint Pierre and Miquelon	1	Ratio	Ratio																							
2018.Q2.G.01	SE_PRE_GPIPARTN	Gender parity index for participation rate in organized learning (one year before the official primary entry age), (ratio)	670	-61.19024321	13.24627968	VCT	Saint Vincent and the Grenadines	1	Ratio	Ratio														1.00481	0.99371	0.97913	0.99783		0.99387	2016	0.99783	UNESCO Institute for Statistics	C
2018.Q2.G.01	SE_PRE_GPIPARTN	Gender parity index for participation rate in organized learning (one year before the official primary entry age), (ratio)	674	12.46329038	43.93841766	SMR	San Marino	1	Ratio	Ratio										0.97787	0.95662	1.30051	1.01295							2012	1.01295	UNESCO Institute for Statistics	C
2018.Q2.G.01	SE_PRE_GPIPARTN	Gender parity index for participation rate in organized learning (one year before the official primary entry age), (ratio)	678	6.609772265	0.241554875	STP	Sao Tome and Principe	1	Ratio	Ratio				1.00574	1.05825	1.07573								1.05232	1.0915	1.04557			1.06313	2015	1.04557	UNESCO Institute for Statistics	C
2018.Q2.G.01	SE_PRE_GPIPARTN	Gender parity index for participation rate in organized learning (one year before the official primary entry age), (ratio)	682	44.54763347	24.12594211	SAU	Saudi Arabia	1	Ratio	Ratio														2.11006	1.09911	1.05319	0.88177		1.2860325	2016	0.88177	UNESCO Institute for Statistics	C
2018.Q2.G.01	SE_PRE_GPIPARTN	Gender parity index for participation rate in organized learning (one year before the official primary entry age), (ratio)	686	-14.46636926	14.35920905	SEN	Senegal	1	Ratio	Ratio										1.13087	1.10452	1.13576	1.13323	1.11337	1.11437	1.12791	1.11059		1.11656	2016	1.11059	UNESCO Institute for Statistics	E
2018.Q2.G.01	SE_PRE_GPIPARTN	Gender parity index for participation rate in organized learning (one year before the official primary entry age), (ratio)	688	20.805876	44.03145697	SRB	Serbia	1	Ratio	Ratio														0.99307	1.01488	0.99571	1.00607		1.0024325	2016	1.00607	UNESCO Institute for Statistics	C
2018.Q2.G.01	SE_PRE_GPIPARTN	Gender parity index for participation rate in organized learning (one year before the official primary entry age), (ratio)	690	55.46561591	-4.678053059	SYC	Seychelles	1	Ratio	Ratio	0.9472	0.98845	0.98653	0.94596	0.85088	1.1025		0.89989	1.06277	1.02191	1.01867	0.95818		1.06907	0.93021	1.05348	1.07392		1.03167	2016	1.07392	UNESCO Institute for Statistics	C
2018.Q2.G.01	SE_PRE_GPIPARTN	Gender parity index for participation rate in organized learning (one year before the official primary entry age), (ratio)	694	-11.78306584	8.568604164	SLE	Sierra Leone	1	Ratio	Ratio													1.00302			1.03688	1.02659		1.031735	2016	1.02659	UNESCO Institute for Statistics	C
2018.Q2.G.01	SE_PRE_GPIPARTN	Gender parity index for participation rate in organized learning (one year before the official primary entry age), (ratio)	702	103.8107883	1.361009155	SGP	Singapore	1	Ratio	Ratio																							
2018.Q2.G.01	SE_PRE_GPIPARTN	Gender parity index for participation rate in organized learning (one year before the official primary entry age), (ratio)	703	19.48495604	48.70741446	SVK	Slovakia	1	Ratio	Ratio																							
2018.Q2.G.01	SE_PRE_GPIPARTN	Gender parity index for participation rate in organized learning (one year before the official primary entry age), (ratio)	704	105.802499	10.09643079	VNM	Viet Nam	1	Ratio	Ratio															0.93758	0.97353	0.96543		0.958846666666667	2016	0.96543	UNESCO Institute for Statistics	C
2018.Q2.G.01	SE_PRE_GPIPARTN	Gender parity index for participation rate in organized learning (one year before the official primary entry age), (ratio)	705	14.82209486	46.11958061	SVN	Slovenia	1	Ratio	Ratio	0.73563		0.97616			0.96055	0.96834	0.97864	0.96946	0.96824	0.99687	0.97658	0.97726	0.98832	0.99271	0.97861			0.986546666666667	2015	0.97861	UNESCO Institute for Statistics	C
2018.Q2.G.01	SE_PRE_GPIPARTN	Gender parity index for participation rate in organized learning (one year before the official primary entry age), (ratio)	706	46.20367477	4.406485729	SOM	Somalia	1	Ratio	Ratio																							
2018.Q2.G.01	SE_PRE_GPIPARTN	Gender parity index for participation rate in organized learning (one year before the official primary entry age), (ratio)	710	24.67184355	-29.99957544	ZAF	South Africa	1	Ratio	Ratio																							
2018.Q2.G.01	SE_PRE_GPIPARTN	Gender parity index for participation rate in organized learning (one year before the official primary entry age), (ratio)	716	29.86909584	-19.00075492	ZWE	Zimbabwe	1	Ratio	Ratio													1.03841	1.04085					1.04085	2013	1.04085	UNESCO Institute for Statistics	C
2018.Q2.G.01	SE_PRE_GPIPARTN	Gender parity index for participation rate in organized learning (one year before the official primary entry age), (ratio)	724	-3.554078296	40.39211472	ESP	Spain	1	Ratio	Ratio														1.00252	0.99637	0.99497	1.00003		0.9984725	2016	1.00003	UNESCO Institute for Statistics	C
2018.Q2.G.01	SE_PRE_GPIPARTN	Gender parity index for participation rate in organized learning (one year before the official primary entry age), (ratio)	728	30.32618773	7.290839152	SSD	South Sudan	1	Ratio	Ratio												0.77116				0.85215			0.85215	2015	0.85215	UNESCO Institute for Statistics	E
2018.Q2.G.01	SE_PRE_GPIPARTN	Gender parity index for participation rate in organized learning (one year before the official primary entry age), (ratio)	732	-13.13515523	24.66265342	ESH	Western Sahara	1	Ratio	Ratio																							
2018.Q2.G.01	SE_PRE_GPIPARTN	Gender parity index for participation rate in organized learning (one year before the official primary entry age), (ratio)	736	29.95650159	16.02643066	SDN	Sudan	1	Ratio	Ratio																							
2018.Q2.G.01	SE_PRE_GPIPARTN	Gender parity index for participation rate in organized learning (one year before the official primary entry age), (ratio)	740	-55.90626394	4.132603197	SUR	Suriname	1	Ratio	Ratio									1.06776	1.06345	1.0391	1.03337	1.02891	1.07897	1.03234	1.04782	1.05262		1.0529375	2016	1.05262	UNESCO Institute for Statistics	C
2018.Q2.G.01	SE_PRE_GPIPARTN	Gender parity index for participation rate in organized learning (one year before the official primary entry age), (ratio)	744	13.38071013	78.82894131	SJM	Svalbard and Jan Mayen Islands	1	Ratio	Ratio																							
2018.Q2.G.01	SE_PRE_GPIPARTN	Gender parity index for participation rate in organized learning (one year before the official primary entry age), (ratio)	748	31.50149288	-26.56471011	SWZ	Swaziland	1	Ratio	Ratio												0.98779								2011	0.98779	UNESCO Institute for Statistics	E
2018.Q2.G.01	SE_PRE_GPIPARTN	Gender parity index for participation rate in organized learning (one year before the official primary entry age), (ratio)	752	14.3775338	60.60103109	SWE	Sweden	1	Ratio	Ratio	1.00974	1.00645	0.99614	1.01008	0.99767	0.98758	1.01024		0.99745	1.00771	1.00479	0.99534	1.00672	1.00114	0.99864	0.99659			0.99879	2015	0.99659	UNESCO Institute for Statistics	C
2018.Q2.G.01	SE_PRE_GPIPARTN	Gender parity index for participation rate in organized learning (one year before the official primary entry age), (ratio)	756	8.223158	46.96617097	CHE	Switzerland	1	Ratio	Ratio	1.00983	1.0126	1.01483	1.00854	1.00633	1.00576	1.00411	0.9982	0.99947	1.00173	1.00881	1.02263	1.0038	1.00105	1.00667	0.98962	0.9948		0.998035	2016	0.9948	UNESCO Institute for Statistics	C
2018.Q2.G.01	SE_PRE_GPIPARTN	Gender parity index for participation rate in organized learning (one year before the official primary entry age), (ratio)	760	38.50466565	35.01676176	SYR	Syrian Arab Republic (Syria)	1	Ratio	Ratio	0.92796	0.92447	0.9285	0.93927	0.94476	0.956	0.96683	0.97091	0.97792	0.97527	0.97377	0.96867	0.97157	0.97065					0.97065	2013	0.97065	UNESCO Institute for Statistics	C
2018.Q2.G.01	SE_PRE_GPIPARTN	Gender parity index for participation rate in organized learning (one year before the official primary entry age), (ratio)	762	69.294998	38.43069666	TJK	Tajikistan	1	Ratio	Ratio											0.85445	0.87678	0.88471	0.78624	0.82926	0.8629	0.85981	0.86324	0.84029	2017	0.86324	UNESCO Institute for Statistics	C
2018.Q2.G.01	SE_PRE_GPIPARTN	Gender parity index for participation rate in organized learning (one year before the official primary entry age), (ratio)	764	101.0202951	15.13089239	THA	Thailand	1	Ratio	Ratio							1.02101	1.02147	1.02106	1.01519	1.03006	0.99537			1.009	0.91042			0.95971	2015	0.91042	UNESCO Institute for Statistics	C
2018.Q2.G.01	SE_PRE_GPIPARTN	Gender parity index for participation rate in organized learning (one year before the official primary entry age), (ratio)	768	0.97835765	8.532096072	TGO	Togo	1	Ratio	Ratio		0.91	0.9153	0.92293				0.95627												2007	0.95627	UNESCO Institute for Statistics	C
2018.Q2.G.01	SE_PRE_GPIPARTN	Gender parity index for participation rate in organized learning (one year before the official primary entry age), (ratio)	772	-171.8154473	-9.214545558	TKL	Tokelau	1	Ratio	Ratio																	1.28333		1.28333	2016	1.28333	UNESCO Institute for Statistics	C
2018.Q2.G.01	SE_PRE_GPIPARTN	Gender parity index for participation rate in organized learning (one year before the official primary entry age), (ratio)	776	-175.1959991	-21.19511329	TON	Tonga	1	Ratio	Ratio																							
2018.Q2.G.01	SE_PRE_GPIPARTN	Gender parity index for participation rate in organized learning (one year before the official primary entry age), (ratio)	780	-61.29389504	10.41877263	TTO	Trinidad and Tobago	1	Ratio	Ratio	0.96112	0.93384			0.98112	0.96577		0.98901												2007	0.98901	UNESCO Institute for Statistics	C
2018.Q2.G.01	SE_PRE_GPIPARTN	Gender parity index for participation rate in organized learning (one year before the official primary entry age), (ratio)	784	53.98279159	23.43322219	ARE	United Arab Emirates	1	Ratio	Ratio	0.98179	0.98616	0.9716	0.96576	0.96728	0.96745	1.00135	0.98939		1.01822	1.00384	0.9831	0.99424	1.00514					1.00514	2013	1.00514	UNESCO Institute for Statistics	E
2018.Q2.G.01	SE_PRE_GPIPARTN	Gender parity index for participation rate in organized learning (one year before the official primary entry age), (ratio)	788	9.572737411	34.11439971	TUN	Tunisia	1	Ratio	Ratio	1.00288	0.98819	0.98673																	2002	0.98673	UNESCO Institute for Statistics	C
2018.Q2.G.01	SE_PRE_GPIPARTN	Gender parity index for participation rate in organized learning (one year before the official primary entry age), (ratio)	792	35.42890329	38.9899684	TUR	Turkey	1	Ratio	Ratio														0.9826	0.97597	0.967			0.97519	2015	0.967	UNESCO Institute for Statistics	C
2018.Q2.G.01	SE_PRE_GPIPARTN	Gender parity index for participation rate in organized learning (one year before the official primary entry age), (ratio)	795	58.9787665	40.0912346	TKM	Turkmenistan	1	Ratio	Ratio																							
2018.Q2.G.01	SE_PRE_GPIPARTN	Gender parity index for participation rate in organized learning (one year before the official primary entry age), (ratio)	796	-71.745121	21.80780585	TCA	Turks and Caicos Islands	1	Ratio	Ratio																							
2018.Q2.G.01	SE_PRE_GPIPARTN	Gender parity index for participation rate in organized learning (one year before the official primary entry age), (ratio)	798	178.6679611	-7.460048071	TUV	Tuvalu	1	Ratio	Ratio																1.07643			1.07643	2015	1.07643	UNESCO Institute for Statistics	C
2018.Q2.G.01	SE_PRE_GPIPARTN	Gender parity index for participation rate in organized learning (one year before the official primary entry age), (ratio)	800	32.39100438	1.279557331	UGA	Uganda	1	Ratio	Ratio											1.05609									2010	1.05609	UNESCO Institute for Statistics	C
2018.Q2.G.01	SE_PRE_GPIPARTN	Gender parity index for participation rate in organized learning (one year before the official primary entry age), (ratio)	804	31.40270802	49.00735945	UKR	Ukraine	1	Ratio	Ratio																							
2018.Q2.G.01	SE_PRE_GPIPARTN	Gender parity index for participation rate in organized learning (one year before the official primary entry age), (ratio)	807	21.7007909	41.60048068	MKD	Macedonia, Republic of	1	Ratio	Ratio		1.00023	1.00062	0.98329	0.97393			0.98174	0.98258	1.00876	1.03376		1.08497	1.01729	1.05243	0.99916			1.02296	2015	0.99916	UNESCO Institute for Statistics	C
2018.Q2.G.01	SE_PRE_GPIPARTN	Gender parity index for participation rate in organized learning (one year before the official primary entry age), (ratio)	818	29.77468534	26.57438204	EGY	Egypt	1	Ratio	Ratio	0.93951	0.92996	0.9527	0.95245									0.98354		0.9839		0.99093		0.987415	2016	0.99093	UNESCO Institute for Statistics	C
2018.Q2.G.01	SE_PRE_GPIPARTN	Gender parity index for participation rate in organized learning (one year before the official primary entry age), (ratio)	826	-2.23830539	53.27691757	GBR	United Kingdom	1	Ratio	Ratio							1.00607	1.00267	1.00066			0.99237	1.00028	0.9666	0.99468	0.95592			0.9724	2015	0.95592	UNESCO Institute for Statistics	C
2018.Q2.G.01	SE_PRE_GPIPARTN	Gender parity index for participation rate in organized learning (one year before the official primary entry age), (ratio)	831	-2.200712402	49.71561166	GGY	Guernsey	1	Ratio	Ratio																							
2018.Q2.G.01	SE_PRE_GPIPARTN	Gender parity index for participation rate in organized learning (one year before the official primary entry age), (ratio)	832	-2.136773508	49.22353354	JEY	Jersey	1	Ratio	Ratio																							
2018.Q2.G.01	SE_PRE_GPIPARTN	Gender parity index for participation rate in organized learning (one year before the official primary entry age), (ratio)	833	-4.538190305	54.22880901	IMN	Isle of Man	1	Ratio	Ratio																							
2018.Q2.G.01	SE_PRE_GPIPARTN	Gender parity index for participation rate in organized learning (one year before the official primary entry age), (ratio)	834	34.80521182	-6.265332606	TZA	Tanzania, United Republic of	1	Ratio	Ratio					1.00419	1.05639			1.04734		1.02312		1.04244	1.11635	1.12632				1.121335	2014	1.12632	UNESCO Institute for Statistics	E
2018.Q2.G.01	SE_PRE_GPIPARTN	Gender parity index for participation rate in organized learning (one year before the official primary entry age), (ratio)	840	-99.13830311	39.5277871	USA	United States of America	1	Ratio	Ratio											1.02668	1.01361	0.99884	1.01313	0.99056	0.98688			0.996856666666667	2015	0.98688	UNESCO Institute for Statistics	C
2018.Q2.G.01	SE_PRE_GPIPARTN	Gender parity index for participation rate in organized learning (one year before the official primary entry age), (ratio)	850	-64.76960113	17.73297693	VIR	United States Virgin Islands	1	Ratio	Ratio																							
2018.Q2.G.01	SE_PRE_GPIPARTN	Gender parity index for participation rate in organized learning (one year before the official primary entry age), (ratio)	854	-1.742843829	12.27491081	BFA	Burkina Faso	1	Ratio	Ratio		0.79837								0.95616		1.03465		1.00413	1.01868	1.0177	1.00289		1.01085	2016	1.00289	UNESCO Institute for Statistics	C
2018.Q2.G.01	SE_PRE_GPIPARTN	Gender parity index for participation rate in organized learning (one year before the official primary entry age), (ratio)	858	-56.01387025	-32.8002838	URY	Uruguay	1	Ratio	Ratio						1.00783	0.99896	0.98555	1.00502	1.00711	0.99094			1.00688	0.99749	1.00311			1.00249333333333	2015	1.00311	UNESCO Institute for Statistics	C
2018.Q2.G.01	SE_PRE_GPIPARTN	Gender parity index for participation rate in organized learning (one year before the official primary entry age), (ratio)	860	63.11944558	41.77560518	UZB	Uzbekistan	1	Ratio	Ratio										1.03817	1.03178	1.0311	1.02721	1.03543	1.03326	1.02226	1.00671	0.97428	1.014388	2017	0.97428	UNESCO Institute for Statistics	C
2018.Q2.G.01	SE_PRE_GPIPARTN	Gender parity index for participation rate in organized learning (one year before the official primary entry age), (ratio)	862	-66.15642084	7.121324748	VEN	Venezuela (Bolivarian Republic)	1	Ratio	Ratio	1.01213		1.01617	1.01034	1.01208	1.01354	1.00994	1.00183	1.01329	1.06113	1.08639	1.07941	1.00082	1.00831	1.0052	1.00194	1.00538		1.0052075	2016	1.00538	UNESCO Institute for Statistics	C
2018.Q2.G.01	SE_PRE_GPIPARTN	Gender parity index for participation rate in organized learning (one year before the official primary entry age), (ratio)	876	-176.2034788	-13.28471201	WLF	Wallis and Futuna Islands	1	Ratio	Ratio																							
2018.Q2.G.01	SE_PRE_GPIPARTN	Gender parity index for participation rate in organized learning (one year before the official primary entry age), (ratio)	882	-172.4430749	-13.61541469	WSM	Samoa	1	Ratio	Ratio											1.25241	1.0959	1.06717		1.18694	1.0333	1.08088		1.10037333333333	2016	1.08088	UNESCO Institute for Statistics	C
2018.Q2.G.01	SE_PRE_GPIPARTN	Gender parity index for participation rate in organized learning (one year before the official primary entry age), (ratio)	887	45.22389143	15.22242099	YEM	Yemen	1	Ratio	Ratio											0.88934			0.87217					0.87217	2013	0.87217	UNESCO Institute for Statistics	C
2018.Q2.G.01	SE_PRE_GPIPARTN	Gender parity index for participation rate in organized learning (one year before the official primary entry age), (ratio)	894	27.850329	-14.59701056	ZMB	Zambia	1	Ratio	Ratio																							
