series.release	series.code	series.description	geoAreaCode	X	Y	ISO3CD	geoAreaName	sliceId	Sex	Units	Sex description	Units description	2000	2001	2002	2003	2004	2005	2006	2007	2008	2009	2010	2011	2012	2013	2014	2015	2016	2017	2018	last.5.years.mean	latest.year	latest.value	latest.source	latest.nature
2018.Q2.G.01	SG_GEN_PARLN	Number of seats held by women in national parliaments (number)	4	66.02688198	33.83160199	AFG	Afghanistan	1	FEMALE	NUMBER	Female	Number							68	68	67	67	68	69	69	69	69	69	69	69	69	69	2018	69	Inter-Parliamentary Union (IPU), the database on Women in National Parliament, accessed February 1 of given year for annual data.	C
2018.Q2.G.01	SG_GEN_PARLN	Number of seats held by women in national parliaments (number)	8	20.06660928	41.13897007	ALB	Albania	1	FEMALE	NUMBER	Female	Number	8	8	8	8	8	9	10	10	10	10	23	23	22	22	28	29	29	32	39	31.4	2018	39	Inter-Parliamentary Union (IPU), the database on Women in National Parliament, accessed February 1 of given year for annual data.	C
2018.Q2.G.01	SG_GEN_PARLN	Number of seats held by women in national parliaments (number)	10	21.47585697	-80.40897662	ATA	Antarctica	1	FEMALE	NUMBER	Female	Number																								
2018.Q2.G.01	SG_GEN_PARLN	Number of seats held by women in national parliaments (number)	12	2.678164227	28.15940032	DZA	Algeria	1	FEMALE	NUMBER	Female	Number	12	13	13	24	24	24	24	24	30	30	30	30	31	146	146	146	146	146	119	140.6	2018	119	Inter-Parliamentary Union (IPU), the database on Women in National Parliament, accessed February 1 of given year for annual data.	C
2018.Q2.G.01	SG_GEN_PARLN	Number of seats held by women in national parliaments (number)	16	-170.7187269	-14.30587306	ASM	American Samoa	1	FEMALE	NUMBER	Female	Number																								
2018.Q2.G.01	SG_GEN_PARLN	Number of seats held by women in national parliaments (number)	20	1.576257417	42.54548611	AND	Andorra	1	FEMALE	NUMBER	Female	Number	2	2	4	4	4	4	8	8	7	7	10	10	14	14	14	14	11	9	9	11.4	2018	9	Inter-Parliamentary Union (IPU), the database on Women in National Parliament, accessed February 1 of given year for annual data.	C
2018.Q2.G.01	SG_GEN_PARLN	Number of seats held by women in national parliaments (number)	24	17.57817062	-12.33724746	AGO	Angola	1	FEMALE	NUMBER	Female	Number	34	34	34	34	34	33	33	33	33	82	85	85	84	75	81	81	81	84	67	78.8	2018	67	Inter-Parliamentary Union (IPU), the database on Women in National Parliament, accessed February 1 of given year for annual data.	C
2018.Q2.G.01	SG_GEN_PARLN	Number of seats held by women in national parliaments (number)	28	-61.7999755	17.07761471	ATG	Antigua and Barbuda	1	FEMALE	NUMBER	Female	Number	1	1	1	1	1	2	2	2	2	2	2	2	2	2	2	2	2	2	2	2	2018	2	Inter-Parliamentary Union (IPU), the database on Women in National Parliament, accessed February 1 of given year for annual data.	C
2018.Q2.G.01	SG_GEN_PARLN	Number of seats held by women in national parliaments (number)	31	50.01064725	40.39229544	AZE	Azerbaijan	1	FEMALE	NUMBER	Female	Number	13	13	13	13	13	13	15	14	14	14	14	20	20	20	19	19	21	21	21	20.2	2018	21	Inter-Parliamentary Union (IPU), the database on Women in National Parliament, accessed February 1 of given year for annual data.	C
2018.Q2.G.01	SG_GEN_PARLN	Number of seats held by women in national parliaments (number)	32	-65.14563274	-35.19446255	ARG	Argentina	1	FEMALE	NUMBER	Female	Number	72	68	79	79	79	86	93	90	102	102	99	99	96	96	94	93	92	100	100	95.8	2018	100	Inter-Parliamentary Union (IPU), the database on Women in National Parliament, accessed February 1 of given year for annual data.	C
2018.Q2.G.01	SG_GEN_PARLN	Number of seats held by women in national parliaments (number)	36	134.3499412	-25.57717202	AUS	Australia	1	FEMALE	NUMBER	Female	Number	33	34	38	38	38	37	37	37	40	40	41	37	37	37	39	40	40	43	43	41	2018	43	Inter-Parliamentary Union (IPU), the database on Women in National Parliament, accessed February 1 of given year for annual data.	C
2018.Q2.G.01	SG_GEN_PARLN	Number of seats held by women in national parliaments (number)	40	14.14172472	47.58704857	AUT	Austria	1	FEMALE	NUMBER	Female	Number	49	49	49	62	62	62	62	59	60	50	51	51	51	51	59	56	56	56	63	58	2018	63	Inter-Parliamentary Union (IPU), the database on Women in National Parliament, accessed February 1 of given year for annual data.	C
2018.Q2.G.01	SG_GEN_PARLN	Number of seats held by women in national parliaments (number)	44	-78.05111663	24.69546597	BHS	Bahamas	1	FEMALE	NUMBER	Female	Number	6	6	6	8	8	8	8	8	5	5	5	5	5	5	5	5	5	5	5	5	2018	5	Inter-Parliamentary Union (IPU), the database on Women in National Parliament, accessed February 1 of given year for annual data.	C
2018.Q2.G.01	SG_GEN_PARLN	Number of seats held by women in national parliaments (number)	48	50.5490754	26.04407747	BHR	Bahrain	1	FEMALE	NUMBER	Female	Number				0	0	0	0	1	1	1	1	1	4	4	4	3	3	3	3	3.2	2018	3	Inter-Parliamentary Union (IPU), the database on Women in National Parliament, accessed February 1 of given year for annual data.	C
2018.Q2.G.01	SG_GEN_PARLN	Number of seats held by women in national parliaments (number)	50	89.17660788	22.86961622	BGD	Bangladesh	1	FEMALE	NUMBER	Female	Number	30	6	6	6	6	6	51			19	64	64	69	69	19	70	70	71	71	60.2	2018	71	Inter-Parliamentary Union (IPU), the database on Women in National Parliament, accessed February 1 of given year for annual data.	C
2018.Q2.G.01	SG_GEN_PARLN	Number of seats held by women in national parliaments (number)	51	44.93839317	40.29499741	ARM	Armenia	1	FEMALE	NUMBER	Female	Number	4	4	4	4	6	7	7	7	12	11	12	12	11	14	14	14	14	13	19	14.8	2018	19	Inter-Parliamentary Union (IPU), the database on Women in National Parliament, accessed February 1 of given year for annual data.	C
2018.Q2.G.01	SG_GEN_PARLN	Number of seats held by women in national parliaments (number)	52	-59.5346489	13.13648273	BRB	Barbados	1	FEMALE	NUMBER	Female	Number	3	3	3	3	4	4	4	4	3	3	3	3	3	3	5	5	5	5	5	5	2018	5	Inter-Parliamentary Union (IPU), the database on Women in National Parliament, accessed February 1 of given year for annual data.	C
2018.Q2.G.01	SG_GEN_PARLN	Number of seats held by women in national parliaments (number)	56	4.660976456	50.64104975	BEL	Belgium	1	FEMALE	NUMBER	Female	Number	35	35	35	35	53	52	52	52	53	53	57	59	57	57	62	59	59	57	57	58.8	2018	57	Inter-Parliamentary Union (IPU), the database on Women in National Parliament, accessed February 1 of given year for annual data.	C
2018.Q2.G.01	SG_GEN_PARLN	Number of seats held by women in national parliaments (number)	60	-64.78155012	32.27881922	BMU	Bermuda	1	FEMALE	NUMBER	Female	Number																								
2018.Q2.G.01	SG_GEN_PARLN	Number of seats held by women in national parliaments (number)	64	90.45098484	27.39598568	BTN	Bhutan	1	FEMALE	NUMBER	Female	Number	3	14	14	14	14	14	14	4	4	4	4	4	4	4	4	4	4	4	4	4	2018	4	Inter-Parliamentary Union (IPU), the database on Women in National Parliament, accessed February 1 of given year for annual data.	C
2018.Q2.G.01	SG_GEN_PARLN	Number of seats held by women in national parliaments (number)	68	-64.66224284	-16.71273412	BOL	Bolivia (Plurinational State of)	1	FEMALE	NUMBER	Female	Number	15	15	15	24	24	25	22	22	22	22	29	33	33	33	33	69	69	69	69	61.8	2018	69	Inter-Parliamentary Union (IPU), the database on Women in National Parliament, accessed February 1 of given year for annual data.	C
2018.Q2.G.01	SG_GEN_PARLN	Number of seats held by women in national parliaments (number)	70	17.78584332	44.16845548	BIH	Bosnia and Herzegovina	1	FEMALE	NUMBER	Female	Number	3	3	7	7	7	7	7	6	5	5	8	7	9	9	9	9	9	9	9	9	2018	9	Inter-Parliamentary Union (IPU), the database on Women in National Parliament, accessed February 1 of given year for annual data.	C
2018.Q2.G.01	SG_GEN_PARLN	Number of seats held by women in national parliaments (number)	72	23.81380223	-22.18810073	BWA	Botswana	1	FEMALE	NUMBER	Female	Number	8	8	8	8	8	7	7	7	7	7	5	5	5	5	6	6	6	6	6	6	2018	6	Inter-Parliamentary Union (IPU), the database on Women in National Parliament, accessed February 1 of given year for annual data.	C
2018.Q2.G.01	SG_GEN_PARLN	Number of seats held by women in national parliaments (number)	74	3.410732868	-54.43295905	BVT	Bouvet Island	1	FEMALE	NUMBER	Female	Number																								
2018.Q2.G.01	SG_GEN_PARLN	Number of seats held by women in national parliaments (number)	76	-53.08432878	-10.77668561	BRA	Brazil	1	FEMALE	NUMBER	Female	Number	29	29	35	44	44	44	44	45	46	46	45	44	44	44	44	46	51	55	55	50.2	2018	55	Inter-Parliamentary Union (IPU), the database on Women in National Parliament, accessed February 1 of given year for annual data.	C
2018.Q2.G.01	SG_GEN_PARLN	Number of seats held by women in national parliaments (number)	84	-88.70199554	17.19965901	BLZ	Belize	1	FEMALE	NUMBER	Female	Number	2	2	2	2	1	2	2	2	1	0	0	0	0	1	1	1	1	3	3	1.8	2018	3	Inter-Parliamentary Union (IPU), the database on Women in National Parliament, accessed February 1 of given year for annual data.	C
2018.Q2.G.01	SG_GEN_PARLN	Number of seats held by women in national parliaments (number)	86	72.38715553	-7.299281071	IOT	British Indian Ocean Territory	1	FEMALE	NUMBER	Female	Number																								
2018.Q2.G.01	SG_GEN_PARLN	Number of seats held by women in national parliaments (number)	90	160.1584117	-9.622391719	SLB	Solomon Islands	1	FEMALE	NUMBER	Female	Number	1	1	0	0	0	0	0	0	0	0	0	0	0	1	1	1	1	1	1	1	2018	1	Inter-Parliamentary Union (IPU), the database on Women in National Parliament, accessed February 1 of given year for annual data.	C
2018.Q2.G.01	SG_GEN_PARLN	Number of seats held by women in national parliaments (number)	92	-64.63294223	18.42256578	VGB	British Virgin Islands	1	FEMALE	NUMBER	Female	Number																								
2018.Q2.G.01	SG_GEN_PARLN	Number of seats held by women in national parliaments (number)	96	114.6288563	4.49736984	BRN	Brunei Darussalam	1	FEMALE	NUMBER	Female	Number																		3	3	3	2018	3	Inter-Parliamentary Union (IPU), the database on Women in National Parliament, accessed February 1 of given year for annual data.	C
2018.Q2.G.01	SG_GEN_PARLN	Number of seats held by women in national parliaments (number)	100	25.23763153	42.75731323	BGR	Bulgaria	1	FEMALE	NUMBER	Female	Number	26	26	63	63	63	63	53	53	52	52	50	50	50	55	59	49	49	46	57	52	2018	57	Inter-Parliamentary Union (IPU), the database on Women in National Parliament, accessed February 1 of given year for annual data.	C
2018.Q2.G.01	SG_GEN_PARLN	Number of seats held by women in national parliaments (number)	104	96.51752295	21.19332882	MMR	Myanmar	1	FEMALE	NUMBER	Female	Number												14	14	26	24	26	43	44	44	36.2	2018	44	Inter-Parliamentary Union (IPU), the database on Women in National Parliament, accessed February 1 of given year for annual data.	C
2018.Q2.G.01	SG_GEN_PARLN	Number of seats held by women in national parliaments (number)	108	29.89080992	-3.366387428	BDI	Burundi	1	FEMALE	NUMBER	Female	Number	7	17	33	33	33	33	36	36	36	36	37	34	32	32	32	32	44	44	44	39.2	2018	44	Inter-Parliamentary Union (IPU), the database on Women in National Parliament, accessed February 1 of given year for annual data.	C
2018.Q2.G.01	SG_GEN_PARLN	Number of seats held by women in national parliaments (number)	112	28.04940161	53.54193075	BLR	Belarus	1	FEMALE	NUMBER	Female	Number	10	10	10	10	10	32	32	32	32	35	35	35	35	29	29	30	30	38	38	33	2018	38	Inter-Parliamentary Union (IPU), the database on Women in National Parliament, accessed February 1 of given year for annual data.	C
2018.Q2.G.01	SG_GEN_PARLN	Number of seats held by women in national parliaments (number)	116	104.922836	12.71163737	KHM	Cambodia	1	FEMALE	NUMBER	Female	Number	10	9	9	9	12	12	12	12	24	20	26	26	25	25	25	25	25	25	25	25	2018	25	Inter-Parliamentary Union (IPU), the database on Women in National Parliament, accessed February 1 of given year for annual data.	C
2018.Q2.G.01	SG_GEN_PARLN	Number of seats held by women in national parliaments (number)	120	12.7419827	5.692387031	CMR	Cameroon	1	FEMALE	NUMBER	Female	Number	10	10	10	16	16	16	16	16	25	25	25	25	25	25	56	56	56	56	56	56	2018	56	Inter-Parliamentary Union (IPU), the database on Women in National Parliament, accessed February 1 of given year for annual data.	C
2018.Q2.G.01	SG_GEN_PARLN	Number of seats held by women in national parliaments (number)	124	-101.6575058	57.72360191	CAN	Canada	1	FEMALE	NUMBER	Female	Number	62	62	62	62	62	65	64	64	65	68	68	68	76	76	77	77	88	88	91	84.2	2018	91	Inter-Parliamentary Union (IPU), the database on Women in National Parliament, accessed February 1 of given year for annual data.	C
2018.Q2.G.01	SG_GEN_PARLN	Number of seats held by women in national parliaments (number)	132	-23.63544151	15.07791834	CPV	Cabo Verde	1	FEMALE	NUMBER	Female	Number	8	8	8	8	8	8	11	11	13	13	13	13	15	15	15	15	15	17	17	15.8	2018	17	Inter-Parliamentary Union (IPU), the database on Women in National Parliament, accessed February 1 of given year for annual data.	C
2018.Q2.G.01	SG_GEN_PARLN	Number of seats held by women in national parliaments (number)	136	-81.16740559	19.32266656	CYM	Cayman Islands	1	FEMALE	NUMBER	Female	Number																								
2018.Q2.G.01	SG_GEN_PARLN	Number of seats held by women in national parliaments (number)	140	20.93559492	7.003720791	CAF	Central African Republic	1	FEMALE	NUMBER	Female	Number	8	8	8	8			11	11	11	11	10		13	13				12	12	12	2018	12	Inter-Parliamentary Union (IPU), the database on Women in National Parliament, accessed February 1 of given year for annual data.	C
2018.Q2.G.01	SG_GEN_PARLN	Number of seats held by women in national parliaments (number)	144	80.70489654	7.614693343	LKA	Sri Lanka	1	FEMALE	NUMBER	Female	Number	11	10	10	10	10	11	11	11	13	13	13	12	13	13	13	13	13	13	13	13	2018	13	Inter-Parliamentary Union (IPU), the database on Women in National Parliament, accessed February 1 of given year for annual data.	C
2018.Q2.G.01	SG_GEN_PARLN	Number of seats held by women in national parliaments (number)	148	18.66618401	15.36279341	TCD	Chad	1	FEMALE	NUMBER	Female	Number	3	3	3	9	9	10	10	10	8	8	8	8	24	28	28	28	28	24	24	26.4	2018	24	Inter-Parliamentary Union (IPU), the database on Women in National Parliament, accessed February 1 of given year for annual data.	C
2018.Q2.G.01	SG_GEN_PARLN	Number of seats held by women in national parliaments (number)	152	-71.23029019	-35.2652885	CHL	Chile	1	FEMALE	NUMBER	Female	Number	13	13	15	15	15	15	18	18	18	18	17	17	17	17	19	19	19	19		19	2017	19	Inter-Parliamentary Union (IPU), the database on Women in National Parliament, accessed February 1 of given year for annual data.	C
2018.Q2.G.01	SG_GEN_PARLN	Number of seats held by women in national parliaments (number)	156	104.1403375	32.30955217	CHN	China	1	FEMALE	NUMBER	Female	Number	650	650	650	650	604	604	604	604	611	637	637	637	635	635	699	699	699	699	709	701	2018	709	Inter-Parliamentary Union (IPU), the database on Women in National Parliament, accessed February 1 of given year for annual data.	C
2018.Q2.G.01	SG_GEN_PARLN	Number of seats held by women in national parliaments (number)	162	105.6426067	-10.4882473	CXR	Christmas Island	1	FEMALE	NUMBER	Female	Number																								
2018.Q2.G.01	SG_GEN_PARLN	Number of seats held by women in national parliaments (number)	166	96.82633757	-12.18600682	CCK	Cocos (Keeling) Islands	1	FEMALE	NUMBER	Female	Number																								
2018.Q2.G.01	SG_GEN_PARLN	Number of seats held by women in national parliaments (number)	170	-73.07446751	3.888209046	COL	Colombia	1	FEMALE	NUMBER	Female	Number	19	19	19	20	20	20	20	14	14	14	14	21	20	20	20	33	33	31	31	29.6	2018	31	Inter-Parliamentary Union (IPU), the database on Women in National Parliament, accessed February 1 of given year for annual data.	C
2018.Q2.G.01	SG_GEN_PARLN	Number of seats held by women in national parliaments (number)	174	43.34234565	-11.66121732	COM	Comoros	1	FEMALE	NUMBER	Female	Number						1	1	1	1	1	1	1	1	1	1		1	2	2	1.5	2018	2	Inter-Parliamentary Union (IPU), the database on Women in National Parliament, accessed February 1 of given year for annual data.	C
2018.Q2.G.01	SG_GEN_PARLN	Number of seats held by women in national parliaments (number)	175	45.14015057	-12.82217691	MYT	Mayotte	1	FEMALE	NUMBER	Female	Number																								
2018.Q2.G.01	SG_GEN_PARLN	Number of seats held by women in national parliaments (number)	178	15.22052612	-0.840544119	COG	Congo	1	FEMALE	NUMBER	Female	Number	9	9	9	12	11	11	11	11	10	10	10	10	10	10	10	10	10	10	17	11.4	2018	17	Inter-Parliamentary Union (IPU), the database on Women in National Parliament, accessed February 1 of given year for annual data.	C
2018.Q2.G.01	SG_GEN_PARLN	Number of seats held by women in national parliaments (number)	180	23.65496507	-2.877154732	COD	Democratic Republic of the Congo	1	FEMALE	NUMBER	Female	Number					60	60	60	42	42	42	42	42	44	44	53	44	44	44	44	45.8	2018	44	Inter-Parliamentary Union (IPU), the database on Women in National Parliament, accessed February 1 of given year for annual data.	C
2018.Q2.G.01	SG_GEN_PARLN	Number of seats held by women in national parliaments (number)	184	-159.7711391	-21.22696458	COK	Cook Islands	1	FEMALE	NUMBER	Female	Number																								
2018.Q2.G.01	SG_GEN_PARLN	Number of seats held by women in national parliaments (number)	188	-84.19712782	9.970998683	CRI	Costa Rica	1	FEMALE	NUMBER	Female	Number	11	11	11	20	20	20	20	22	21	21	21	22	22	22	22	19	19	20	20	20	2018	20	Inter-Parliamentary Union (IPU), the database on Women in National Parliament, accessed February 1 of given year for annual data.	C
2018.Q2.G.01	SG_GEN_PARLN	Number of seats held by women in national parliaments (number)	191	17.95874553	45.45172212	HRV	Croatia	1	FEMALE	NUMBER	Female	Number	0	31	31	31	27	33	33	33	32	32	36	36	36	36	36	39	23	30	28	31.2	2018	28	Inter-Parliamentary Union (IPU), the database on Women in National Parliament, accessed February 1 of given year for annual data.	C
2018.Q2.G.01	SG_GEN_PARLN	Number of seats held by women in national parliaments (number)	192	-79.54460144	22.10030366	CUB	Cuba	1	FEMALE	NUMBER	Female	Number	166	166	166	219	219	219	219	219	265	265	265	265	265	265	299	299	299	299	299	299	2018	299	Inter-Parliamentary Union (IPU), the database on Women in National Parliament, accessed February 1 of given year for annual data.	C
2018.Q2.G.01	SG_GEN_PARLN	Number of seats held by women in national parliaments (number)	196	33.22285964	35.05659437	CYP	Cyprus	1	FEMALE	NUMBER	Female	Number	3	4	6	6	6	9	9	8	8	8	7	7	6	6	7	7	7	10	10	8.2	2018	10	Inter-Parliamentary Union (IPU), the database on Women in National Parliament, accessed February 1 of given year for annual data.	C
2018.Q2.G.01	SG_GEN_PARLN	Number of seats held by women in national parliaments (number)	203	15.33151382	49.73913871	CZE	Czechia	1	FEMALE	NUMBER	Female	Number	30	30	30	34	34	34	34	31	31	31	31	44	44	44	39	38	40	40	44	40.2	2018	44	Inter-Parliamentary Union (IPU), the database on Women in National Parliament, accessed February 1 of given year for annual data.	C
2018.Q2.G.01	SG_GEN_PARLN	Number of seats held by women in national parliaments (number)	204	2.339933594	9.65401646	BEN	Benin	1	FEMALE	NUMBER	Female	Number	5	5	5	5	6	6	6	6	9	9	9	9	7	7	7	7	6	6	6	6.4	2018	6	Inter-Parliamentary Union (IPU), the database on Women in National Parliament, accessed February 1 of given year for annual data.	C
2018.Q2.G.01	SG_GEN_PARLN	Number of seats held by women in national parliaments (number)	208	9.326571283	56.03829721	DNK	Denmark	1	FEMALE	NUMBER	Female	Number	67	67	68	68	68	68	66	66	68	68	68	68	70	70	70	68	67	67	67	67.8	2018	67	Inter-Parliamentary Union (IPU), the database on Women in National Parliament, accessed February 1 of given year for annual data.	C
2018.Q2.G.01	SG_GEN_PARLN	Number of seats held by women in national parliaments (number)	212	-61.3493756	15.43391378	DMA	Dominica	1	FEMALE	NUMBER	Female	Number	6	6	6	6	6	6	4	4	5	6	4	4	4	4	4	7	7	8	8	6.8	2018	8	Inter-Parliamentary Union (IPU), the database on Women in National Parliament, accessed February 1 of given year for annual data.	C
2018.Q2.G.01	SG_GEN_PARLN	Number of seats held by women in national parliaments (number)	214	-70.49847576	18.89832088	DOM	Dominican Republic	1	FEMALE	NUMBER	Female	Number	24	24	24	26	26	26	26	35	35	35	35	38	38	38	38	38	38	51	51	43.2	2018	51	Inter-Parliamentary Union (IPU), the database on Women in National Parliament, accessed February 1 of given year for annual data.	C
2018.Q2.G.01	SG_GEN_PARLN	Number of seats held by women in national parliaments (number)	218	-78.37005241	-1.447785891	ECU	Ecuador	1	FEMALE	NUMBER	Female	Number	21	18	18	16	16	16	16	25	25	21	40	40	40	40	57	57	57	57	52	56	2018	52	Inter-Parliamentary Union (IPU), the database on Women in National Parliament, accessed February 1 of given year for annual data.	C
2018.Q2.G.01	SG_GEN_PARLN	Number of seats held by women in national parliaments (number)	222	-88.86862995	13.73603564	SLV	El Salvador	1	FEMALE	NUMBER	Female	Number	14	8	8	8	9	9	9	14	14	16	16	16	16	22	22	23	27	27	27	25.2	2018	27	Inter-Parliamentary Union (IPU), the database on Women in National Parliament, accessed February 1 of given year for annual data.	C
2018.Q2.G.01	SG_GEN_PARLN	Number of seats held by women in national parliaments (number)	226	10.46535826	1.565792376	GNQ	Equatorial Guinea	1	FEMALE	NUMBER	Female	Number	4	4	4	4	4	18	18	18	18	6	10	10	10	10	24	24	24	24	20	23.2	2018	20	Inter-Parliamentary Union (IPU), the database on Women in National Parliament, accessed February 1 of given year for annual data.	C
2018.Q2.G.01	SG_GEN_PARLN	Number of seats held by women in national parliaments (number)	231	39.63505296	8.631223181	ETH	Ethiopia	1	FEMALE	NUMBER	Female	Number	11	42	42	42	42	42	117	116	116	116	116	152	152	152	152	152	212	212	212	188	2018	212	Inter-Parliamentary Union (IPU), the database on Women in National Parliament, accessed February 1 of given year for annual data.	C
2018.Q2.G.01	SG_GEN_PARLN	Number of seats held by women in national parliaments (number)	232	38.11074289	16.12894644	ERI	Eritrea	1	FEMALE	NUMBER	Female	Number	22	22	22	33	33	33	33	33	33	33	33	33	33	33	33	33	33	33	33	33	2018	33	Inter-Parliamentary Union (IPU), the database on Women in National Parliament, accessed February 1 of given year for annual data.	C
2018.Q2.G.01	SG_GEN_PARLN	Number of seats held by women in national parliaments (number)	233	25.84093481	58.68487172	EST	Estonia	1	FEMALE	NUMBER	Female	Number	18	18	18	18	19	19	19	19	21	21	23	23	20	21	19	20	24	27	27	23.4	2018	27	Inter-Parliamentary Union (IPU), the database on Women in National Parliament, accessed February 1 of given year for annual data.	C
2018.Q2.G.01	SG_GEN_PARLN	Number of seats held by women in national parliaments (number)	234	-7.122044325	62.21228119	FRO	Faroe Islands	1	FEMALE	NUMBER	Female	Number																								
2018.Q2.G.01	SG_GEN_PARLN	Number of seats held by women in national parliaments (number)	238	-58.75246778	-51.74562601	FLK	Falkland Islands (Malvinas)	1	FEMALE	NUMBER	Female	Number																								
2018.Q2.G.01	SG_GEN_PARLN	Number of seats held by women in national parliaments (number)	239	-36.90662765	-54.20736749	SGS	South Georgia and the South Sandwich Islands	1	FEMALE	NUMBER	Female	Number																								
2018.Q2.G.01	SG_GEN_PARLN	Number of seats held by women in national parliaments (number)	242	177.9660884	-17.83301566	FJI	Fiji	1	FEMALE	NUMBER	Female	Number	8		4	4	4	6	6									7	8	8	8	7.75	2018	8	Inter-Parliamentary Union (IPU), the database on Women in National Parliament, accessed February 1 of given year for annual data.	C
2018.Q2.G.01	SG_GEN_PARLN	Number of seats held by women in national parliaments (number)	246	23.308447	61.91586738	FIN	Finland	1	FEMALE	NUMBER	Female	Number	74	73	73	73	75	75	75	76	83	83	80	80	85	85	85	85	83	84	84	84.2	2018	84	Inter-Parliamentary Union (IPU), the database on Women in National Parliament, accessed February 1 of given year for annual data.	C
2018.Q2.G.01	SG_GEN_PARLN	Number of seats held by women in national parliaments (number)	248	19.80945969	60.1544901	ALA	Åland Islands	1	FEMALE	NUMBER	Female	Number																								
2018.Q2.G.01	SG_GEN_PARLN	Number of seats held by women in national parliaments (number)	250	2.457288129	46.62660861	FRA	France	1	FEMALE	NUMBER	Female	Number	63	63	63	70	70	70	70	70	105	105	109	109	109	155	151	151	151	149	225	165.4	2018	225	Inter-Parliamentary Union (IPU), the database on Women in National Parliament, accessed February 1 of given year for annual data.	C
2018.Q2.G.01	SG_GEN_PARLN	Number of seats held by women in national parliaments (number)	254	-53.23619089	3.922673437	GUF	French Guiana	1	FEMALE	NUMBER	Female	Number																								
2018.Q2.G.01	SG_GEN_PARLN	Number of seats held by women in national parliaments (number)	258	-149.4052367	-17.67709294	PYF	French Polynesia	1	FEMALE	NUMBER	Female	Number																								
2018.Q2.G.01	SG_GEN_PARLN	Number of seats held by women in national parliaments (number)	260	69.64849091	-49.6068576	ATF	French Southern Territories	1	FEMALE	NUMBER	Female	Number																								
2018.Q2.G.01	SG_GEN_PARLN	Number of seats held by women in national parliaments (number)	262	42.18274707	11.56004161	DJI	Djibouti	1	FEMALE	NUMBER	Female	Number	0	0	0	7	7	7	7	7	9	9	9	9	9	9	7	7	7	7	7	7	2018	7	Inter-Parliamentary Union (IPU), the database on Women in National Parliament, accessed February 1 of given year for annual data.	C
2018.Q2.G.01	SG_GEN_PARLN	Number of seats held by women in national parliaments (number)	266	11.78727747	-0.60687619	GAB	Gabon	1	FEMALE	NUMBER	Female	Number	10	11		11	11	11	11	15	20	20	17	17	18	18	18	17	17	20	20	18.4	2018	20	Inter-Parliamentary Union (IPU), the database on Women in National Parliament, accessed February 1 of given year for annual data.	C
2018.Q2.G.01	SG_GEN_PARLN	Number of seats held by women in national parliaments (number)	268	43.3713615	42.04813028	GEO	Georgia	1	FEMALE	NUMBER	Female	Number	17	17	17	17	17	22	22	22	22	9	7	9	9	18	18	17	17	24	24	20	2018	24	Inter-Parliamentary Union (IPU), the database on Women in National Parliament, accessed February 1 of given year for annual data.	C
2018.Q2.G.01	SG_GEN_PARLN	Number of seats held by women in national parliaments (number)	270	-15.39944785	13.45295927	GMB	Gambia	1	FEMALE	NUMBER	Female	Number	1	1	7	7	7	7	7	5	5	5	4	4	4	4	5	5	5	5	6	5.2	2018	6	Inter-Parliamentary Union (IPU), the database on Women in National Parliament, accessed February 1 of given year for annual data.	C
2018.Q2.G.01	SG_GEN_PARLN	Number of seats held by women in national parliaments (number)	275	35.25694122	31.94347933	PSE	State of Palestine	1	FEMALE	NUMBER	Female	Number																								
2018.Q2.G.01	SG_GEN_PARLN	Number of seats held by women in national parliaments (number)	276	10.3806066	51.08862743	DEU	Germany	1	FEMALE	NUMBER	Female	Number	207	207	211	194	194	197	195	194	194	197	204	204	204	204	230	230	230	233	218	228.2	2018	218	Inter-Parliamentary Union (IPU), the database on Women in National Parliament, accessed February 1 of given year for annual data.	C
2018.Q2.G.01	SG_GEN_PARLN	Number of seats held by women in national parliaments (number)	288	-1.205623522	7.964825185	GHA	Ghana	1	FEMALE	NUMBER	Female	Number	18	18	18	18	18	25	25	25	25	18	19	19	19	28	30	30	30	35	35	32	2018	35	Inter-Parliamentary Union (IPU), the database on Women in National Parliament, accessed February 1 of given year for annual data.	C
2018.Q2.G.01	SG_GEN_PARLN	Number of seats held by women in national parliaments (number)	292	-5.347561686	36.13895036	GIB	Gibraltar	1	FEMALE	NUMBER	Female	Number																								
2018.Q2.G.01	SG_GEN_PARLN	Number of seats held by women in national parliaments (number)	296	-157.5643005	1.768837732	KIR	Kiribati	1	FEMALE	NUMBER	Female	Number	2	2	2	2	2	2	2	3	2	2	2	2	4	4	4	4	3	3	3	3.4	2018	3	Inter-Parliamentary Union (IPU), the database on Women in National Parliament, accessed February 1 of given year for annual data.	C
2018.Q2.G.01	SG_GEN_PARLN	Number of seats held by women in national parliaments (number)	300	22.58307827	39.47301873	GRC	Greece	1	FEMALE	NUMBER	Female	Number	19	26	26	26	26	42	39	39	44	44	52	52	56	63	63	69	59	55	55	60.2	2018	55	Inter-Parliamentary Union (IPU), the database on Women in National Parliament, accessed February 1 of given year for annual data.	C
2018.Q2.G.01	SG_GEN_PARLN	Number of seats held by women in national parliaments (number)	304	-41.39371316	74.75625681	GRL	Greenland	1	FEMALE	NUMBER	Female	Number																								
2018.Q2.G.01	SG_GEN_PARLN	Number of seats held by women in national parliaments (number)	308	-61.68248568	12.11238395	GRD	Grenada	1	FEMALE	NUMBER	Female	Number	4	4	4	4	4	4	4	4	4	2	2	2	2	2	5	5	5	5	5	5	2018	5	Inter-Parliamentary Union (IPU), the database on Women in National Parliament, accessed February 1 of given year for annual data.	C
2018.Q2.G.01	SG_GEN_PARLN	Number of seats held by women in national parliaments (number)	312	-61.64762115	16.14416917	GLP	Guadeloupe	1	FEMALE	NUMBER	Female	Number																								
2018.Q2.G.01	SG_GEN_PARLN	Number of seats held by women in national parliaments (number)	316	144.7029305	13.35485404	GUM	Guam	1	FEMALE	NUMBER	Female	Number																								
2018.Q2.G.01	SG_GEN_PARLN	Number of seats held by women in national parliaments (number)	320	-91.2312746	15.00273719	GTM	Guatemala	1	FEMALE	NUMBER	Female	Number	8	10	10	10	13	13	13	13	19	19	19	19	21	21	21	21	22	20	20	20.8	2018	20	Inter-Parliamentary Union (IPU), the database on Women in National Parliament, accessed February 1 of given year for annual data.	C
2018.Q2.G.01	SG_GEN_PARLN	Number of seats held by women in national parliaments (number)	324	-11.28173419	11.00210343	GIN	Guinea	1	FEMALE	NUMBER	Female	Number	10	10	10	22	22	22	22	22	22						25	25	25	25	25	25	2018	25	Inter-Parliamentary Union (IPU), the database on Women in National Parliament, accessed February 1 of given year for annual data.	C
2018.Q2.G.01	SG_GEN_PARLN	Number of seats held by women in national parliaments (number)	328	-58.97322037	4.788012784	GUY	Guyana	1	FEMALE	NUMBER	Female	Number	12	12	13	13	13	20	20	20	20	21	21	21	21	21	21	21	21	22	22	21.4	2018	22	Inter-Parliamentary Union (IPU), the database on Women in National Parliament, accessed February 1 of given year for annual data.	C
2018.Q2.G.01	SG_GEN_PARLN	Number of seats held by women in national parliaments (number)	332	-72.33640958	18.40426539	HTI	Haiti	1	FEMALE	NUMBER	Female	Number	3	3	3	3	3	3	3	4	4	4	4	2	4	4	4	4	0	3	3	2.8	2018	3	Inter-Parliamentary Union (IPU), the database on Women in National Parliament, accessed February 1 of given year for annual data.	C
2018.Q2.G.01	SG_GEN_PARLN	Number of seats held by women in national parliaments (number)	334	73.52633626	-53.09106147	HMD	Heard Island and McDonald Islands	1	FEMALE	NUMBER	Female	Number																								
2018.Q2.G.01	SG_GEN_PARLN	Number of seats held by women in national parliaments (number)	336	12.45315803	41.90343751	VAT	Holy See	1	FEMALE	NUMBER	Female	Number																								
2018.Q2.G.01	SG_GEN_PARLN	Number of seats held by women in national parliaments (number)	340	-86.59974381	14.82243161	HND	Honduras	1	FEMALE	NUMBER	Female	Number	12	12	12	7	7	7	30	30	30	30	23	23	25	25	33	33	33	33	27	31.8	2018	27	Inter-Parliamentary Union (IPU), the database on Women in National Parliament, accessed February 1 of given year for annual data.	C
2018.Q2.G.01	SG_GEN_PARLN	Number of seats held by women in national parliaments (number)	344	114.0266445	22.41749934	HKG	China, Hong Kong Special Administrative Region	1	FEMALE	NUMBER	Female	Number																								
2018.Q2.G.01	SG_GEN_PARLN	Number of seats held by women in national parliaments (number)	348	19.41221519	47.1651448	HUN	Hungary	1	FEMALE	NUMBER	Female	Number	32	32	32	38	38	35	35	40	43	43	43	35	34	34	36	20	20	20	20	23.2	2018	20	Inter-Parliamentary Union (IPU), the database on Women in National Parliament, accessed February 1 of given year for annual data.	C
2018.Q2.G.01	SG_GEN_PARLN	Number of seats held by women in national parliaments (number)	352	-19.02116966	64.79134763	ISL	Iceland	1	FEMALE	NUMBER	Female	Number	22	22	22	22	19	19	21	21	21	21	27	27	25	25	25	26	26	30	24	26.2	2018	24	Inter-Parliamentary Union (IPU), the database on Women in National Parliament, accessed February 1 of given year for annual data.	C
2018.Q2.G.01	SG_GEN_PARLN	Number of seats held by women in national parliaments (number)	356	79.3608464	22.34642074	IND	India	1	FEMALE	NUMBER	Female	Number	49	49	48	48	48	45	45	45	49	49	59	59	60	60	62	65	65	64	64	64	2018	64	Inter-Parliamentary Union (IPU), the database on Women in National Parliament, accessed February 1 of given year for annual data.	C
2018.Q2.G.01	SG_GEN_PARLN	Number of seats held by women in national parliaments (number)	360	113.9174	-0.994582204	IDN	Indonesia	1	FEMALE	NUMBER	Female	Number	40	40	40	40	40	62	62	62	64	64	101	101	102	104	104	95	95	111	111	103.2	2018	111	Inter-Parliamentary Union (IPU), the database on Women in National Parliament, accessed February 1 of given year for annual data.	C
2018.Q2.G.01	SG_GEN_PARLN	Number of seats held by women in national parliaments (number)	364	54.19766348	32.74370885	IRN	Iran (Islamic Republic of)	1	FEMALE	NUMBER	Female	Number	13	10	10	12	12	12	12	12	12	8	8	8	8	9	9	9	9	17	17	12.2	2018	17	Inter-Parliamentary Union (IPU), the database on Women in National Parliament, accessed February 1 of given year for annual data.	C
2018.Q2.G.01	SG_GEN_PARLN	Number of seats held by women in national parliaments (number)	368	43.76606267	33.05013795	IRQ	Iraq	1	FEMALE	NUMBER	Female	Number	16	19	19	19			70	70	70	70	70	82	82	82	82	87	87	83	83	84.4	2018	83	Inter-Parliamentary Union (IPU), the database on Women in National Parliament, accessed February 1 of given year for annual data.	C
2018.Q2.G.01	SG_GEN_PARLN	Number of seats held by women in national parliaments (number)	372	-7.121425272	53.25274054	IRL	Ireland	1	FEMALE	NUMBER	Female	Number	20	20	20	22	22	22	22	22	22	22	23	23	25	25	26	27	27	35	35	30	2018	35	Inter-Parliamentary Union (IPU), the database on Women in National Parliament, accessed February 1 of given year for annual data.	C
2018.Q2.G.01	SG_GEN_PARLN	Number of seats held by women in national parliaments (number)	376	34.62277992	31.06164552	ISR	Israel	1	FEMALE	NUMBER	Female	Number	14	15	16	18	18	18	18	17	17	17	23	23	24	26	27	27	32	33	33	30.4	2018	33	Inter-Parliamentary Union (IPU), the database on Women in National Parliament, accessed February 1 of given year for annual data.	C
2018.Q2.G.01	SG_GEN_PARLN	Number of seats held by women in national parliaments (number)	380	12.57022427	42.79917282	ITA	Italy	1	FEMALE	NUMBER	Female	Number	70	70	62	71	71	71	71	109	109	134	134	134	136	135	198	195	195	195	195	195.6	2018	195	Inter-Parliamentary Union (IPU), the database on Women in National Parliament, accessed February 1 of given year for annual data.	C
2018.Q2.G.01	SG_GEN_PARLN	Number of seats held by women in national parliaments (number)	384	-5.552690016	7.62211586	CIV	Côte d'Ivoire	1	FEMALE	NUMBER	Female	Number	19	19	19	19	19	19	19	19	18	18	18	18	28	26	24	23	23	29	27	25.2	2018	27	Inter-Parliamentary Union (IPU), the database on Women in National Parliament, accessed February 1 of given year for annual data.	C
2018.Q2.G.01	SG_GEN_PARLN	Number of seats held by women in national parliaments (number)	388	-77.31068409	18.15616857	JAM	Jamaica	1	FEMALE	NUMBER	Female	Number	8	8	8	7	7	7	7	7	8	8	8	8	8	8	8	8	8	11	11	9.2	2018	11	Inter-Parliamentary Union (IPU), the database on Women in National Parliament, accessed February 1 of given year for annual data.	C
2018.Q2.G.01	SG_GEN_PARLN	Number of seats held by women in national parliaments (number)	392	139.2716103	36.6554539	JPN	Japan	1	FEMALE	NUMBER	Female	Number	23	35	35	35	34	34	43	45	45	45	54	54	52	38	39	45	45	44	47	44	2018	47	Inter-Parliamentary Union (IPU), the database on Women in National Parliament, accessed February 1 of given year for annual data.	C
2018.Q2.G.01	SG_GEN_PARLN	Number of seats held by women in national parliaments (number)	398	66.65359159	48.01963494	KAZ	Kazakhstan	1	FEMALE	NUMBER	Female	Number	8	8	8	8	8	8	8	8	17	17	19	19	26	26	29	28	28	29	29	28.6	2018	29	Inter-Parliamentary Union (IPU), the database on Women in National Parliament, accessed February 1 of given year for annual data.	C
2018.Q2.G.01	SG_GEN_PARLN	Number of seats held by women in national parliaments (number)	400	37.13024774	30.65365973	JOR	Jordan	1	FEMALE	NUMBER	Female	Number	0	0	1	1	6	6	6	6	7	7	7	13	13	18	18	18	18	20	20	18.8	2018	20	Inter-Parliamentary Union (IPU), the database on Women in National Parliament, accessed February 1 of given year for annual data.	C
2018.Q2.G.01	SG_GEN_PARLN	Number of seats held by women in national parliaments (number)	404	37.86096816	0.534797278	KEN	Kenya	1	FEMALE	NUMBER	Female	Number	8	8	8	16	16	16	16	16	15	22	22	22	22	22	67	69	69	68	76	69.8	2018	76	Inter-Parliamentary Union (IPU), the database on Women in National Parliament, accessed February 1 of given year for annual data.	C
2018.Q2.G.01	SG_GEN_PARLN	Number of seats held by women in national parliaments (number)	408	127.1803633	40.1462645	PRK	Democratic People's Republic of Korea	1	FEMALE	NUMBER	Female	Number	138	138	138	138		138	138	138	138	138	107	107	107	107	107	112	112	112	112	111	2018	112	Inter-Parliamentary Union (IPU), the database on Women in National Parliament, accessed February 1 of given year for annual data.	C
2018.Q2.G.01	SG_GEN_PARLN	Number of seats held by women in national parliaments (number)	410	127.8610254	36.45201023	KOR	Republic of Korea	1	FEMALE	NUMBER	Female	Number	11	16	16	16	15	39	40	40	43	41	44	44	44	47	47	49	49	51	51	49.4	2018	51	Inter-Parliamentary Union (IPU), the database on Women in National Parliament, accessed February 1 of given year for annual data.	C
2018.Q2.G.01	SG_GEN_PARLN	Number of seats held by women in national parliaments (number)	414	47.49305029	29.53949468	KWT	Kuwait	1	FEMALE	NUMBER	Female	Number	0	0	0	0	0	0	1	1	1	2	5	5	5	4	3	1	1	2	2	1.8	2018	2	Inter-Parliamentary Union (IPU), the database on Women in National Parliament, accessed February 1 of given year for annual data.	C
2018.Q2.G.01	SG_GEN_PARLN	Number of seats held by women in national parliaments (number)	417	74.52324839	41.46204516	KGZ	Kyrgyzstan	1	FEMALE	NUMBER	Female	Number	1	1	6	6	6	6	0	0	23	23	23	28	28	28	28	28	23	23	23	25	2018	23	Inter-Parliamentary Union (IPU), the database on Women in National Parliament, accessed February 1 of given year for annual data.	C
2018.Q2.G.01	SG_GEN_PARLN	Number of seats held by women in national parliaments (number)	418	101.9901968	20.27482773	LAO	Lao People's Democratic Republic	1	FEMALE	NUMBER	Female	Number	21	21	21	25	25	25	25	29	29	29	29	29	33	33	33	33	33	41	41	36.2	2018	41	Inter-Parliamentary Union (IPU), the database on Women in National Parliament, accessed February 1 of given year for annual data.	C
2018.Q2.G.01	SG_GEN_PARLN	Number of seats held by women in national parliaments (number)	422	35.89391711	33.92152458	LBN	Lebanon	1	FEMALE	NUMBER	Female	Number	3	3	3	3	3	3	6	6	6	6	4	4	4	4	4	4	4	4	4	4	2018	4	Inter-Parliamentary Union (IPU), the database on Women in National Parliament, accessed February 1 of given year for annual data.	C
2018.Q2.G.01	SG_GEN_PARLN	Number of seats held by women in national parliaments (number)	426	28.25362195	-29.58041814	LSO	Lesotho	1	FEMALE	NUMBER	Female	Number	3	3	3	14	14	14	14	14	30	30	29	29	29	32	32	32	30	30	27	30.2	2018	27	Inter-Parliamentary Union (IPU), the database on Women in National Parliament, accessed February 1 of given year for annual data.	C
2018.Q2.G.01	SG_GEN_PARLN	Number of seats held by women in national parliaments (number)	428	26.42461876	56.64196636	LVA	Latvia	1	FEMALE	NUMBER	Female	Number	17	17	17	21	21	21	21	19	20	20	22	20	23	23	25	18	18	16	16	18.6	2018	16	Inter-Parliamentary Union (IPU), the database on Women in National Parliament, accessed February 1 of given year for annual data.	C
2018.Q2.G.01	SG_GEN_PARLN	Number of seats held by women in national parliaments (number)	430	-9.311879038	6.448381009	LBR	Liberia	1	FEMALE	NUMBER	Female	Number	5	5	5	5	5	4	8	8	8	8	8	8	7	8	8	8	8	9	7	8	2018	7	Inter-Parliamentary Union (IPU), the database on Women in National Parliament, accessed February 1 of given year for annual data.	C
2018.Q2.G.01	SG_GEN_PARLN	Number of seats held by women in national parliaments (number)	434	18.0295985	27.04042819	LBY	Libya	1	FEMALE	NUMBER	Female	Number							36	36	36	36	36	36	36	33	33	30	30	30	30	30.6	2018	30	Inter-Parliamentary Union (IPU), the database on Women in National Parliament, accessed February 1 of given year for annual data.	C
2018.Q2.G.01	SG_GEN_PARLN	Number of seats held by women in national parliaments (number)	438	9.552985019	47.14167005	LIE	Liechtenstein	1	FEMALE	NUMBER	Female	Number	1	1	3	3	3	3	6	6	6	6	6	6	6	6	5	5	5	3	3	4.2	2018	3	Inter-Parliamentary Union (IPU), the database on Women in National Parliament, accessed February 1 of given year for annual data.	C
2018.Q2.G.01	SG_GEN_PARLN	Number of seats held by women in national parliaments (number)	440	23.90517807	55.33680309	LTU	Lithuania	1	FEMALE	NUMBER	Female	Number	24	15	15	15	15	31	31	35	32	25	27	27	27	34	34	33	33	30	30	32	2018	30	Inter-Parliamentary Union (IPU), the database on Women in National Parliament, accessed February 1 of given year for annual data.	C
2018.Q2.G.01	SG_GEN_PARLN	Number of seats held by women in national parliaments (number)	442	6.092656563	49.77679538	LUX	Luxembourg	1	FEMALE	NUMBER	Female	Number	10	10	10	10	10	14	14	14	14	14	12	12	15	13	17	17	17	17	17	17	2018	17	Inter-Parliamentary Union (IPU), the database on Women in National Parliament, accessed February 1 of given year for annual data.	C
2018.Q2.G.01	SG_GEN_PARLN	Number of seats held by women in national parliaments (number)	446	113.5665388	22.1237259	MAC	China, Macao Special Administrative Region	1	FEMALE	NUMBER	Female	Number																								
2018.Q2.G.01	SG_GEN_PARLN	Number of seats held by women in national parliaments (number)	450	46.6982339	-19.38514785	MDG	Madagascar	1	FEMALE	NUMBER	Female	Number	12	12	12	6	6	11	11	11	10	10		32	64	64	34	31	31	29	29	30.8	2018	29	Inter-Parliamentary Union (IPU), the database on Women in National Parliament, accessed February 1 of given year for annual data.	C
2018.Q2.G.01	SG_GEN_PARLN	Number of seats held by women in national parliaments (number)	454	33.4884625	-13.40819859	MWI	Malawi	1	FEMALE	NUMBER	Female	Number	16	18	18	18	18	27	26	26	25	25	40	40	43	43	43	32	32	32	32	34.2	2018	32	Inter-Parliamentary Union (IPU), the database on Women in National Parliament, accessed February 1 of given year for annual data.	C
2018.Q2.G.01	SG_GEN_PARLN	Number of seats held by women in national parliaments (number)	458	116.8346314	5.452415309	MYS	Malaysia	1	FEMALE	NUMBER	Female	Number	14	20	20	20	20	20	20	20	22	24	22	22	23	23	23	23	23	23	23	23	2018	23	Inter-Parliamentary Union (IPU), the database on Women in National Parliament, accessed February 1 of given year for annual data.	C
2018.Q2.G.01	SG_GEN_PARLN	Number of seats held by women in national parliaments (number)	462	73.09672546	-0.614385021	MDV	Maldives	1	FEMALE	NUMBER	Female	Number	3	3	3	3	3	6	6	6	6	6	5	5	5	5	5	5	5	5	5	5	2018	5	Inter-Parliamentary Union (IPU), the database on Women in National Parliament, accessed February 1 of given year for annual data.	C
2018.Q2.G.01	SG_GEN_PARLN	Number of seats held by women in national parliaments (number)	466	-3.522016039	17.35311254	MLI	Mali	1	FEMALE	NUMBER	Female	Number	18	18	18	15	15	15	15	15	15	15	15	15	15	15	14	14	13	13	13	13.4	2018	13	Inter-Parliamentary Union (IPU), the database on Women in National Parliament, accessed February 1 of given year for annual data.	C
2018.Q2.G.01	SG_GEN_PARLN	Number of seats held by women in national parliaments (number)	470	14.44617519	35.89194275	MLT	Malta	1	FEMALE	NUMBER	Female	Number	6	6	6	6	6	6	6	6	6	6	6	6	6	6	10	9	9	9	8	9	2018	8	Inter-Parliamentary Union (IPU), the database on Women in National Parliament, accessed February 1 of given year for annual data.	C
2018.Q2.G.01	SG_GEN_PARLN	Number of seats held by women in national parliaments (number)	474	-60.91544135	14.56086108	MTQ	Martinique	1	FEMALE	NUMBER	Female	Number																								
2018.Q2.G.01	SG_GEN_PARLN	Number of seats held by women in national parliaments (number)	478	-10.33187259	20.26089546	MRT	Mauritania	1	FEMALE	NUMBER	Female	Number	3	3	3	3	3	3		17	21	21	21	21	21	21	37	37	37	37	37	37	2018	37	Inter-Parliamentary Union (IPU), the database on Women in National Parliament, accessed February 1 of given year for annual data.	C
2018.Q2.G.01	SG_GEN_PARLN	Number of seats held by women in national parliaments (number)	480	57.568022	-20.28581998	MUS	Mauritius	1	FEMALE	NUMBER	Female	Number	5	4	4	4	4	4	12	12	12	12	12	13	13	13	13	8	8	8	8	9	2018	8	Inter-Parliamentary Union (IPU), the database on Women in National Parliament, accessed February 1 of given year for annual data.	C
2018.Q2.G.01	SG_GEN_PARLN	Number of seats held by women in national parliaments (number)	484	-102.5148166	23.93378032	MEX	Mexico	1	FEMALE	NUMBER	Female	Number	91	80	80	80	113	113	121	113	116	116	138	131	131	184	187	190	211	213	213	202.8	2018	213	Inter-Parliamentary Union (IPU), the database on Women in National Parliament, accessed February 1 of given year for annual data.	C
2018.Q2.G.01	SG_GEN_PARLN	Number of seats held by women in national parliaments (number)	492	7.424214814	43.73532918	MCO	Monaco	1	FEMALE	NUMBER	Female	Number	4	4	4	4	5	5	5	5	5	6	6	6	4	4	5	5	5	5	5	5	2018	5	Inter-Parliamentary Union (IPU), the database on Women in National Parliament, accessed February 1 of given year for annual data.	C
2018.Q2.G.01	SG_GEN_PARLN	Number of seats held by women in national parliaments (number)	496	103.0728057	46.83892054	MNG	Mongolia	1	FEMALE	NUMBER	Female	Number	6	8	8	8	8	5	5	5	5	3	3	3	3	11	11	11	11	13	13	11.8	2018	13	Inter-Parliamentary Union (IPU), the database on Women in National Parliament, accessed February 1 of given year for annual data.	C
2018.Q2.G.01	SG_GEN_PARLN	Number of seats held by women in national parliaments (number)	498	28.4650624	47.20236795	MDA	Republic of Moldova	1	FEMALE	NUMBER	Female	Number	9	8	13	13	13	16	22	22	22	22	24	19	20	20	19	21	22	23	23	21.6	2018	23	Inter-Parliamentary Union (IPU), the database on Women in National Parliament, accessed February 1 of given year for annual data.	C
2018.Q2.G.01	SG_GEN_PARLN	Number of seats held by women in national parliaments (number)	499	19.25214024	42.78717043	MNE	Montenegro	1	FEMALE	NUMBER	Female	Number								7	9	9	9	9	10	14	12	14	14	19	19	15.6	2018	19	Inter-Parliamentary Union (IPU), the database on Women in National Parliament, accessed February 1 of given year for annual data.	C
2018.Q2.G.01	SG_GEN_PARLN	Number of seats held by women in national parliaments (number)	500	-62.19261223	16.73558313	MSR	Montserrat	1	FEMALE	NUMBER	Female	Number																								
2018.Q2.G.01	SG_GEN_PARLN	Number of seats held by women in national parliaments (number)	504	-6.281942841	31.8440131	MAR	Morocco	1	FEMALE	NUMBER	Female	Number	2	2	2	35	35	35	35	35	34	34	34	34	67	67	67	67	67	81	81	72.6	2018	81	Inter-Parliamentary Union (IPU), the database on Women in National Parliament, accessed February 1 of given year for annual data.	C
2018.Q2.G.01	SG_GEN_PARLN	Number of seats held by women in national parliaments (number)	508	38.18479941	-14.27963886	MOZ	Mozambique	1	FEMALE	NUMBER	Female	Number	75	75	75	75	75	87	87	87	87	87	98	98	98	98	98	99	99	99	99	98.8	2018	99	Inter-Parliamentary Union (IPU), the database on Women in National Parliament, accessed February 1 of given year for annual data.	C
2018.Q2.G.01	SG_GEN_PARLN	Number of seats held by women in national parliaments (number)	512	57.87743482	21.98805614	OMN	Oman	1	FEMALE	NUMBER	Female	Number						2	2	2	0	0	0	0	1	1	1	1	1	1	1	1	2018	1	Inter-Parliamentary Union (IPU), the database on Women in National Parliament, accessed February 1 of given year for annual data.	C
2018.Q2.G.01	SG_GEN_PARLN	Number of seats held by women in national parliaments (number)	516	17.21907885	-22.13817068	NAM	Namibia	1	FEMALE	NUMBER	Female	Number	16	18	18	19	19	18	21	21	21	21	18	19	19	19	20	43	43	43	48	39.4	2018	48	Inter-Parliamentary Union (IPU), the database on Women in National Parliament, accessed February 1 of given year for annual data.	C
2018.Q2.G.01	SG_GEN_PARLN	Number of seats held by women in national parliaments (number)	520	166.92313	-0.528742623	NRU	Nauru	1	FEMALE	NUMBER	Female	Number	0	0	0	0	0	0	0	0	0	0	0	0	0	0	1	1	1	2	2	1.4	2018	2	Inter-Parliamentary Union (IPU), the database on Women in National Parliament, accessed February 1 of given year for annual data.	C
2018.Q2.G.01	SG_GEN_PARLN	Number of seats held by women in national parliaments (number)	524	83.94678863	28.25866332	NPL	Nepal	1	FEMALE	NUMBER	Female	Number	12	12	12					57	57	197	197	197	197	197	172	176	177	176	6	141.4	2018	6	Inter-Parliamentary Union (IPU), the database on Women in National Parliament, accessed February 1 of given year for annual data.	C
2018.Q2.G.01	SG_GEN_PARLN	Number of seats held by women in national parliaments (number)	528	5.331480568	51.86728884	NLD	Netherlands	1	FEMALE	NUMBER	Female	Number	54	54	54	55	55	55	55	55	59	62	63	61	61	58	58	56	56	57	54	56.2	2018	54	Inter-Parliamentary Union (IPU), the database on Women in National Parliament, accessed February 1 of given year for annual data.	C
2018.Q2.G.01	SG_GEN_PARLN	Number of seats held by women in national parliaments (number)	530	-68.30676179	12.22720635	ANT	Netherlands Antilles	1	FEMALE	NUMBER	Female	Number																								
2018.Q2.G.01	SG_GEN_PARLN	Number of seats held by women in national parliaments (number)	531	-68.95033464	12.15058042	CUW	Curaçao	1	FEMALE	NUMBER	Female	Number																								
2018.Q2.G.01	SG_GEN_PARLN	Number of seats held by women in national parliaments (number)	533	-69.97050586	12.50878756	ABW	Aruba	1	FEMALE	NUMBER	Female	Number																								
2018.Q2.G.01	SG_GEN_PARLN	Number of seats held by women in national parliaments (number)	534	-63.06198692	18.03926508	SXM	Sint Maarten (Dutch part)	1	FEMALE	NUMBER	Female	Number																								
2018.Q2.G.01	SG_GEN_PARLN	Number of seats held by women in national parliaments (number)	540	165.5067368	-21.41742531	NCL	New Caledonia	1	FEMALE	NUMBER	Female	Number																								
2018.Q2.G.01	SG_GEN_PARLN	Number of seats held by women in national parliaments (number)	548	167.0679779	-15.34445547	VUT	Vanuatu	1	FEMALE	NUMBER	Female	Number	0	0	0	1	1	2	2	2	2	2	2	2	1	0	0	0	0	0	0	0	2018	0	Inter-Parliamentary Union (IPU), the database on Women in National Parliament, accessed February 1 of given year for annual data.	C
2018.Q2.G.01	SG_GEN_PARLN	Number of seats held by women in national parliaments (number)	554	170.4755673	-43.98721568	NZL	New Zealand	1	FEMALE	NUMBER	Female	Number	35	37	37	35	34	34	39	39	40	41	41	41	39	39	41	38	38	41	46	40.8	2018	46	Inter-Parliamentary Union (IPU), the database on Women in National Parliament, accessed February 1 of given year for annual data.	C
2018.Q2.G.01	SG_GEN_PARLN	Number of seats held by women in national parliaments (number)	558	-85.03060315	12.84210839	NIC	Nicaragua	1	FEMALE	NUMBER	Female	Number	9	9	19	19	19	19	19	17	17	17	19	19	37	37	37	36	38	42	42	39	2018	42	Inter-Parliamentary Union (IPU), the database on Women in National Parliament, accessed February 1 of given year for annual data.	C
2018.Q2.G.01	SG_GEN_PARLN	Number of seats held by women in national parliaments (number)	562	9.400167877	17.42143036	NER	Niger	1	FEMALE	NUMBER	Female	Number	1	1	1	1	1	14	14	14	14	14	11		15	15	15	15	15	29	29	20.6	2018	29	Inter-Parliamentary Union (IPU), the database on Women in National Parliament, accessed February 1 of given year for annual data.	C
2018.Q2.G.01	SG_GEN_PARLN	Number of seats held by women in national parliaments (number)	566	8.097363256	9.585789025	NGA	Nigeria	1	FEMALE	NUMBER	Female	Number		12	12	12	24	17	23	22	25	25	25	25	24	24	24	24	20	20	20	21.6	2018	20	Inter-Parliamentary Union (IPU), the database on Women in National Parliament, accessed February 1 of given year for annual data.	C
2018.Q2.G.01	SG_GEN_PARLN	Number of seats held by women in national parliaments (number)	570	-169.8601693	-19.05000475	NIU	Niue	1	FEMALE	NUMBER	Female	Number																								
2018.Q2.G.01	SG_GEN_PARLN	Number of seats held by women in national parliaments (number)	574	167.9515548	-29.03230018	NFK	Norfolk Island	1	FEMALE	NUMBER	Female	Number																								
2018.Q2.G.01	SG_GEN_PARLN	Number of seats held by women in national parliaments (number)	578	11.47846389	61.34311134	NOR	Norway	1	FEMALE	NUMBER	Female	Number	60	60	59	60	60	63	64	64	61	61	67	67	67	67	67	67	67	67	70	67.6	2018	70	Inter-Parliamentary Union (IPU), the database on Women in National Parliament, accessed February 1 of given year for annual data.	C
2018.Q2.G.01	SG_GEN_PARLN	Number of seats held by women in national parliaments (number)	580	145.7582114	15.19099517	MNP	Northern Mariana Islands	1	FEMALE	NUMBER	Female	Number																								
2018.Q2.G.01	SG_GEN_PARLN	Number of seats held by women in national parliaments (number)	581	-162.4343752	5.874443968	UMI	US Minor Outlying Islands	1	FEMALE	NUMBER	Female	Number																								
2018.Q2.G.01	SG_GEN_PARLN	Number of seats held by women in national parliaments (number)	583	158.225216	6.880670092	FSM	Micronesia, Federated States of	1	FEMALE	NUMBER	Female	Number	0	0	0	0	0	0	0	0	0	0	0	0	0	0	0	0	0	0	0	0	2018	0	Inter-Parliamentary Union (IPU), the database on Women in National Parliament, accessed February 1 of given year for annual data.	C
2018.Q2.G.01	SG_GEN_PARLN	Number of seats held by women in national parliaments (number)	584	171.0839119	7.110213497	MHL	Marshall Islands	1	FEMALE	NUMBER	Female	Number	1	1	1	1	1	1	1	1	1	1	1	1	1	1	1	1	3	3	3	2.2	2018	3	Inter-Parliamentary Union (IPU), the database on Women in National Parliament, accessed February 1 of given year for annual data.	C
2018.Q2.G.01	SG_GEN_PARLN	Number of seats held by women in national parliaments (number)	585	134.5733878	7.502307591	PLW	Palau	1	FEMALE	NUMBER	Female	Number	0	0	0	0	0	0	0	0	0	0	0	0	0	0	0	0	0	2	2	0.8	2018	2	Inter-Parliamentary Union (IPU), the database on Women in National Parliament, accessed February 1 of given year for annual data.	C
2018.Q2.G.01	SG_GEN_PARLN	Number of seats held by women in national parliaments (number)	586	68.80479684	29.36491634	PAK	Pakistan	1	FEMALE	NUMBER	Female	Number				74	74	73	73	73	72	76	76	76	77	77	67	67	70	70	70	68.8	2018	70	Inter-Parliamentary Union (IPU), the database on Women in National Parliament, accessed February 1 of given year for annual data.	C
2018.Q2.G.01	SG_GEN_PARLN	Number of seats held by women in national parliaments (number)	591	-81.26616623	8.450965746	PAN	Panama	1	FEMALE	NUMBER	Female	Number	7	7	7	7	7	13	13	13	13	13	6	6	6	6	6	11	13	13	13	11.2	2018	13	Inter-Parliamentary Union (IPU), the database on Women in National Parliament, accessed February 1 of given year for annual data.	C
2018.Q2.G.01	SG_GEN_PARLN	Number of seats held by women in national parliaments (number)	598	145.8587761	-6.756057077	PNG	Papua New Guinea	1	FEMALE	NUMBER	Female	Number	2	2	2	1	1	1	1	1	1	1	1	1	1	3	3	3	3	3	0	2.4	2018	0	Inter-Parliamentary Union (IPU), the database on Women in National Parliament, accessed February 1 of given year for annual data.	C
2018.Q2.G.01	SG_GEN_PARLN	Number of seats held by women in national parliaments (number)	600	-60.54854225	-21.70216237	PRY	Paraguay	1	FEMALE	NUMBER	Female	Number	2	2	2	2	8	8	8	8	8	10	10	10	10	10	12	12	12	11	11	11.6	2018	11	Inter-Parliamentary Union (IPU), the database on Women in National Parliament, accessed February 1 of given year for annual data.	C
2018.Q2.G.01	SG_GEN_PARLN	Number of seats held by women in national parliaments (number)	604	-71.82093277	-13.58939705	PER	Peru	1	FEMALE	NUMBER	Female	Number	13	24	22	22	22	22	22	35	35	35	33	33	28	28	29	29	29	36	36	31.8	2018	36	Inter-Parliamentary Union (IPU), the database on Women in National Parliament, accessed February 1 of given year for annual data.	C
2018.Q2.G.01	SG_GEN_PARLN	Number of seats held by women in national parliaments (number)	608	120.8601418	14.16591706	PHL	Philippines	1	FEMALE	NUMBER	Female	Number	27	25	38	38	38	36	37	36	49	49	56	62	65	65	79	79	79	86	86	81.8	2018	86	Inter-Parliamentary Union (IPU), the database on Women in National Parliament, accessed February 1 of given year for annual data.	C
2018.Q2.G.01	SG_GEN_PARLN	Number of seats held by women in national parliaments (number)	612	-128.3225873	-24.37538456	PCN	Pitcairn	1	FEMALE	NUMBER	Female	Number																								
2018.Q2.G.01	SG_GEN_PARLN	Number of seats held by women in national parliaments (number)	616	19.40660158	52.1226733	POL	Poland	1	FEMALE	NUMBER	Female	Number	60	60	93	93	93	93	94	94	94	93	92	92	109	109	112	111	126	129	129	121.4	2018	129	Inter-Parliamentary Union (IPU), the database on Women in National Parliament, accessed February 1 of given year for annual data.	C
2018.Q2.G.01	SG_GEN_PARLN	Number of seats held by women in national parliaments (number)	620	-7.961599811	39.68509315	PRT	Portugal	1	FEMALE	NUMBER	Female	Number	43	40	43	44	44	44	49	49	65	65	63	63	66	66	72	72	80	80	80	76.8	2018	80	Inter-Parliamentary Union (IPU), the database on Women in National Parliament, accessed February 1 of given year for annual data.	C
2018.Q2.G.01	SG_GEN_PARLN	Number of seats held by women in national parliaments (number)	624	-14.40182514	12.11760394	GNB	Guinea-Bissau	1	FEMALE	NUMBER	Female	Number	8	8	8	8		14	14	14	14	10	10	10	10	14	11	14	14	14	14	13.4	2018	14	Inter-Parliamentary Union (IPU), the database on Women in National Parliament, accessed February 1 of given year for annual data.	C
2018.Q2.G.01	SG_GEN_PARLN	Number of seats held by women in national parliaments (number)	626	125.9451052	-8.797497247	TLS	Timor-Leste	1	FEMALE	NUMBER	Female	Number				23	23	22	22	22	19	19	19	19	21	25	25	25	25	25	21	24.2	2018	21	Inter-Parliamentary Union (IPU), the database on Women in National Parliament, accessed February 1 of given year for annual data.	C
2018.Q2.G.01	SG_GEN_PARLN	Number of seats held by women in national parliaments (number)	630	-66.47591017	18.22753799	PRI	Puerto Rico	1	FEMALE	NUMBER	Female	Number																								
2018.Q2.G.01	SG_GEN_PARLN	Number of seats held by women in national parliaments (number)	634	51.19152467	25.28355379	QAT	Qatar	1	FEMALE	NUMBER	Female	Number							0	0	0	0	0	0	0	0	0	0	0	0	4	0.8	2018	4	Inter-Parliamentary Union (IPU), the database on Women in National Parliament, accessed February 1 of given year for annual data.	C
2018.Q2.G.01	SG_GEN_PARLN	Number of seats held by women in national parliaments (number)	638	55.53171398	-21.13183266	REU	Réunion	1	FEMALE	NUMBER	Female	Number																								
2018.Q2.G.01	SG_GEN_PARLN	Number of seats held by women in national parliaments (number)	642	24.98481009	45.83893563	ROU	Romania	1	FEMALE	NUMBER	Female	Number	25	37	37	37	37	38	37	37	31	38	38	38	37	55	55	55	55	68	68	60.2	2018	68	Inter-Parliamentary Union (IPU), the database on Women in National Parliament, accessed February 1 of given year for annual data.	C
2018.Q2.G.01	SG_GEN_PARLN	Number of seats held by women in national parliaments (number)	643	99.01404926	61.61899849	RUS	Russian Federation	1	FEMALE	NUMBER	Female	Number	34	34	34	34	44	44	44	44	63	63	63	63	61	61	61	61	61	71	71	65	2018	71	Inter-Parliamentary Union (IPU), the database on Women in National Parliament, accessed February 1 of given year for annual data.	C
2018.Q2.G.01	SG_GEN_PARLN	Number of seats held by women in national parliaments (number)	646	29.92310194	-1.999842114	RWA	Rwanda	1	FEMALE	NUMBER	Female	Number	12	18	19	19	39	39	39	39	39	45	45	45	45	45	51	51	51	49	49	50.2	2018	49	Inter-Parliamentary Union (IPU), the database on Women in National Parliament, accessed February 1 of given year for annual data.	C
2018.Q2.G.01	SG_GEN_PARLN	Number of seats held by women in national parliaments (number)	652	-62.83173536	17.89513362	BLM	Saint Barthélemy	1	FEMALE	NUMBER	Female	Number																								
2018.Q2.G.01	SG_GEN_PARLN	Number of seats held by women in national parliaments (number)	654	-5.705752501	-15.96503946	SHN	Saint Helena	1	FEMALE	NUMBER	Female	Number																								
2018.Q2.G.01	SG_GEN_PARLN	Number of seats held by women in national parliaments (number)	659	-62.76628613	17.33994219	KNA	Saint Kitts and Nevis	1	FEMALE	NUMBER	Female	Number	2	2	2	2	2	0	0	0	1	1	1	1	1	1	1	1	2	2	2	1.6	2018	2	Inter-Parliamentary Union (IPU), the database on Women in National Parliament, accessed February 1 of given year for annual data.	C
2018.Q2.G.01	SG_GEN_PARLN	Number of seats held by women in national parliaments (number)	660	-63.05651612	18.21525315	AIA	Anguilla	1	FEMALE	NUMBER	Female	Number																								
2018.Q2.G.01	SG_GEN_PARLN	Number of seats held by women in national parliaments (number)	662	-60.96529553	13.89405601	LCA	Saint Lucia	1	FEMALE	NUMBER	Female	Number	2	2	2	2	2	2	2	1	2	2	2	2	3	3	3	3	3	3	3	3	2018	3	Inter-Parliamentary Union (IPU), the database on Women in National Parliament, accessed February 1 of given year for annual data.	C
2018.Q2.G.01	SG_GEN_PARLN	Number of seats held by women in national parliaments (number)	663	-63.04505461	18.0882685	MAF	Saint Martin (French Part)	1	FEMALE	NUMBER	Female	Number																								
2018.Q2.G.01	SG_GEN_PARLN	Number of seats held by women in national parliaments (number)	666	-56.33682442	46.85812735	SPM	Saint Pierre and Miquelon	1	FEMALE	NUMBER	Female	Number																								
2018.Q2.G.01	SG_GEN_PARLN	Number of seats held by women in national parliaments (number)	670	-61.19024321	13.24627968	VCT	Saint Vincent and the Grenadines	1	FEMALE	NUMBER	Female	Number	1	1	5	5	5	5	4	4	4	4	5	3	4	4	3	3	3	3	3	3	2018	3	Inter-Parliamentary Union (IPU), the database on Women in National Parliament, accessed February 1 of given year for annual data.	C
2018.Q2.G.01	SG_GEN_PARLN	Number of seats held by women in national parliaments (number)	674	12.46329038	43.93841766	SMR	San Marino	1	FEMALE	NUMBER	Female	Number	8	8	10	10	10	10	10	7	7	9	10	10	11	10	11	10	10	16	16	12.6	2018	16	Inter-Parliamentary Union (IPU), the database on Women in National Parliament, accessed February 1 of given year for annual data.	C
2018.Q2.G.01	SG_GEN_PARLN	Number of seats held by women in national parliaments (number)	678	6.609772265	0.241554875	STP	Sao Tome and Principe	1	FEMALE	NUMBER	Female	Number	5	5	5	5	5	5	5	4	1	4	4	10	10	10	10	10	10	10	10	10	2018	10	Inter-Parliamentary Union (IPU), the database on Women in National Parliament, accessed February 1 of given year for annual data.	C
2018.Q2.G.01	SG_GEN_PARLN	Number of seats held by women in national parliaments (number)	682	44.54763347	24.12594211	SAU	Saudi Arabia	1	FEMALE	NUMBER	Female	Number					0	0	0	0	0	0	0	0	0	30	30	30	30	30	30	30	2018	30	Inter-Parliamentary Union (IPU), the database on Women in National Parliament, accessed February 1 of given year for annual data.	C
2018.Q2.G.01	SG_GEN_PARLN	Number of seats held by women in national parliaments (number)	686	-14.46636926	14.35920905	SEN	Senegal	1	FEMALE	NUMBER	Female	Number	17	17	20	23	23	23	23	23	33	33	34	34	34	64	65	64	64	64	69	65.2	2018	69	Inter-Parliamentary Union (IPU), the database on Women in National Parliament, accessed February 1 of given year for annual data.	C
2018.Q2.G.01	SG_GEN_PARLN	Number of seats held by women in national parliaments (number)	688	20.805876	44.03145697	SRB	Serbia	1	FEMALE	NUMBER	Female	Number								51	51	54	54	54	55	83	84	85	85	86	86	85.2	2018	86	Inter-Parliamentary Union (IPU), the database on Women in National Parliament, accessed February 1 of given year for annual data.	C
2018.Q2.G.01	SG_GEN_PARLN	Number of seats held by women in national parliaments (number)	690	55.46561591	-4.678053059	SYC	Seychelles	1	FEMALE	NUMBER	Female	Number	8	8	8	10	10	10	10	10	8	8	8	8	14	14	14	14	14	7	7	11.2	2018	7	Inter-Parliamentary Union (IPU), the database on Women in National Parliament, accessed February 1 of given year for annual data.	C
2018.Q2.G.01	SG_GEN_PARLN	Number of seats held by women in national parliaments (number)	694	-11.78306584	8.568604164	SLE	Sierra Leone	1	FEMALE	NUMBER	Female	Number	7	7	7	18	18	18	18	18	16	16	16	16	16	15	15	15	15	15	15	15	2018	15	Inter-Parliamentary Union (IPU), the database on Women in National Parliament, accessed February 1 of given year for annual data.	C
2018.Q2.G.01	SG_GEN_PARLN	Number of seats held by women in national parliaments (number)	702	103.8107883	1.361009155	SGP	Singapore	1	FEMALE	NUMBER	Female	Number	4	6	10	10	15	15	15	23	23	23	22	22	20	24	25	25	21	24	23	23.6	2018	23	Inter-Parliamentary Union (IPU), the database on Women in National Parliament, accessed February 1 of given year for annual data.	C
2018.Q2.G.01	SG_GEN_PARLN	Number of seats held by women in national parliaments (number)	703	19.48495604	48.70741446	SVK	Slovakia	1	FEMALE	NUMBER	Female	Number	19	21	21	29	29	25	25	30	29	29	27	23	24	28	28	28	28	30	30	28.8	2018	30	Inter-Parliamentary Union (IPU), the database on Women in National Parliament, accessed February 1 of given year for annual data.	C
2018.Q2.G.01	SG_GEN_PARLN	Number of seats held by women in national parliaments (number)	704	105.802499	10.09643079	VNM	Viet Nam	1	FEMALE	NUMBER	Female	Number	117	117	117	136	136	136	136	136	127	127	127	127	122	122	121	121	121	132	132	125.4	2018	132	Inter-Parliamentary Union (IPU), the database on Women in National Parliament, accessed February 1 of given year for annual data.	C
2018.Q2.G.01	SG_GEN_PARLN	Number of seats held by women in national parliaments (number)	705	14.82209486	46.11958061	SVN	Slovenia	1	FEMALE	NUMBER	Female	Number	7	11	11	11	11	11	11	11	11	12	13	13	29	29	30	33	33	33	33	32.4	2018	33	Inter-Parliamentary Union (IPU), the database on Women in National Parliament, accessed February 1 of given year for annual data.	C
2018.Q2.G.01	SG_GEN_PARLN	Number of seats held by women in national parliaments (number)	706	46.20367477	4.406485729	SOM	Somalia	1	FEMALE	NUMBER	Female	Number							22	21	21		37	37	37	38	38	38	38	64	67	49	2018	67	Inter-Parliamentary Union (IPU), the database on Women in National Parliament, accessed February 1 of given year for annual data.	C
2018.Q2.G.01	SG_GEN_PARLN	Number of seats held by women in national parliaments (number)	710	24.67184355	-29.99957544	ZAF	South Africa	1	FEMALE	NUMBER	Female	Number	120	119	119	119	119	131	131	131	132	132	178	178	169	169	179	166	168	167	167	169.4	2018	167	Inter-Parliamentary Union (IPU), the database on Women in National Parliament, accessed February 1 of given year for annual data.	C
2018.Q2.G.01	SG_GEN_PARLN	Number of seats held by women in national parliaments (number)	716	29.86909584	-19.00075492	ZWE	Zimbabwe	1	FEMALE	NUMBER	Female	Number	21	14	15	15	15	15	24	25	24	32	32	32	32	32	85	85	85	88	83	85.2	2018	83	Inter-Parliamentary Union (IPU), the database on Women in National Parliament, accessed February 1 of given year for annual data.	C
2018.Q2.G.01	SG_GEN_PARLN	Number of seats held by women in national parliaments (number)	724	-3.554078296	40.39211472	ESP	Spain	1	FEMALE	NUMBER	Female	Number	75	99	99	99	99	126	126	126	128	127	128	128	126	126	139	144	140	137	137	139.4	2018	137	Inter-Parliamentary Union (IPU), the database on Women in National Parliament, accessed February 1 of given year for annual data.	C
2018.Q2.G.01	SG_GEN_PARLN	Number of seats held by women in national parliaments (number)	728	30.32618773	7.290839152	SSD	South Sudan	1	FEMALE	NUMBER	Female	Number													88	88	88	88	88	109	109	96.4	2018	109	Inter-Parliamentary Union (IPU), the database on Women in National Parliament, accessed February 1 of given year for annual data.	C
2018.Q2.G.01	SG_GEN_PARLN	Number of seats held by women in national parliaments (number)	732	-13.13515523	24.66265342	ESH	Western Sahara	1	FEMALE	NUMBER	Female	Number																								
2018.Q2.G.01	SG_GEN_PARLN	Number of seats held by women in national parliaments (number)	736	29.95650159	16.02643066	SDN	Sudan	1	FEMALE	NUMBER	Female	Number	35	35	35	35	35	35	66	80	80	80	84	114									2011	114	Inter-Parliamentary Union (IPU), the database on Women in National Parliament, accessed February 1 of given year for annual data.	C
2018.Q2.G.01	SG_GEN_PARLN	Number of seats held by women in national parliaments (number)	740	-55.90626394	4.132603197	SUR	Suriname	1	FEMALE	NUMBER	Female	Number	8	0	9	9	9	10	13	13	13	13	13	5	6	6	6	6	13	13	13	10.2	2018	13	Inter-Parliamentary Union (IPU), the database on Women in National Parliament, accessed February 1 of given year for annual data.	C
2018.Q2.G.01	SG_GEN_PARLN	Number of seats held by women in national parliaments (number)	744	13.38071013	78.82894131	SJM	Svalbard and Jan Mayen Islands	1	FEMALE	NUMBER	Female	Number																								
2018.Q2.G.01	SG_GEN_PARLN	Number of seats held by women in national parliaments (number)	748	31.50149288	-26.56471011	SWZ	Swaziland	1	FEMALE	NUMBER	Female	Number	2	2	2	2	7	7	7	7	7	9	9	9	9	9	4	4	4	4	4	4	2018	4	Inter-Parliamentary Union (IPU), the database on Women in National Parliament, accessed February 1 of given year for annual data.	C
2018.Q2.G.01	SG_GEN_PARLN	Number of seats held by women in national parliaments (number)	752	14.3775338	60.60103109	SWE	Sweden	1	FEMALE	NUMBER	Female	Number	149	149	149	158	158	158	158	165	164	164	162	157	156	156	157	152	152	152	152	153	2018	152	Inter-Parliamentary Union (IPU), the database on Women in National Parliament, accessed February 1 of given year for annual data.	C
2018.Q2.G.01	SG_GEN_PARLN	Number of seats held by women in national parliaments (number)	756	8.223158	46.96617097	CHE	Switzerland	1	FEMALE	NUMBER	Female	Number	45	46	46	46	50	50	50	50	57	57	58	58	57	58	62	61	64	65	65	63.4	2018	65	Inter-Parliamentary Union (IPU), the database on Women in National Parliament, accessed February 1 of given year for annual data.	C
2018.Q2.G.01	SG_GEN_PARLN	Number of seats held by women in national parliaments (number)	760	38.50466565	35.01676176	SYR	Syrian Arab Republic (Syria)	1	FEMALE	NUMBER	Female	Number	26	26	26	26	30	30	30	30	30	31	31	31	31	30	30	31	31	33	33	31.6	2018	33	Inter-Parliamentary Union (IPU), the database on Women in National Parliament, accessed February 1 of given year for annual data.	C
2018.Q2.G.01	SG_GEN_PARLN	Number of seats held by women in national parliaments (number)	762	69.294998	38.43069666	TJK	Tajikistan	1	FEMALE	NUMBER	Female	Number	5	9	8	8	8	8	11	11	11	11	11	12	12	12	10	10	12	12	12	11.2	2018	12	Inter-Parliamentary Union (IPU), the database on Women in National Parliament, accessed February 1 of given year for annual data.	C
2018.Q2.G.01	SG_GEN_PARLN	Number of seats held by women in national parliaments (number)	764	101.0202951	15.13089239	THA	Thailand	1	FEMALE	NUMBER	Female	Number	22	46	46	46	46	40	54	21	56	56	63	63	79	79	79	12	12	12	12	25.4	2018	12	Inter-Parliamentary Union (IPU), the database on Women in National Parliament, accessed February 1 of given year for annual data.	C
2018.Q2.G.01	SG_GEN_PARLN	Number of seats held by women in national parliaments (number)	768	0.97835765	8.532096072	TGO	Togo	1	FEMALE	NUMBER	Female	Number	4	4	4	6	6	5	6	7	9	9	9	9	9	9	15	16	16	16	16	15.8	2018	16	Inter-Parliamentary Union (IPU), the database on Women in National Parliament, accessed February 1 of given year for annual data.	C
2018.Q2.G.01	SG_GEN_PARLN	Number of seats held by women in national parliaments (number)	772	-171.8154473	-9.214545558	TKL	Tokelau	1	FEMALE	NUMBER	Female	Number																								
2018.Q2.G.01	SG_GEN_PARLN	Number of seats held by women in national parliaments (number)	776	-175.1959991	-21.19511329	TON	Tonga	1	FEMALE	NUMBER	Female	Number	0	0	0	0	0	0	1	1	1	1	1	0	1	1	1	0	0	1	2	0.8	2018	2	Inter-Parliamentary Union (IPU), the database on Women in National Parliament, accessed February 1 of given year for annual data.	C
2018.Q2.G.01	SG_GEN_PARLN	Number of seats held by women in national parliaments (number)	780	-61.29389504	10.41877263	TTO	Trinidad and Tobago	1	FEMALE	NUMBER	Female	Number	4	6	6	7	7	7	7	7	11	11	11	12	12	12	12	12	13	13	13	12.6	2018	13	Inter-Parliamentary Union (IPU), the database on Women in National Parliament, accessed February 1 of given year for annual data.	C
2018.Q2.G.01	SG_GEN_PARLN	Number of seats held by women in national parliaments (number)	784	53.98279159	23.43322219	ARE	United Arab Emirates	1	FEMALE	NUMBER	Female	Number	0	0	0	0	0	0	0	9	9	9	9	9	7	7	7	7	9	8	9	8	2018	9	Inter-Parliamentary Union (IPU), the database on Women in National Parliament, accessed February 1 of given year for annual data.	C
2018.Q2.G.01	SG_GEN_PARLN	Number of seats held by women in national parliaments (number)	788	9.572737411	34.11439971	TUN	Tunisia	1	FEMALE	NUMBER	Female	Number	21	21	21	21	21	43	43	43	43	43	59	59	58	58	61	68	68	68	68	66.6	2018	68	Inter-Parliamentary Union (IPU), the database on Women in National Parliament, accessed February 1 of given year for annual data.	C
2018.Q2.G.01	SG_GEN_PARLN	Number of seats held by women in national parliaments (number)	792	35.42890329	38.9899684	TUR	Turkey	1	FEMALE	NUMBER	Female	Number	23	23	23	24	24	24	24	24	50	50	50	50	78	78	79	79	82	82	80	80.4	2018	80	Inter-Parliamentary Union (IPU), the database on Women in National Parliament, accessed February 1 of given year for annual data.	C
2018.Q2.G.01	SG_GEN_PARLN	Number of seats held by women in national parliaments (number)	795	58.9787665	40.0912346	TKM	Turkmenistan	1	FEMALE	NUMBER	Female	Number	13	13	13	13	13		8	8	8	21	21	21	21	21	33	32	32	32	32	32.2	2018	32	Inter-Parliamentary Union (IPU), the database on Women in National Parliament, accessed February 1 of given year for annual data.	C
2018.Q2.G.01	SG_GEN_PARLN	Number of seats held by women in national parliaments (number)	796	-71.745121	21.80780585	TCA	Turks and Caicos Islands	1	FEMALE	NUMBER	Female	Number																								
2018.Q2.G.01	SG_GEN_PARLN	Number of seats held by women in national parliaments (number)	798	178.6679611	-7.460048071	TUV	Tuvalu	1	FEMALE	NUMBER	Female	Number	0	0	0	0	0	0	0	0	0	0	0	0	1	1	1	1	1	1	1	1	2018	1	Inter-Parliamentary Union (IPU), the database on Women in National Parliament, accessed February 1 of given year for annual data.	C
2018.Q2.G.01	SG_GEN_PARLN	Number of seats held by women in national parliaments (number)	800	32.39100438	1.279557331	UGA	Uganda	1	FEMALE	NUMBER	Female	Number	50	50	75	75	75	73	73	99	102	102	102	102	135	135	135	135	135	154	154	142.6	2018	154	Inter-Parliamentary Union (IPU), the database on Women in National Parliament, accessed February 1 of given year for annual data.	C
2018.Q2.G.01	SG_GEN_PARLN	Number of seats held by women in national parliaments (number)	804	31.40270802	49.00735945	UKR	Ukraine	1	FEMALE	NUMBER	Female	Number	35	35	35	24	24	24	24	39	37	37	36	36	36	42	43	50	51	52	52	49.6	2018	52	Inter-Parliamentary Union (IPU), the database on Women in National Parliament, accessed February 1 of given year for annual data.	C
2018.Q2.G.01	SG_GEN_PARLN	Number of seats held by women in national parliaments (number)	807	21.7007909	41.60048068	MKD	Macedonia, Republic of	1	FEMALE	NUMBER	Female	Number	9	8	8	22	22	23	23	34	35	38	39	39	38	40	42	41	41	38	45	41.4	2018	45	Inter-Parliamentary Union (IPU), the database on Women in National Parliament, accessed February 1 of given year for annual data.	C
2018.Q2.G.01	SG_GEN_PARLN	Number of seats held by women in national parliaments (number)	818	29.77468534	26.57438204	EGY	Egypt	1	FEMALE	NUMBER	Female	Number																	89	89	89	89	2018	89	Inter-Parliamentary Union (IPU), the database on Women in National Parliament, accessed February 1 of given year for annual data.	C
2018.Q2.G.01	SG_GEN_PARLN	Number of seats held by women in national parliaments (number)	826	-2.23830539	53.27691757	GBR	United Kingdom	1	FEMALE	NUMBER	Female	Number	121	121	118	118	118	119	127	127	126	126	126	143	145	146	147	148	191	195	208	177.8	2018	208	Inter-Parliamentary Union (IPU), the database on Women in National Parliament, accessed February 1 of given year for annual data.	C
2018.Q2.G.01	SG_GEN_PARLN	Number of seats held by women in national parliaments (number)	831	-2.200712402	49.71561166	GGY	Guernsey	1	FEMALE	NUMBER	Female	Number																								
2018.Q2.G.01	SG_GEN_PARLN	Number of seats held by women in national parliaments (number)	832	-2.136773508	49.22353354	JEY	Jersey	1	FEMALE	NUMBER	Female	Number																								
2018.Q2.G.01	SG_GEN_PARLN	Number of seats held by women in national parliaments (number)	833	-4.538190305	54.22880901	IMN	Isle of Man	1	FEMALE	NUMBER	Female	Number																								
2018.Q2.G.01	SG_GEN_PARLN	Number of seats held by women in national parliaments (number)	834	34.80521182	-6.265332606	TZA	Tanzania, United Republic of	1	FEMALE	NUMBER	Female	Number	61	61	61	61	63	63	97	97	97	97	99	126	126	126	126	126	136	143	145	135.2	2018	145	Inter-Parliamentary Union (IPU), the database on Women in National Parliament, accessed February 1 of given year for annual data.	C
2018.Q2.G.01	SG_GEN_PARLN	Number of seats held by women in national parliaments (number)	840	-99.13830311	39.5277871	USA	United States of America	1	FEMALE	NUMBER	Female	Number	58	61	61	62	62	65	66	71	73	74	73	73	73	77	79	84	84	83	84	82.8	2018	84	Inter-Parliamentary Union (IPU), the database on Women in National Parliament, accessed February 1 of given year for annual data.	C
2018.Q2.G.01	SG_GEN_PARLN	Number of seats held by women in national parliaments (number)	850	-64.76960113	17.73297693	VIR	United States Virgin Islands	1	FEMALE	NUMBER	Female	Number																								
2018.Q2.G.01	SG_GEN_PARLN	Number of seats held by women in national parliaments (number)	854	-1.742843829	12.27491081	BFA	Burkina Faso	1	FEMALE	NUMBER	Female	Number	9	9	9	13	13	13	13	13	17	17	17	17	17	20	24	12	12	14	14	15.2	2018	14	Inter-Parliamentary Union (IPU), the database on Women in National Parliament, accessed February 1 of given year for annual data.	C
2018.Q2.G.01	SG_GEN_PARLN	Number of seats held by women in national parliaments (number)	858	-56.01387025	-32.8002838	URY	Uruguay	1	FEMALE	NUMBER	Female	Number	12	12	12	12	12	12	11	11	12	12	14	15	12	12	13	13	16	20	20	16.4	2018	20	Inter-Parliamentary Union (IPU), the database on Women in National Parliament, accessed February 1 of given year for annual data.	C
2018.Q2.G.01	SG_GEN_PARLN	Number of seats held by women in national parliaments (number)	860	63.11944558	41.77560518	UZB	Uzbekistan	1	FEMALE	NUMBER	Female	Number	17	18	18	18	18	21	21	21	21	21	33	33	33	33	33	24	24	24	24	25.8	2018	24	Inter-Parliamentary Union (IPU), the database on Women in National Parliament, accessed February 1 of given year for annual data.	C
2018.Q2.G.01	SG_GEN_PARLN	Number of seats held by women in national parliaments (number)	862	-66.15642084	7.121324748	VEN	Venezuela (Bolivarian Republic)	1	FEMALE	NUMBER	Female	Number	25	16	16	16	16	16	29	30	31	31	29	28	28	28	28	28	24	37	37	30.8	2018	37	Inter-Parliamentary Union (IPU), the database on Women in National Parliament, accessed February 1 of given year for annual data.	C
2018.Q2.G.01	SG_GEN_PARLN	Number of seats held by women in national parliaments (number)	876	-176.2034788	-13.28471201	WLF	Wallis and Futuna Islands	1	FEMALE	NUMBER	Female	Number																								
2018.Q2.G.01	SG_GEN_PARLN	Number of seats held by women in national parliaments (number)	882	-172.4430749	-13.61541469	WSM	Samoa	1	FEMALE	NUMBER	Female	Number	4	4	3	3	3	3	3	3	4	4	4	4	2	2	2	3	3	5	5	3.6	2018	5	Inter-Parliamentary Union (IPU), the database on Women in National Parliament, accessed February 1 of given year for annual data.	C
2018.Q2.G.01	SG_GEN_PARLN	Number of seats held by women in national parliaments (number)	887	45.22389143	15.22242099	YEM	Yemen	1	FEMALE	NUMBER	Female	Number	2	2	2	2	1	1	1	1	1	1	1	1	1	1	1	1	0	0	0	0.4	2018	0	Inter-Parliamentary Union (IPU), the database on Women in National Parliament, accessed February 1 of given year for annual data.	C
2018.Q2.G.01	SG_GEN_PARLN	Number of seats held by women in national parliaments (number)	894	27.850329	-14.59701056	ZMB	Zambia	1	FEMALE	NUMBER	Female	Number	16	16	19	19	19	19	20	23	24	24	22	22	18	18	17	20	20	30	30	23.4	2018	30	Inter-Parliamentary Union (IPU), the database on Women in National Parliament, accessed February 1 of given year for annual data.	C
