series.release	series.code	series.description	geoAreaCode	X	Y	ISO3CD	geoAreaName	sliceId	Units	Units description	2000	2001	2002	2003	2004	2005	2006	2007	2008	2009	2010	2011	2012	2013	2014	2015	2016	2017	2018	last.5.years.mean	latest.year	latest.value	latest.source	latest.nature
2018.Q2.G.01	SG_GEN_PARLNT	Number of seats in national parliaments (number)	4	66.02688198	33.83160199	AFG	Afghanistan	1	NUMBER	Number							249	249	242	242	249	249	249	249	249	249	249	249	249	249	2018	249	Inter-Parliamentary Union (IPU), the database on Women in National Parliament, accessed February 1 of given year for annual data.	C
2018.Q2.G.01	SG_GEN_PARLNT	Number of seats in national parliaments (number)	8	20.06660928	41.13897007	ALB	Albania	1	NUMBER	Number	155	155	140	140	140	140	140	140	140	140	140	140	140	140	140	140	140	140	140	140	2018	140	Inter-Parliamentary Union (IPU), the database on Women in National Parliament, accessed February 1 of given year for annual data.	C
2018.Q2.G.01	SG_GEN_PARLNT	Number of seats in national parliaments (number)	10	21.47585697	-80.40897662	ATA	Antarctica	1	NUMBER	Number																								
2018.Q2.G.01	SG_GEN_PARLNT	Number of seats in national parliaments (number)	12	2.678164227	28.15940032	DZA	Algeria	1	NUMBER	Number	380	380	380	389	389	389	389	389	389	389	389	389	389	462	462	462	462	462	462	462	2018	462	Inter-Parliamentary Union (IPU), the database on Women in National Parliament, accessed February 1 of given year for annual data.	C
2018.Q2.G.01	SG_GEN_PARLNT	Number of seats in national parliaments (number)	16	-170.7187269	-14.30587306	ASM	American Samoa	1	NUMBER	Number																								
2018.Q2.G.01	SG_GEN_PARLNT	Number of seats in national parliaments (number)	20	1.576257417	42.54548611	AND	Andorra	1	NUMBER	Number	28	28	28	28	28	28	28	28	28	28	28	28	28	28	28	28	28	28	28	28	2018	28	Inter-Parliamentary Union (IPU), the database on Women in National Parliament, accessed February 1 of given year for annual data.	C
2018.Q2.G.01	SG_GEN_PARLNT	Number of seats in national parliaments (number)	24	17.57817062	-12.33724746	AGO	Angola	1	NUMBER	Number	220	220	220	220	220	220	220	220	220	220	220	220	220	220	220	220	220	220	220	220	2018	220	Inter-Parliamentary Union (IPU), the database on Women in National Parliament, accessed February 1 of given year for annual data.	C
2018.Q2.G.01	SG_GEN_PARLNT	Number of seats in national parliaments (number)	28	-61.7999755	17.07761471	ATG	Antigua and Barbuda	1	NUMBER	Number	19	19	19	19	19	19	19	19	19	19	19	19	19	19	19	18	18	18	18	18.2	2018	18	Inter-Parliamentary Union (IPU), the database on Women in National Parliament, accessed February 1 of given year for annual data.	C
2018.Q2.G.01	SG_GEN_PARLNT	Number of seats in national parliaments (number)	31	50.01064725	40.39229544	AZE	Azerbaijan	1	NUMBER	Number	125	125	124	124	124	124	125	124	123	123	123	125	125	125	122	122	124	125	125	123.6	2018	125	Inter-Parliamentary Union (IPU), the database on Women in National Parliament, accessed February 1 of given year for annual data.	C
2018.Q2.G.01	SG_GEN_PARLNT	Number of seats in national parliaments (number)	32	-65.14563274	-35.19446255	ARG	Argentina	1	NUMBER	Number	257	257	257	257	257	255	257	257	255	255	257	257	257	257	257	257	257	257	257	257	2018	257	Inter-Parliamentary Union (IPU), the database on Women in National Parliament, accessed February 1 of given year for annual data.	C
2018.Q2.G.01	SG_GEN_PARLNT	Number of seats in national parliaments (number)	36	134.3499412	-25.57717202	AUS	Australia	1	NUMBER	Number	147	148	150	150	150	150	150	150	150	150	150	150	150	150	150	150	150	150	150	150	2018	150	Inter-Parliamentary Union (IPU), the database on Women in National Parliament, accessed February 1 of given year for annual data.	C
2018.Q2.G.01	SG_GEN_PARLNT	Number of seats in national parliaments (number)	40	14.14172472	47.58704857	AUT	Austria	1	NUMBER	Number	183	183	183	183	183	183	183	183	183	183	183	183	183	183	183	183	183	183	183	183	2018	183	Inter-Parliamentary Union (IPU), the database on Women in National Parliament, accessed February 1 of given year for annual data.	C
2018.Q2.G.01	SG_GEN_PARLNT	Number of seats in national parliaments (number)	44	-78.05111663	24.69546597	BHS	Bahamas	1	NUMBER	Number	40	40	40	40	40	40	40	40	41	41	41	41	41	38	38	38	38	38	39	38.2	2018	39	Inter-Parliamentary Union (IPU), the database on Women in National Parliament, accessed February 1 of given year for annual data.	C
2018.Q2.G.01	SG_GEN_PARLNT	Number of seats in national parliaments (number)	48	50.5490754	26.04407747	BHR	Bahrain	1	NUMBER	Number				40	40	40	40	40	40	40	40	40	40	40	40	40	40	40	40	40	2018	40	Inter-Parliamentary Union (IPU), the database on Women in National Parliament, accessed February 1 of given year for annual data.	C
2018.Q2.G.01	SG_GEN_PARLNT	Number of seats in national parliaments (number)	50	89.17660788	22.86961622	BGD	Bangladesh	1	NUMBER	Number	330	330	330	300	300	300	345			300	345	345	350	350	297	350	350	350	350	339.4	2018	350	Inter-Parliamentary Union (IPU), the database on Women in National Parliament, accessed February 1 of given year for annual data.	C
2018.Q2.G.01	SG_GEN_PARLNT	Number of seats in national parliaments (number)	51	44.93839317	40.29499741	ARM	Armenia	1	NUMBER	Number	131	131	131	131	131	131	131	131	131	131	131	131	131	131	131	131	131	131	105	125.8	2018	105	Inter-Parliamentary Union (IPU), the database on Women in National Parliament, accessed February 1 of given year for annual data.	C
2018.Q2.G.01	SG_GEN_PARLNT	Number of seats in national parliaments (number)	52	-59.5346489	13.13648273	BRB	Barbados	1	NUMBER	Number	28	28	28	28	30	30	30	30	30	30	30	30	30	30	30	30	30	30	30	30	2018	30	Inter-Parliamentary Union (IPU), the database on Women in National Parliament, accessed February 1 of given year for annual data.	C
2018.Q2.G.01	SG_GEN_PARLNT	Number of seats in national parliaments (number)	56	4.660976456	50.64104975	BEL	Belgium	1	NUMBER	Number	150	150	150	150	150	150	150	150	150	150	150	150	150	150	150	150	150	150	150	150	2018	150	Inter-Parliamentary Union (IPU), the database on Women in National Parliament, accessed February 1 of given year for annual data.	C
2018.Q2.G.01	SG_GEN_PARLNT	Number of seats in national parliaments (number)	60	-64.78155012	32.27881922	BMU	Bermuda	1	NUMBER	Number																								
2018.Q2.G.01	SG_GEN_PARLNT	Number of seats in national parliaments (number)	64	90.45098484	27.39598568	BTN	Bhutan	1	NUMBER	Number	150	150	150	150	150	150	150	150	150	47	47	47	47	47	47	47	47	47	47	47	2018	47	Inter-Parliamentary Union (IPU), the database on Women in National Parliament, accessed February 1 of given year for annual data.	C
2018.Q2.G.01	SG_GEN_PARLNT	Number of seats in national parliaments (number)	68	-64.66224284	-16.71273412	BOL	Bolivia (Plurinational State of)	1	NUMBER	Number	130	130	130	130	130	130	130	130	130	130	130	130	130	130	130	130	130	130	130	130	2018	130	Inter-Parliamentary Union (IPU), the database on Women in National Parliament, accessed February 1 of given year for annual data.	C
2018.Q2.G.01	SG_GEN_PARLNT	Number of seats in national parliaments (number)	70	17.78584332	44.16845548	BIH	Bosnia and Herzegovina	1	NUMBER	Number	42	42	42	42	42	42	42	42	42	42	42	42	42	42	42	42	42	42	42	42	2018	42	Inter-Parliamentary Union (IPU), the database on Women in National Parliament, accessed February 1 of given year for annual data.	C
2018.Q2.G.01	SG_GEN_PARLNT	Number of seats in national parliaments (number)	72	23.81380223	-22.18810073	BWA	Botswana	1	NUMBER	Number	47	47	47	47	47	63	63	63	63	63	63	63	63	63	63	63	63	63	63	63	2018	63	Inter-Parliamentary Union (IPU), the database on Women in National Parliament, accessed February 1 of given year for annual data.	C
2018.Q2.G.01	SG_GEN_PARLNT	Number of seats in national parliaments (number)	74	3.410732868	-54.43295905	BVT	Bouvet Island	1	NUMBER	Number																								
2018.Q2.G.01	SG_GEN_PARLNT	Number of seats in national parliaments (number)	76	-53.08432878	-10.77668561	BRA	Brazil	1	NUMBER	Number	513	513	513	513	513	513	513	513	513	513	513	513	513	513	513	513	513	513	513	513	2018	513	Inter-Parliamentary Union (IPU), the database on Women in National Parliament, accessed February 1 of given year for annual data.	C
2018.Q2.G.01	SG_GEN_PARLNT	Number of seats in national parliaments (number)	84	-88.70199554	17.19965901	BLZ	Belize	1	NUMBER	Number	29	29	29	29	30	30	30	30	30	32	32	32	32	32	32	32	32	32	32	32	2018	32	Inter-Parliamentary Union (IPU), the database on Women in National Parliament, accessed February 1 of given year for annual data.	C
2018.Q2.G.01	SG_GEN_PARLNT	Number of seats in national parliaments (number)	86	72.38715553	-7.299281071	IOT	British Indian Ocean Territory	1	NUMBER	Number																								
2018.Q2.G.01	SG_GEN_PARLNT	Number of seats in national parliaments (number)	90	160.1584117	-9.622391719	SLB	Solomon Islands	1	NUMBER	Number	49	49	49	50	50	50	50	50	50	50	50	50	50	50	50	50	50	50	50	50	2018	50	Inter-Parliamentary Union (IPU), the database on Women in National Parliament, accessed February 1 of given year for annual data.	C
2018.Q2.G.01	SG_GEN_PARLNT	Number of seats in national parliaments (number)	92	-64.63294223	18.42256578	VGB	British Virgin Islands	1	NUMBER	Number																								
2018.Q2.G.01	SG_GEN_PARLNT	Number of seats in national parliaments (number)	96	114.6288563	4.49736984	BRN	Brunei Darussalam	1	NUMBER	Number																		33	33	33	2018	33	Inter-Parliamentary Union (IPU), the database on Women in National Parliament, accessed February 1 of given year for annual data.	C
2018.Q2.G.01	SG_GEN_PARLNT	Number of seats in national parliaments (number)	100	25.23763153	42.75731323	BGR	Bulgaria	1	NUMBER	Number	240	240	240	240	240	240	240	240	240	240	240	240	240	240	240	240	240	240	240	240	2018	240	Inter-Parliamentary Union (IPU), the database on Women in National Parliament, accessed February 1 of given year for annual data.	C
2018.Q2.G.01	SG_GEN_PARLNT	Number of seats in national parliaments (number)	104	96.51752295	21.19332882	MMR	Myanmar	1	NUMBER	Number												326	395	431	429	420	433	433	433	429.6	2018	433	Inter-Parliamentary Union (IPU), the database on Women in National Parliament, accessed February 1 of given year for annual data.	C
2018.Q2.G.01	SG_GEN_PARLNT	Number of seats in national parliaments (number)	108	29.89080992	-3.366387428	BDI	Burundi	1	NUMBER	Number	117	118	169	179	179	179	118	118	118	118	118	106	105	105	105	105	121	121	121	114.6	2018	121	Inter-Parliamentary Union (IPU), the database on Women in National Parliament, accessed February 1 of given year for annual data.	C
2018.Q2.G.01	SG_GEN_PARLNT	Number of seats in national parliaments (number)	112	28.04940161	53.54193075	BLR	Belarus	1	NUMBER	Number	110	110	97	97	97	109	110	110	110	110	110	110	110	109	109	110	110	110	110	109.8	2018	110	Inter-Parliamentary Union (IPU), the database on Women in National Parliament, accessed February 1 of given year for annual data.	C
2018.Q2.G.01	SG_GEN_PARLNT	Number of seats in national parliaments (number)	116	104.922836	12.71163737	KHM	Cambodia	1	NUMBER	Number	122	122	122	122	123	123	123	123	123	123	123	123	123	123	123	123	123	123	123	123	2018	123	Inter-Parliamentary Union (IPU), the database on Women in National Parliament, accessed February 1 of given year for annual data.	C
2018.Q2.G.01	SG_GEN_PARLNT	Number of seats in national parliaments (number)	120	12.7419827	5.692387031	CMR	Cameroon	1	NUMBER	Number	180	180	180	180	180	180	180	180	180	180	180	180	180	180	180	180	180	180	180	180	2018	180	Inter-Parliamentary Union (IPU), the database on Women in National Parliament, accessed February 1 of given year for annual data.	C
2018.Q2.G.01	SG_GEN_PARLNT	Number of seats in national parliaments (number)	124	-101.6575058	57.72360191	CAN	Canada	1	NUMBER	Number	301	301	301	301	301	308	308	308	305	308	308	308	307	308	307	306	338	335	337	324.6	2018	337	Inter-Parliamentary Union (IPU), the database on Women in National Parliament, accessed February 1 of given year for annual data.	C
2018.Q2.G.01	SG_GEN_PARLNT	Number of seats in national parliaments (number)	132	-23.63544151	15.07791834	CPV	Cabo Verde	1	NUMBER	Number	72	72	72	72	72	72	72	72	72	72	72	72	72	72	72	72	72	72	72	72	2018	72	Inter-Parliamentary Union (IPU), the database on Women in National Parliament, accessed February 1 of given year for annual data.	C
2018.Q2.G.01	SG_GEN_PARLNT	Number of seats in national parliaments (number)	136	-81.16740559	19.32266656	CYM	Cayman Islands	1	NUMBER	Number																								
2018.Q2.G.01	SG_GEN_PARLNT	Number of seats in national parliaments (number)	140	20.93559492	7.003720791	CAF	Central African Republic	1	NUMBER	Number	109	109	109	109			105	105	105	105	104		104	104				140	140	140	2018	140	Inter-Parliamentary Union (IPU), the database on Women in National Parliament, accessed February 1 of given year for annual data.	C
2018.Q2.G.01	SG_GEN_PARLNT	Number of seats in national parliaments (number)	144	80.70489654	7.614693343	LKA	Sri Lanka	1	NUMBER	Number	225	225	225	225	225	225	225	225	225	225	225	225	225	225	225	225	225	225	225	225	2018	225	Inter-Parliamentary Union (IPU), the database on Women in National Parliament, accessed February 1 of given year for annual data.	C
2018.Q2.G.01	SG_GEN_PARLNT	Number of seats in national parliaments (number)	148	18.66618401	15.36279341	TCD	Chad	1	NUMBER	Number	125	125	125	155	155	155	155	155	155	155	155	155	188	188	188	188	188	188	188	188	2018	188	Inter-Parliamentary Union (IPU), the database on Women in National Parliament, accessed February 1 of given year for annual data.	C
2018.Q2.G.01	SG_GEN_PARLNT	Number of seats in national parliaments (number)	152	-71.23029019	-35.2652885	CHL	Chile	1	NUMBER	Number	120	120	120	120	120	120	120	120	120	120	120	120	120	120	120	120	120	120		120	2017	120	Inter-Parliamentary Union (IPU), the database on Women in National Parliament, accessed February 1 of given year for annual data.	C
2018.Q2.G.01	SG_GEN_PARLNT	Number of seats in national parliaments (number)	156	104.1403375	32.30955217	CHN	China	1	NUMBER	Number	2979	2984	2984	2984	2985	2985	2980	2980	2963	2987	2987	2987	2978	2978	2987	2959	2959	2949	2924	2955.6	2018	2924	Inter-Parliamentary Union (IPU), the database on Women in National Parliament, accessed February 1 of given year for annual data.	C
2018.Q2.G.01	SG_GEN_PARLNT	Number of seats in national parliaments (number)	162	105.6426067	-10.4882473	CXR	Christmas Island	1	NUMBER	Number																								
2018.Q2.G.01	SG_GEN_PARLNT	Number of seats in national parliaments (number)	166	96.82633757	-12.18600682	CCK	Cocos (Keeling) Islands	1	NUMBER	Number																								
2018.Q2.G.01	SG_GEN_PARLNT	Number of seats in national parliaments (number)	170	-73.07446751	3.888209046	COL	Colombia	1	NUMBER	Number	161	161	161	166	166	166	165	166	166	166	166	166	165	165	165	166	166	166	166	165.8	2018	166	Inter-Parliamentary Union (IPU), the database on Women in National Parliament, accessed February 1 of given year for annual data.	C
2018.Q2.G.01	SG_GEN_PARLNT	Number of seats in national parliaments (number)	174	43.34234565	-11.66121732	COM	Comoros	1	NUMBER	Number						33	33	33	33	33	33	33	33	33	33		33	33	33	33	2018	33	Inter-Parliamentary Union (IPU), the database on Women in National Parliament, accessed February 1 of given year for annual data.	C
2018.Q2.G.01	SG_GEN_PARLNT	Number of seats in national parliaments (number)	175	45.14015057	-12.82217691	MYT	Mayotte	1	NUMBER	Number																								
2018.Q2.G.01	SG_GEN_PARLNT	Number of seats in national parliaments (number)	178	15.22052612	-0.840544119	COG	Congo	1	NUMBER	Number	75	75	75	129	129	129	129	129	137	137	137	137	137	136	136	136	136	136	151	139	2018	151	Inter-Parliamentary Union (IPU), the database on Women in National Parliament, accessed February 1 of given year for annual data.	C
2018.Q2.G.01	SG_GEN_PARLNT	Number of seats in national parliaments (number)	180	23.65496507	-2.877154732	COD	Democratic Republic of the Congo	1	NUMBER	Number					500	500	500	500	500	500	500	500	492	492	498	492	492	492	492	493.2	2018	492	Inter-Parliamentary Union (IPU), the database on Women in National Parliament, accessed February 1 of given year for annual data.	C
2018.Q2.G.01	SG_GEN_PARLNT	Number of seats in national parliaments (number)	184	-159.7711391	-21.22696458	COK	Cook Islands	1	NUMBER	Number																								
2018.Q2.G.01	SG_GEN_PARLNT	Number of seats in national parliaments (number)	188	-84.19712782	9.970998683	CRI	Costa Rica	1	NUMBER	Number	57	57	57	57	57	57	57	57	57	57	57	57	57	57	57	57	57	57	57	57	2018	57	Inter-Parliamentary Union (IPU), the database on Women in National Parliament, accessed February 1 of given year for annual data.	C
2018.Q2.G.01	SG_GEN_PARLNT	Number of seats in national parliaments (number)	191	17.95874553	45.45172212	HRV	Croatia	1	NUMBER	Number	127	151	151	151	152	152	152	152	153	153	153	153	151	151	151	151	151	151	151	151	2018	151	Inter-Parliamentary Union (IPU), the database on Women in National Parliament, accessed February 1 of given year for annual data.	C
2018.Q2.G.01	SG_GEN_PARLNT	Number of seats in national parliaments (number)	192	-79.54460144	22.10030366	CUB	Cuba	1	NUMBER	Number	601	601	601	609	609	609	609	609	614	614	614	614	586	586	612	612	612	612	612	612	2018	612	Inter-Parliamentary Union (IPU), the database on Women in National Parliament, accessed February 1 of given year for annual data.	C
2018.Q2.G.01	SG_GEN_PARLNT	Number of seats in national parliaments (number)	196	33.22285964	35.05659437	CYP	Cyprus	1	NUMBER	Number	56	56	56	56	56	56	56	56	56	56	56	56	56	56	56	56	56	56	56	56	2018	56	Inter-Parliamentary Union (IPU), the database on Women in National Parliament, accessed February 1 of given year for annual data.	C
2018.Q2.G.01	SG_GEN_PARLNT	Number of seats in national parliaments (number)	203	15.33151382	49.73913871	CZE	Czechia	1	NUMBER	Number	200	200	200	200	200	200	200	200	200	200	200	200	200	200	200	200	200	200	200	200	2018	200	Inter-Parliamentary Union (IPU), the database on Women in National Parliament, accessed February 1 of given year for annual data.	C
2018.Q2.G.01	SG_GEN_PARLNT	Number of seats in national parliaments (number)	204	2.339933594	9.65401646	BEN	Benin	1	NUMBER	Number	83	83	83	83	83	83	83	83	83	83	83	83	83	83	83	83	83	83	83	83	2018	83	Inter-Parliamentary Union (IPU), the database on Women in National Parliament, accessed February 1 of given year for annual data.	C
2018.Q2.G.01	SG_GEN_PARLNT	Number of seats in national parliaments (number)	208	9.326571283	56.03829721	DNK	Denmark	1	NUMBER	Number	179	179	179	179	179	179	179	179	179	179	179	179	179	179	179	179	179	179	179	179	2018	179	Inter-Parliamentary Union (IPU), the database on Women in National Parliament, accessed February 1 of given year for annual data.	C
2018.Q2.G.01	SG_GEN_PARLNT	Number of seats in national parliaments (number)	212	-61.3493756	15.43391378	DMA	Dominica	1	NUMBER	Number	32	32	32	32	32	31	31	31	31	32	28	32	32	32	31	32	32	32	32	31.8	2018	32	Inter-Parliamentary Union (IPU), the database on Women in National Parliament, accessed February 1 of given year for annual data.	C
2018.Q2.G.01	SG_GEN_PARLNT	Number of seats in national parliaments (number)	214	-70.49847576	18.89832088	DOM	Dominican Republic	1	NUMBER	Number	149	149	149	150	150	150	150	178	178	178	178	183	183	183	183	183	183	190	190	185.8	2018	190	Inter-Parliamentary Union (IPU), the database on Women in National Parliament, accessed February 1 of given year for annual data.	C
2018.Q2.G.01	SG_GEN_PARLNT	Number of seats in national parliaments (number)	218	-78.37005241	-1.447785891	ECU	Ecuador	1	NUMBER	Number	121	123	123	100	100	100	100	100	100	76	124	124	124	124	137	137	137	137	137	137	2018	137	Inter-Parliamentary Union (IPU), the database on Women in National Parliament, accessed February 1 of given year for annual data.	C
2018.Q2.G.01	SG_GEN_PARLNT	Number of seats in national parliaments (number)	222	-88.86862995	13.73603564	SLV	El Salvador	1	NUMBER	Number	84	84	84	84	84	84	84	84	84	84	84	84	84	84	84	84	84	84	84	84	2018	84	Inter-Parliamentary Union (IPU), the database on Women in National Parliament, accessed February 1 of given year for annual data.	C
2018.Q2.G.01	SG_GEN_PARLNT	Number of seats in national parliaments (number)	226	10.46535826	1.565792376	GNQ	Equatorial Guinea	1	NUMBER	Number	80	80	80	80	80	100	100	100	100	100	100	100	100	100	100	100	100	100	100	100	2018	100	Inter-Parliamentary Union (IPU), the database on Women in National Parliament, accessed February 1 of given year for annual data.	C
2018.Q2.G.01	SG_GEN_PARLNT	Number of seats in national parliaments (number)	231	39.63505296	8.631223181	ETH	Ethiopia	1	NUMBER	Number	543	546	547	547	547	547	546	529	529	529	529	547	547	547	547	547	547	547	547	547	2018	547	Inter-Parliamentary Union (IPU), the database on Women in National Parliament, accessed February 1 of given year for annual data.	C
2018.Q2.G.01	SG_GEN_PARLNT	Number of seats in national parliaments (number)	232	38.11074289	16.12894644	ERI	Eritrea	1	NUMBER	Number	150	150	150	150	150	150	150	150	150	150	150	150	150	150	150	150	150	150	150	150	2018	150	Inter-Parliamentary Union (IPU), the database on Women in National Parliament, accessed February 1 of given year for annual data.	C
2018.Q2.G.01	SG_GEN_PARLNT	Number of seats in national parliaments (number)	233	25.84093481	58.68487172	EST	Estonia	1	NUMBER	Number	101	101	101	101	101	101	101	101	101	101	101	101	101	101	100	101	101	101	101	100.8	2018	101	Inter-Parliamentary Union (IPU), the database on Women in National Parliament, accessed February 1 of given year for annual data.	C
2018.Q2.G.01	SG_GEN_PARLNT	Number of seats in national parliaments (number)	234	-7.122044325	62.21228119	FRO	Faroe Islands	1	NUMBER	Number																								
2018.Q2.G.01	SG_GEN_PARLNT	Number of seats in national parliaments (number)	238	-58.75246778	-51.74562601	FLK	Falkland Islands (Malvinas)	1	NUMBER	Number																								
2018.Q2.G.01	SG_GEN_PARLNT	Number of seats in national parliaments (number)	239	-36.90662765	-54.20736749	SGS	South Georgia and the South Sandwich Islands	1	NUMBER	Number																								
2018.Q2.G.01	SG_GEN_PARLNT	Number of seats in national parliaments (number)	242	177.9660884	-17.83301566	FJI	Fiji	1	NUMBER	Number	71		70	70	70	71	71									50	50	50	50	50	2018	50	Inter-Parliamentary Union (IPU), the database on Women in National Parliament, accessed February 1 of given year for annual data.	C
2018.Q2.G.01	SG_GEN_PARLNT	Number of seats in national parliaments (number)	246	23.308447	61.91586738	FIN	Finland	1	NUMBER	Number	200	200	200	200	200	200	200	200	200	200	200	200	200	200	200	200	200	200	200	200	2018	200	Inter-Parliamentary Union (IPU), the database on Women in National Parliament, accessed February 1 of given year for annual data.	C
2018.Q2.G.01	SG_GEN_PARLNT	Number of seats in national parliaments (number)	248	19.80945969	60.1544901	ALA	Åland Islands	1	NUMBER	Number																								
2018.Q2.G.01	SG_GEN_PARLNT	Number of seats in national parliaments (number)	250	2.457288129	46.62660861	FRA	France	1	NUMBER	Number	577	577	577	574	574	574	574	574	577	577	577	577	577	577	577	577	577	577	577	577	2018	577	Inter-Parliamentary Union (IPU), the database on Women in National Parliament, accessed February 1 of given year for annual data.	C
2018.Q2.G.01	SG_GEN_PARLNT	Number of seats in national parliaments (number)	254	-53.23619089	3.922673437	GUF	French Guiana	1	NUMBER	Number																								
2018.Q2.G.01	SG_GEN_PARLNT	Number of seats in national parliaments (number)	258	-149.4052367	-17.67709294	PYF	French Polynesia	1	NUMBER	Number																								
2018.Q2.G.01	SG_GEN_PARLNT	Number of seats in national parliaments (number)	260	69.64849091	-49.6068576	ATF	French Southern Territories	1	NUMBER	Number																								
2018.Q2.G.01	SG_GEN_PARLNT	Number of seats in national parliaments (number)	262	42.18274707	11.56004161	DJI	Djibouti	1	NUMBER	Number	65	65	65	65	65	65	65	65	65	65	65	65	65	65	55	55	55	65	65	59	2018	65	Inter-Parliamentary Union (IPU), the database on Women in National Parliament, accessed February 1 of given year for annual data.	C
2018.Q2.G.01	SG_GEN_PARLNT	Number of seats in national parliaments (number)	266	11.78727747	-0.60687619	GAB	Gabon	1	NUMBER	Number	120	120	120	119	119	119	119	120	120	120	116	116	114	114	120	120	120	117	117	118.8	2018	117	Inter-Parliamentary Union (IPU), the database on Women in National Parliament, accessed February 1 of given year for annual data.	C
2018.Q2.G.01	SG_GEN_PARLNT	Number of seats in national parliaments (number)	268	43.3713615	42.04813028	GEO	Georgia	1	NUMBER	Number	235	235	235	235	235	235	235	235	235	150	137	138	137	150	150	150	150	150	150	150	2018	150	Inter-Parliamentary Union (IPU), the database on Women in National Parliament, accessed February 1 of given year for annual data.	C
2018.Q2.G.01	SG_GEN_PARLNT	Number of seats in national parliaments (number)	270	-15.39944785	13.45295927	GMB	Gambia	1	NUMBER	Number	49	49	53	53	53	53	53	53	53	53	53	53	53	53	53	53	53	53	58	54	2018	58	Inter-Parliamentary Union (IPU), the database on Women in National Parliament, accessed February 1 of given year for annual data.	C
2018.Q2.G.01	SG_GEN_PARLNT	Number of seats in national parliaments (number)	275	35.25694122	31.94347933	PSE	State of Palestine	1	NUMBER	Number																								
2018.Q2.G.01	SG_GEN_PARLNT	Number of seats in national parliaments (number)	276	10.3806066	51.08862743	DEU	Germany	1	NUMBER	Number	669	669	666	603	603	601	614	614	613	612	622	622	620	620	631	631	631	630	709	646.4	2018	709	Inter-Parliamentary Union (IPU), the database on Women in National Parliament, accessed February 1 of given year for annual data.	C
2018.Q2.G.01	SG_GEN_PARLNT	Number of seats in national parliaments (number)	288	-1.205623522	7.964825185	GHA	Ghana	1	NUMBER	Number	200	200	200	200	200	230	230	230	230	228	230	230	230	273	275	275	275	275	275	275	2018	275	Inter-Parliamentary Union (IPU), the database on Women in National Parliament, accessed February 1 of given year for annual data.	C
2018.Q2.G.01	SG_GEN_PARLNT	Number of seats in national parliaments (number)	292	-5.347561686	36.13895036	GIB	Gibraltar	1	NUMBER	Number																								
2018.Q2.G.01	SG_GEN_PARLNT	Number of seats in national parliaments (number)	296	-157.5643005	1.768837732	KIR	Kiribati	1	NUMBER	Number	41	41	42	42	42	42	42	42	46	46	46	46	46	46	46	46	46	46	46	46	2018	46	Inter-Parliamentary Union (IPU), the database on Women in National Parliament, accessed February 1 of given year for annual data.	C
2018.Q2.G.01	SG_GEN_PARLNT	Number of seats in national parliaments (number)	300	22.58307827	39.47301873	GRC	Greece	1	NUMBER	Number	300	300	300	300	300	300	300	300	300	300	300	300	300	300	300	300	300	300	300	300	2018	300	Inter-Parliamentary Union (IPU), the database on Women in National Parliament, accessed February 1 of given year for annual data.	C
2018.Q2.G.01	SG_GEN_PARLNT	Number of seats in national parliaments (number)	304	-41.39371316	74.75625681	GRL	Greenland	1	NUMBER	Number																								
2018.Q2.G.01	SG_GEN_PARLNT	Number of seats in national parliaments (number)	308	-61.68248568	12.11238395	GRD	Grenada	1	NUMBER	Number	15	15	15	15	15	15	15	15	15	15	15	15	15	15	15	15	15	15	15	15	2018	15	Inter-Parliamentary Union (IPU), the database on Women in National Parliament, accessed February 1 of given year for annual data.	C
2018.Q2.G.01	SG_GEN_PARLNT	Number of seats in national parliaments (number)	312	-61.64762115	16.14416917	GLP	Guadeloupe	1	NUMBER	Number																								
2018.Q2.G.01	SG_GEN_PARLNT	Number of seats in national parliaments (number)	316	144.7029305	13.35485404	GUM	Guam	1	NUMBER	Number																								
2018.Q2.G.01	SG_GEN_PARLNT	Number of seats in national parliaments (number)	320	-91.2312746	15.00273719	GTM	Guatemala	1	NUMBER	Number	113	113	113	113	158	158	158	158	158	158	158	158	158	158	158	158	158	158	158	158	2018	158	Inter-Parliamentary Union (IPU), the database on Women in National Parliament, accessed February 1 of given year for annual data.	C
2018.Q2.G.01	SG_GEN_PARLNT	Number of seats in national parliaments (number)	324	-11.28173419	11.00210343	GIN	Guinea	1	NUMBER	Number	114	114	114	114	114	114	114	114	114						114	114	114	114	114	114	2018	114	Inter-Parliamentary Union (IPU), the database on Women in National Parliament, accessed February 1 of given year for annual data.	C
2018.Q2.G.01	SG_GEN_PARLNT	Number of seats in national parliaments (number)	328	-58.97322037	4.788012784	GUY	Guyana	1	NUMBER	Number	65	65	65	65	65	65	65	69	69	70	70	70	67	67	67	67	69	69	69	68.2	2018	69	Inter-Parliamentary Union (IPU), the database on Women in National Parliament, accessed February 1 of given year for annual data.	C
2018.Q2.G.01	SG_GEN_PARLNT	Number of seats in national parliaments (number)	332	-72.33640958	18.40426539	HTI	Haiti	1	NUMBER	Number	83	83	83	83	83	83	83	98	98	98	98	18	95	95	95	95	92	117	118	103.4	2018	118	Inter-Parliamentary Union (IPU), the database on Women in National Parliament, accessed February 1 of given year for annual data.	C
2018.Q2.G.01	SG_GEN_PARLNT	Number of seats in national parliaments (number)	334	73.52633626	-53.09106147	HMD	Heard Island and McDonald Islands	1	NUMBER	Number																								
2018.Q2.G.01	SG_GEN_PARLNT	Number of seats in national parliaments (number)	336	12.45315803	41.90343751	VAT	Holy See	1	NUMBER	Number																								
2018.Q2.G.01	SG_GEN_PARLNT	Number of seats in national parliaments (number)	340	-86.59974381	14.82243161	HND	Honduras	1	NUMBER	Number	128	128	128	128	128	128	128	128	128	128	128	128	128	128	128	128	128	128	128	128	2018	128	Inter-Parliamentary Union (IPU), the database on Women in National Parliament, accessed February 1 of given year for annual data.	C
2018.Q2.G.01	SG_GEN_PARLNT	Number of seats in national parliaments (number)	344	114.0266445	22.41749934	HKG	China, Hong Kong Special Administrative Region	1	NUMBER	Number																								
2018.Q2.G.01	SG_GEN_PARLNT	Number of seats in national parliaments (number)	348	19.41221519	47.1651448	HUN	Hungary	1	NUMBER	Number	386	386	386	386	386	385	385	386	386	386	386	386	386	386	384	198	198	199	199	235.6	2018	199	Inter-Parliamentary Union (IPU), the database on Women in National Parliament, accessed February 1 of given year for annual data.	C
2018.Q2.G.01	SG_GEN_PARLNT	Number of seats in national parliaments (number)	352	-19.02116966	64.79134763	ISL	Iceland	1	NUMBER	Number	63	63	63	63	63	63	63	63	63	63	63	63	63	63	63	63	63	63	63	63	2018	63	Inter-Parliamentary Union (IPU), the database on Women in National Parliament, accessed February 1 of given year for annual data.	C
2018.Q2.G.01	SG_GEN_PARLNT	Number of seats in national parliaments (number)	356	79.3608464	22.34642074	IND	India	1	NUMBER	Number	543	544	543	543	543	543	545	545	541	541	545	545	545	545	545	543	543	542	542	543	2018	542	Inter-Parliamentary Union (IPU), the database on Women in National Parliament, accessed February 1 of given year for annual data.	C
2018.Q2.G.01	SG_GEN_PARLNT	Number of seats in national parliaments (number)	360	113.9174	-0.994582204	IDN	Indonesia	1	NUMBER	Number	500	500	500	500	500	550	550	550	550	550	560	560	560	560	560	555	555	560	560	558	2018	560	Inter-Parliamentary Union (IPU), the database on Women in National Parliament, accessed February 1 of given year for annual data.	C
2018.Q2.G.01	SG_GEN_PARLNT	Number of seats in national parliaments (number)	364	54.19766348	32.74370885	IRN	Iran (Islamic Republic of)	1	NUMBER	Number	266	290	290	290	290	290	290	290	290	286	290	290	290	290	290	290	290	289	289	289.6	2018	289	Inter-Parliamentary Union (IPU), the database on Women in National Parliament, accessed February 1 of given year for annual data.	C
2018.Q2.G.01	SG_GEN_PARLNT	Number of seats in national parliaments (number)	368	43.76606267	33.05013795	IRQ	Iraq	1	NUMBER	Number	250	250	250	250			275	275	275	275	275	325	325	325	325	328	328	328	328	327.4	2018	328	Inter-Parliamentary Union (IPU), the database on Women in National Parliament, accessed February 1 of given year for annual data.	C
2018.Q2.G.01	SG_GEN_PARLNT	Number of seats in national parliaments (number)	372	-7.121425272	53.25274054	IRL	Ireland	1	NUMBER	Number	166	166	166	166	166	166	166	166	166	166	165	165	166	166	166	166	166	158	158	162.8	2018	158	Inter-Parliamentary Union (IPU), the database on Women in National Parliament, accessed February 1 of given year for annual data.	C
2018.Q2.G.01	SG_GEN_PARLNT	Number of seats in national parliaments (number)	376	34.62277992	31.06164552	ISR	Israel	1	NUMBER	Number	120	120	120	120	120	120	120	120	120	120	120	120	120	120	120	120	120	120	120	120	2018	120	Inter-Parliamentary Union (IPU), the database on Women in National Parliament, accessed February 1 of given year for annual data.	C
2018.Q2.G.01	SG_GEN_PARLNT	Number of seats in national parliaments (number)	380	12.57022427	42.79917282	ITA	Italy	1	NUMBER	Number	630	630	630	618	618	616	616	630	630	630	630	630	630	630	630	630	630	630	630	630	2018	630	Inter-Parliamentary Union (IPU), the database on Women in National Parliament, accessed February 1 of given year for annual data.	C
2018.Q2.G.01	SG_GEN_PARLNT	Number of seats in national parliaments (number)	384	-5.552690016	7.62211586	CIV	Côte d'Ivoire	1	NUMBER	Number	223	225	223	223	223	223	223	223	203	203	203	203	254	249	254	251	251	253	255	252.8	2018	255	Inter-Parliamentary Union (IPU), the database on Women in National Parliament, accessed February 1 of given year for annual data.	C
2018.Q2.G.01	SG_GEN_PARLNT	Number of seats in national parliaments (number)	388	-77.31068409	18.15616857	JAM	Jamaica	1	NUMBER	Number	60	60	60	60	60	60	60	60	60	60	60	60	63	63	63	63	63	63	63	63	2018	63	Inter-Parliamentary Union (IPU), the database on Women in National Parliament, accessed February 1 of given year for annual data.	C
2018.Q2.G.01	SG_GEN_PARLNT	Number of seats in national parliaments (number)	392	139.2716103	36.6554539	JPN	Japan	1	NUMBER	Number	500	480	480	480	480	480	480	480	480	480	480	480	480	480	480	475	475	475	465	474	2018	465	Inter-Parliamentary Union (IPU), the database on Women in National Parliament, accessed February 1 of given year for annual data.	C
2018.Q2.G.01	SG_GEN_PARLNT	Number of seats in national parliaments (number)	398	66.65359159	48.01963494	KAZ	Kazakhstan	1	NUMBER	Number	77	77	77	77	77	77	77	77	107	107	107	107	107	107	115	107	107	107	107	108.6	2018	107	Inter-Parliamentary Union (IPU), the database on Women in National Parliament, accessed February 1 of given year for annual data.	C
2018.Q2.G.01	SG_GEN_PARLNT	Number of seats in national parliaments (number)	400	37.13024774	30.65365973	JOR	Jordan	1	NUMBER	Number	80	80	80	80	110	110	110	110	110	110	110	120	120	150	150	150	150	130	130	142	2018	130	Inter-Parliamentary Union (IPU), the database on Women in National Parliament, accessed February 1 of given year for annual data.	C
2018.Q2.G.01	SG_GEN_PARLNT	Number of seats in national parliaments (number)	404	37.86096816	0.534797278	KEN	Kenya	1	NUMBER	Number	224	224	224	224	224	224	224	219	207	224	224	224	224	224	350	350	350	350	349	349.8	2018	349	Inter-Parliamentary Union (IPU), the database on Women in National Parliament, accessed February 1 of given year for annual data.	C
2018.Q2.G.01	SG_GEN_PARLNT	Number of seats in national parliaments (number)	408	127.1803633	40.1462645	PRK	Democratic People's Republic of Korea	1	NUMBER	Number	687	687	687	687		687	687	687	687	687	687	687	687	687	687	687	687	687	687	687	2018	687	Inter-Parliamentary Union (IPU), the database on Women in National Parliament, accessed February 1 of given year for annual data.	C
2018.Q2.G.01	SG_GEN_PARLNT	Number of seats in national parliaments (number)	410	127.8610254	36.45201023	KOR	Republic of Korea	1	NUMBER	Number	299	273	273	273	271	299	299	299	299	299	299	299	299	300	300	300	300	300	300	300	2018	300	Inter-Parliamentary Union (IPU), the database on Women in National Parliament, accessed February 1 of given year for annual data.	C
2018.Q2.G.01	SG_GEN_PARLNT	Number of seats in national parliaments (number)	414	47.49305029	29.53949468	KWT	Kuwait	1	NUMBER	Number	65	65	65	65	65	65	65	65	65	65	65	65	65	65	65	65	65	65	65	65	2018	65	Inter-Parliamentary Union (IPU), the database on Women in National Parliament, accessed February 1 of given year for annual data.	C
2018.Q2.G.01	SG_GEN_PARLNT	Number of seats in national parliaments (number)	417	74.52324839	41.46204516	KGZ	Kyrgyzstan	1	NUMBER	Number	70	43	60	60	60	60	75	72	90	90	90	120	120	120	120	120	120	120	120	120	2018	120	Inter-Parliamentary Union (IPU), the database on Women in National Parliament, accessed February 1 of given year for annual data.	C
2018.Q2.G.01	SG_GEN_PARLNT	Number of seats in national parliaments (number)	418	101.9901968	20.27482773	LAO	Lao People's Democratic Republic	1	NUMBER	Number	99	99	99	109	109	109	109	115	115	115	115	115	132	132	132	132	132	149	149	138.8	2018	149	Inter-Parliamentary Union (IPU), the database on Women in National Parliament, accessed February 1 of given year for annual data.	C
2018.Q2.G.01	SG_GEN_PARLNT	Number of seats in national parliaments (number)	422	35.89391711	33.92152458	LBN	Lebanon	1	NUMBER	Number	128	128	128	128	128	128	128	128	128	128	128	128	128	128	128	128	128	128	128	128	2018	128	Inter-Parliamentary Union (IPU), the database on Women in National Parliament, accessed February 1 of given year for annual data.	C
2018.Q2.G.01	SG_GEN_PARLNT	Number of seats in national parliaments (number)	426	28.25362195	-29.58041814	LSO	Lesotho	1	NUMBER	Number	79	79	79	120	120	120	120	119	120	120	120	120	120	120	120	120	120	120	122	120.4	2018	122	Inter-Parliamentary Union (IPU), the database on Women in National Parliament, accessed February 1 of given year for annual data.	C
2018.Q2.G.01	SG_GEN_PARLNT	Number of seats in national parliaments (number)	428	26.42461876	56.64196636	LVA	Latvia	1	NUMBER	Number	100	100	100	100	100	100	100	100	100	100	100	100	100	100	100	100	100	100	100	100	2018	100	Inter-Parliamentary Union (IPU), the database on Women in National Parliament, accessed February 1 of given year for annual data.	C
2018.Q2.G.01	SG_GEN_PARLNT	Number of seats in national parliaments (number)	430	-9.311879038	6.448381009	LBR	Liberia	1	NUMBER	Number	64	64	64	64	64	76	64	64	64	64	64	64	73	73	73	73	73	73	71	72.6	2018	71	Inter-Parliamentary Union (IPU), the database on Women in National Parliament, accessed February 1 of given year for annual data.	C
2018.Q2.G.01	SG_GEN_PARLNT	Number of seats in national parliaments (number)	434	18.0295985	27.04042819	LBY	Libya	1	NUMBER	Number							760	468	468	468	468	468	468	200	200	188	188	188	188	190.4	2018	188	Inter-Parliamentary Union (IPU), the database on Women in National Parliament, accessed February 1 of given year for annual data.	C
2018.Q2.G.01	SG_GEN_PARLNT	Number of seats in national parliaments (number)	438	9.552985019	47.14167005	LIE	Liechtenstein	1	NUMBER	Number	25	25	25	25	25	25	25	25	25	25	25	25	25	25	25	25	25	25	25	25	2018	25	Inter-Parliamentary Union (IPU), the database on Women in National Parliament, accessed February 1 of given year for annual data.	C
2018.Q2.G.01	SG_GEN_PARLNT	Number of seats in national parliaments (number)	440	23.90517807	55.33680309	LTU	Lithuania	1	NUMBER	Number	137	141	141	141	141	141	141	141	141	141	141	141	141	139	141	141	141	141	141	141	2018	141	Inter-Parliamentary Union (IPU), the database on Women in National Parliament, accessed February 1 of given year for annual data.	C
2018.Q2.G.01	SG_GEN_PARLNT	Number of seats in national parliaments (number)	442	6.092656563	49.77679538	LUX	Luxembourg	1	NUMBER	Number	60	60	60	60	60	60	60	60	60	60	60	60	60	60	60	60	60	60	60	60	2018	60	Inter-Parliamentary Union (IPU), the database on Women in National Parliament, accessed February 1 of given year for annual data.	C
2018.Q2.G.01	SG_GEN_PARLNT	Number of seats in national parliaments (number)	446	113.5665388	22.1237259	MAC	China, Macao Special Administrative Region	1	NUMBER	Number																								
2018.Q2.G.01	SG_GEN_PARLNT	Number of seats in national parliaments (number)	450	46.6982339	-19.38514785	MDG	Madagascar	1	NUMBER	Number	150	150	150	160	160	160	160	160	127	127		256	365	366	147	151	151	151	151	150.2	2018	151	Inter-Parliamentary Union (IPU), the database on Women in National Parliament, accessed February 1 of given year for annual data.	C
2018.Q2.G.01	SG_GEN_PARLNT	Number of seats in national parliaments (number)	454	33.4884625	-13.40819859	MWI	Malawi	1	NUMBER	Number	193	193	193	193	193	193	191	191	193	193	192	192	193	193	193	192	192	192	192	192.2	2018	192	Inter-Parliamentary Union (IPU), the database on Women in National Parliament, accessed February 1 of given year for annual data.	C
2018.Q2.G.01	SG_GEN_PARLNT	Number of seats in national parliaments (number)	458	116.8346314	5.452415309	MYS	Malaysia	1	NUMBER	Number	193	193	193	193	191	219	219	219	219	222	222	222	221	221	222	222	222	222	222	222	2018	222	Inter-Parliamentary Union (IPU), the database on Women in National Parliament, accessed February 1 of given year for annual data.	C
2018.Q2.G.01	SG_GEN_PARLNT	Number of seats in national parliaments (number)	462	73.09672546	-0.614385021	MDV	Maldives	1	NUMBER	Number	50	50	50	50	50	50	50	50	50	50	77	77	77	77	74	85	85	85	85	82.8	2018	85	Inter-Parliamentary Union (IPU), the database on Women in National Parliament, accessed February 1 of given year for annual data.	C
2018.Q2.G.01	SG_GEN_PARLNT	Number of seats in national parliaments (number)	466	-3.522016039	17.35311254	MLI	Mali	1	NUMBER	Number	147	147	147	147	147	147	147	147	147	147	147	147	147	147	147	147	147	147	147	147	2018	147	Inter-Parliamentary Union (IPU), the database on Women in National Parliament, accessed February 1 of given year for annual data.	C
2018.Q2.G.01	SG_GEN_PARLNT	Number of seats in national parliaments (number)	470	14.44617519	35.89194275	MLT	Malta	1	NUMBER	Number	65	65	65	65	65	65	65	65	65	69	69	69	69	69	70	70	70	72	67	69.8	2018	67	Inter-Parliamentary Union (IPU), the database on Women in National Parliament, accessed February 1 of given year for annual data.	C
2018.Q2.G.01	SG_GEN_PARLNT	Number of seats in national parliaments (number)	474	-60.91544135	14.56086108	MTQ	Martinique	1	NUMBER	Number																								
2018.Q2.G.01	SG_GEN_PARLNT	Number of seats in national parliaments (number)	478	-10.33187259	20.26089546	MRT	Mauritania	1	NUMBER	Number	79	79	81	81	81	81		95	95	95	95	95	95	95	147	147	147	147	147	147	2018	147	Inter-Parliamentary Union (IPU), the database on Women in National Parliament, accessed February 1 of given year for annual data.	C
2018.Q2.G.01	SG_GEN_PARLNT	Number of seats in national parliaments (number)	480	57.568022	-20.28581998	MUS	Mauritius	1	NUMBER	Number	66	70	70	70	70	70	70	70	70	70	70	69	69	69	69	69	69	69	69	69	2018	69	Inter-Parliamentary Union (IPU), the database on Women in National Parliament, accessed February 1 of given year for annual data.	C
2018.Q2.G.01	SG_GEN_PARLNT	Number of seats in national parliaments (number)	484	-102.5148166	23.93378032	MEX	Mexico	1	NUMBER	Number	500	500	500	500	500	500	500	500	500	500	500	500	500	500	500	500	498	500	500	499.6	2018	500	Inter-Parliamentary Union (IPU), the database on Women in National Parliament, accessed February 1 of given year for annual data.	C
2018.Q2.G.01	SG_GEN_PARLNT	Number of seats in national parliaments (number)	492	7.424214814	43.73532918	MCO	Monaco	1	NUMBER	Number	18	18	18	18	24	24	24	24	24	24	23	23	21	21	24	24	24	24	24	24	2018	24	Inter-Parliamentary Union (IPU), the database on Women in National Parliament, accessed February 1 of given year for annual data.	C
2018.Q2.G.01	SG_GEN_PARLNT	Number of seats in national parliaments (number)	496	103.0728057	46.83892054	MNG	Mongolia	1	NUMBER	Number	76	76	76	76	76	74	75	76	76	74	76	76	76	74	74	74	76	76	76	75.2	2018	76	Inter-Parliamentary Union (IPU), the database on Women in National Parliament, accessed February 1 of given year for annual data.	C
2018.Q2.G.01	SG_GEN_PARLNT	Number of seats in national parliaments (number)	498	28.4650624	47.20236795	MDA	Republic of Moldova	1	NUMBER	Number	101	101	101	101	101	101	101	101	101	101	101	101	101	101	101	101	101	101	101	101	2018	101	Inter-Parliamentary Union (IPU), the database on Women in National Parliament, accessed February 1 of given year for annual data.	C
2018.Q2.G.01	SG_GEN_PARLNT	Number of seats in national parliaments (number)	499	19.25214024	42.78717043	MNE	Montenegro	1	NUMBER	Number								81	81	81	81	81	81	81	81	81	81	81	81	81	2018	81	Inter-Parliamentary Union (IPU), the database on Women in National Parliament, accessed February 1 of given year for annual data.	C
2018.Q2.G.01	SG_GEN_PARLNT	Number of seats in national parliaments (number)	500	-62.19261223	16.73558313	MSR	Montserrat	1	NUMBER	Number																								
2018.Q2.G.01	SG_GEN_PARLNT	Number of seats in national parliaments (number)	504	-6.281942841	31.8440131	MAR	Morocco	1	NUMBER	Number	325	325	325	325	325	325	325	325	325	325	325	325	395	395	395	395	395	395	395	395	2018	395	Inter-Parliamentary Union (IPU), the database on Women in National Parliament, accessed February 1 of given year for annual data.	C
2018.Q2.G.01	SG_GEN_PARLNT	Number of seats in national parliaments (number)	508	38.18479941	-14.27963886	MOZ	Mozambique	1	NUMBER	Number	250	250	250	250	250	250	250	250	250	250	250	250	250	250	250	250	250	250	250	250	2018	250	Inter-Parliamentary Union (IPU), the database on Women in National Parliament, accessed February 1 of given year for annual data.	C
2018.Q2.G.01	SG_GEN_PARLNT	Number of seats in national parliaments (number)	512	57.87743482	21.98805614	OMN	Oman	1	NUMBER	Number						83	83	83	84	84	84	84	84	84	84	84	85	85	85	84.6	2018	85	Inter-Parliamentary Union (IPU), the database on Women in National Parliament, accessed February 1 of given year for annual data.	C
2018.Q2.G.01	SG_GEN_PARLNT	Number of seats in national parliaments (number)	516	17.21907885	-22.13817068	NAM	Namibia	1	NUMBER	Number	72	72	72	72	72	72	78	78	78	78	67	78	78	78	78	104	104	104	104	98.8	2018	104	Inter-Parliamentary Union (IPU), the database on Women in National Parliament, accessed February 1 of given year for annual data.	C
2018.Q2.G.01	SG_GEN_PARLNT	Number of seats in national parliaments (number)	520	166.92313	-0.528742623	NRU	Nauru	1	NUMBER	Number	18	18	18	18	18	18	18	18	18	18	18	18	18	18	19	19	19	19	19	19	2018	19	Inter-Parliamentary Union (IPU), the database on Women in National Parliament, accessed February 1 of given year for annual data.	C
2018.Q2.G.01	SG_GEN_PARLNT	Number of seats in national parliaments (number)	524	83.94678863	28.25866332	NPL	Nepal	1	NUMBER	Number	205	205	205					329	329	594	594	594	594	594	575	597	599	595	165	506.2	2018	165	Inter-Parliamentary Union (IPU), the database on Women in National Parliament, accessed February 1 of given year for annual data.	C
2018.Q2.G.01	SG_GEN_PARLNT	Number of seats in national parliaments (number)	528	5.331480568	51.86728884	NLD	Netherlands	1	NUMBER	Number	150	150	150	150	150	150	150	150	150	150	150	150	150	150	150	150	150	150	150	150	2018	150	Inter-Parliamentary Union (IPU), the database on Women in National Parliament, accessed February 1 of given year for annual data.	C
2018.Q2.G.01	SG_GEN_PARLNT	Number of seats in national parliaments (number)	530	-68.30676179	12.22720635	ANT	Netherlands Antilles	1	NUMBER	Number																								
2018.Q2.G.01	SG_GEN_PARLNT	Number of seats in national parliaments (number)	531	-68.95033464	12.15058042	CUW	Curaçao	1	NUMBER	Number																								
2018.Q2.G.01	SG_GEN_PARLNT	Number of seats in national parliaments (number)	533	-69.97050586	12.50878756	ABW	Aruba	1	NUMBER	Number																								
2018.Q2.G.01	SG_GEN_PARLNT	Number of seats in national parliaments (number)	534	-63.06198692	18.03926508	SXM	Sint Maarten (Dutch part)	1	NUMBER	Number																								
2018.Q2.G.01	SG_GEN_PARLNT	Number of seats in national parliaments (number)	540	165.5067368	-21.41742531	NCL	New Caledonia	1	NUMBER	Number																								
2018.Q2.G.01	SG_GEN_PARLNT	Number of seats in national parliaments (number)	548	167.0679779	-15.34445547	VUT	Vanuatu	1	NUMBER	Number	52	52	52	52	52	52	52	52	52	52	52	52	52	52	52	52	52	52	52	52	2018	52	Inter-Parliamentary Union (IPU), the database on Women in National Parliament, accessed February 1 of given year for annual data.	C
2018.Q2.G.01	SG_GEN_PARLNT	Number of seats in national parliaments (number)	554	170.4755673	-43.98721568	NZL	New Zealand	1	NUMBER	Number	120	120	120	120	120	120	121	121	121	122	122	122	121	121	121	121	121	120	120	120.6	2018	120	Inter-Parliamentary Union (IPU), the database on Women in National Parliament, accessed February 1 of given year for annual data.	C
2018.Q2.G.01	SG_GEN_PARLNT	Number of seats in national parliaments (number)	558	-85.03060315	12.84210839	NIC	Nicaragua	1	NUMBER	Number	93	93	92	92	92	92	92	92	92	92	92	92	92	92	92	92	92	92	92	92	2018	92	Inter-Parliamentary Union (IPU), the database on Women in National Parliament, accessed February 1 of given year for annual data.	C
2018.Q2.G.01	SG_GEN_PARLNT	Number of seats in national parliaments (number)	562	9.400167877	17.42143036	NER	Niger	1	NUMBER	Number	83	83	83	83	83	113	113	113	113	113	113		113	113	113	113	113	171	171	136.2	2018	171	Inter-Parliamentary Union (IPU), the database on Women in National Parliament, accessed February 1 of given year for annual data.	C
2018.Q2.G.01	SG_GEN_PARLNT	Number of seats in national parliaments (number)	566	8.097363256	9.585789025	NGA	Nigeria	1	NUMBER	Number		351	351	351	360	360	360	360	358	358	358	358	352	360	360	360	360	360	360	360	2018	360	Inter-Parliamentary Union (IPU), the database on Women in National Parliament, accessed February 1 of given year for annual data.	C
2018.Q2.G.01	SG_GEN_PARLNT	Number of seats in national parliaments (number)	570	-169.8601693	-19.05000475	NIU	Niue	1	NUMBER	Number																								
2018.Q2.G.01	SG_GEN_PARLNT	Number of seats in national parliaments (number)	574	167.9515548	-29.03230018	NFK	Norfolk Island	1	NUMBER	Number																								
2018.Q2.G.01	SG_GEN_PARLNT	Number of seats in national parliaments (number)	578	11.47846389	61.34311134	NOR	Norway	1	NUMBER	Number	165	165	165	165	165	165	169	169	169	169	169	169	169	169	169	169	169	169	169	169	2018	169	Inter-Parliamentary Union (IPU), the database on Women in National Parliament, accessed February 1 of given year for annual data.	C
2018.Q2.G.01	SG_GEN_PARLNT	Number of seats in national parliaments (number)	580	145.7582114	15.19099517	MNP	Northern Mariana Islands	1	NUMBER	Number																								
2018.Q2.G.01	SG_GEN_PARLNT	Number of seats in national parliaments (number)	581	-162.4343752	5.874443968	UMI	US Minor Outlying Islands	1	NUMBER	Number																								
2018.Q2.G.01	SG_GEN_PARLNT	Number of seats in national parliaments (number)	583	158.225216	6.880670092	FSM	Micronesia, Federated States of	1	NUMBER	Number	14	14	14	14	14	14	14	14	14	14	14	14	14	14	14	14	14	14	14	14	2018	14	Inter-Parliamentary Union (IPU), the database on Women in National Parliament, accessed February 1 of given year for annual data.	C
2018.Q2.G.01	SG_GEN_PARLNT	Number of seats in national parliaments (number)	584	171.0839119	7.110213497	MHL	Marshall Islands	1	NUMBER	Number	33	33	33	33	33	33	33	33	33	33	33	33	33	33	33	33	33	33	33	33	2018	33	Inter-Parliamentary Union (IPU), the database on Women in National Parliament, accessed February 1 of given year for annual data.	C
2018.Q2.G.01	SG_GEN_PARLNT	Number of seats in national parliaments (number)	585	134.5733878	7.502307591	PLW	Palau	1	NUMBER	Number	16	16	16	16	16	16	16	16	16	16	16	16	16	16	16	16	16	16	16	16	2018	16	Inter-Parliamentary Union (IPU), the database on Women in National Parliament, accessed February 1 of given year for annual data.	C
2018.Q2.G.01	SG_GEN_PARLNT	Number of seats in national parliaments (number)	586	68.80479684	29.36491634	PAK	Pakistan	1	NUMBER	Number				342	342	342	342	342	342	338	342	342	342	342	323	323	340	340	340	333.2	2018	340	Inter-Parliamentary Union (IPU), the database on Women in National Parliament, accessed February 1 of given year for annual data.	C
2018.Q2.G.01	SG_GEN_PARLNT	Number of seats in national parliaments (number)	591	-81.26616623	8.450965746	PAN	Panama	1	NUMBER	Number	72	71	71	71	71	78	78	78	78	78	71	71	71	71	71	57	71	71	71	68.2	2018	71	Inter-Parliamentary Union (IPU), the database on Women in National Parliament, accessed February 1 of given year for annual data.	C
2018.Q2.G.01	SG_GEN_PARLNT	Number of seats in national parliaments (number)	598	145.8587761	-6.756057077	PNG	Papua New Guinea	1	NUMBER	Number	109	109	109	109	109	109	109	109	109	109	109	109	109	111	111	111	111	111	106	110	2018	106	Inter-Parliamentary Union (IPU), the database on Women in National Parliament, accessed February 1 of given year for annual data.	C
2018.Q2.G.01	SG_GEN_PARLNT	Number of seats in national parliaments (number)	600	-60.54854225	-21.70216237	PRY	Paraguay	1	NUMBER	Number	80	80	80	80	80	80	80	80	80	80	80	80	80	80	80	80	80	80	80	80	2018	80	Inter-Parliamentary Union (IPU), the database on Women in National Parliament, accessed February 1 of given year for annual data.	C
2018.Q2.G.01	SG_GEN_PARLNT	Number of seats in national parliaments (number)	604	-71.82093277	-13.58939705	PER	Peru	1	NUMBER	Number	120	120	120	120	120	120	120	120	120	120	120	120	130	130	130	130	130	130	130	130	2018	130	Inter-Parliamentary Union (IPU), the database on Women in National Parliament, accessed February 1 of given year for annual data.	C
2018.Q2.G.01	SG_GEN_PARLNT	Number of seats in national parliaments (number)	608	120.8601418	14.16591706	PHL	Philippines	1	NUMBER	Number	217	222	214	214	214	236	236	236	239	239	267	280	284	284	289	290	290	292	292	290.6	2018	292	Inter-Parliamentary Union (IPU), the database on Women in National Parliament, accessed February 1 of given year for annual data.	C
2018.Q2.G.01	SG_GEN_PARLNT	Number of seats in national parliaments (number)	612	-128.3225873	-24.37538456	PCN	Pitcairn	1	NUMBER	Number																								
2018.Q2.G.01	SG_GEN_PARLNT	Number of seats in national parliaments (number)	616	19.40660158	52.1226733	POL	Poland	1	NUMBER	Number	460	460	460	460	460	460	460	460	460	460	460	460	460	460	460	460	460	460	460	460	2018	460	Inter-Parliamentary Union (IPU), the database on Women in National Parliament, accessed February 1 of given year for annual data.	C
2018.Q2.G.01	SG_GEN_PARLNT	Number of seats in national parliaments (number)	620	-7.961599811	39.68509315	PRT	Portugal	1	NUMBER	Number	230	230	230	230	230	230	230	230	230	230	230	230	230	230	230	230	230	230	230	230	2018	230	Inter-Parliamentary Union (IPU), the database on Women in National Parliament, accessed February 1 of given year for annual data.	C
2018.Q2.G.01	SG_GEN_PARLNT	Number of seats in national parliaments (number)	624	-14.40182514	12.11760394	GNB	Guinea-Bissau	1	NUMBER	Number	102	102	102	102		100	100	100	100	100	100	100	100	100	100	102	102	102	102	101.6	2018	102	Inter-Parliamentary Union (IPU), the database on Women in National Parliament, accessed February 1 of given year for annual data.	C
2018.Q2.G.01	SG_GEN_PARLNT	Number of seats in national parliaments (number)	626	125.9451052	-8.797497247	TLS	Timor-Leste	1	NUMBER	Number				88	88	87	87	87	65	65	65	65	65	65	65	65	65	65	65	65	2018	65	Inter-Parliamentary Union (IPU), the database on Women in National Parliament, accessed February 1 of given year for annual data.	C
2018.Q2.G.01	SG_GEN_PARLNT	Number of seats in national parliaments (number)	630	-66.47591017	18.22753799	PRI	Puerto Rico	1	NUMBER	Number																								
2018.Q2.G.01	SG_GEN_PARLNT	Number of seats in national parliaments (number)	634	51.19152467	25.28355379	QAT	Qatar	1	NUMBER	Number							35	35	35	35	35	35	35	35	35	35	35	35	41	36.2	2018	41	Inter-Parliamentary Union (IPU), the database on Women in National Parliament, accessed February 1 of given year for annual data.	C
2018.Q2.G.01	SG_GEN_PARLNT	Number of seats in national parliaments (number)	638	55.53171398	-21.13183266	REU	Réunion	1	NUMBER	Number																								
2018.Q2.G.01	SG_GEN_PARLNT	Number of seats in national parliaments (number)	642	24.98481009	45.83893563	ROU	Romania	1	NUMBER	Number	343	345	345	345	345	332	331	331	330	334	334	334	330	412	407	401	401	329	329	373.4	2018	329	Inter-Parliamentary Union (IPU), the database on Women in National Parliament, accessed February 1 of given year for annual data.	C
2018.Q2.G.01	SG_GEN_PARLNT	Number of seats in national parliaments (number)	643	99.01404926	61.61899849	RUS	Russian Federation	1	NUMBER	Number	441	441	449	449	450	447	447	447	450	450	450	450	450	450	450	450	450	450	450	450	2018	450	Inter-Parliamentary Union (IPU), the database on Women in National Parliament, accessed February 1 of given year for annual data.	C
2018.Q2.G.01	SG_GEN_PARLNT	Number of seats in national parliaments (number)	646	29.92310194	-1.999842114	RWA	Rwanda	1	NUMBER	Number	70	70	74	74	80	80	80	80	80	80	80	80	80	80	80	80	80	80	80	80	2018	80	Inter-Parliamentary Union (IPU), the database on Women in National Parliament, accessed February 1 of given year for annual data.	C
2018.Q2.G.01	SG_GEN_PARLNT	Number of seats in national parliaments (number)	652	-62.83173536	17.89513362	BLM	Saint Barthélemy	1	NUMBER	Number																								
2018.Q2.G.01	SG_GEN_PARLNT	Number of seats in national parliaments (number)	654	-5.705752501	-15.96503946	SHN	Saint Helena	1	NUMBER	Number																								
2018.Q2.G.01	SG_GEN_PARLNT	Number of seats in national parliaments (number)	659	-62.76628613	17.33994219	KNA	Saint Kitts and Nevis	1	NUMBER	Number	15	15	15	15	15	15	15	15	15	15	15	15	15	15	15	15	15	15	15	15	2018	15	Inter-Parliamentary Union (IPU), the database on Women in National Parliament, accessed February 1 of given year for annual data.	C
2018.Q2.G.01	SG_GEN_PARLNT	Number of seats in national parliaments (number)	660	-63.05651612	18.21525315	AIA	Anguilla	1	NUMBER	Number																								
2018.Q2.G.01	SG_GEN_PARLNT	Number of seats in national parliaments (number)	662	-60.96529553	13.89405601	LCA	Saint Lucia	1	NUMBER	Number	18	18	18	18	18	18	18	18	18	18	18	18	18	18	18	18	18	18	18	18	2018	18	Inter-Parliamentary Union (IPU), the database on Women in National Parliament, accessed February 1 of given year for annual data.	C
2018.Q2.G.01	SG_GEN_PARLNT	Number of seats in national parliaments (number)	663	-63.04505461	18.0882685	MAF	Saint Martin (French Part)	1	NUMBER	Number																								
2018.Q2.G.01	SG_GEN_PARLNT	Number of seats in national parliaments (number)	666	-56.33682442	46.85812735	SPM	Saint Pierre and Miquelon	1	NUMBER	Number																								
2018.Q2.G.01	SG_GEN_PARLNT	Number of seats in national parliaments (number)	670	-61.19024321	13.24627968	VCT	Saint Vincent and the Grenadines	1	NUMBER	Number	21	21	22	22	22	22	22	22	22	22	23	21	23	23	23	23	23	23	23	23	2018	23	Inter-Parliamentary Union (IPU), the database on Women in National Parliament, accessed February 1 of given year for annual data.	C
2018.Q2.G.01	SG_GEN_PARLNT	Number of seats in national parliaments (number)	674	12.46329038	43.93841766	SMR	San Marino	1	NUMBER	Number	60	60	60	60	60	60	60	60	60	60	60	60	60	60	60	60	60	60	60	60	2018	60	Inter-Parliamentary Union (IPU), the database on Women in National Parliament, accessed February 1 of given year for annual data.	C
2018.Q2.G.01	SG_GEN_PARLNT	Number of seats in national parliaments (number)	678	6.609772265	0.241554875	STP	Sao Tome and Principe	1	NUMBER	Number	55	55	55	55	55	55	55	55	55	55	55	55	55	55	55	55	55	55	55	55	2018	55	Inter-Parliamentary Union (IPU), the database on Women in National Parliament, accessed February 1 of given year for annual data.	C
2018.Q2.G.01	SG_GEN_PARLNT	Number of seats in national parliaments (number)	682	44.54763347	24.12594211	SAU	Saudi Arabia	1	NUMBER	Number					120	120	150	150	150	150	150	150	150	151	151	151	151	151	151	151	2018	151	Inter-Parliamentary Union (IPU), the database on Women in National Parliament, accessed February 1 of given year for annual data.	C
2018.Q2.G.01	SG_GEN_PARLNT	Number of seats in national parliaments (number)	686	-14.46636926	14.35920905	SEN	Senegal	1	NUMBER	Number	140	140	120	120	120	120	120	120	150	150	150	150	150	150	150	150	150	150	165	153	2018	165	Inter-Parliamentary Union (IPU), the database on Women in National Parliament, accessed February 1 of given year for annual data.	C
2018.Q2.G.01	SG_GEN_PARLNT	Number of seats in national parliaments (number)	688	20.805876	44.03145697	SRB	Serbia	1	NUMBER	Number								250	250	250	250	250	250	250	250	250	250	250	250	250	2018	250	Inter-Parliamentary Union (IPU), the database on Women in National Parliament, accessed February 1 of given year for annual data.	C
2018.Q2.G.01	SG_GEN_PARLNT	Number of seats in national parliaments (number)	690	55.46561591	-4.678053059	SYC	Seychelles	1	NUMBER	Number	34	34	34	34	34	34	34	34	34	34	34	34	32	32	32	32	32	33	33	32.4	2018	33	Inter-Parliamentary Union (IPU), the database on Women in National Parliament, accessed February 1 of given year for annual data.	C
2018.Q2.G.01	SG_GEN_PARLNT	Number of seats in national parliaments (number)	694	-11.78306584	8.568604164	SLE	Sierra Leone	1	NUMBER	Number	80	80	80	124	124	124	124	124	121	121	121	121	124	121	124	121	121	121	121	121.6	2018	121	Inter-Parliamentary Union (IPU), the database on Women in National Parliament, accessed February 1 of given year for annual data.	C
2018.Q2.G.01	SG_GEN_PARLNT	Number of seats in national parliaments (number)	702	103.8107883	1.361009155	SGP	Singapore	1	NUMBER	Number	93	93	85	85	94	94	94	94	94	94	94	94	90	99	99	99	91	101	100	98	2018	100	Inter-Parliamentary Union (IPU), the database on Women in National Parliament, accessed February 1 of given year for annual data.	C
2018.Q2.G.01	SG_GEN_PARLNT	Number of seats in national parliaments (number)	703	19.48495604	48.70741446	SVK	Slovakia	1	NUMBER	Number	150	150	150	150	150	150	150	150	150	150	150	150	150	150	150	150	150	150	150	150	2018	150	Inter-Parliamentary Union (IPU), the database on Women in National Parliament, accessed February 1 of given year for annual data.	C
2018.Q2.G.01	SG_GEN_PARLNT	Number of seats in national parliaments (number)	704	105.802499	10.09643079	VNM	Viet Nam	1	NUMBER	Number	450	450	450	498	498	498	498	498	493	493	493	493	500	500	498	498	498	494	494	496.4	2018	494	Inter-Parliamentary Union (IPU), the database on Women in National Parliament, accessed February 1 of given year for annual data.	C
2018.Q2.G.01	SG_GEN_PARLNT	Number of seats in national parliaments (number)	705	14.82209486	46.11958061	SVN	Slovenia	1	NUMBER	Number	90	90	90	90	90	90	90	90	90	90	90	90	90	90	90	90	90	90	90	90	2018	90	Inter-Parliamentary Union (IPU), the database on Women in National Parliament, accessed February 1 of given year for annual data.	C
2018.Q2.G.01	SG_GEN_PARLNT	Number of seats in national parliaments (number)	706	46.20367477	4.406485729	SOM	Somalia	1	NUMBER	Number							275	269	256		539	546	546	275	275	275	275	264	275	272.8	2018	275	Inter-Parliamentary Union (IPU), the database on Women in National Parliament, accessed February 1 of given year for annual data.	C
2018.Q2.G.01	SG_GEN_PARLNT	Number of seats in national parliaments (number)	710	24.67184355	-29.99957544	ZAF	South Africa	1	NUMBER	Number	400	399	399	399	399	400	400	400	400	400	400	400	400	400	400	400	400	396	394	398	2018	394	Inter-Parliamentary Union (IPU), the database on Women in National Parliament, accessed February 1 of given year for annual data.	C
2018.Q2.G.01	SG_GEN_PARLNT	Number of seats in national parliaments (number)	716	29.86909584	-19.00075492	ZWE	Zimbabwe	1	NUMBER	Number	150	150	150	150	150	150	150	150	150	210	214	214	214	214	270	270	270	270	250	266	2018	250	Inter-Parliamentary Union (IPU), the database on Women in National Parliament, accessed February 1 of given year for annual data.	C
2018.Q2.G.01	SG_GEN_PARLNT	Number of seats in national parliaments (number)	724	-3.554078296	40.39211472	ESP	Spain	1	NUMBER	Number	348	350	350	350	350	350	350	350	350	350	350	350	350	350	350	350	350	350	350	350	2018	350	Inter-Parliamentary Union (IPU), the database on Women in National Parliament, accessed February 1 of given year for annual data.	C
2018.Q2.G.01	SG_GEN_PARLNT	Number of seats in national parliaments (number)	728	30.32618773	7.290839152	SSD	South Sudan	1	NUMBER	Number													332	332	332	332	332	383	383	352.4	2018	383	Inter-Parliamentary Union (IPU), the database on Women in National Parliament, accessed February 1 of given year for annual data.	C
2018.Q2.G.01	SG_GEN_PARLNT	Number of seats in national parliaments (number)	732	-13.13515523	24.66265342	ESH	Western Sahara	1	NUMBER	Number																								
2018.Q2.G.01	SG_GEN_PARLNT	Number of seats in national parliaments (number)	736	29.95650159	16.02643066	SDN	Sudan	1	NUMBER	Number	400	400	360	360	360	360	450	450	443	443	444	446									2011	446	Inter-Parliamentary Union (IPU), the database on Women in National Parliament, accessed February 1 of given year for annual data.	C
2018.Q2.G.01	SG_GEN_PARLNT	Number of seats in national parliaments (number)	740	-55.90626394	4.132603197	SUR	Suriname	1	NUMBER	Number	51	51	51	51	51	51	51	51	51	51	51	51	51	51	51	51	51	51	51	51	2018	51	Inter-Parliamentary Union (IPU), the database on Women in National Parliament, accessed February 1 of given year for annual data.	C
2018.Q2.G.01	SG_GEN_PARLNT	Number of seats in national parliaments (number)	744	13.38071013	78.82894131	SJM	Svalbard and Jan Mayen Islands	1	NUMBER	Number																								
2018.Q2.G.01	SG_GEN_PARLNT	Number of seats in national parliaments (number)	748	31.50149288	-26.56471011	SWZ	Swaziland	1	NUMBER	Number	65	65	65	65	65	65	65	65	65	65	66	66	66	66	65	65	65	65	65	65	2018	65	Inter-Parliamentary Union (IPU), the database on Women in National Parliament, accessed February 1 of given year for annual data.	C
2018.Q2.G.01	SG_GEN_PARLNT	Number of seats in national parliaments (number)	752	14.3775338	60.60103109	SWE	Sweden	1	NUMBER	Number	349	349	349	349	349	349	349	349	349	349	349	349	349	349	349	349	349	349	349	349	2018	349	Inter-Parliamentary Union (IPU), the database on Women in National Parliament, accessed February 1 of given year for annual data.	C
2018.Q2.G.01	SG_GEN_PARLNT	Number of seats in national parliaments (number)	756	8.223158	46.96617097	CHE	Switzerland	1	NUMBER	Number	200	200	200	200	200	200	200	200	200	200	200	200	200	200	200	200	200	200	200	200	2018	200	Inter-Parliamentary Union (IPU), the database on Women in National Parliament, accessed February 1 of given year for annual data.	C
2018.Q2.G.01	SG_GEN_PARLNT	Number of seats in national parliaments (number)	760	38.50466565	35.01676176	SYR	Syrian Arab Republic (Syria)	1	NUMBER	Number	250	250	250	250	250	250	250	250	250	250	250	250	250	250	250	250	250	250	250	250	2018	250	Inter-Parliamentary Union (IPU), the database on Women in National Parliament, accessed February 1 of given year for annual data.	C
2018.Q2.G.01	SG_GEN_PARLNT	Number of seats in national parliaments (number)	762	69.294998	38.43069666	TJK	Tajikistan	1	NUMBER	Number	181	60	63	63	63	63	63	63	63	63	63	63	63	63	63	59	63	63	63	62.2	2018	63	Inter-Parliamentary Union (IPU), the database on Women in National Parliament, accessed February 1 of given year for annual data.	C
2018.Q2.G.01	SG_GEN_PARLNT	Number of seats in national parliaments (number)	764	101.0202951	15.13089239	THA	Thailand	1	NUMBER	Number	393	500	500	500	500	453	500	242	477	480	473	473	500	500	500	197	197	247	250	278.2	2018	250	Inter-Parliamentary Union (IPU), the database on Women in National Parliament, accessed February 1 of given year for annual data.	C
2018.Q2.G.01	SG_GEN_PARLNT	Number of seats in national parliaments (number)	768	0.97835765	8.532096072	TGO	Togo	1	NUMBER	Number	81	81	81	81	81	81	81	81	81	81	81	81	81	81	91	91	91	91	91	91	2018	91	Inter-Parliamentary Union (IPU), the database on Women in National Parliament, accessed February 1 of given year for annual data.	C
2018.Q2.G.01	SG_GEN_PARLNT	Number of seats in national parliaments (number)	772	-171.8154473	-9.214545558	TKL	Tokelau	1	NUMBER	Number																								
2018.Q2.G.01	SG_GEN_PARLNT	Number of seats in national parliaments (number)	776	-175.1959991	-21.19511329	TON	Tonga	1	NUMBER	Number	30	30	30	30	30	30	29	30	30	32	32	26	28	28	28	26	26	26	27	26.6	2018	27	Inter-Parliamentary Union (IPU), the database on Women in National Parliament, accessed February 1 of given year for annual data.	C
2018.Q2.G.01	SG_GEN_PARLNT	Number of seats in national parliaments (number)	780	-61.29389504	10.41877263	TTO	Trinidad and Tobago	1	NUMBER	Number	36	36	36	36	36	36	36	36	41	41	41	42	42	42	42	42	42	42	42	42	2018	42	Inter-Parliamentary Union (IPU), the database on Women in National Parliament, accessed February 1 of given year for annual data.	C
2018.Q2.G.01	SG_GEN_PARLNT	Number of seats in national parliaments (number)	784	53.98279159	23.43322219	ARE	United Arab Emirates	1	NUMBER	Number	40	40	40	40	40	40	40	40	40	40	40	40	40	40	40	40	40	40	40	40	2018	40	Inter-Parliamentary Union (IPU), the database on Women in National Parliament, accessed February 1 of given year for annual data.	C
2018.Q2.G.01	SG_GEN_PARLNT	Number of seats in national parliaments (number)	788	9.572737411	34.11439971	TUN	Tunisia	1	NUMBER	Number	182	182	182	182	182	189	189	189	189	189	214	214	217	217	217	217	217	217	217	217	2018	217	Inter-Parliamentary Union (IPU), the database on Women in National Parliament, accessed February 1 of given year for annual data.	C
2018.Q2.G.01	SG_GEN_PARLNT	Number of seats in national parliaments (number)	792	35.42890329	38.9899684	TUR	Turkey	1	NUMBER	Number	550	550	550	550	550	550	550	550	549	549	549	549	550	550	548	548	550	550	549	549	2018	549	Inter-Parliamentary Union (IPU), the database on Women in National Parliament, accessed February 1 of given year for annual data.	C
2018.Q2.G.01	SG_GEN_PARLNT	Number of seats in national parliaments (number)	795	58.9787665	40.0912346	TKM	Turkmenistan	1	NUMBER	Number	50	50	50	50	50	50	50	50	50	125	125	125	125	125	125	124	124	124	124	124.2	2018	124	Inter-Parliamentary Union (IPU), the database on Women in National Parliament, accessed February 1 of given year for annual data.	C
2018.Q2.G.01	SG_GEN_PARLNT	Number of seats in national parliaments (number)	796	-71.745121	21.80780585	TCA	Turks and Caicos Islands	1	NUMBER	Number																								
2018.Q2.G.01	SG_GEN_PARLNT	Number of seats in national parliaments (number)	798	178.6679611	-7.460048071	TUV	Tuvalu	1	NUMBER	Number	12	12	15	15	15	15	15	15	15	15	15	15	15	15	15	15	15	15	15	15	2018	15	Inter-Parliamentary Union (IPU), the database on Women in National Parliament, accessed February 1 of given year for annual data.	C
2018.Q2.G.01	SG_GEN_PARLNT	Number of seats in national parliaments (number)	800	32.39100438	1.279557331	UGA	Uganda	1	NUMBER	Number	279	281	304	304	304	305	305	332	332	332	324	326	386	386	386	386	386	449	449	411.2	2018	449	Inter-Parliamentary Union (IPU), the database on Women in National Parliament, accessed February 1 of given year for annual data.	C
2018.Q2.G.01	SG_GEN_PARLNT	Number of seats in national parliaments (number)	804	31.40270802	49.00735945	UKR	Ukraine	1	NUMBER	Number	450	450	450	450	450	450	450	450	450	450	450	450	450	445	442	422	422	423	423	426.4	2018	423	Inter-Parliamentary Union (IPU), the database on Women in National Parliament, accessed February 1 of given year for annual data.	C
2018.Q2.G.01	SG_GEN_PARLNT	Number of seats in national parliaments (number)	807	21.7007909	41.60048068	MKD	Macedonia, Republic of	1	NUMBER	Number	120	120	120	120	120	120	120	120	120	120	120	120	123	123	123	123	123	120	120	121.8	2018	120	Inter-Parliamentary Union (IPU), the database on Women in National Parliament, accessed February 1 of given year for annual data.	C
2018.Q2.G.01	SG_GEN_PARLNT	Number of seats in national parliaments (number)	818	29.77468534	26.57438204	EGY	Egypt	1	NUMBER	Number																	596	596	596	596	2018	596	Inter-Parliamentary Union (IPU), the database on Women in National Parliament, accessed February 1 of given year for annual data.	C
2018.Q2.G.01	SG_GEN_PARLNT	Number of seats in national parliaments (number)	826	-2.23830539	53.27691757	GBR	United Kingdom	1	NUMBER	Number	659	659	659	659	659	659	646	646	646	646	646	650	650	650	650	650	650	650	650	650	2018	650	Inter-Parliamentary Union (IPU), the database on Women in National Parliament, accessed February 1 of given year for annual data.	C
2018.Q2.G.01	SG_GEN_PARLNT	Number of seats in national parliaments (number)	831	-2.200712402	49.71561166	GGY	Guernsey	1	NUMBER	Number																								
2018.Q2.G.01	SG_GEN_PARLNT	Number of seats in national parliaments (number)	832	-2.136773508	49.22353354	JEY	Jersey	1	NUMBER	Number																								
2018.Q2.G.01	SG_GEN_PARLNT	Number of seats in national parliaments (number)	833	-4.538190305	54.22880901	IMN	Isle of Man	1	NUMBER	Number																								
2018.Q2.G.01	SG_GEN_PARLNT	Number of seats in national parliaments (number)	834	34.80521182	-6.265332606	TZA	Tanzania, United Republic of	1	NUMBER	Number	275	275	274	274	295	295	319	319	319	319	323	350	350	350	350	350	372	393	390	371	2018	390	Inter-Parliamentary Union (IPU), the database on Women in National Parliament, accessed February 1 of given year for annual data.	C
2018.Q2.G.01	SG_GEN_PARLNT	Number of seats in national parliaments (number)	840	-99.13830311	39.5277871	USA	United States of America	1	NUMBER	Number	435	435	435	435	435	435	435	435	435	435	435	435	434	433	432	434	434	435	431	433.2	2018	431	Inter-Parliamentary Union (IPU), the database on Women in National Parliament, accessed February 1 of given year for annual data.	C
2018.Q2.G.01	SG_GEN_PARLNT	Number of seats in national parliaments (number)	850	-64.76960113	17.73297693	VIR	United States Virgin Islands	1	NUMBER	Number																								
2018.Q2.G.01	SG_GEN_PARLNT	Number of seats in national parliaments (number)	854	-1.742843829	12.27491081	BFA	Burkina Faso	1	NUMBER	Number	111	111	111	111	111	111	111	111	111	111	111	111	111	127	127	90	127	127	127	119.6	2018	127	Inter-Parliamentary Union (IPU), the database on Women in National Parliament, accessed February 1 of given year for annual data.	C
2018.Q2.G.01	SG_GEN_PARLNT	Number of seats in national parliaments (number)	858	-56.01387025	-32.8002838	URY	Uruguay	1	NUMBER	Number	99	99	99	99	99	99	99	99	99	99	99	99	99	99	99	99	99	99	99	99	2018	99	Inter-Parliamentary Union (IPU), the database on Women in National Parliament, accessed February 1 of given year for annual data.	C
2018.Q2.G.01	SG_GEN_PARLNT	Number of seats in national parliaments (number)	860	63.11944558	41.77560518	UZB	Uzbekistan	1	NUMBER	Number	250	250	250	250	250	120	120	120	120	120	150	150	150	150	150	150	150	150	150	150	2018	150	Inter-Parliamentary Union (IPU), the database on Women in National Parliament, accessed February 1 of given year for annual data.	C
2018.Q2.G.01	SG_GEN_PARLNT	Number of seats in national parliaments (number)	862	-66.15642084	7.121324748	VEN	Venezuela (Bolivarian Republic)	1	NUMBER	Number	206	165	165	165	165	165	167	167	167	167	166	165	165	165	165	165	167	167	167	166.2	2018	167	Inter-Parliamentary Union (IPU), the database on Women in National Parliament, accessed February 1 of given year for annual data.	C
2018.Q2.G.01	SG_GEN_PARLNT	Number of seats in national parliaments (number)	876	-176.2034788	-13.28471201	WLF	Wallis and Futuna Islands	1	NUMBER	Number																								
2018.Q2.G.01	SG_GEN_PARLNT	Number of seats in national parliaments (number)	882	-172.4430749	-13.61541469	WSM	Samoa	1	NUMBER	Number	49	49	49	49	49	49	49	49	49	49	49	49	49	49	49	49	49	50	50	49.4	2018	50	Inter-Parliamentary Union (IPU), the database on Women in National Parliament, accessed February 1 of given year for annual data.	C
2018.Q2.G.01	SG_GEN_PARLNT	Number of seats in national parliaments (number)	887	45.22389143	15.22242099	YEM	Yemen	1	NUMBER	Number	301	301	299	299	301	301	301	301	301	301	301	301	301	301	301	301	300	275	275	290.4	2018	275	Inter-Parliamentary Union (IPU), the database on Women in National Parliament, accessed February 1 of given year for annual data.	C
2018.Q2.G.01	SG_GEN_PARLNT	Number of seats in national parliaments (number)	894	27.850329	-14.59701056	ZMB	Zambia	1	NUMBER	Number	158	158	158	158	158	158	158	157	158	158	157	157	157	157	158	158	158	167	167	161.6	2018	167	Inter-Parliamentary Union (IPU), the database on Women in National Parliament, accessed February 1 of given year for annual data.	C
