series.release	series.code	series.description	geoAreaCode	X	Y	ISO3CD	geoAreaName	sliceId	Age	Units	Age description	Units description	2000	2005	2010	2015	2016	last.5.years.mean	latest.year	latest.value	latest.source	latest.nature
2018.Q2.G.01	SH_ALC_CONSPT	Alcohol consumption per capita (aged 15 years and older) within a calendar year (litres of pure alcohol)	4	66.02688198	33.83160199	AFG	Afghanistan	1	15+	LTPUREAL	15 years old and over	Litres pure alcohol	0	0.29875	0.23432	0.22457	0.22081	0.22269	2016	0.22081	WHO Global Information System on Alcohol and Health (GISAH), 2018	G
2018.Q2.G.01	SH_ALC_CONSPT	Alcohol consumption per capita (aged 15 years and older) within a calendar year (litres of pure alcohol)	8	20.06660928	41.13897007	ALB	Albania	1	15+	LTPUREAL	15 years old and over	Litres pure alcohol	6.83001	8.1808	7.90804	7.33718	7.46907	7.403125	2016	7.46907	WHO Global Information System on Alcohol and Health (GISAH), 2018	G
2018.Q2.G.01	SH_ALC_CONSPT	Alcohol consumption per capita (aged 15 years and older) within a calendar year (litres of pure alcohol)	10	21.47585697	-80.40897662	ATA	Antarctica	1	15+	LTPUREAL	15 years old and over	Litres pure alcohol										
2018.Q2.G.01	SH_ALC_CONSPT	Alcohol consumption per capita (aged 15 years and older) within a calendar year (litres of pure alcohol)	12	2.678164227	28.15940032	DZA	Algeria	1	15+	LTPUREAL	15 years old and over	Litres pure alcohol	0.54295	0.88364	0.68856	0.92483	0.92012	0.922475	2016	0.92012	WHO Global Information System on Alcohol and Health (GISAH), 2018	G
2018.Q2.G.01	SH_ALC_CONSPT	Alcohol consumption per capita (aged 15 years and older) within a calendar year (litres of pure alcohol)	16	-170.7187269	-14.30587306	ASM	American Samoa	1	15+	LTPUREAL	15 years old and over	Litres pure alcohol										
2018.Q2.G.01	SH_ALC_CONSPT	Alcohol consumption per capita (aged 15 years and older) within a calendar year (litres of pure alcohol)	20	1.576257417	42.54548611	AND	Andorra	1	15+	LTPUREAL	15 years old and over	Litres pure alcohol	13.39483	12.87741	11.36876	11.35273	11.28772	11.320225	2016	11.28772	WHO Global Information System on Alcohol and Health (GISAH), 2018	G
2018.Q2.G.01	SH_ALC_CONSPT	Alcohol consumption per capita (aged 15 years and older) within a calendar year (litres of pure alcohol)	24	17.57817062	-12.33724746	AGO	Angola	1	15+	LTPUREAL	15 years old and over	Litres pure alcohol	3.86918	6.78771	9.04344	8.22273	6.39472	7.308725	2016	6.39472	WHO Global Information System on Alcohol and Health (GISAH), 2018	G
2018.Q2.G.01	SH_ALC_CONSPT	Alcohol consumption per capita (aged 15 years and older) within a calendar year (litres of pure alcohol)	28	-61.7999755	17.07761471	ATG	Antigua and Barbuda	1	15+	LTPUREAL	15 years old and over	Litres pure alcohol	5.26646	6.259	6.05005	7.01993	7.01917	7.01955	2016	7.01917	WHO Global Information System on Alcohol and Health (GISAH), 2018	G
2018.Q2.G.01	SH_ALC_CONSPT	Alcohol consumption per capita (aged 15 years and older) within a calendar year (litres of pure alcohol)	31	50.01064725	40.39229544	AZE	Azerbaijan	1	15+	LTPUREAL	15 years old and over	Litres pure alcohol	8.50608	3.07268	2.94245	1.61344	0.81804	1.21574	2016	0.81804	WHO Global Information System on Alcohol and Health (GISAH), 2018	G
2018.Q2.G.01	SH_ALC_CONSPT	Alcohol consumption per capita (aged 15 years and older) within a calendar year (litres of pure alcohol)	32	-65.14563274	-35.19446255	ARG	Argentina	1	15+	LTPUREAL	15 years old and over	Litres pure alcohol	9.27113	8.6163	9.25045	9.63155	9.82001	9.72578	2016	9.82001	WHO Global Information System on Alcohol and Health (GISAH), 2018	G
2018.Q2.G.01	SH_ALC_CONSPT	Alcohol consumption per capita (aged 15 years and older) within a calendar year (litres of pure alcohol)	36	134.3499412	-25.57717202	AUS	Australia	1	15+	LTPUREAL	15 years old and over	Litres pure alcohol	11.76298	12.08463	12.45253	10.62128	10.62128	10.62128	2016	10.62128	WHO Global Information System on Alcohol and Health (GISAH), 2018	G
2018.Q2.G.01	SH_ALC_CONSPT	Alcohol consumption per capita (aged 15 years and older) within a calendar year (litres of pure alcohol)	40	14.14172472	47.58704857	AUT	Austria	1	15+	LTPUREAL	15 years old and over	Litres pure alcohol	13.61738	12.81204	12.00566	11.90698	11.64384	11.77541	2016	11.64384	WHO Global Information System on Alcohol and Health (GISAH), 2018	G
2018.Q2.G.01	SH_ALC_CONSPT	Alcohol consumption per capita (aged 15 years and older) within a calendar year (litres of pure alcohol)	44	-78.05111663	24.69546597	BHS	Bahamas	1	15+	LTPUREAL	15 years old and over	Litres pure alcohol	5.1299	4.88777	4.16384	4.42574	4.43127	4.428505	2016	4.43127	WHO Global Information System on Alcohol and Health (GISAH), 2018	G
2018.Q2.G.01	SH_ALC_CONSPT	Alcohol consumption per capita (aged 15 years and older) within a calendar year (litres of pure alcohol)	48	50.5490754	26.04407747	BHR	Bahrain	1	15+	LTPUREAL	15 years old and over	Litres pure alcohol	2.16175	1.99851	1.86729	1.95349	1.94119	1.94734	2016	1.94119	WHO Global Information System on Alcohol and Health (GISAH), 2018	G
2018.Q2.G.01	SH_ALC_CONSPT	Alcohol consumption per capita (aged 15 years and older) within a calendar year (litres of pure alcohol)	50	89.17660788	22.86961622	BGD	Bangladesh	1	15+	LTPUREAL	15 years old and over	Litres pure alcohol	0.23142	0.15872	0.20567	0.0211	0.0211	0.0211	2016	0.0211	WHO Global Information System on Alcohol and Health (GISAH), 2018	G
2018.Q2.G.01	SH_ALC_CONSPT	Alcohol consumption per capita (aged 15 years and older) within a calendar year (litres of pure alcohol)	51	44.93839317	40.29499741	ARM	Armenia	1	15+	LTPUREAL	15 years old and over	Litres pure alcohol	4.21486	5.89789	5.64062	5.61876	5.52248	5.57062	2016	5.52248	WHO Global Information System on Alcohol and Health (GISAH), 2018	G
2018.Q2.G.01	SH_ALC_CONSPT	Alcohol consumption per capita (aged 15 years and older) within a calendar year (litres of pure alcohol)	52	-59.5346489	13.13648273	BRB	Barbados	1	15+	LTPUREAL	15 years old and over	Litres pure alcohol	6.71851	7.76984	8.13024	9.46731	9.60178	9.534545	2016	9.60178	WHO Global Information System on Alcohol and Health (GISAH), 2018	G
2018.Q2.G.01	SH_ALC_CONSPT	Alcohol consumption per capita (aged 15 years and older) within a calendar year (litres of pure alcohol)	56	4.660976456	50.64104975	BEL	Belgium	1	15+	LTPUREAL	15 years old and over	Litres pure alcohol	12.094	13.12599	11.35666	12.20772	12.12579	12.166755	2016	12.12579	WHO Global Information System on Alcohol and Health (GISAH), 2018	G
2018.Q2.G.01	SH_ALC_CONSPT	Alcohol consumption per capita (aged 15 years and older) within a calendar year (litres of pure alcohol)	60	-64.78155012	32.27881922	BMU	Bermuda	1	15+	LTPUREAL	15 years old and over	Litres pure alcohol										
2018.Q2.G.01	SH_ALC_CONSPT	Alcohol consumption per capita (aged 15 years and older) within a calendar year (litres of pure alcohol)	64	90.45098484	27.39598568	BTN	Bhutan	1	15+	LTPUREAL	15 years old and over	Litres pure alcohol	4.82961	1.81902	1.19167	0.57073	0.57073	0.57073	2016	0.57073	WHO Global Information System on Alcohol and Health (GISAH), 2018	G
2018.Q2.G.01	SH_ALC_CONSPT	Alcohol consumption per capita (aged 15 years and older) within a calendar year (litres of pure alcohol)	68	-64.66224284	-16.71273412	BOL	Bolivia (Plurinational State of)	1	15+	LTPUREAL	15 years old and over	Litres pure alcohol	4.218	4.46455	5.9274	4.83689	4.75056	4.793725	2016	4.75056	WHO Global Information System on Alcohol and Health (GISAH), 2018	G
2018.Q2.G.01	SH_ALC_CONSPT	Alcohol consumption per capita (aged 15 years and older) within a calendar year (litres of pure alcohol)	70	17.78584332	44.16845548	BIH	Bosnia and Herzegovina	1	15+	LTPUREAL	15 years old and over	Litres pure alcohol	5.34977	7.16847	7.33752	6.38113	6.4303	6.405715	2016	6.4303	WHO Global Information System on Alcohol and Health (GISAH), 2018	G
2018.Q2.G.01	SH_ALC_CONSPT	Alcohol consumption per capita (aged 15 years and older) within a calendar year (litres of pure alcohol)	72	23.81380223	-22.18810073	BWA	Botswana	1	15+	LTPUREAL	15 years old and over	Litres pure alcohol	7.17981	9.37862	8.56151	8.02527	8.36178	8.193525	2016	8.36178	WHO Global Information System on Alcohol and Health (GISAH), 2018	G
2018.Q2.G.01	SH_ALC_CONSPT	Alcohol consumption per capita (aged 15 years and older) within a calendar year (litres of pure alcohol)	74	3.410732868	-54.43295905	BVT	Bouvet Island	1	15+	LTPUREAL	15 years old and over	Litres pure alcohol										
2018.Q2.G.01	SH_ALC_CONSPT	Alcohol consumption per capita (aged 15 years and older) within a calendar year (litres of pure alcohol)	76	-53.08432878	-10.77668561	BRA	Brazil	1	15+	LTPUREAL	15 years old and over	Litres pure alcohol	8.5598	8.42549	8.81608	8.10785	7.76886	7.938355	2016	7.76886	WHO Global Information System on Alcohol and Health (GISAH), 2018	G
2018.Q2.G.01	SH_ALC_CONSPT	Alcohol consumption per capita (aged 15 years and older) within a calendar year (litres of pure alcohol)	84	-88.70199554	17.19965901	BLZ	Belize	1	15+	LTPUREAL	15 years old and over	Litres pure alcohol	6.04592	7.13915	7.03697	6.73667	6.74742	6.742045	2016	6.74742	WHO Global Information System on Alcohol and Health (GISAH), 2018	G
2018.Q2.G.01	SH_ALC_CONSPT	Alcohol consumption per capita (aged 15 years and older) within a calendar year (litres of pure alcohol)	86	72.38715553	-7.299281071	IOT	British Indian Ocean Territory	1	15+	LTPUREAL	15 years old and over	Litres pure alcohol										
2018.Q2.G.01	SH_ALC_CONSPT	Alcohol consumption per capita (aged 15 years and older) within a calendar year (litres of pure alcohol)	90	160.1584117	-9.622391719	SLB	Solomon Islands	1	15+	LTPUREAL	15 years old and over	Litres pure alcohol	0.78159	1.60555	1.60511	1.39867	1.41189	1.40528	2016	1.41189	WHO Global Information System on Alcohol and Health (GISAH), 2018	G
2018.Q2.G.01	SH_ALC_CONSPT	Alcohol consumption per capita (aged 15 years and older) within a calendar year (litres of pure alcohol)	92	-64.63294223	18.42256578	VGB	British Virgin Islands	1	15+	LTPUREAL	15 years old and over	Litres pure alcohol										
2018.Q2.G.01	SH_ALC_CONSPT	Alcohol consumption per capita (aged 15 years and older) within a calendar year (litres of pure alcohol)	96	114.6288563	4.49736984	BRN	Brunei Darussalam	1	15+	LTPUREAL	15 years old and over	Litres pure alcohol	0.34543	0.23654	0.52802	0.42533	0.42533	0.42533	2016	0.42533	WHO Global Information System on Alcohol and Health (GISAH), 2018	G
2018.Q2.G.01	SH_ALC_CONSPT	Alcohol consumption per capita (aged 15 years and older) within a calendar year (litres of pure alcohol)	100	25.23763153	42.75731323	BGR	Bulgaria	1	15+	LTPUREAL	15 years old and over	Litres pure alcohol	10.67691	11.72373	12.01769	12.38205	12.68478	12.533415	2016	12.68478	WHO Global Information System on Alcohol and Health (GISAH), 2018	G
2018.Q2.G.01	SH_ALC_CONSPT	Alcohol consumption per capita (aged 15 years and older) within a calendar year (litres of pure alcohol)	104	96.51752295	21.19332882	MMR	Myanmar	1	15+	LTPUREAL	15 years old and over	Litres pure alcohol	0.37587	1.62248	2.91552	4.95365	4.7689	4.861275	2016	4.7689	WHO Global Information System on Alcohol and Health (GISAH), 2018	G
2018.Q2.G.01	SH_ALC_CONSPT	Alcohol consumption per capita (aged 15 years and older) within a calendar year (litres of pure alcohol)	108	29.89080992	-3.366387428	BDI	Burundi	1	15+	LTPUREAL	15 years old and over	Litres pure alcohol	8.25039	7.66396	7.12354	7.48374	7.48374	7.48374	2016	7.48374	WHO Global Information System on Alcohol and Health (GISAH), 2018	G
2018.Q2.G.01	SH_ALC_CONSPT	Alcohol consumption per capita (aged 15 years and older) within a calendar year (litres of pure alcohol)	112	28.04940161	53.54193075	BLR	Belarus	1	15+	LTPUREAL	15 years old and over	Litres pure alcohol	16.36546	15.2558	17.50135	12.42601	11.1862	11.806105	2016	11.1862	WHO Global Information System on Alcohol and Health (GISAH), 2018	G
2018.Q2.G.01	SH_ALC_CONSPT	Alcohol consumption per capita (aged 15 years and older) within a calendar year (litres of pure alcohol)	116	104.922836	12.71163737	KHM	Cambodia	1	15+	LTPUREAL	15 years old and over	Litres pure alcohol	2.61933	2.64793	4.99808	6.23732	6.71304	6.47518	2016	6.71304	WHO Global Information System on Alcohol and Health (GISAH), 2018	G
2018.Q2.G.01	SH_ALC_CONSPT	Alcohol consumption per capita (aged 15 years and older) within a calendar year (litres of pure alcohol)	120	12.7419827	5.692387031	CMR	Cameroon	1	15+	LTPUREAL	15 years old and over	Litres pure alcohol	6.86034	8.24061	8.73438	8.98197	8.88983	8.9359	2016	8.88983	WHO Global Information System on Alcohol and Health (GISAH), 2018	G
2018.Q2.G.01	SH_ALC_CONSPT	Alcohol consumption per capita (aged 15 years and older) within a calendar year (litres of pure alcohol)	124	-101.6575058	57.72360191	CAN	Canada	1	15+	LTPUREAL	15 years old and over	Litres pure alcohol	9.32396	9.7917	10.22213	8.89327	8.92986	8.911565	2016	8.92986	WHO Global Information System on Alcohol and Health (GISAH), 2018	G
2018.Q2.G.01	SH_ALC_CONSPT	Alcohol consumption per capita (aged 15 years and older) within a calendar year (litres of pure alcohol)	132	-23.63544151	15.07791834	CPV	Cabo Verde	1	15+	LTPUREAL	15 years old and over	Litres pure alcohol	6.20139	6.9801	7.64634	5.63431	5.74297	5.68864	2016	5.74297	WHO Global Information System on Alcohol and Health (GISAH), 2018	G
2018.Q2.G.01	SH_ALC_CONSPT	Alcohol consumption per capita (aged 15 years and older) within a calendar year (litres of pure alcohol)	136	-81.16740559	19.32266656	CYM	Cayman Islands	1	15+	LTPUREAL	15 years old and over	Litres pure alcohol										
2018.Q2.G.01	SH_ALC_CONSPT	Alcohol consumption per capita (aged 15 years and older) within a calendar year (litres of pure alcohol)	140	20.93559492	7.003720791	CAF	Central African Republic	1	15+	LTPUREAL	15 years old and over	Litres pure alcohol	3.64233	3.64404	3.87048	3.23917	3.29424	3.266705	2016	3.29424	WHO Global Information System on Alcohol and Health (GISAH), 2018	G
2018.Q2.G.01	SH_ALC_CONSPT	Alcohol consumption per capita (aged 15 years and older) within a calendar year (litres of pure alcohol)	144	80.70489654	7.614693343	LKA	Sri Lanka	1	15+	LTPUREAL	15 years old and over	Litres pure alcohol	1.93183	2.56234	3.9577	4.13048	4.26996	4.20022	2016	4.26996	WHO Global Information System on Alcohol and Health (GISAH), 2018	G
2018.Q2.G.01	SH_ALC_CONSPT	Alcohol consumption per capita (aged 15 years and older) within a calendar year (litres of pure alcohol)	148	18.66618401	15.36279341	TCD	Chad	1	15+	LTPUREAL	15 years old and over	Litres pure alcohol	3.87873	4.46103	4.8792	1.53975	1.54707	1.54341	2016	1.54707	WHO Global Information System on Alcohol and Health (GISAH), 2018	G
2018.Q2.G.01	SH_ALC_CONSPT	Alcohol consumption per capita (aged 15 years and older) within a calendar year (litres of pure alcohol)	152	-71.23029019	-35.2652885	CHL	Chile	1	15+	LTPUREAL	15 years old and over	Litres pure alcohol	9.11969	9.21179	9.34921	9.26248	9.25075	9.256615	2016	9.25075	WHO Global Information System on Alcohol and Health (GISAH), 2018	G
2018.Q2.G.01	SH_ALC_CONSPT	Alcohol consumption per capita (aged 15 years and older) within a calendar year (litres of pure alcohol)	156	104.1403375	32.30955217	CHN	China	1	15+	LTPUREAL	15 years old and over	Litres pure alcohol	4.22243	4.05699	7.13398	7.22549	7.19702	7.211255	2016	7.19702	WHO Global Information System on Alcohol and Health (GISAH), 2018	G
2018.Q2.G.01	SH_ALC_CONSPT	Alcohol consumption per capita (aged 15 years and older) within a calendar year (litres of pure alcohol)	162	105.6426067	-10.4882473	CXR	Christmas Island	1	15+	LTPUREAL	15 years old and over	Litres pure alcohol										
2018.Q2.G.01	SH_ALC_CONSPT	Alcohol consumption per capita (aged 15 years and older) within a calendar year (litres of pure alcohol)	166	96.82633757	-12.18600682	CCK	Cocos (Keeling) Islands	1	15+	LTPUREAL	15 years old and over	Litres pure alcohol										
2018.Q2.G.01	SH_ALC_CONSPT	Alcohol consumption per capita (aged 15 years and older) within a calendar year (litres of pure alcohol)	170	-73.07446751	3.888209046	COL	Colombia	1	15+	LTPUREAL	15 years old and over	Litres pure alcohol	6.9999	5.46452	5.00506	5.75277	5.82122	5.786995	2016	5.82122	WHO Global Information System on Alcohol and Health (GISAH), 2018	G
2018.Q2.G.01	SH_ALC_CONSPT	Alcohol consumption per capita (aged 15 years and older) within a calendar year (litres of pure alcohol)	174	43.34234565	-11.66121732	COM	Comoros	1	15+	LTPUREAL	15 years old and over	Litres pure alcohol	0.16065	0.47199	0.24397	0.90892	0.90892	0.90892	2016	0.90892	WHO Global Information System on Alcohol and Health (GISAH), 2018	G
2018.Q2.G.01	SH_ALC_CONSPT	Alcohol consumption per capita (aged 15 years and older) within a calendar year (litres of pure alcohol)	175	45.14015057	-12.82217691	MYT	Mayotte	1	15+	LTPUREAL	15 years old and over	Litres pure alcohol										
2018.Q2.G.01	SH_ALC_CONSPT	Alcohol consumption per capita (aged 15 years and older) within a calendar year (litres of pure alcohol)	178	15.22052612	-0.840544119	COG	Congo	1	15+	LTPUREAL	15 years old and over	Litres pure alcohol	3.45154	4.20051	6.412	7.85201	7.81682	7.834415	2016	7.81682	WHO Global Information System on Alcohol and Health (GISAH), 2018	G
2018.Q2.G.01	SH_ALC_CONSPT	Alcohol consumption per capita (aged 15 years and older) within a calendar year (litres of pure alcohol)	180	23.65496507	-2.877154732	COD	Democratic Republic of the Congo	1	15+	LTPUREAL	15 years old and over	Litres pure alcohol	1.61755	1.16467	2.50643	2.80568	2.56594	2.68581	2016	2.56594	WHO Global Information System on Alcohol and Health (GISAH), 2018	G
2018.Q2.G.01	SH_ALC_CONSPT	Alcohol consumption per capita (aged 15 years and older) within a calendar year (litres of pure alcohol)	184	-159.7711391	-21.22696458	COK	Cook Islands	1	15+	LTPUREAL	15 years old and over	Litres pure alcohol	2.78218	8.2642	10.56752	10.55511	10.55511	10.55511	2016	10.55511	WHO Global Information System on Alcohol and Health (GISAH), 2018	G
2018.Q2.G.01	SH_ALC_CONSPT	Alcohol consumption per capita (aged 15 years and older) within a calendar year (litres of pure alcohol)	188	-84.19712782	9.970998683	CRI	Costa Rica	1	15+	LTPUREAL	15 years old and over	Litres pure alcohol	6.52539	5.47719	4.6918	4.6677	4.75741	4.712555	2016	4.75741	WHO Global Information System on Alcohol and Health (GISAH), 2018	G
2018.Q2.G.01	SH_ALC_CONSPT	Alcohol consumption per capita (aged 15 years and older) within a calendar year (litres of pure alcohol)	191	17.95874553	45.45172212	HRV	Croatia	1	15+	LTPUREAL	15 years old and over	Litres pure alcohol	12.65816	11.28729	11.24929	9.31235	8.93896	9.125655	2016	8.93896	WHO Global Information System on Alcohol and Health (GISAH), 2018	G
2018.Q2.G.01	SH_ALC_CONSPT	Alcohol consumption per capita (aged 15 years and older) within a calendar year (litres of pure alcohol)	192	-79.54460144	22.10030366	CUB	Cuba	1	15+	LTPUREAL	15 years old and over	Litres pure alcohol	4.94473	5.39777	5.05703	5.94693	6.07426	6.010595	2016	6.07426	WHO Global Information System on Alcohol and Health (GISAH), 2018	G
2018.Q2.G.01	SH_ALC_CONSPT	Alcohol consumption per capita (aged 15 years and older) within a calendar year (litres of pure alcohol)	196	33.22285964	35.05659437	CYP	Cyprus	1	15+	LTPUREAL	15 years old and over	Litres pure alcohol	9.96079	12.41305	11.27552	10.77942	10.76475	10.772085	2016	10.76475	WHO Global Information System on Alcohol and Health (GISAH), 2018	G
2018.Q2.G.01	SH_ALC_CONSPT	Alcohol consumption per capita (aged 15 years and older) within a calendar year (litres of pure alcohol)	203	15.33151382	49.73913871	CZE	Czechia	1	15+	LTPUREAL	15 years old and over	Litres pure alcohol	15.09473	14.41064	14.0029	14.42884	14.40352	14.41618	2016	14.40352	WHO Global Information System on Alcohol and Health (GISAH), 2018	G
2018.Q2.G.01	SH_ALC_CONSPT	Alcohol consumption per capita (aged 15 years and older) within a calendar year (litres of pure alcohol)	204	2.339933594	9.65401646	BEN	Benin	1	15+	LTPUREAL	15 years old and over	Litres pure alcohol	2.35263	2.18832	2.36725	3.05614	3.02375	3.039945	2016	3.02375	WHO Global Information System on Alcohol and Health (GISAH), 2018	G
2018.Q2.G.01	SH_ALC_CONSPT	Alcohol consumption per capita (aged 15 years and older) within a calendar year (litres of pure alcohol)	208	9.326571283	56.03829721	DNK	Denmark	1	15+	LTPUREAL	15 years old and over	Litres pure alcohol	13.23248	12.32716	10.85984	10.37055	10.37872	10.374635	2016	10.37872	WHO Global Information System on Alcohol and Health (GISAH), 2018	G
2018.Q2.G.01	SH_ALC_CONSPT	Alcohol consumption per capita (aged 15 years and older) within a calendar year (litres of pure alcohol)	212	-61.3493756	15.43391378	DMA	Dominica	1	15+	LTPUREAL	15 years old and over	Litres pure alcohol	8.02752	8.08669	6.54042	8.15513	8.15513	8.15513	2016	8.15513	WHO Global Information System on Alcohol and Health (GISAH), 2018	G
2018.Q2.G.01	SH_ALC_CONSPT	Alcohol consumption per capita (aged 15 years and older) within a calendar year (litres of pure alcohol)	214	-70.49847576	18.89832088	DOM	Dominican Republic	1	15+	LTPUREAL	15 years old and over	Litres pure alcohol	6.96616	6.30861	6.67703	7.08065	6.87369	6.97717	2016	6.87369	WHO Global Information System on Alcohol and Health (GISAH), 2018	G
2018.Q2.G.01	SH_ALC_CONSPT	Alcohol consumption per capita (aged 15 years and older) within a calendar year (litres of pure alcohol)	218	-78.37005241	-1.447785891	ECU	Ecuador	1	15+	LTPUREAL	15 years old and over	Litres pure alcohol	4.73014	5.26064	5.79023	4.70223	4.42184	4.562035	2016	4.42184	WHO Global Information System on Alcohol and Health (GISAH), 2018	G
2018.Q2.G.01	SH_ALC_CONSPT	Alcohol consumption per capita (aged 15 years and older) within a calendar year (litres of pure alcohol)	222	-88.86862995	13.73603564	SLV	El Salvador	1	15+	LTPUREAL	15 years old and over	Litres pure alcohol	4.02018	3.79416	3.31556	3.63139	3.74801	3.6897	2016	3.74801	WHO Global Information System on Alcohol and Health (GISAH), 2018	G
2018.Q2.G.01	SH_ALC_CONSPT	Alcohol consumption per capita (aged 15 years and older) within a calendar year (litres of pure alcohol)	226	10.46535826	1.565792376	GNQ	Equatorial Guinea	1	15+	LTPUREAL	15 years old and over	Litres pure alcohol	3.87232	7.99514	10.26391	11.4305	11.28573	11.358115	2016	11.28573	WHO Global Information System on Alcohol and Health (GISAH), 2018	G
2018.Q2.G.01	SH_ALC_CONSPT	Alcohol consumption per capita (aged 15 years and older) within a calendar year (litres of pure alcohol)	231	39.63505296	8.631223181	ETH	Ethiopia	1	15+	LTPUREAL	15 years old and over	Litres pure alcohol	2.48609	2.52567	3.1519	2.84672	2.84672	2.84672	2016	2.84672	WHO Global Information System on Alcohol and Health (GISAH), 2018	G
2018.Q2.G.01	SH_ALC_CONSPT	Alcohol consumption per capita (aged 15 years and older) within a calendar year (litres of pure alcohol)	232	38.11074289	16.12894644	ERI	Eritrea	1	15+	LTPUREAL	15 years old and over	Litres pure alcohol	1.87747	1.76726	1.11041	1.26906	1.26906	1.26906	2016	1.26906	WHO Global Information System on Alcohol and Health (GISAH), 2018	G
2018.Q2.G.01	SH_ALC_CONSPT	Alcohol consumption per capita (aged 15 years and older) within a calendar year (litres of pure alcohol)	233	25.84093481	58.68487172	EST	Estonia	1	15+	LTPUREAL	15 years old and over	Litres pure alcohol	9.0097	13.36509	12.42667	12.05744	11.58277	11.820105	2016	11.58277	WHO Global Information System on Alcohol and Health (GISAH), 2018	G
2018.Q2.G.01	SH_ALC_CONSPT	Alcohol consumption per capita (aged 15 years and older) within a calendar year (litres of pure alcohol)	234	-7.122044325	62.21228119	FRO	Faroe Islands	1	15+	LTPUREAL	15 years old and over	Litres pure alcohol										
2018.Q2.G.01	SH_ALC_CONSPT	Alcohol consumption per capita (aged 15 years and older) within a calendar year (litres of pure alcohol)	238	-58.75246778	-51.74562601	FLK	Falkland Islands (Malvinas)	1	15+	LTPUREAL	15 years old and over	Litres pure alcohol										
2018.Q2.G.01	SH_ALC_CONSPT	Alcohol consumption per capita (aged 15 years and older) within a calendar year (litres of pure alcohol)	239	-36.90662765	-54.20736749	SGS	South Georgia and the South Sandwich Islands	1	15+	LTPUREAL	15 years old and over	Litres pure alcohol										
2018.Q2.G.01	SH_ALC_CONSPT	Alcohol consumption per capita (aged 15 years and older) within a calendar year (litres of pure alcohol)	242	177.9660884	-17.83301566	FJI	Fiji	1	15+	LTPUREAL	15 years old and over	Litres pure alcohol	2.84249	2.57738	2.98704	3.04841	2.99684	3.022625	2016	2.99684	WHO Global Information System on Alcohol and Health (GISAH), 2018	G
2018.Q2.G.01	SH_ALC_CONSPT	Alcohol consumption per capita (aged 15 years and older) within a calendar year (litres of pure alcohol)	246	23.308447	61.91586738	FIN	Finland	1	15+	LTPUREAL	15 years old and over	Litres pure alcohol	11.10975	12.76461	12.57493	10.9598	10.697	10.8284	2016	10.697	WHO Global Information System on Alcohol and Health (GISAH), 2018	G
2018.Q2.G.01	SH_ALC_CONSPT	Alcohol consumption per capita (aged 15 years and older) within a calendar year (litres of pure alcohol)	248	19.80945969	60.1544901	ALA	Åland Islands	1	15+	LTPUREAL	15 years old and over	Litres pure alcohol										
2018.Q2.G.01	SH_ALC_CONSPT	Alcohol consumption per capita (aged 15 years and older) within a calendar year (litres of pure alcohol)	250	2.457288129	46.62660861	FRA	France	1	15+	LTPUREAL	15 years old and over	Litres pure alcohol	13.82911	12.79294	12.21566	12.66071	12.57887	12.61979	2016	12.57887	WHO Global Information System on Alcohol and Health (GISAH), 2018	G
2018.Q2.G.01	SH_ALC_CONSPT	Alcohol consumption per capita (aged 15 years and older) within a calendar year (litres of pure alcohol)	254	-53.23619089	3.922673437	GUF	French Guiana	1	15+	LTPUREAL	15 years old and over	Litres pure alcohol										
2018.Q2.G.01	SH_ALC_CONSPT	Alcohol consumption per capita (aged 15 years and older) within a calendar year (litres of pure alcohol)	258	-149.4052367	-17.67709294	PYF	French Polynesia	1	15+	LTPUREAL	15 years old and over	Litres pure alcohol										
2018.Q2.G.01	SH_ALC_CONSPT	Alcohol consumption per capita (aged 15 years and older) within a calendar year (litres of pure alcohol)	260	69.64849091	-49.6068576	ATF	French Southern Territories	1	15+	LTPUREAL	15 years old and over	Litres pure alcohol										
2018.Q2.G.01	SH_ALC_CONSPT	Alcohol consumption per capita (aged 15 years and older) within a calendar year (litres of pure alcohol)	262	42.18274707	11.56004161	DJI	Djibouti	1	15+	LTPUREAL	15 years old and over	Litres pure alcohol	1.29522	1.51079	0.72749	0.51862	0.53153	0.525075	2016	0.53153	WHO Global Information System on Alcohol and Health (GISAH), 2018	G
2018.Q2.G.01	SH_ALC_CONSPT	Alcohol consumption per capita (aged 15 years and older) within a calendar year (litres of pure alcohol)	266	11.78727747	-0.60687619	GAB	Gabon	1	15+	LTPUREAL	15 years old and over	Litres pure alcohol	10.59792	9.51695	10.68741	11.45386	11.45207	11.452965	2016	11.45207	WHO Global Information System on Alcohol and Health (GISAH), 2018	G
2018.Q2.G.01	SH_ALC_CONSPT	Alcohol consumption per capita (aged 15 years and older) within a calendar year (litres of pure alcohol)	268	43.3713615	42.04813028	GEO	Georgia	1	15+	LTPUREAL	15 years old and over	Litres pure alcohol	5.14791	7.35931	10.37172	9.71008	9.80307	9.756575	2016	9.80307	WHO Global Information System on Alcohol and Health (GISAH), 2018	G
2018.Q2.G.01	SH_ALC_CONSPT	Alcohol consumption per capita (aged 15 years and older) within a calendar year (litres of pure alcohol)	270	-15.39944785	13.45295927	GMB	Gambia	1	15+	LTPUREAL	15 years old and over	Litres pure alcohol	3.61675	4.25473	3.81849	3.74508	3.75667	3.750875	2016	3.75667	WHO Global Information System on Alcohol and Health (GISAH), 2018	G
2018.Q2.G.01	SH_ALC_CONSPT	Alcohol consumption per capita (aged 15 years and older) within a calendar year (litres of pure alcohol)	275	35.25694122	31.94347933	PSE	State of Palestine	1	15+	LTPUREAL	15 years old and over	Litres pure alcohol										
2018.Q2.G.01	SH_ALC_CONSPT	Alcohol consumption per capita (aged 15 years and older) within a calendar year (litres of pure alcohol)	276	10.3806066	51.08862743	DEU	Germany	1	15+	LTPUREAL	15 years old and over	Litres pure alcohol	14.53526	13.55596	12.94977	13.65899	13.38189	13.52044	2016	13.38189	WHO Global Information System on Alcohol and Health (GISAH), 2018	G
2018.Q2.G.01	SH_ALC_CONSPT	Alcohol consumption per capita (aged 15 years and older) within a calendar year (litres of pure alcohol)	288	-1.205623522	7.964825185	GHA	Ghana	1	15+	LTPUREAL	15 years old and over	Litres pure alcohol	5.02049	5.1269	5.26292	2.65388	2.65284	2.65336	2016	2.65284	WHO Global Information System on Alcohol and Health (GISAH), 2018	G
2018.Q2.G.01	SH_ALC_CONSPT	Alcohol consumption per capita (aged 15 years and older) within a calendar year (litres of pure alcohol)	292	-5.347561686	36.13895036	GIB	Gibraltar	1	15+	LTPUREAL	15 years old and over	Litres pure alcohol										
2018.Q2.G.01	SH_ALC_CONSPT	Alcohol consumption per capita (aged 15 years and older) within a calendar year (litres of pure alcohol)	296	-157.5643005	1.768837732	KIR	Kiribati	1	15+	LTPUREAL	15 years old and over	Litres pure alcohol	2.08622	2.2029	1.90479	0.44266	0.44266	0.44266	2016	0.44266	WHO Global Information System on Alcohol and Health (GISAH), 2018	G
2018.Q2.G.01	SH_ALC_CONSPT	Alcohol consumption per capita (aged 15 years and older) within a calendar year (litres of pure alcohol)	300	22.58307827	39.47301873	GRC	Greece	1	15+	LTPUREAL	15 years old and over	Litres pure alcohol	11.13908	11.61465	10.42998	10.88376	10.42176	10.65276	2016	10.42176	WHO Global Information System on Alcohol and Health (GISAH), 2018	G
2018.Q2.G.01	SH_ALC_CONSPT	Alcohol consumption per capita (aged 15 years and older) within a calendar year (litres of pure alcohol)	304	-41.39371316	74.75625681	GRL	Greenland	1	15+	LTPUREAL	15 years old and over	Litres pure alcohol										
2018.Q2.G.01	SH_ALC_CONSPT	Alcohol consumption per capita (aged 15 years and older) within a calendar year (litres of pure alcohol)	308	-61.68248568	12.11238395	GRD	Grenada	1	15+	LTPUREAL	15 years old and over	Litres pure alcohol	9.51369	8.56791	8.07368	9.08531	9.26411	9.17471	2016	9.26411	WHO Global Information System on Alcohol and Health (GISAH), 2018	G
2018.Q2.G.01	SH_ALC_CONSPT	Alcohol consumption per capita (aged 15 years and older) within a calendar year (litres of pure alcohol)	312	-61.64762115	16.14416917	GLP	Guadeloupe	1	15+	LTPUREAL	15 years old and over	Litres pure alcohol										
2018.Q2.G.01	SH_ALC_CONSPT	Alcohol consumption per capita (aged 15 years and older) within a calendar year (litres of pure alcohol)	316	144.7029305	13.35485404	GUM	Guam	1	15+	LTPUREAL	15 years old and over	Litres pure alcohol										
2018.Q2.G.01	SH_ALC_CONSPT	Alcohol consumption per capita (aged 15 years and older) within a calendar year (litres of pure alcohol)	320	-91.2312746	15.00273719	GTM	Guatemala	1	15+	LTPUREAL	15 years old and over	Litres pure alcohol	3.93909	4.04872	3.48149	2.52545	2.44532	2.485385	2016	2.44532	WHO Global Information System on Alcohol and Health (GISAH), 2018	G
2018.Q2.G.01	SH_ALC_CONSPT	Alcohol consumption per capita (aged 15 years and older) within a calendar year (litres of pure alcohol)	324	-11.28173419	11.00210343	GIN	Guinea	1	15+	LTPUREAL	15 years old and over	Litres pure alcohol	0.77279	0.80347	0.70096	1.10295	1.25009	1.17652	2016	1.25009	WHO Global Information System on Alcohol and Health (GISAH), 2018	G
2018.Q2.G.01	SH_ALC_CONSPT	Alcohol consumption per capita (aged 15 years and older) within a calendar year (litres of pure alcohol)	328	-58.97322037	4.788012784	GUY	Guyana	1	15+	LTPUREAL	15 years old and over	Litres pure alcohol	8.62865	7.24386	5.76259	6.22987	6.27233	6.2511	2016	6.27233	WHO Global Information System on Alcohol and Health (GISAH), 2018	G
2018.Q2.G.01	SH_ALC_CONSPT	Alcohol consumption per capita (aged 15 years and older) within a calendar year (litres of pure alcohol)	332	-72.33640958	18.40426539	HTI	Haiti	1	15+	LTPUREAL	15 years old and over	Litres pure alcohol	6.11943	6.48488	6.37218	5.78485	5.78398	5.784415	2016	5.78398	WHO Global Information System on Alcohol and Health (GISAH), 2018	G
2018.Q2.G.01	SH_ALC_CONSPT	Alcohol consumption per capita (aged 15 years and older) within a calendar year (litres of pure alcohol)	334	73.52633626	-53.09106147	HMD	Heard Island and McDonald Islands	1	15+	LTPUREAL	15 years old and over	Litres pure alcohol										
2018.Q2.G.01	SH_ALC_CONSPT	Alcohol consumption per capita (aged 15 years and older) within a calendar year (litres of pure alcohol)	336	12.45315803	41.90343751	VAT	Holy See	1	15+	LTPUREAL	15 years old and over	Litres pure alcohol										
2018.Q2.G.01	SH_ALC_CONSPT	Alcohol consumption per capita (aged 15 years and older) within a calendar year (litres of pure alcohol)	340	-86.59974381	14.82243161	HND	Honduras	1	15+	LTPUREAL	15 years old and over	Litres pure alcohol	3.46402	4.14147	3.86337	3.91128	4.01437	3.962825	2016	4.01437	WHO Global Information System on Alcohol and Health (GISAH), 2018	G
2018.Q2.G.01	SH_ALC_CONSPT	Alcohol consumption per capita (aged 15 years and older) within a calendar year (litres of pure alcohol)	344	114.0266445	22.41749934	HKG	China, Hong Kong Special Administrative Region	1	15+	LTPUREAL	15 years old and over	Litres pure alcohol										
2018.Q2.G.01	SH_ALC_CONSPT	Alcohol consumption per capita (aged 15 years and older) within a calendar year (litres of pure alcohol)	348	19.41221519	47.1651448	HUN	Hungary	1	15+	LTPUREAL	15 years old and over	Litres pure alcohol	14.21796	14.54439	12.0867	11.39493	11.4016	11.398265	2016	11.4016	WHO Global Information System on Alcohol and Health (GISAH), 2018	G
2018.Q2.G.01	SH_ALC_CONSPT	Alcohol consumption per capita (aged 15 years and older) within a calendar year (litres of pure alcohol)	352	-19.02116966	64.79134763	ISL	Iceland	1	15+	LTPUREAL	15 years old and over	Litres pure alcohol	7.08091	7.75696	7.42736	8.80212	9.1253	8.96371	2016	9.1253	WHO Global Information System on Alcohol and Health (GISAH), 2018	G
2018.Q2.G.01	SH_ALC_CONSPT	Alcohol consumption per capita (aged 15 years and older) within a calendar year (litres of pure alcohol)	356	79.3608464	22.34642074	IND	India	1	15+	LTPUREAL	15 years old and over	Litres pure alcohol	2.86135	2.37468	4.25269	5.65148	5.66429	5.657885	2016	5.66429	WHO Global Information System on Alcohol and Health (GISAH), 2018	G
2018.Q2.G.01	SH_ALC_CONSPT	Alcohol consumption per capita (aged 15 years and older) within a calendar year (litres of pure alcohol)	360	113.9174	-0.994582204	IDN	Indonesia	1	15+	LTPUREAL	15 years old and over	Litres pure alcohol	0.57954	0.4933	0.66558	0.76283	0.77465	0.76874	2016	0.77465	WHO Global Information System on Alcohol and Health (GISAH), 2018	G
2018.Q2.G.01	SH_ALC_CONSPT	Alcohol consumption per capita (aged 15 years and older) within a calendar year (litres of pure alcohol)	364	54.19766348	32.74370885	IRN	Iran (Islamic Republic of)	1	15+	LTPUREAL	15 years old and over	Litres pure alcohol	0.1295	0.56944	1.02545	1.00471	1.00478	1.004745	2016	1.00478	WHO Global Information System on Alcohol and Health (GISAH), 2018	G
2018.Q2.G.01	SH_ALC_CONSPT	Alcohol consumption per capita (aged 15 years and older) within a calendar year (litres of pure alcohol)	368	43.76606267	33.05013795	IRQ	Iraq	1	15+	LTPUREAL	15 years old and over	Litres pure alcohol	0.49649	0.46214	0.49397	0.38023	0.38379	0.38201	2016	0.38379	WHO Global Information System on Alcohol and Health (GISAH), 2018	G
2018.Q2.G.01	SH_ALC_CONSPT	Alcohol consumption per capita (aged 15 years and older) within a calendar year (litres of pure alcohol)	372	-7.121425272	53.25274054	IRL	Ireland	1	15+	LTPUREAL	15 years old and over	Litres pure alcohol	15.70557	14.43808	12.32825	12.82219	12.99883	12.91051	2016	12.99883	WHO Global Information System on Alcohol and Health (GISAH), 2018	G
2018.Q2.G.01	SH_ALC_CONSPT	Alcohol consumption per capita (aged 15 years and older) within a calendar year (litres of pure alcohol)	376	34.62277992	31.06164552	ISR	Israel	1	15+	LTPUREAL	15 years old and over	Litres pure alcohol	2.71946	2.60455	2.94717	3.87141	3.83833	3.85487	2016	3.83833	WHO Global Information System on Alcohol and Health (GISAH), 2018	G
2018.Q2.G.01	SH_ALC_CONSPT	Alcohol consumption per capita (aged 15 years and older) within a calendar year (litres of pure alcohol)	380	12.57022427	42.79917282	ITA	Italy	1	15+	LTPUREAL	15 years old and over	Litres pure alcohol	10.71709	8.55053	7.01233	7.67347	7.50342	7.588445	2016	7.50342	WHO Global Information System on Alcohol and Health (GISAH), 2018	G
2018.Q2.G.01	SH_ALC_CONSPT	Alcohol consumption per capita (aged 15 years and older) within a calendar year (litres of pure alcohol)	384	-5.552690016	7.62211586	CIV	Côte d'Ivoire	1	15+	LTPUREAL	15 years old and over	Litres pure alcohol	6.91735	6.82044	7.49796	8.28827	8.35592	8.322095	2016	8.35592	WHO Global Information System on Alcohol and Health (GISAH), 2018	G
2018.Q2.G.01	SH_ALC_CONSPT	Alcohol consumption per capita (aged 15 years and older) within a calendar year (litres of pure alcohol)	388	-77.31068409	18.15616857	JAM	Jamaica	1	15+	LTPUREAL	15 years old and over	Litres pure alcohol	4.18886	4.04551	3.94481	4.06722	4.15276	4.10999	2016	4.15276	WHO Global Information System on Alcohol and Health (GISAH), 2018	G
2018.Q2.G.01	SH_ALC_CONSPT	Alcohol consumption per capita (aged 15 years and older) within a calendar year (litres of pure alcohol)	392	139.2716103	36.6554539	JPN	Japan	1	15+	LTPUREAL	15 years old and over	Litres pure alcohol	8.35173	7.99892	7.14421	7.95626	8.01586	7.98606	2016	8.01586	WHO Global Information System on Alcohol and Health (GISAH), 2018	G
2018.Q2.G.01	SH_ALC_CONSPT	Alcohol consumption per capita (aged 15 years and older) within a calendar year (litres of pure alcohol)	398	66.65359159	48.01963494	KAZ	Kazakhstan	1	15+	LTPUREAL	15 years old and over	Litres pure alcohol	7.10849	9.55601	9.25471	7.87329	7.66385	7.76857	2016	7.66385	WHO Global Information System on Alcohol and Health (GISAH), 2018	G
2018.Q2.G.01	SH_ALC_CONSPT	Alcohol consumption per capita (aged 15 years and older) within a calendar year (litres of pure alcohol)	400	37.13024774	30.65365973	JOR	Jordan	1	15+	LTPUREAL	15 years old and over	Litres pure alcohol	0.49007	0.6943	0.66284	0.77054	0.73926	0.7549	2016	0.73926	WHO Global Information System on Alcohol and Health (GISAH), 2018	G
2018.Q2.G.01	SH_ALC_CONSPT	Alcohol consumption per capita (aged 15 years and older) within a calendar year (litres of pure alcohol)	404	37.86096816	0.534797278	KEN	Kenya	1	15+	LTPUREAL	15 years old and over	Litres pure alcohol	3.40526	3.76307	4.63484	3.29773	3.35668	3.327205	2016	3.35668	WHO Global Information System on Alcohol and Health (GISAH), 2018	G
2018.Q2.G.01	SH_ALC_CONSPT	Alcohol consumption per capita (aged 15 years and older) within a calendar year (litres of pure alcohol)	408	127.1803633	40.1462645	PRK	Democratic People's Republic of Korea	1	15+	LTPUREAL	15 years old and over	Litres pure alcohol	4.60301	3.68814	3.78615	3.86438	3.86438	3.86438	2016	3.86438	WHO Global Information System on Alcohol and Health (GISAH), 2018	G
2018.Q2.G.01	SH_ALC_CONSPT	Alcohol consumption per capita (aged 15 years and older) within a calendar year (litres of pure alcohol)	410	127.8610254	36.45201023	KOR	Republic of Korea	1	15+	LTPUREAL	15 years old and over	Litres pure alcohol	12.90709	10.62389	9.92246	10.18139	10.22654	10.203965	2016	10.22654	WHO Global Information System on Alcohol and Health (GISAH), 2018	G
2018.Q2.G.01	SH_ALC_CONSPT	Alcohol consumption per capita (aged 15 years and older) within a calendar year (litres of pure alcohol)	414	47.49305029	29.53949468	KWT	Kuwait	1	15+	LTPUREAL	15 years old and over	Litres pure alcohol	0.03911	0.01783	0.02844	0.00557	0.00546	0.005515	2016	0.00546	WHO Global Information System on Alcohol and Health (GISAH), 2018	G
2018.Q2.G.01	SH_ALC_CONSPT	Alcohol consumption per capita (aged 15 years and older) within a calendar year (litres of pure alcohol)	417	74.52324839	41.46204516	KGZ	Kyrgyzstan	1	15+	LTPUREAL	15 years old and over	Litres pure alcohol	7.14724	11.23103	10.14794	7.18403	6.22263	6.70333	2016	6.22263	WHO Global Information System on Alcohol and Health (GISAH), 2018	G
2018.Q2.G.01	SH_ALC_CONSPT	Alcohol consumption per capita (aged 15 years and older) within a calendar year (litres of pure alcohol)	418	101.9901968	20.27482773	LAO	Lao People's Democratic Republic	1	15+	LTPUREAL	15 years old and over	Litres pure alcohol	5.46071	4.39182	7.04246	10.10782	10.36126	10.23454	2016	10.36126	WHO Global Information System on Alcohol and Health (GISAH), 2018	G
2018.Q2.G.01	SH_ALC_CONSPT	Alcohol consumption per capita (aged 15 years and older) within a calendar year (litres of pure alcohol)	422	35.89391711	33.92152458	LBN	Lebanon	1	15+	LTPUREAL	15 years old and over	Litres pure alcohol	2.99945	2.5709	2.03008	1.63539	1.53474	1.585065	2016	1.53474	WHO Global Information System on Alcohol and Health (GISAH), 2018	G
2018.Q2.G.01	SH_ALC_CONSPT	Alcohol consumption per capita (aged 15 years and older) within a calendar year (litres of pure alcohol)	426	28.25362195	-29.58041814	LSO	Lesotho	1	15+	LTPUREAL	15 years old and over	Litres pure alcohol	6.68717	5.87837	6.80322	4.8056	5.03332	4.91946	2016	5.03332	WHO Global Information System on Alcohol and Health (GISAH), 2018	G
2018.Q2.G.01	SH_ALC_CONSPT	Alcohol consumption per capita (aged 15 years and older) within a calendar year (litres of pure alcohol)	428	26.42461876	56.64196636	LVA	Latvia	1	15+	LTPUREAL	15 years old and over	Litres pure alcohol	9.95127	12.01595	11.59189	12.59397	12.88709	12.74053	2016	12.88709	WHO Global Information System on Alcohol and Health (GISAH), 2018	G
2018.Q2.G.01	SH_ALC_CONSPT	Alcohol consumption per capita (aged 15 years and older) within a calendar year (litres of pure alcohol)	430	-9.311879038	6.448381009	LBR	Liberia	1	15+	LTPUREAL	15 years old and over	Litres pure alcohol	6.24135	6.04029	5.30849	5.73514	5.76167	5.748405	2016	5.76167	WHO Global Information System on Alcohol and Health (GISAH), 2018	G
2018.Q2.G.01	SH_ALC_CONSPT	Alcohol consumption per capita (aged 15 years and older) within a calendar year (litres of pure alcohol)	434	18.0295985	27.04042819	LBY	Libya	1	15+	LTPUREAL	15 years old and over	Litres pure alcohol	0.08173	0.08573	0.11173	0.02891	0.02891	0.02891	2016	0.02891	WHO Global Information System on Alcohol and Health (GISAH), 2018	G
2018.Q2.G.01	SH_ALC_CONSPT	Alcohol consumption per capita (aged 15 years and older) within a calendar year (litres of pure alcohol)	438	9.552985019	47.14167005	LIE	Liechtenstein	1	15+	LTPUREAL	15 years old and over	Litres pure alcohol										
2018.Q2.G.01	SH_ALC_CONSPT	Alcohol consumption per capita (aged 15 years and older) within a calendar year (litres of pure alcohol)	440	23.90517807	55.33680309	LTU	Lithuania	1	15+	LTPUREAL	15 years old and over	Litres pure alcohol	13.91717	15.95434	15.12923	15.47114	14.99021	15.230675	2016	14.99021	WHO Global Information System on Alcohol and Health (GISAH), 2018	G
2018.Q2.G.01	SH_ALC_CONSPT	Alcohol consumption per capita (aged 15 years and older) within a calendar year (litres of pure alcohol)	442	6.092656563	49.77679538	LUX	Luxembourg	1	15+	LTPUREAL	15 years old and over	Litres pure alcohol	14.18218	13.17445	12.58272	13.15985	12.98038	13.070115	2016	12.98038	WHO Global Information System on Alcohol and Health (GISAH), 2018	G
2018.Q2.G.01	SH_ALC_CONSPT	Alcohol consumption per capita (aged 15 years and older) within a calendar year (litres of pure alcohol)	446	113.5665388	22.1237259	MAC	China, Macao Special Administrative Region	1	15+	LTPUREAL	15 years old and over	Litres pure alcohol										
2018.Q2.G.01	SH_ALC_CONSPT	Alcohol consumption per capita (aged 15 years and older) within a calendar year (litres of pure alcohol)	450	46.6982339	-19.38514785	MDG	Madagascar	1	15+	LTPUREAL	15 years old and over	Litres pure alcohol	2.50844	1.58678	1.96634	1.92587	1.93321	1.92954	2016	1.93321	WHO Global Information System on Alcohol and Health (GISAH), 2018	G
2018.Q2.G.01	SH_ALC_CONSPT	Alcohol consumption per capita (aged 15 years and older) within a calendar year (litres of pure alcohol)	454	33.4884625	-13.40819859	MWI	Malawi	1	15+	LTPUREAL	15 years old and over	Litres pure alcohol	2.46395	2.92828	3.29634	3.65066	3.65728	3.65397	2016	3.65728	WHO Global Information System on Alcohol and Health (GISAH), 2018	G
2018.Q2.G.01	SH_ALC_CONSPT	Alcohol consumption per capita (aged 15 years and older) within a calendar year (litres of pure alcohol)	458	116.8346314	5.452415309	MYS	Malaysia	1	15+	LTPUREAL	15 years old and over	Litres pure alcohol	1.95391	1.25583	1.35745	0.87863	0.918	0.898315	2016	0.918	WHO Global Information System on Alcohol and Health (GISAH), 2018	G
2018.Q2.G.01	SH_ALC_CONSPT	Alcohol consumption per capita (aged 15 years and older) within a calendar year (litres of pure alcohol)	462	73.09672546	-0.614385021	MDV	Maldives	1	15+	LTPUREAL	15 years old and over	Litres pure alcohol	1.57033	1.61457	1.86916	2.67199	2.67199	2.67199	2016	2.67199	WHO Global Information System on Alcohol and Health (GISAH), 2018	G
2018.Q2.G.01	SH_ALC_CONSPT	Alcohol consumption per capita (aged 15 years and older) within a calendar year (litres of pure alcohol)	466	-3.522016039	17.35311254	MLI	Mali	1	15+	LTPUREAL	15 years old and over	Litres pure alcohol	1.05381	1.04169	1.06364	1.25788	1.25627	1.257075	2016	1.25627	WHO Global Information System on Alcohol and Health (GISAH), 2018	G
2018.Q2.G.01	SH_ALC_CONSPT	Alcohol consumption per capita (aged 15 years and older) within a calendar year (litres of pure alcohol)	470	14.44617519	35.89194275	MLT	Malta	1	15+	LTPUREAL	15 years old and over	Litres pure alcohol	6.01579	7.07771	6.96273	8.08254	8.09148	8.08701	2016	8.09148	WHO Global Information System on Alcohol and Health (GISAH), 2018	G
2018.Q2.G.01	SH_ALC_CONSPT	Alcohol consumption per capita (aged 15 years and older) within a calendar year (litres of pure alcohol)	474	-60.91544135	14.56086108	MTQ	Martinique	1	15+	LTPUREAL	15 years old and over	Litres pure alcohol										
2018.Q2.G.01	SH_ALC_CONSPT	Alcohol consumption per capita (aged 15 years and older) within a calendar year (litres of pure alcohol)	478	-10.33187259	20.26089546	MRT	Mauritania	1	15+	LTPUREAL	15 years old and over	Litres pure alcohol	0.22	0.11853	0.0721	0.03533	0.03533	0.03533	2016	0.03533	WHO Global Information System on Alcohol and Health (GISAH), 2018	G
2018.Q2.G.01	SH_ALC_CONSPT	Alcohol consumption per capita (aged 15 years and older) within a calendar year (litres of pure alcohol)	480	57.568022	-20.28581998	MUS	Mauritius	1	15+	LTPUREAL	15 years old and over	Litres pure alcohol	5.43844	5.07579	3.77771	3.70194	3.60344	3.65269	2016	3.60344	WHO Global Information System on Alcohol and Health (GISAH), 2018	G
2018.Q2.G.01	SH_ALC_CONSPT	Alcohol consumption per capita (aged 15 years and older) within a calendar year (litres of pure alcohol)	484	-102.5148166	23.93378032	MEX	Mexico	1	15+	LTPUREAL	15 years old and over	Litres pure alcohol	6.21064	6.38867	6.70117	6.40279	6.53921	6.471	2016	6.53921	WHO Global Information System on Alcohol and Health (GISAH), 2018	G
2018.Q2.G.01	SH_ALC_CONSPT	Alcohol consumption per capita (aged 15 years and older) within a calendar year (litres of pure alcohol)	492	7.424214814	43.73532918	MCO	Monaco	1	15+	LTPUREAL	15 years old and over	Litres pure alcohol										
2018.Q2.G.01	SH_ALC_CONSPT	Alcohol consumption per capita (aged 15 years and older) within a calendar year (litres of pure alcohol)	496	103.0728057	46.83892054	MNG	Mongolia	1	15+	LTPUREAL	15 years old and over	Litres pure alcohol	2.43389	3.61576	6.97692	7.38906	7.35394	7.3715	2016	7.35394	WHO Global Information System on Alcohol and Health (GISAH), 2018	G
2018.Q2.G.01	SH_ALC_CONSPT	Alcohol consumption per capita (aged 15 years and older) within a calendar year (litres of pure alcohol)	498	28.4650624	47.20236795	MDA	Republic of Moldova	1	15+	LTPUREAL	15 years old and over	Litres pure alcohol	24.79082	21.57906	17.90699	15.07239	15.1555	15.113945	2016	15.1555	WHO Global Information System on Alcohol and Health (GISAH), 2018	G
2018.Q2.G.01	SH_ALC_CONSPT	Alcohol consumption per capita (aged 15 years and older) within a calendar year (litres of pure alcohol)	499	19.25214024	42.78717043	MNE	Montenegro	1	15+	LTPUREAL	15 years old and over	Litres pure alcohol			11.03248	8.07066	8.01819	8.044425	2016	8.01819	WHO Global Information System on Alcohol and Health (GISAH), 2018	G
2018.Q2.G.01	SH_ALC_CONSPT	Alcohol consumption per capita (aged 15 years and older) within a calendar year (litres of pure alcohol)	500	-62.19261223	16.73558313	MSR	Montserrat	1	15+	LTPUREAL	15 years old and over	Litres pure alcohol										
2018.Q2.G.01	SH_ALC_CONSPT	Alcohol consumption per capita (aged 15 years and older) within a calendar year (litres of pure alcohol)	504	-6.281942841	31.8440131	MAR	Morocco	1	15+	LTPUREAL	15 years old and over	Litres pure alcohol	1.10301	1.04077	0.97796	0.72351	0.62656	0.675035	2016	0.62656	WHO Global Information System on Alcohol and Health (GISAH), 2018	G
2018.Q2.G.01	SH_ALC_CONSPT	Alcohol consumption per capita (aged 15 years and older) within a calendar year (litres of pure alcohol)	508	38.18479941	-14.27963886	MOZ	Mozambique	1	15+	LTPUREAL	15 years old and over	Litres pure alcohol	2.81608	1.18212	1.6516	2.22692	2.39306	2.30999	2016	2.39306	WHO Global Information System on Alcohol and Health (GISAH), 2018	G
2018.Q2.G.01	SH_ALC_CONSPT	Alcohol consumption per capita (aged 15 years and older) within a calendar year (litres of pure alcohol)	512	57.87743482	21.98805614	OMN	Oman	1	15+	LTPUREAL	15 years old and over	Litres pure alcohol	11.74762	1.54846	0.70845	0.75994	0.76105	0.760495	2016	0.76105	WHO Global Information System on Alcohol and Health (GISAH), 2018	G
2018.Q2.G.01	SH_ALC_CONSPT	Alcohol consumption per capita (aged 15 years and older) within a calendar year (litres of pure alcohol)	516	17.21907885	-22.13817068	NAM	Namibia	1	15+	LTPUREAL	15 years old and over	Litres pure alcohol	6.56859	6.6964	11.52944	9.80735	9.80735	9.80735	2016	9.80735	WHO Global Information System on Alcohol and Health (GISAH), 2018	G
2018.Q2.G.01	SH_ALC_CONSPT	Alcohol consumption per capita (aged 15 years and older) within a calendar year (litres of pure alcohol)	520	166.92313	-0.528742623	NRU	Nauru	1	15+	LTPUREAL	15 years old and over	Litres pure alcohol	5.67716	3.38306	6.33866	6.01076	6.01076	6.01076	2016	6.01076	WHO Global Information System on Alcohol and Health (GISAH), 2018	G
2018.Q2.G.01	SH_ALC_CONSPT	Alcohol consumption per capita (aged 15 years and older) within a calendar year (litres of pure alcohol)	524	83.94678863	28.25866332	NPL	Nepal	1	15+	LTPUREAL	15 years old and over	Litres pure alcohol	0.79553	1.96576	2.12997	2.14072	2.01573	2.078225	2016	2.01573	WHO Global Information System on Alcohol and Health (GISAH), 2018	G
2018.Q2.G.01	SH_ALC_CONSPT	Alcohol consumption per capita (aged 15 years and older) within a calendar year (litres of pure alcohol)	528	5.331480568	51.86728884	NLD	Netherlands	1	15+	LTPUREAL	15 years old and over	Litres pure alcohol	11.20619	10.833	10.37312	9.07892	8.65434	8.86663	2016	8.65434	WHO Global Information System on Alcohol and Health (GISAH), 2018	G
2018.Q2.G.01	SH_ALC_CONSPT	Alcohol consumption per capita (aged 15 years and older) within a calendar year (litres of pure alcohol)	530	-68.30676179	12.22720635	ANT	Netherlands Antilles	1	15+	LTPUREAL	15 years old and over	Litres pure alcohol										
2018.Q2.G.01	SH_ALC_CONSPT	Alcohol consumption per capita (aged 15 years and older) within a calendar year (litres of pure alcohol)	531	-68.95033464	12.15058042	CUW	Curaçao	1	15+	LTPUREAL	15 years old and over	Litres pure alcohol										
2018.Q2.G.01	SH_ALC_CONSPT	Alcohol consumption per capita (aged 15 years and older) within a calendar year (litres of pure alcohol)	533	-69.97050586	12.50878756	ABW	Aruba	1	15+	LTPUREAL	15 years old and over	Litres pure alcohol										
2018.Q2.G.01	SH_ALC_CONSPT	Alcohol consumption per capita (aged 15 years and older) within a calendar year (litres of pure alcohol)	534	-63.06198692	18.03926508	SXM	Sint Maarten (Dutch part)	1	15+	LTPUREAL	15 years old and over	Litres pure alcohol										
2018.Q2.G.01	SH_ALC_CONSPT	Alcohol consumption per capita (aged 15 years and older) within a calendar year (litres of pure alcohol)	540	165.5067368	-21.41742531	NCL	New Caledonia	1	15+	LTPUREAL	15 years old and over	Litres pure alcohol										
2018.Q2.G.01	SH_ALC_CONSPT	Alcohol consumption per capita (aged 15 years and older) within a calendar year (litres of pure alcohol)	548	167.0679779	-15.34445547	VUT	Vanuatu	1	15+	LTPUREAL	15 years old and over	Litres pure alcohol	1.42258	1.18534	1.11989	1.07638	1.00481	1.040595	2016	1.00481	WHO Global Information System on Alcohol and Health (GISAH), 2018	G
2018.Q2.G.01	SH_ALC_CONSPT	Alcohol consumption per capita (aged 15 years and older) within a calendar year (litres of pure alcohol)	554	170.4755673	-43.98721568	NZL	New Zealand	1	15+	LTPUREAL	15 years old and over	Litres pure alcohol	9.88637	10.90995	11.37086	10.63785	10.67204	10.654945	2016	10.67204	WHO Global Information System on Alcohol and Health (GISAH), 2018	G
2018.Q2.G.01	SH_ALC_CONSPT	Alcohol consumption per capita (aged 15 years and older) within a calendar year (litres of pure alcohol)	558	-85.03060315	12.84210839	NIC	Nicaragua	1	15+	LTPUREAL	15 years old and over	Litres pure alcohol	4.74904	5.29572	4.80452	5.03611	5.18085	5.10848	2016	5.18085	WHO Global Information System on Alcohol and Health (GISAH), 2018	G
2018.Q2.G.01	SH_ALC_CONSPT	Alcohol consumption per capita (aged 15 years and older) within a calendar year (litres of pure alcohol)	562	9.400167877	17.42143036	NER	Niger	1	15+	LTPUREAL	15 years old and over	Litres pure alcohol	0.22537	0.25433	0.29804	0.50362	0.50145	0.502535	2016	0.50145	WHO Global Information System on Alcohol and Health (GISAH), 2018	G
2018.Q2.G.01	SH_ALC_CONSPT	Alcohol consumption per capita (aged 15 years and older) within a calendar year (litres of pure alcohol)	566	8.097363256	9.585789025	NGA	Nigeria	1	15+	LTPUREAL	15 years old and over	Litres pure alcohol	12.15576	12.41549	11.46632	13.38968	13.38404	13.38686	2016	13.38404	WHO Global Information System on Alcohol and Health (GISAH), 2018	G
2018.Q2.G.01	SH_ALC_CONSPT	Alcohol consumption per capita (aged 15 years and older) within a calendar year (litres of pure alcohol)	570	-169.8601693	-19.05000475	NIU	Niue	1	15+	LTPUREAL	15 years old and over	Litres pure alcohol	9.31587	7.81293	6.98255	6.98255	6.98255	6.98255	2016	6.98255	WHO Global Information System on Alcohol and Health (GISAH), 2018	G
2018.Q2.G.01	SH_ALC_CONSPT	Alcohol consumption per capita (aged 15 years and older) within a calendar year (litres of pure alcohol)	574	167.9515548	-29.03230018	NFK	Norfolk Island	1	15+	LTPUREAL	15 years old and over	Litres pure alcohol										
2018.Q2.G.01	SH_ALC_CONSPT	Alcohol consumption per capita (aged 15 years and older) within a calendar year (litres of pure alcohol)	578	11.47846389	61.34311134	NOR	Norway	1	15+	LTPUREAL	15 years old and over	Litres pure alcohol	7.91166	8.88032	8.98686	7.46989	7.45748	7.463685	2016	7.45748	WHO Global Information System on Alcohol and Health (GISAH), 2018	G
2018.Q2.G.01	SH_ALC_CONSPT	Alcohol consumption per capita (aged 15 years and older) within a calendar year (litres of pure alcohol)	580	145.7582114	15.19099517	MNP	Northern Mariana Islands	1	15+	LTPUREAL	15 years old and over	Litres pure alcohol										
2018.Q2.G.01	SH_ALC_CONSPT	Alcohol consumption per capita (aged 15 years and older) within a calendar year (litres of pure alcohol)	581	-162.4343752	5.874443968	UMI	US Minor Outlying Islands	1	15+	LTPUREAL	15 years old and over	Litres pure alcohol										
2018.Q2.G.01	SH_ALC_CONSPT	Alcohol consumption per capita (aged 15 years and older) within a calendar year (litres of pure alcohol)	583	158.225216	6.880670092	FSM	Micronesia, Federated States of	1	15+	LTPUREAL	15 years old and over	Litres pure alcohol	4.19756	2.78529	2.8471	2.45003	2.45003	2.45003	2016	2.45003	WHO Global Information System on Alcohol and Health (GISAH), 2018	G
2018.Q2.G.01	SH_ALC_CONSPT	Alcohol consumption per capita (aged 15 years and older) within a calendar year (litres of pure alcohol)	584	171.0839119	7.110213497	MHL	Marshall Islands	1	15+	LTPUREAL	15 years old and over	Litres pure alcohol										
2018.Q2.G.01	SH_ALC_CONSPT	Alcohol consumption per capita (aged 15 years and older) within a calendar year (litres of pure alcohol)	585	134.5733878	7.502307591	PLW	Palau	1	15+	LTPUREAL	15 years old and over	Litres pure alcohol										
2018.Q2.G.01	SH_ALC_CONSPT	Alcohol consumption per capita (aged 15 years and older) within a calendar year (litres of pure alcohol)	586	68.80479684	29.36491634	PAK	Pakistan	1	15+	LTPUREAL	15 years old and over	Litres pure alcohol	0.09608	0.15513	0.18289	0.29069	0.31138	0.301035	2016	0.31138	WHO Global Information System on Alcohol and Health (GISAH), 2018	G
2018.Q2.G.01	SH_ALC_CONSPT	Alcohol consumption per capita (aged 15 years and older) within a calendar year (litres of pure alcohol)	591	-81.26616623	8.450965746	PAN	Panama	1	15+	LTPUREAL	15 years old and over	Litres pure alcohol	6.35793	6.25834	7.69088	8.1022	7.86996	7.98608	2016	7.86996	WHO Global Information System on Alcohol and Health (GISAH), 2018	G
2018.Q2.G.01	SH_ALC_CONSPT	Alcohol consumption per capita (aged 15 years and older) within a calendar year (litres of pure alcohol)	598	145.8587761	-6.756057077	PNG	Papua New Guinea	1	15+	LTPUREAL	15 years old and over	Litres pure alcohol	2.1126	1.62401	1.71234	1.26335	1.17003	1.21669	2016	1.17003	WHO Global Information System on Alcohol and Health (GISAH), 2018	G
2018.Q2.G.01	SH_ALC_CONSPT	Alcohol consumption per capita (aged 15 years and older) within a calendar year (litres of pure alcohol)	600	-60.54854225	-21.70216237	PRY	Paraguay	1	15+	LTPUREAL	15 years old and over	Litres pure alcohol	7.94273	7.26192	8.24357	7.34651	7.2337	7.290105	2016	7.2337	WHO Global Information System on Alcohol and Health (GISAH), 2018	G
2018.Q2.G.01	SH_ALC_CONSPT	Alcohol consumption per capita (aged 15 years and older) within a calendar year (litres of pure alcohol)	604	-71.82093277	-13.58939705	PER	Peru	1	15+	LTPUREAL	15 years old and over	Litres pure alcohol	6.72439	7.32987	8.04373	6.31874	6.30142	6.31008	2016	6.30142	WHO Global Information System on Alcohol and Health (GISAH), 2018	G
2018.Q2.G.01	SH_ALC_CONSPT	Alcohol consumption per capita (aged 15 years and older) within a calendar year (litres of pure alcohol)	608	120.8601418	14.16591706	PHL	Philippines	1	15+	LTPUREAL	15 years old and over	Litres pure alcohol	5.18645	5.65006	7.10895	6.59279	6.6058	6.599295	2016	6.6058	WHO Global Information System on Alcohol and Health (GISAH), 2018	G
2018.Q2.G.01	SH_ALC_CONSPT	Alcohol consumption per capita (aged 15 years and older) within a calendar year (litres of pure alcohol)	612	-128.3225873	-24.37538456	PCN	Pitcairn	1	15+	LTPUREAL	15 years old and over	Litres pure alcohol										
2018.Q2.G.01	SH_ALC_CONSPT	Alcohol consumption per capita (aged 15 years and older) within a calendar year (litres of pure alcohol)	616	19.40660158	52.1226733	POL	Poland	1	15+	LTPUREAL	15 years old and over	Litres pure alcohol	9.5912	11.05701	11.3675	11.64227	11.63427	11.63827	2016	11.63427	WHO Global Information System on Alcohol and Health (GISAH), 2018	G
2018.Q2.G.01	SH_ALC_CONSPT	Alcohol consumption per capita (aged 15 years and older) within a calendar year (litres of pure alcohol)	620	-7.961599811	39.68509315	PRT	Portugal	1	15+	LTPUREAL	15 years old and over	Litres pure alcohol	14.76533	14.8632	13.46445	12.16397	12.28271	12.22334	2016	12.28271	WHO Global Information System on Alcohol and Health (GISAH), 2018	G
2018.Q2.G.01	SH_ALC_CONSPT	Alcohol consumption per capita (aged 15 years and older) within a calendar year (litres of pure alcohol)	624	-14.40182514	12.11760394	GNB	Guinea-Bissau	1	15+	LTPUREAL	15 years old and over	Litres pure alcohol	3.81446	4.97183	4.20879	4.74201	4.75149	4.74675	2016	4.75149	WHO Global Information System on Alcohol and Health (GISAH), 2018	G
2018.Q2.G.01	SH_ALC_CONSPT	Alcohol consumption per capita (aged 15 years and older) within a calendar year (litres of pure alcohol)	626	125.9451052	-8.797497247	TLS	Timor-Leste	1	15+	LTPUREAL	15 years old and over	Litres pure alcohol	1.55844	0.81962	0.66989	2.05161	2.05161	2.05161	2016	2.05161	WHO Global Information System on Alcohol and Health (GISAH), 2018	G
2018.Q2.G.01	SH_ALC_CONSPT	Alcohol consumption per capita (aged 15 years and older) within a calendar year (litres of pure alcohol)	630	-66.47591017	18.22753799	PRI	Puerto Rico	1	15+	LTPUREAL	15 years old and over	Litres pure alcohol										
2018.Q2.G.01	SH_ALC_CONSPT	Alcohol consumption per capita (aged 15 years and older) within a calendar year (litres of pure alcohol)	634	51.19152467	25.28355379	QAT	Qatar	1	15+	LTPUREAL	15 years old and over	Litres pure alcohol	1.0052	1.89199	1.7396	1.93092	1.98539	1.958155	2016	1.98539	WHO Global Information System on Alcohol and Health (GISAH), 2018	G
2018.Q2.G.01	SH_ALC_CONSPT	Alcohol consumption per capita (aged 15 years and older) within a calendar year (litres of pure alcohol)	638	55.53171398	-21.13183266	REU	Réunion	1	15+	LTPUREAL	15 years old and over	Litres pure alcohol										
2018.Q2.G.01	SH_ALC_CONSPT	Alcohol consumption per capita (aged 15 years and older) within a calendar year (litres of pure alcohol)	642	24.98481009	45.83893563	ROU	Romania	1	15+	LTPUREAL	15 years old and over	Litres pure alcohol	15.9583	15.32861	15.03488	12.66809	12.64652	12.657305	2016	12.64652	WHO Global Information System on Alcohol and Health (GISAH), 2018	G
2018.Q2.G.01	SH_ALC_CONSPT	Alcohol consumption per capita (aged 15 years and older) within a calendar year (litres of pure alcohol)	643	99.01404926	61.61899849	RUS	Russian Federation	1	15+	LTPUREAL	15 years old and over	Litres pure alcohol	17.03549	18.72261	15.83949	12.41772	11.69784	12.05778	2016	11.69784	WHO Global Information System on Alcohol and Health (GISAH), 2018	G
2018.Q2.G.01	SH_ALC_CONSPT	Alcohol consumption per capita (aged 15 years and older) within a calendar year (litres of pure alcohol)	646	29.92310194	-1.999842114	RWA	Rwanda	1	15+	LTPUREAL	15 years old and over	Litres pure alcohol	15.57187	13.18379	10.31407	8.95028	8.98472	8.9675	2016	8.98472	WHO Global Information System on Alcohol and Health (GISAH), 2018	G
2018.Q2.G.01	SH_ALC_CONSPT	Alcohol consumption per capita (aged 15 years and older) within a calendar year (litres of pure alcohol)	652	-62.83173536	17.89513362	BLM	Saint Barthélemy	1	15+	LTPUREAL	15 years old and over	Litres pure alcohol										
2018.Q2.G.01	SH_ALC_CONSPT	Alcohol consumption per capita (aged 15 years and older) within a calendar year (litres of pure alcohol)	654	-5.705752501	-15.96503946	SHN	Saint Helena	1	15+	LTPUREAL	15 years old and over	Litres pure alcohol										
2018.Q2.G.01	SH_ALC_CONSPT	Alcohol consumption per capita (aged 15 years and older) within a calendar year (litres of pure alcohol)	659	-62.76628613	17.33994219	KNA	Saint Kitts and Nevis	1	15+	LTPUREAL	15 years old and over	Litres pure alcohol	8.24985	10.53431	9.27806	9.24258	9.38047	9.311525	2016	9.38047	WHO Global Information System on Alcohol and Health (GISAH), 2018	G
2018.Q2.G.01	SH_ALC_CONSPT	Alcohol consumption per capita (aged 15 years and older) within a calendar year (litres of pure alcohol)	660	-63.05651612	18.21525315	AIA	Anguilla	1	15+	LTPUREAL	15 years old and over	Litres pure alcohol										
2018.Q2.G.01	SH_ALC_CONSPT	Alcohol consumption per capita (aged 15 years and older) within a calendar year (litres of pure alcohol)	662	-60.96529553	13.89405601	LCA	Saint Lucia	1	15+	LTPUREAL	15 years old and over	Litres pure alcohol	10.71635	11.10641	9.53863	9.78707	9.85179	9.81943	2016	9.85179	WHO Global Information System on Alcohol and Health (GISAH), 2018	G
2018.Q2.G.01	SH_ALC_CONSPT	Alcohol consumption per capita (aged 15 years and older) within a calendar year (litres of pure alcohol)	663	-63.04505461	18.0882685	MAF	Saint Martin (French Part)	1	15+	LTPUREAL	15 years old and over	Litres pure alcohol										
2018.Q2.G.01	SH_ALC_CONSPT	Alcohol consumption per capita (aged 15 years and older) within a calendar year (litres of pure alcohol)	666	-56.33682442	46.85812735	SPM	Saint Pierre and Miquelon	1	15+	LTPUREAL	15 years old and over	Litres pure alcohol										
2018.Q2.G.01	SH_ALC_CONSPT	Alcohol consumption per capita (aged 15 years and older) within a calendar year (litres of pure alcohol)	670	-61.19024321	13.24627968	VCT	Saint Vincent and the Grenadines	1	15+	LTPUREAL	15 years old and over	Litres pure alcohol	5.27342	5.63564	6.77025	8.0429	8.23874	8.14082	2016	8.23874	WHO Global Information System on Alcohol and Health (GISAH), 2018	G
2018.Q2.G.01	SH_ALC_CONSPT	Alcohol consumption per capita (aged 15 years and older) within a calendar year (litres of pure alcohol)	674	12.46329038	43.93841766	SMR	San Marino	1	15+	LTPUREAL	15 years old and over	Litres pure alcohol										
2018.Q2.G.01	SH_ALC_CONSPT	Alcohol consumption per capita (aged 15 years and older) within a calendar year (litres of pure alcohol)	678	6.609772265	0.241554875	STP	Sao Tome and Principe	1	15+	LTPUREAL	15 years old and over	Litres pure alcohol	8.03869	8.69842	8.33618	7.09039	6.83942	6.964905	2016	6.83942	WHO Global Information System on Alcohol and Health (GISAH), 2018	G
2018.Q2.G.01	SH_ALC_CONSPT	Alcohol consumption per capita (aged 15 years and older) within a calendar year (litres of pure alcohol)	682	44.54763347	24.12594211	SAU	Saudi Arabia	1	15+	LTPUREAL	15 years old and over	Litres pure alcohol	0.1529	0.15816	0.16265	0.21653	0.21668	0.216605	2016	0.21668	WHO Global Information System on Alcohol and Health (GISAH), 2018	G
2018.Q2.G.01	SH_ALC_CONSPT	Alcohol consumption per capita (aged 15 years and older) within a calendar year (litres of pure alcohol)	686	-14.46636926	14.35920905	SEN	Senegal	1	15+	LTPUREAL	15 years old and over	Litres pure alcohol	1.16422	0.84124	0.58167	0.7416	0.74068	0.74114	2016	0.74068	WHO Global Information System on Alcohol and Health (GISAH), 2018	G
2018.Q2.G.01	SH_ALC_CONSPT	Alcohol consumption per capita (aged 15 years and older) within a calendar year (litres of pure alcohol)	688	20.805876	44.03145697	SRB	Serbia	1	15+	LTPUREAL	15 years old and over	Litres pure alcohol			11.6924	10.9199	11.08259	11.001245	2016	11.08259	WHO Global Information System on Alcohol and Health (GISAH), 2018	G
2018.Q2.G.01	SH_ALC_CONSPT	Alcohol consumption per capita (aged 15 years and older) within a calendar year (litres of pure alcohol)	690	55.46561591	-4.678053059	SYC	Seychelles	1	15+	LTPUREAL	15 years old and over	Litres pure alcohol	6.3076	7.33084	6.29534	10.67178	11.99912	11.33545	2016	11.99912	WHO Global Information System on Alcohol and Health (GISAH), 2018	G
2018.Q2.G.01	SH_ALC_CONSPT	Alcohol consumption per capita (aged 15 years and older) within a calendar year (litres of pure alcohol)	694	-11.78306584	8.568604164	SLE	Sierra Leone	1	15+	LTPUREAL	15 years old and over	Litres pure alcohol	7.60321	5.99134	5.97235	5.64499	5.65575	5.65037	2016	5.65575	WHO Global Information System on Alcohol and Health (GISAH), 2018	G
2018.Q2.G.01	SH_ALC_CONSPT	Alcohol consumption per capita (aged 15 years and older) within a calendar year (litres of pure alcohol)	702	103.8107883	1.361009155	SGP	Singapore	1	15+	LTPUREAL	15 years old and over	Litres pure alcohol	2.41871	1.77743	2.19599	2.03244	2.02739	2.029915	2016	2.02739	WHO Global Information System on Alcohol and Health (GISAH), 2018	G
2018.Q2.G.01	SH_ALC_CONSPT	Alcohol consumption per capita (aged 15 years and older) within a calendar year (litres of pure alcohol)	703	19.48495604	48.70741446	SVK	Slovakia	1	15+	LTPUREAL	15 years old and over	Litres pure alcohol	12.57326	11.55298	11.86896	11.734	11.45443	11.594215	2016	11.45443	WHO Global Information System on Alcohol and Health (GISAH), 2018	G
2018.Q2.G.01	SH_ALC_CONSPT	Alcohol consumption per capita (aged 15 years and older) within a calendar year (litres of pure alcohol)	704	105.802499	10.09643079	VNM	Viet Nam	1	15+	LTPUREAL	15 years old and over	Litres pure alcohol	2.28713	2.98139	4.68033	7.91631	8.34825	8.13228	2016	8.34825	WHO Global Information System on Alcohol and Health (GISAH), 2018	G
2018.Q2.G.01	SH_ALC_CONSPT	Alcohol consumption per capita (aged 15 years and older) within a calendar year (litres of pure alcohol)	705	14.82209486	46.11958061	SVN	Slovenia	1	15+	LTPUREAL	15 years old and over	Litres pure alcohol	13.57862	12.30532	11.47365	12.78943	12.63015	12.70979	2016	12.63015	WHO Global Information System on Alcohol and Health (GISAH), 2018	G
2018.Q2.G.01	SH_ALC_CONSPT	Alcohol consumption per capita (aged 15 years and older) within a calendar year (litres of pure alcohol)	706	46.20367477	4.406485729	SOM	Somalia	1	15+	LTPUREAL	15 years old and over	Litres pure alcohol	0	0.04937	0.48738	0.01061	0.01061	0.01061	2016	0.01061	WHO Global Information System on Alcohol and Health (GISAH), 2018	G
2018.Q2.G.01	SH_ALC_CONSPT	Alcohol consumption per capita (aged 15 years and older) within a calendar year (litres of pure alcohol)	710	24.67184355	-29.99957544	ZAF	South Africa	1	15+	LTPUREAL	15 years old and over	Litres pure alcohol	11.89497	11.35651	10.47423	9.30658	9.25975	9.283165	2016	9.25975	WHO Global Information System on Alcohol and Health (GISAH), 2018	G
2018.Q2.G.01	SH_ALC_CONSPT	Alcohol consumption per capita (aged 15 years and older) within a calendar year (litres of pure alcohol)	716	29.86909584	-19.00075492	ZWE	Zimbabwe	1	15+	LTPUREAL	15 years old and over	Litres pure alcohol	3.19162	2.59344	3.4544	4.7959	4.79448	4.79519	2016	4.79448	WHO Global Information System on Alcohol and Health (GISAH), 2018	G
2018.Q2.G.01	SH_ALC_CONSPT	Alcohol consumption per capita (aged 15 years and older) within a calendar year (litres of pure alcohol)	724	-3.554078296	40.39211472	ESP	Spain	1	15+	LTPUREAL	15 years old and over	Litres pure alcohol	12.96056	12.96189	10.52186	10.04475	9.99657	10.02066	2016	9.99657	WHO Global Information System on Alcohol and Health (GISAH), 2018	G
2018.Q2.G.01	SH_ALC_CONSPT	Alcohol consumption per capita (aged 15 years and older) within a calendar year (litres of pure alcohol)	728	30.32618773	7.290839152	SSD	South Sudan	1	15+	LTPUREAL	15 years old and over	Litres pure alcohol										
2018.Q2.G.01	SH_ALC_CONSPT	Alcohol consumption per capita (aged 15 years and older) within a calendar year (litres of pure alcohol)	732	-13.13515523	24.66265342	ESH	Western Sahara	1	15+	LTPUREAL	15 years old and over	Litres pure alcohol										
2018.Q2.G.01	SH_ALC_CONSPT	Alcohol consumption per capita (aged 15 years and older) within a calendar year (litres of pure alcohol)	736	29.95650159	16.02643066	SDN	Sudan	1	15+	LTPUREAL	15 years old and over	Litres pure alcohol										
2018.Q2.G.01	SH_ALC_CONSPT	Alcohol consumption per capita (aged 15 years and older) within a calendar year (litres of pure alcohol)	740	-55.90626394	4.132603197	SUR	Suriname	1	15+	LTPUREAL	15 years old and over	Litres pure alcohol	5.80433	5.35909	6.32124	5.71592	5.11677	5.416345	2016	5.11677	WHO Global Information System on Alcohol and Health (GISAH), 2018	G
2018.Q2.G.01	SH_ALC_CONSPT	Alcohol consumption per capita (aged 15 years and older) within a calendar year (litres of pure alcohol)	744	13.38071013	78.82894131	SJM	Svalbard and Jan Mayen Islands	1	15+	LTPUREAL	15 years old and over	Litres pure alcohol										
2018.Q2.G.01	SH_ALC_CONSPT	Alcohol consumption per capita (aged 15 years and older) within a calendar year (litres of pure alcohol)	748	31.50149288	-26.56471011	SWZ	Swaziland	1	15+	LTPUREAL	15 years old and over	Litres pure alcohol	8.55875	6.75876	6.7568	9.94777	9.91312	9.930445	2016	9.91312	WHO Global Information System on Alcohol and Health (GISAH), 2018	G
2018.Q2.G.01	SH_ALC_CONSPT	Alcohol consumption per capita (aged 15 years and older) within a calendar year (litres of pure alcohol)	752	14.3775338	60.60103109	SWE	Sweden	1	15+	LTPUREAL	15 years old and over	Litres pure alcohol	8.29997	8.53431	9.47712	9.16655	9.15822	9.162385	2016	9.15822	WHO Global Information System on Alcohol and Health (GISAH), 2018	G
2018.Q2.G.01	SH_ALC_CONSPT	Alcohol consumption per capita (aged 15 years and older) within a calendar year (litres of pure alcohol)	756	8.223158	46.96617097	CHE	Switzerland	1	15+	LTPUREAL	15 years old and over	Litres pure alcohol	12.54297	11.63343	11.36332	11.60591	11.49983	11.55287	2016	11.49983	WHO Global Information System on Alcohol and Health (GISAH), 2018	G
2018.Q2.G.01	SH_ALC_CONSPT	Alcohol consumption per capita (aged 15 years and older) within a calendar year (litres of pure alcohol)	760	38.50466565	35.01676176	SYR	Syrian Arab Republic (Syria)	1	15+	LTPUREAL	15 years old and over	Litres pure alcohol	1.04351	0.90806	0.91687	0.29955	0.31535	0.30745	2016	0.31535	WHO Global Information System on Alcohol and Health (GISAH), 2018	G
2018.Q2.G.01	SH_ALC_CONSPT	Alcohol consumption per capita (aged 15 years and older) within a calendar year (litres of pure alcohol)	762	69.294998	38.43069666	TJK	Tajikistan	1	15+	LTPUREAL	15 years old and over	Litres pure alcohol	2.54787	2.602	2.41393	3.16044	3.28033	3.220385	2016	3.28033	WHO Global Information System on Alcohol and Health (GISAH), 2018	G
2018.Q2.G.01	SH_ALC_CONSPT	Alcohol consumption per capita (aged 15 years and older) within a calendar year (litres of pure alcohol)	764	101.0202951	15.13089239	THA	Thailand	1	15+	LTPUREAL	15 years old and over	Litres pure alcohol	6.23184	6.71594	7.64727	8.4364	8.29748	8.36694	2016	8.29748	WHO Global Information System on Alcohol and Health (GISAH), 2018	G
2018.Q2.G.01	SH_ALC_CONSPT	Alcohol consumption per capita (aged 15 years and older) within a calendar year (litres of pure alcohol)	768	0.97835765	8.532096072	TGO	Togo	1	15+	LTPUREAL	15 years old and over	Litres pure alcohol	1.89269	2.16036	2.44677	3.08483	3.0818	3.083315	2016	3.0818	WHO Global Information System on Alcohol and Health (GISAH), 2018	G
2018.Q2.G.01	SH_ALC_CONSPT	Alcohol consumption per capita (aged 15 years and older) within a calendar year (litres of pure alcohol)	772	-171.8154473	-9.214545558	TKL	Tokelau	1	15+	LTPUREAL	15 years old and over	Litres pure alcohol										
2018.Q2.G.01	SH_ALC_CONSPT	Alcohol consumption per capita (aged 15 years and older) within a calendar year (litres of pure alcohol)	776	-175.1959991	-21.19511329	TON	Tonga	1	15+	LTPUREAL	15 years old and over	Litres pure alcohol	1.64336	2.16989	1.3872	1.52203	1.52203	1.52203	2016	1.52203	WHO Global Information System on Alcohol and Health (GISAH), 2018	G
2018.Q2.G.01	SH_ALC_CONSPT	Alcohol consumption per capita (aged 15 years and older) within a calendar year (litres of pure alcohol)	780	-61.29389504	10.41877263	TTO	Trinidad and Tobago	1	15+	LTPUREAL	15 years old and over	Litres pure alcohol	4.79792	6.53288	6.71524	8.12073	8.36512	8.242925	2016	8.36512	WHO Global Information System on Alcohol and Health (GISAH), 2018	G
2018.Q2.G.01	SH_ALC_CONSPT	Alcohol consumption per capita (aged 15 years and older) within a calendar year (litres of pure alcohol)	784	53.98279159	23.43322219	ARE	United Arab Emirates	1	15+	LTPUREAL	15 years old and over	Litres pure alcohol	2.88147	2.54579	3.09842	3.63268	3.78027	3.706475	2016	3.78027	WHO Global Information System on Alcohol and Health (GISAH), 2018	G
2018.Q2.G.01	SH_ALC_CONSPT	Alcohol consumption per capita (aged 15 years and older) within a calendar year (litres of pure alcohol)	788	9.572737411	34.11439971	TUN	Tunisia	1	15+	LTPUREAL	15 years old and over	Litres pure alcohol	1.67898	1.6321	1.39968	1.93839	1.89737	1.91788	2016	1.89737	WHO Global Information System on Alcohol and Health (GISAH), 2018	G
2018.Q2.G.01	SH_ALC_CONSPT	Alcohol consumption per capita (aged 15 years and older) within a calendar year (litres of pure alcohol)	792	35.42890329	38.9899684	TUR	Turkey	1	15+	LTPUREAL	15 years old and over	Litres pure alcohol	2.22098	1.94487	2.18007	2.03012	1.95638	1.99325	2016	1.95638	WHO Global Information System on Alcohol and Health (GISAH), 2018	G
2018.Q2.G.01	SH_ALC_CONSPT	Alcohol consumption per capita (aged 15 years and older) within a calendar year (litres of pure alcohol)	795	58.9787665	40.0912346	TKM	Turkmenistan	1	15+	LTPUREAL	15 years old and over	Litres pure alcohol	5.23156	5.3075	5.95473	5.64096	5.41972	5.53034	2016	5.41972	WHO Global Information System on Alcohol and Health (GISAH), 2018	G
2018.Q2.G.01	SH_ALC_CONSPT	Alcohol consumption per capita (aged 15 years and older) within a calendar year (litres of pure alcohol)	796	-71.745121	21.80780585	TCA	Turks and Caicos Islands	1	15+	LTPUREAL	15 years old and over	Litres pure alcohol										
2018.Q2.G.01	SH_ALC_CONSPT	Alcohol consumption per capita (aged 15 years and older) within a calendar year (litres of pure alcohol)	798	178.6679611	-7.460048071	TUV	Tuvalu	1	15+	LTPUREAL	15 years old and over	Litres pure alcohol	2.29859	2.01329	1.72315	1.72315	1.72315	1.72315	2016	1.72315	WHO Global Information System on Alcohol and Health (GISAH), 2018	G
2018.Q2.G.01	SH_ALC_CONSPT	Alcohol consumption per capita (aged 15 years and older) within a calendar year (litres of pure alcohol)	800	32.39100438	1.279557331	UGA	Uganda	1	15+	LTPUREAL	15 years old and over	Litres pure alcohol	11.95325	13.04217	13.24275	9.48199	9.46322	9.472605	2016	9.46322	WHO Global Information System on Alcohol and Health (GISAH), 2018	G
2018.Q2.G.01	SH_ALC_CONSPT	Alcohol consumption per capita (aged 15 years and older) within a calendar year (litres of pure alcohol)	804	31.40270802	49.00735945	UKR	Ukraine	1	15+	LTPUREAL	15 years old and over	Litres pure alcohol	8.25319	12.91998	14.29087	9.30274	8.55271	8.927725	2016	8.55271	WHO Global Information System on Alcohol and Health (GISAH), 2018	G
2018.Q2.G.01	SH_ALC_CONSPT	Alcohol consumption per capita (aged 15 years and older) within a calendar year (litres of pure alcohol)	807	21.7007909	41.60048068	MKD	Macedonia, Republic of	1	15+	LTPUREAL	15 years old and over	Litres pure alcohol	7.58319	6.75632	6.33508	7.37699	8.11399	7.74549	2016	8.11399	WHO Global Information System on Alcohol and Health (GISAH), 2018	G
2018.Q2.G.01	SH_ALC_CONSPT	Alcohol consumption per capita (aged 15 years and older) within a calendar year (litres of pure alcohol)	818	29.77468534	26.57438204	EGY	Egypt	1	15+	LTPUREAL	15 years old and over	Litres pure alcohol	0.22399	0.2939	0.36784	0.41827	0.3995	0.408885	2016	0.3995	WHO Global Information System on Alcohol and Health (GISAH), 2018	G
2018.Q2.G.01	SH_ALC_CONSPT	Alcohol consumption per capita (aged 15 years and older) within a calendar year (litres of pure alcohol)	826	-2.23830539	53.27691757	GBR	United Kingdom	1	15+	LTPUREAL	15 years old and over	Litres pure alcohol	13.41348	13.89797	12.30449	11.39696	11.44507	11.421015	2016	11.44507	WHO Global Information System on Alcohol and Health (GISAH), 2018	G
2018.Q2.G.01	SH_ALC_CONSPT	Alcohol consumption per capita (aged 15 years and older) within a calendar year (litres of pure alcohol)	831	-2.200712402	49.71561166	GGY	Guernsey	1	15+	LTPUREAL	15 years old and over	Litres pure alcohol										
2018.Q2.G.01	SH_ALC_CONSPT	Alcohol consumption per capita (aged 15 years and older) within a calendar year (litres of pure alcohol)	832	-2.136773508	49.22353354	JEY	Jersey	1	15+	LTPUREAL	15 years old and over	Litres pure alcohol										
2018.Q2.G.01	SH_ALC_CONSPT	Alcohol consumption per capita (aged 15 years and older) within a calendar year (litres of pure alcohol)	833	-4.538190305	54.22880901	IMN	Isle of Man	1	15+	LTPUREAL	15 years old and over	Litres pure alcohol										
2018.Q2.G.01	SH_ALC_CONSPT	Alcohol consumption per capita (aged 15 years and older) within a calendar year (litres of pure alcohol)	834	34.80521182	-6.265332606	TZA	Tanzania, United Republic of	1	15+	LTPUREAL	15 years old and over	Litres pure alcohol	8.53544	8.63347	9.71991	9.38794	9.38454	9.38624	2016	9.38454	WHO Global Information System on Alcohol and Health (GISAH), 2018	G
2018.Q2.G.01	SH_ALC_CONSPT	Alcohol consumption per capita (aged 15 years and older) within a calendar year (litres of pure alcohol)	840	-99.13830311	39.5277871	USA	United States of America	1	15+	LTPUREAL	15 years old and over	Litres pure alcohol	9.41454	9.49036	9.32971	9.81408	9.81408	9.81408	2016	9.81408	WHO Global Information System on Alcohol and Health (GISAH), 2018	G
2018.Q2.G.01	SH_ALC_CONSPT	Alcohol consumption per capita (aged 15 years and older) within a calendar year (litres of pure alcohol)	850	-64.76960113	17.73297693	VIR	United States Virgin Islands	1	15+	LTPUREAL	15 years old and over	Litres pure alcohol										
2018.Q2.G.01	SH_ALC_CONSPT	Alcohol consumption per capita (aged 15 years and older) within a calendar year (litres of pure alcohol)	854	-1.742843829	12.27491081	BFA	Burkina Faso	1	15+	LTPUREAL	15 years old and over	Litres pure alcohol	7.28294	7.67228	7.1035	8.16196	8.17162	8.16679	2016	8.17162	WHO Global Information System on Alcohol and Health (GISAH), 2018	G
2018.Q2.G.01	SH_ALC_CONSPT	Alcohol consumption per capita (aged 15 years and older) within a calendar year (litres of pure alcohol)	858	-56.01387025	-32.8002838	URY	Uruguay	1	15+	LTPUREAL	15 years old and over	Litres pure alcohol	8.92321	7.48247	9.18288	10.83647	10.82732	10.831895	2016	10.82732	WHO Global Information System on Alcohol and Health (GISAH), 2018	G
2018.Q2.G.01	SH_ALC_CONSPT	Alcohol consumption per capita (aged 15 years and older) within a calendar year (litres of pure alcohol)	860	63.11944558	41.77560518	UZB	Uzbekistan	1	15+	LTPUREAL	15 years old and over	Litres pure alcohol	5.93512	3.80876	3.17317	2.61192	2.66003	2.635975	2016	2.66003	WHO Global Information System on Alcohol and Health (GISAH), 2018	G
2018.Q2.G.01	SH_ALC_CONSPT	Alcohol consumption per capita (aged 15 years and older) within a calendar year (litres of pure alcohol)	862	-66.15642084	7.121324748	VEN	Venezuela (Bolivarian Republic)	1	15+	LTPUREAL	15 years old and over	Litres pure alcohol	9.19999	9.34646	8.45649	6.68923	5.64394	6.166585	2016	5.64394	WHO Global Information System on Alcohol and Health (GISAH), 2018	G
2018.Q2.G.01	SH_ALC_CONSPT	Alcohol consumption per capita (aged 15 years and older) within a calendar year (litres of pure alcohol)	876	-176.2034788	-13.28471201	WLF	Wallis and Futuna Islands	1	15+	LTPUREAL	15 years old and over	Litres pure alcohol										
2018.Q2.G.01	SH_ALC_CONSPT	Alcohol consumption per capita (aged 15 years and older) within a calendar year (litres of pure alcohol)	882	-172.4430749	-13.61541469	WSM	Samoa	1	15+	LTPUREAL	15 years old and over	Litres pure alcohol	3.45822	4.2263	2.94764	2.51899	2.50296	2.510975	2016	2.50296	WHO Global Information System on Alcohol and Health (GISAH), 2018	G
2018.Q2.G.01	SH_ALC_CONSPT	Alcohol consumption per capita (aged 15 years and older) within a calendar year (litres of pure alcohol)	887	45.22389143	15.22242099	YEM	Yemen	1	15+	LTPUREAL	15 years old and over	Litres pure alcohol	0.93008	0.34896	0.22308	0.0662	0.0662	0.0662	2016	0.0662	WHO Global Information System on Alcohol and Health (GISAH), 2018	G
2018.Q2.G.01	SH_ALC_CONSPT	Alcohol consumption per capita (aged 15 years and older) within a calendar year (litres of pure alcohol)	894	27.850329	-14.59701056	ZMB	Zambia	1	15+	LTPUREAL	15 years old and over	Litres pure alcohol	3.76289	3.50376	4.50604	4.86501	4.84252	4.853765	2016	4.84252	WHO Global Information System on Alcohol and Health (GISAH), 2018	G
