series.release	series.code	series.description	geoAreaCode	X	Y	ISO3CD	geoAreaName	sliceId	Units	Units description	2000	2001	2002	2003	2004	2005	2006	2007	2008	2009	2010	2011	2012	2013	2014	2015	2016	last.5.years.mean	latest.year	latest.value	latest.source	latest.nature
2018.Q2.G.01	SH_ACS_MCV2	Proportion of the target population with access to measles-containing-vaccine second-dose (MCV2) (%)	4	66.02688198	33.83160199	AFG	Afghanistan	1	PERCENT	Percentage					2	9	18	4	23	24	29	31	33	35	39	39	39	37	2016	39	WHO/UNICEF coverage estimates 2016 revision, July 2017	E
2018.Q2.G.01	SH_ACS_MCV2	Proportion of the target population with access to measles-containing-vaccine second-dose (MCV2) (%)	8	20.06660928	41.13897007	ALB	Albania	1	PERCENT	Percentage		90	93	93	96	97	94	95	98	98	98	99	99	99	98	98	98	98.4	2016	98	WHO/UNICEF coverage estimates 2016 revision, July 2017	E
2018.Q2.G.01	SH_ACS_MCV2	Proportion of the target population with access to measles-containing-vaccine second-dose (MCV2) (%)	10	21.47585697	-80.40897662	ATA	Antarctica	1	PERCENT	Percentage																						
2018.Q2.G.01	SH_ACS_MCV2	Proportion of the target population with access to measles-containing-vaccine second-dose (MCV2) (%)	12	2.678164227	28.15940032	DZA	Algeria	1	PERCENT	Percentage	78	73	93	96	94	94	98	95	96	98	95	96	95	93	99	99	96	96.4	2016	96	WHO/UNICEF coverage estimates 2016 revision, July 2017	E
2018.Q2.G.01	SH_ACS_MCV2	Proportion of the target population with access to measles-containing-vaccine second-dose (MCV2) (%)	16	-170.7187269	-14.30587306	ASM	American Samoa	1	PERCENT	Percentage																						
2018.Q2.G.01	SH_ACS_MCV2	Proportion of the target population with access to measles-containing-vaccine second-dose (MCV2) (%)	20	1.576257417	42.54548611	AND	Andorra	1	PERCENT	Percentage								80	86	82	86	82	89	91	90	88	90	89.6	2016	90	WHO/UNICEF coverage estimates 2016 revision, July 2017	E
2018.Q2.G.01	SH_ACS_MCV2	Proportion of the target population with access to measles-containing-vaccine second-dose (MCV2) (%)	24	17.57817062	-12.33724746	AGO	Angola	1	PERCENT	Percentage																26	26	26	2016	26	WHO/UNICEF coverage estimates 2016 revision, July 2017	E
2018.Q2.G.01	SH_ACS_MCV2	Proportion of the target population with access to measles-containing-vaccine second-dose (MCV2) (%)	28	-61.7999755	17.07761471	ATG	Antigua and Barbuda	1	PERCENT	Percentage						46	68	78	83	94	92	89	90	87	87	87	87	87.6	2016	87	WHO/UNICEF coverage estimates 2016 revision, July 2017	E
2018.Q2.G.01	SH_ACS_MCV2	Proportion of the target population with access to measles-containing-vaccine second-dose (MCV2) (%)	31	50.01064725	40.39229544	AZE	Azerbaijan	1	PERCENT	Percentage		65	67	66	67	67	68	75	79	83	89	92	95	98	98	98	98	97.4	2016	98	WHO/UNICEF coverage estimates 2016 revision, July 2017	E
2018.Q2.G.01	SH_ACS_MCV2	Proportion of the target population with access to measles-containing-vaccine second-dose (MCV2) (%)	32	-65.14563274	-35.19446255	ARG	Argentina	1	PERCENT	Percentage	56	56	83	80	93	88	91	84	88	96	94	91	89	83	96	87	88	88.6	2016	88	WHO/UNICEF coverage estimates 2016 revision, July 2017	E
2018.Q2.G.01	SH_ACS_MCV2	Proportion of the target population with access to measles-containing-vaccine second-dose (MCV2) (%)	36	134.3499412	-25.57717202	AUS	Australia	1	PERCENT	Percentage					85	85	87	89	80	82	88	90	91	92	93	93	94	92.6	2016	94	WHO/UNICEF coverage estimates 2016 revision, July 2017	E
2018.Q2.G.01	SH_ACS_MCV2	Proportion of the target population with access to measles-containing-vaccine second-dose (MCV2) (%)	40	14.14172472	47.58704857	AUT	Austria	1	PERCENT	Percentage	35	34	39	46	47	54	61	56	62	64	69	73	78	82	87	88	89	84.8	2016	89	WHO/UNICEF coverage estimates 2016 revision, July 2017	E
2018.Q2.G.01	SH_ACS_MCV2	Proportion of the target population with access to measles-containing-vaccine second-dose (MCV2) (%)	44	-78.05111663	24.69546597	BHS	Bahamas	1	PERCENT	Percentage					95	88	88	84	80	76	78	79	73	69	72	76	74	72.8	2016	74	WHO/UNICEF coverage estimates 2016 revision, July 2017	E
2018.Q2.G.01	SH_ACS_MCV2	Proportion of the target population with access to measles-containing-vaccine second-dose (MCV2) (%)	48	50.5490754	26.04407747	BHR	Bahrain	1	PERCENT	Percentage	92	99	97	99	99	99	99	99	97	99	98	98	99	99	99	99	99	99	2016	99	WHO/UNICEF coverage estimates 2016 revision, July 2017	E
2018.Q2.G.01	SH_ACS_MCV2	Proportion of the target population with access to measles-containing-vaccine second-dose (MCV2) (%)	50	89.17660788	22.86961622	BGD	Bangladesh	1	PERCENT	Percentage													35	70	83	83	93	72.8	2016	93	WHO/UNICEF coverage estimates 2016 revision, July 2017	E
2018.Q2.G.01	SH_ACS_MCV2	Proportion of the target population with access to measles-containing-vaccine second-dose (MCV2) (%)	51	44.93839317	40.29499741	ARM	Armenia	1	PERCENT	Percentage	94	96	95	93	94	92	85	93	94	96	97	98	97	97	97	97	97	97	2016	97	WHO/UNICEF coverage estimates 2016 revision, July 2017	E
2018.Q2.G.01	SH_ACS_MCV2	Proportion of the target population with access to measles-containing-vaccine second-dose (MCV2) (%)	52	-59.5346489	13.13648273	BRB	Barbados	1	PERCENT	Percentage		12	41	71	99	98	94	96	97	97	96	94	90	89	91	89	87	89.2	2016	87	WHO/UNICEF coverage estimates 2016 revision, July 2017	E
2018.Q2.G.01	SH_ACS_MCV2	Proportion of the target population with access to measles-containing-vaccine second-dose (MCV2) (%)	56	4.660976456	50.64104975	BEL	Belgium	1	PERCENT	Percentage							78	78	81	83	83	83	85	85	85	85	85	85	2016	85	WHO/UNICEF coverage estimates 2016 revision, July 2017	E
2018.Q2.G.01	SH_ACS_MCV2	Proportion of the target population with access to measles-containing-vaccine second-dose (MCV2) (%)	60	-64.78155012	32.27881922	BMU	Bermuda	1	PERCENT	Percentage																						
2018.Q2.G.01	SH_ACS_MCV2	Proportion of the target population with access to measles-containing-vaccine second-dose (MCV2) (%)	64	90.45098484	27.39598568	BTN	Bhutan	1	PERCENT	Percentage									72	79	85	95	90	89	92	94	90	91	2016	90	WHO/UNICEF coverage estimates 2016 revision, July 2017	E
2018.Q2.G.01	SH_ACS_MCV2	Proportion of the target population with access to measles-containing-vaccine second-dose (MCV2) (%)	68	-64.66224284	-16.71273412	BOL	Bolivia (Plurinational State of)	1	PERCENT	Percentage																						
2018.Q2.G.01	SH_ACS_MCV2	Proportion of the target population with access to measles-containing-vaccine second-dose (MCV2) (%)	70	17.78584332	44.16845548	BIH	Bosnia and Herzegovina	1	PERCENT	Percentage	74	86	90	85	88	90	93	95	92	88	91	88	94	93	92	88	78	89	2016	78	WHO/UNICEF coverage estimates 2016 revision, July 2017	E
2018.Q2.G.01	SH_ACS_MCV2	Proportion of the target population with access to measles-containing-vaccine second-dose (MCV2) (%)	72	23.81380223	-22.18810073	BWA	Botswana	1	PERCENT	Percentage														83	85	80	74	80.5	2016	74	WHO/UNICEF coverage estimates 2016 revision, July 2017	E
2018.Q2.G.01	SH_ACS_MCV2	Proportion of the target population with access to measles-containing-vaccine second-dose (MCV2) (%)	74	3.410732868	-54.43295905	BVT	Bouvet Island	1	PERCENT	Percentage																						
2018.Q2.G.01	SH_ACS_MCV2	Proportion of the target population with access to measles-containing-vaccine second-dose (MCV2) (%)	76	-53.08432878	-10.77668561	BRA	Brazil	1	PERCENT	Percentage	95	95	80	74	68	61	55	49	56	55	53	71	70	69	89	80	72	76	2016	72	WHO/UNICEF coverage estimates 2016 revision, July 2017	E
2018.Q2.G.01	SH_ACS_MCV2	Proportion of the target population with access to measles-containing-vaccine second-dose (MCV2) (%)	84	-88.70199554	17.19965901	BLZ	Belize	1	PERCENT	Percentage						87	92	89	90	92	91	98	93	92	92	95	96	93.6	2016	96	WHO/UNICEF coverage estimates 2016 revision, July 2017	E
2018.Q2.G.01	SH_ACS_MCV2	Proportion of the target population with access to measles-containing-vaccine second-dose (MCV2) (%)	86	72.38715553	-7.299281071	IOT	British Indian Ocean Territory	1	PERCENT	Percentage																						
2018.Q2.G.01	SH_ACS_MCV2	Proportion of the target population with access to measles-containing-vaccine second-dose (MCV2) (%)	90	160.1584117	-9.622391719	SLB	Solomon Islands	1	PERCENT	Percentage																						
2018.Q2.G.01	SH_ACS_MCV2	Proportion of the target population with access to measles-containing-vaccine second-dose (MCV2) (%)	92	-64.63294223	18.42256578	VGB	British Virgin Islands	1	PERCENT	Percentage																						
2018.Q2.G.01	SH_ACS_MCV2	Proportion of the target population with access to measles-containing-vaccine second-dose (MCV2) (%)	96	114.6288563	4.49736984	BRN	Brunei Darussalam	1	PERCENT	Percentage	95	95	96	96	97	95	94	92	90	99	93	93	92	92	96	97	97	94.8	2016	97	WHO/UNICEF coverage estimates 2016 revision, July 2017	E
2018.Q2.G.01	SH_ACS_MCV2	Proportion of the target population with access to measles-containing-vaccine second-dose (MCV2) (%)	100	25.23763153	42.75731323	BGR	Bulgaria	1	PERCENT	Percentage	83	85	79	89	91	92	93	94	94	93	96	94	94	94	89	87	88	90.4	2016	88	WHO/UNICEF coverage estimates 2016 revision, July 2017	E
2018.Q2.G.01	SH_ACS_MCV2	Proportion of the target population with access to measles-containing-vaccine second-dose (MCV2) (%)	104	96.51752295	21.19332882	MMR	Myanmar	1	PERCENT	Percentage									57	65	75	80		80	82	78	86	81.5	2016	86	WHO/UNICEF coverage estimates 2016 revision, July 2017	E
2018.Q2.G.01	SH_ACS_MCV2	Proportion of the target population with access to measles-containing-vaccine second-dose (MCV2) (%)	108	29.89080992	-3.366387428	BDI	Burundi	1	PERCENT	Percentage														51	60	65	72	62	2016	72	WHO/UNICEF coverage estimates 2016 revision, July 2017	E
2018.Q2.G.01	SH_ACS_MCV2	Proportion of the target population with access to measles-containing-vaccine second-dose (MCV2) (%)	112	28.04940161	53.54193075	BLR	Belarus	1	PERCENT	Percentage	92	97	98	98	98	98	95	99	99	99	99	99	97	99	98	99	98	98.2	2016	98	WHO/UNICEF coverage estimates 2016 revision, July 2017	E
2018.Q2.G.01	SH_ACS_MCV2	Proportion of the target population with access to measles-containing-vaccine second-dose (MCV2) (%)	116	104.922836	12.71163737	KHM	Cambodia	1	PERCENT	Percentage													41	49	59	58	58	53	2016	58	WHO/UNICEF coverage estimates 2016 revision, July 2017	E
2018.Q2.G.01	SH_ACS_MCV2	Proportion of the target population with access to measles-containing-vaccine second-dose (MCV2) (%)	120	12.7419827	5.692387031	CMR	Cameroon	1	PERCENT	Percentage																						
2018.Q2.G.01	SH_ACS_MCV2	Proportion of the target population with access to measles-containing-vaccine second-dose (MCV2) (%)	124	-101.6575058	57.72360191	CAN	Canada	1	PERCENT	Percentage													94	92	90	88	86	90	2016	86	WHO/UNICEF coverage estimates 2016 revision, July 2017	E
2018.Q2.G.01	SH_ACS_MCV2	Proportion of the target population with access to measles-containing-vaccine second-dose (MCV2) (%)	132	-23.63544151	15.07791834	CPV	Cabo Verde	1	PERCENT	Percentage												99	94	89	79	95	95	90.4	2016	95	WHO/UNICEF coverage estimates 2016 revision, July 2017	E
2018.Q2.G.01	SH_ACS_MCV2	Proportion of the target population with access to measles-containing-vaccine second-dose (MCV2) (%)	136	-81.16740559	19.32266656	CYM	Cayman Islands	1	PERCENT	Percentage																						
2018.Q2.G.01	SH_ACS_MCV2	Proportion of the target population with access to measles-containing-vaccine second-dose (MCV2) (%)	140	20.93559492	7.003720791	CAF	Central African Republic	1	PERCENT	Percentage																						
2018.Q2.G.01	SH_ACS_MCV2	Proportion of the target population with access to measles-containing-vaccine second-dose (MCV2) (%)	144	80.70489654	7.614693343	LKA	Sri Lanka	1	PERCENT	Percentage		52	92	90	95	99	98	97	97	97	99	99	99	99	99	99	99	99	2016	99	WHO/UNICEF coverage estimates 2016 revision, July 2017	E
2018.Q2.G.01	SH_ACS_MCV2	Proportion of the target population with access to measles-containing-vaccine second-dose (MCV2) (%)	148	18.66618401	15.36279341	TCD	Chad	1	PERCENT	Percentage																						
2018.Q2.G.01	SH_ACS_MCV2	Proportion of the target population with access to measles-containing-vaccine second-dose (MCV2) (%)	152	-71.23029019	-35.2652885	CHL	Chile	1	PERCENT	Percentage					96	96	95	95	89	89	84	77	74	78	88	89	87	83.2	2016	87	WHO/UNICEF coverage estimates 2016 revision, July 2017	E
2018.Q2.G.01	SH_ACS_MCV2	Proportion of the target population with access to measles-containing-vaccine second-dose (MCV2) (%)	156	104.1403375	32.30955217	CHN	China	1	PERCENT	Percentage						84	94	92	95	98	99	99	99	99	99	99	99	99	2016	99	WHO/UNICEF coverage estimates 2016 revision, July 2017	E
2018.Q2.G.01	SH_ACS_MCV2	Proportion of the target population with access to measles-containing-vaccine second-dose (MCV2) (%)	162	105.6426067	-10.4882473	CXR	Christmas Island	1	PERCENT	Percentage																						
2018.Q2.G.01	SH_ACS_MCV2	Proportion of the target population with access to measles-containing-vaccine second-dose (MCV2) (%)	166	96.82633757	-12.18600682	CCK	Cocos (Keeling) Islands	1	PERCENT	Percentage																						
2018.Q2.G.01	SH_ACS_MCV2	Proportion of the target population with access to measles-containing-vaccine second-dose (MCV2) (%)	170	-73.07446751	3.888209046	COL	Colombia	1	PERCENT	Percentage	84	83	93	70	70	73	85	93	70	71	74	76	80	72	88	86	87	82.6	2016	87	WHO/UNICEF coverage estimates 2016 revision, July 2017	E
2018.Q2.G.01	SH_ACS_MCV2	Proportion of the target population with access to measles-containing-vaccine second-dose (MCV2) (%)	174	43.34234565	-11.66121732	COM	Comoros	1	PERCENT	Percentage																						
2018.Q2.G.01	SH_ACS_MCV2	Proportion of the target population with access to measles-containing-vaccine second-dose (MCV2) (%)	175	45.14015057	-12.82217691	MYT	Mayotte	1	PERCENT	Percentage																						
2018.Q2.G.01	SH_ACS_MCV2	Proportion of the target population with access to measles-containing-vaccine second-dose (MCV2) (%)	178	15.22052612	-0.840544119	COG	Congo	1	PERCENT	Percentage																						
2018.Q2.G.01	SH_ACS_MCV2	Proportion of the target population with access to measles-containing-vaccine second-dose (MCV2) (%)	180	23.65496507	-2.877154732	COD	Democratic Republic of the Congo	1	PERCENT	Percentage																						
2018.Q2.G.01	SH_ACS_MCV2	Proportion of the target population with access to measles-containing-vaccine second-dose (MCV2) (%)	184	-159.7711391	-21.22696458	COK	Cook Islands	1	PERCENT	Percentage	70	50	61	88	86	97	99	98	95	61	98	96	98	95	98	95	90	95.2	2016	90	WHO/UNICEF coverage estimates 2016 revision, July 2017	E
2018.Q2.G.01	SH_ACS_MCV2	Proportion of the target population with access to measles-containing-vaccine second-dose (MCV2) (%)	188	-84.19712782	9.970998683	CRI	Costa Rica	1	PERCENT	Percentage									89	84	79	80	95	92	90	90	87	90.8	2016	87	WHO/UNICEF coverage estimates 2016 revision, July 2017	E
2018.Q2.G.01	SH_ACS_MCV2	Proportion of the target population with access to measles-containing-vaccine second-dose (MCV2) (%)	191	17.95874553	45.45172212	HRV	Croatia	1	PERCENT	Percentage		98	98	98	98	98	98	98	98	98	98	98	97	97	97	96	96	96.6	2016	96	WHO/UNICEF coverage estimates 2016 revision, July 2017	E
2018.Q2.G.01	SH_ACS_MCV2	Proportion of the target population with access to measles-containing-vaccine second-dose (MCV2) (%)	192	-79.54460144	22.10030366	CUB	Cuba	1	PERCENT	Percentage						53	97	99	98	95	98	95	96	97	98	99	99	97.8	2016	99	WHO/UNICEF coverage estimates 2016 revision, July 2017	E
2018.Q2.G.01	SH_ACS_MCV2	Proportion of the target population with access to measles-containing-vaccine second-dose (MCV2) (%)	196	33.22285964	35.05659437	CYP	Cyprus	1	PERCENT	Percentage								93	89	88	88	88	88	88	88	88	88	88	2016	88	WHO/UNICEF coverage estimates 2016 revision, July 2017	E
2018.Q2.G.01	SH_ACS_MCV2	Proportion of the target population with access to measles-containing-vaccine second-dose (MCV2) (%)	203	15.33151382	49.73913871	CZE	Czechia	1	PERCENT	Percentage	98	98	98	98	98	98	98	98	98	98	98	98	99	99	96	99	93	97.2	2016	93	WHO/UNICEF coverage estimates 2016 revision, July 2017	E
2018.Q2.G.01	SH_ACS_MCV2	Proportion of the target population with access to measles-containing-vaccine second-dose (MCV2) (%)	204	2.339933594	9.65401646	BEN	Benin	1	PERCENT	Percentage																						
2018.Q2.G.01	SH_ACS_MCV2	Proportion of the target population with access to measles-containing-vaccine second-dose (MCV2) (%)	208	9.326571283	56.03829721	DNK	Denmark	1	PERCENT	Percentage		87	92	88	88	91	91	88	87	85	85	86	87	86	84	80	85	84.4	2016	85	WHO/UNICEF coverage estimates 2016 revision, July 2017	E
2018.Q2.G.01	SH_ACS_MCV2	Proportion of the target population with access to measles-containing-vaccine second-dose (MCV2) (%)	212	-61.3493756	15.43391378	DMA	Dominica	1	PERCENT	Percentage		62	99	99	99	99	99	95	95	95	95	94	94	91	89	94	92	92	2016	92	WHO/UNICEF coverage estimates 2016 revision, July 2017	E
2018.Q2.G.01	SH_ACS_MCV2	Proportion of the target population with access to measles-containing-vaccine second-dose (MCV2) (%)	214	-70.49847576	18.89832088	DOM	Dominican Republic	1	PERCENT	Percentage																						
2018.Q2.G.01	SH_ACS_MCV2	Proportion of the target population with access to measles-containing-vaccine second-dose (MCV2) (%)	218	-78.37005241	-1.447785891	ECU	Ecuador	1	PERCENT	Percentage										99	91	92	81	70	59	76	76	72.4	2016	76	WHO/UNICEF coverage estimates 2016 revision, July 2017	E
2018.Q2.G.01	SH_ACS_MCV2	Proportion of the target population with access to measles-containing-vaccine second-dose (MCV2) (%)	222	-88.86862995	13.73603564	SLV	El Salvador	1	PERCENT	Percentage				77	80	85	89	86	79	82	78	81	95	85	85	88	87	88	2016	87	WHO/UNICEF coverage estimates 2016 revision, July 2017	E
2018.Q2.G.01	SH_ACS_MCV2	Proportion of the target population with access to measles-containing-vaccine second-dose (MCV2) (%)	226	10.46535826	1.565792376	GNQ	Equatorial Guinea	1	PERCENT	Percentage																						
2018.Q2.G.01	SH_ACS_MCV2	Proportion of the target population with access to measles-containing-vaccine second-dose (MCV2) (%)	231	39.63505296	8.631223181	ETH	Ethiopia	1	PERCENT	Percentage																						
2018.Q2.G.01	SH_ACS_MCV2	Proportion of the target population with access to measles-containing-vaccine second-dose (MCV2) (%)	232	38.11074289	16.12894644	ERI	Eritrea	1	PERCENT	Percentage																75	85	80	2016	85	WHO/UNICEF coverage estimates 2016 revision, July 2017	E
2018.Q2.G.01	SH_ACS_MCV2	Proportion of the target population with access to measles-containing-vaccine second-dose (MCV2) (%)	233	25.84093481	58.68487172	EST	Estonia	1	PERCENT	Percentage	89	84	94	96	97	98	98	96	97	96	95	95	94	92	93	92	92	92.6	2016	92	WHO/UNICEF coverage estimates 2016 revision, July 2017	E
2018.Q2.G.01	SH_ACS_MCV2	Proportion of the target population with access to measles-containing-vaccine second-dose (MCV2) (%)	234	-7.122044325	62.21228119	FRO	Faroe Islands	1	PERCENT	Percentage																						
2018.Q2.G.01	SH_ACS_MCV2	Proportion of the target population with access to measles-containing-vaccine second-dose (MCV2) (%)	238	-58.75246778	-51.74562601	FLK	Falkland Islands (Malvinas)	1	PERCENT	Percentage																						
2018.Q2.G.01	SH_ACS_MCV2	Proportion of the target population with access to measles-containing-vaccine second-dose (MCV2) (%)	239	-36.90662765	-54.20736749	SGS	South Georgia and the South Sandwich Islands	1	PERCENT	Percentage																						
2018.Q2.G.01	SH_ACS_MCV2	Proportion of the target population with access to measles-containing-vaccine second-dose (MCV2) (%)	242	177.9660884	-17.83301566	FJI	Fiji	1	PERCENT	Percentage						74	94	94	94	94	94	94	94	94	94	94	94	94	2016	94	WHO/UNICEF coverage estimates 2016 revision, July 2017	E
2018.Q2.G.01	SH_ACS_MCV2	Proportion of the target population with access to measles-containing-vaccine second-dose (MCV2) (%)	246	23.308447	61.91586738	FIN	Finland	1	PERCENT	Percentage																	85	85	2016	85	WHO/UNICEF coverage estimates 2016 revision, July 2017	E
2018.Q2.G.01	SH_ACS_MCV2	Proportion of the target population with access to measles-containing-vaccine second-dose (MCV2) (%)	248	19.80945969	60.1544901	ALA	Åland Islands	1	PERCENT	Percentage																						
2018.Q2.G.01	SH_ACS_MCV2	Proportion of the target population with access to measles-containing-vaccine second-dose (MCV2) (%)	250	2.457288129	46.62660861	FRA	France	1	PERCENT	Percentage											67	67	72	67	77	78	79	74.6	2016	79	WHO/UNICEF coverage estimates 2016 revision, July 2017	E
2018.Q2.G.01	SH_ACS_MCV2	Proportion of the target population with access to measles-containing-vaccine second-dose (MCV2) (%)	254	-53.23619089	3.922673437	GUF	French Guiana	1	PERCENT	Percentage																						
2018.Q2.G.01	SH_ACS_MCV2	Proportion of the target population with access to measles-containing-vaccine second-dose (MCV2) (%)	258	-149.4052367	-17.67709294	PYF	French Polynesia	1	PERCENT	Percentage																						
2018.Q2.G.01	SH_ACS_MCV2	Proportion of the target population with access to measles-containing-vaccine second-dose (MCV2) (%)	260	69.64849091	-49.6068576	ATF	French Southern Territories	1	PERCENT	Percentage																						
2018.Q2.G.01	SH_ACS_MCV2	Proportion of the target population with access to measles-containing-vaccine second-dose (MCV2) (%)	262	42.18274707	11.56004161	DJI	Djibouti	1	PERCENT	Percentage													82	82	82	82	82	82	2016	82	WHO/UNICEF coverage estimates 2016 revision, July 2017	E
2018.Q2.G.01	SH_ACS_MCV2	Proportion of the target population with access to measles-containing-vaccine second-dose (MCV2) (%)	266	11.78727747	-0.60687619	GAB	Gabon	1	PERCENT	Percentage																						
2018.Q2.G.01	SH_ACS_MCV2	Proportion of the target population with access to measles-containing-vaccine second-dose (MCV2) (%)	268	43.3713615	42.04813028	GEO	Georgia	1	PERCENT	Percentage		8	40	57	75	87	88	92	87	71	84	77	79	89	87	91	85	86.2	2016	85	WHO/UNICEF coverage estimates 2016 revision, July 2017	E
2018.Q2.G.01	SH_ACS_MCV2	Proportion of the target population with access to measles-containing-vaccine second-dose (MCV2) (%)	270	-15.39944785	13.45295927	GMB	Gambia	1	PERCENT	Percentage													56	53	73	81	79	68.4	2016	79	WHO/UNICEF coverage estimates 2016 revision, July 2017	E
2018.Q2.G.01	SH_ACS_MCV2	Proportion of the target population with access to measles-containing-vaccine second-dose (MCV2) (%)	275	35.25694122	31.94347933	PSE	State of Palestine	1	PERCENT	Percentage	95	94	93	94	94	97	92	87	99	97	94	95	97	98	99	99	99	98.4	2016	99	WHO/UNICEF coverage estimates 2016 revision, July 2017	E
2018.Q2.G.01	SH_ACS_MCV2	Proportion of the target population with access to measles-containing-vaccine second-dose (MCV2) (%)	276	10.3806066	51.08862743	DEU	Germany	1	PERCENT	Percentage			77	83	89	91	90	92	92	93	93	93	93	93	93	93	93	93	2016	93	WHO/UNICEF coverage estimates 2016 revision, July 2017	E
2018.Q2.G.01	SH_ACS_MCV2	Proportion of the target population with access to measles-containing-vaccine second-dose (MCV2) (%)	288	-1.205623522	7.964825185	GHA	Ghana	1	PERCENT	Percentage													52	54	67	63	75	62.2	2016	75	WHO/UNICEF coverage estimates 2016 revision, July 2017	E
2018.Q2.G.01	SH_ACS_MCV2	Proportion of the target population with access to measles-containing-vaccine second-dose (MCV2) (%)	292	-5.347561686	36.13895036	GIB	Gibraltar	1	PERCENT	Percentage																						
2018.Q2.G.01	SH_ACS_MCV2	Proportion of the target population with access to measles-containing-vaccine second-dose (MCV2) (%)	296	-157.5643005	1.768837732	KIR	Kiribati	1	PERCENT	Percentage										35	21	61	9	84	80	76	79	65.6	2016	79	WHO/UNICEF coverage estimates 2016 revision, July 2017	E
2018.Q2.G.01	SH_ACS_MCV2	Proportion of the target population with access to measles-containing-vaccine second-dose (MCV2) (%)	300	22.58307827	39.47301873	GRC	Greece	1	PERCENT	Percentage								77	77	77	77	77	83	83	83	83	83	83	2016	83	WHO/UNICEF coverage estimates 2016 revision, July 2017	E
2018.Q2.G.01	SH_ACS_MCV2	Proportion of the target population with access to measles-containing-vaccine second-dose (MCV2) (%)	304	-41.39371316	74.75625681	GRL	Greenland	1	PERCENT	Percentage																						
2018.Q2.G.01	SH_ACS_MCV2	Proportion of the target population with access to measles-containing-vaccine second-dose (MCV2) (%)	308	-61.68248568	12.11238395	GRD	Grenada	1	PERCENT	Percentage			74	68	61	81	87	86	86	78	86	85	75	85	92	89	85	85.2	2016	85	WHO/UNICEF coverage estimates 2016 revision, July 2017	E
2018.Q2.G.01	SH_ACS_MCV2	Proportion of the target population with access to measles-containing-vaccine second-dose (MCV2) (%)	312	-61.64762115	16.14416917	GLP	Guadeloupe	1	PERCENT	Percentage																						
2018.Q2.G.01	SH_ACS_MCV2	Proportion of the target population with access to measles-containing-vaccine second-dose (MCV2) (%)	316	144.7029305	13.35485404	GUM	Guam	1	PERCENT	Percentage																						
2018.Q2.G.01	SH_ACS_MCV2	Proportion of the target population with access to measles-containing-vaccine second-dose (MCV2) (%)	320	-91.2312746	15.00273719	GTM	Guatemala	1	PERCENT	Percentage																	65	65	2016	65	WHO/UNICEF coverage estimates 2016 revision, July 2017	E
2018.Q2.G.01	SH_ACS_MCV2	Proportion of the target population with access to measles-containing-vaccine second-dose (MCV2) (%)	324	-11.28173419	11.00210343	GIN	Guinea	1	PERCENT	Percentage																						
2018.Q2.G.01	SH_ACS_MCV2	Proportion of the target population with access to measles-containing-vaccine second-dose (MCV2) (%)	328	-58.97322037	4.788012784	GUY	Guyana	1	PERCENT	Percentage		88	80	71	63	72	74	90	84	84	82	84	90	95	91	95	94	93	2016	94	WHO/UNICEF coverage estimates 2016 revision, July 2017	E
2018.Q2.G.01	SH_ACS_MCV2	Proportion of the target population with access to measles-containing-vaccine second-dose (MCV2) (%)	332	-72.33640958	18.40426539	HTI	Haiti	1	PERCENT	Percentage																	26	26	2016	26	WHO/UNICEF coverage estimates 2016 revision, July 2017	E
2018.Q2.G.01	SH_ACS_MCV2	Proportion of the target population with access to measles-containing-vaccine second-dose (MCV2) (%)	334	73.52633626	-53.09106147	HMD	Heard Island and McDonald Islands	1	PERCENT	Percentage																						
2018.Q2.G.01	SH_ACS_MCV2	Proportion of the target population with access to measles-containing-vaccine second-dose (MCV2) (%)	336	12.45315803	41.90343751	VAT	Holy See	1	PERCENT	Percentage																						
2018.Q2.G.01	SH_ACS_MCV2	Proportion of the target population with access to measles-containing-vaccine second-dose (MCV2) (%)	340	-86.59974381	14.82243161	HND	Honduras	1	PERCENT	Percentage																						
2018.Q2.G.01	SH_ACS_MCV2	Proportion of the target population with access to measles-containing-vaccine second-dose (MCV2) (%)	344	114.0266445	22.41749934	HKG	China, Hong Kong Special Administrative Region	1	PERCENT	Percentage																						
2018.Q2.G.01	SH_ACS_MCV2	Proportion of the target population with access to measles-containing-vaccine second-dose (MCV2) (%)	348	19.41221519	47.1651448	HUN	Hungary	1	PERCENT	Percentage	99	99	99	99	99	99	99	99	99	99	96	99	99	99	99	99	99	99	2016	99	WHO/UNICEF coverage estimates 2016 revision, July 2017	E
2018.Q2.G.01	SH_ACS_MCV2	Proportion of the target population with access to measles-containing-vaccine second-dose (MCV2) (%)	352	-19.02116966	64.79134763	ISL	Iceland	1	PERCENT	Percentage				92	89	90	93	95	94	93	92	90	97	94	93	94	95	94.6	2016	95	WHO/UNICEF coverage estimates 2016 revision, July 2017	E
2018.Q2.G.01	SH_ACS_MCV2	Proportion of the target population with access to measles-containing-vaccine second-dose (MCV2) (%)	356	79.3608464	22.34642074	IND	India	1	PERCENT	Percentage												27	36	51	60	69	76	58.4	2016	76	WHO/UNICEF coverage estimates 2016 revision, July 2017	E
2018.Q2.G.01	SH_ACS_MCV2	Proportion of the target population with access to measles-containing-vaccine second-dose (MCV2) (%)	360	113.9174	-0.994582204	IDN	Indonesia	1	PERCENT	Percentage				21	29	23	50	73	66	67	74	76	78	76	28	31	56	53.8	2016	56	WHO/UNICEF coverage estimates 2016 revision, July 2017	E
2018.Q2.G.01	SH_ACS_MCV2	Proportion of the target population with access to measles-containing-vaccine second-dose (MCV2) (%)	364	54.19766348	32.74370885	IRN	Iran (Islamic Republic of)	1	PERCENT	Percentage	99	94	96	96	99	92	98	97	96	99	99	99	97	97	98	98	98	97.6	2016	98	WHO/UNICEF coverage estimates 2016 revision, July 2017	E
2018.Q2.G.01	SH_ACS_MCV2	Proportion of the target population with access to measles-containing-vaccine second-dose (MCV2) (%)	368	43.76606267	33.05013795	IRQ	Iraq	1	PERCENT	Percentage		52	48	45	41	58	52	64	76	87	77	77	68	57	60	62	64	62.2	2016	64	WHO/UNICEF coverage estimates 2016 revision, July 2017	E
2018.Q2.G.01	SH_ACS_MCV2	Proportion of the target population with access to measles-containing-vaccine second-dose (MCV2) (%)	372	-7.121425272	53.25274054	IRL	Ireland	1	PERCENT	Percentage																						
2018.Q2.G.01	SH_ACS_MCV2	Proportion of the target population with access to measles-containing-vaccine second-dose (MCV2) (%)	376	34.62277992	31.06164552	ISR	Israel	1	PERCENT	Percentage		97	97	97	97	96	96	90	91	92	93	87	89	95	96	97	97	94.8	2016	97	WHO/UNICEF coverage estimates 2016 revision, July 2017	E
2018.Q2.G.01	SH_ACS_MCV2	Proportion of the target population with access to measles-containing-vaccine second-dose (MCV2) (%)	380	12.57022427	42.79917282	ITA	Italy	1	PERCENT	Percentage														84	83	83	83	83.25	2016	83	WHO/UNICEF coverage estimates 2016 revision, July 2017	E
2018.Q2.G.01	SH_ACS_MCV2	Proportion of the target population with access to measles-containing-vaccine second-dose (MCV2) (%)	384	-5.552690016	7.62211586	CIV	Côte d'Ivoire	1	PERCENT	Percentage																						
2018.Q2.G.01	SH_ACS_MCV2	Proportion of the target population with access to measles-containing-vaccine second-dose (MCV2) (%)	388	-77.31068409	18.15616857	JAM	Jamaica	1	PERCENT	Percentage		96	96	95	95	91	88	84	80	78	56	60	76	71	72	83	85	77.4	2016	85	WHO/UNICEF coverage estimates 2016 revision, July 2017	E
2018.Q2.G.01	SH_ACS_MCV2	Proportion of the target population with access to measles-containing-vaccine second-dose (MCV2) (%)	392	139.2716103	36.6554539	JPN	Japan	1	PERCENT	Percentage									78	92	97	92	92	93	94	93	93	93	2016	93	WHO/UNICEF coverage estimates 2016 revision, July 2017	E
2018.Q2.G.01	SH_ACS_MCV2	Proportion of the target population with access to measles-containing-vaccine second-dose (MCV2) (%)	398	66.65359159	48.01963494	KAZ	Kazakhstan	1	PERCENT	Percentage	98	95	98	99	99	96	99	99	99	99	99	99	97	99	99	98	99	98.4	2016	99	WHO/UNICEF coverage estimates 2016 revision, July 2017	E
2018.Q2.G.01	SH_ACS_MCV2	Proportion of the target population with access to measles-containing-vaccine second-dose (MCV2) (%)	400	37.13024774	30.65365973	JOR	Jordan	1	PERCENT	Percentage	83	87	90	91	98	92	88	97	90	90	95	95	96	98	98	96	99	97.4	2016	99	WHO/UNICEF coverage estimates 2016 revision, July 2017	E
2018.Q2.G.01	SH_ACS_MCV2	Proportion of the target population with access to measles-containing-vaccine second-dose (MCV2) (%)	404	37.86096816	0.534797278	KEN	Kenya	1	PERCENT	Percentage																28	32	30	2016	32	WHO/UNICEF coverage estimates 2016 revision, July 2017	E
2018.Q2.G.01	SH_ACS_MCV2	Proportion of the target population with access to measles-containing-vaccine second-dose (MCV2) (%)	408	127.1803633	40.1462645	PRK	Democratic People's Republic of Korea	1	PERCENT	Percentage									98	98	99	99	99	99	99	97	98	98.4	2016	98	WHO/UNICEF coverage estimates 2016 revision, July 2017	E
2018.Q2.G.01	SH_ACS_MCV2	Proportion of the target population with access to measles-containing-vaccine second-dose (MCV2) (%)	410	127.8610254	36.45201023	KOR	Republic of Korea	1	PERCENT	Percentage	39	67	95	95	99	99	99	99	99	99	98	98	97	95	96	97	97	96.4	2016	97	WHO/UNICEF coverage estimates 2016 revision, July 2017	E
2018.Q2.G.01	SH_ACS_MCV2	Proportion of the target population with access to measles-containing-vaccine second-dose (MCV2) (%)	414	47.49305029	29.53949468	KWT	Kuwait	1	PERCENT	Percentage						77	96	90	86	94	99	99	99	99	86	96	96	95.2	2016	96	WHO/UNICEF coverage estimates 2016 revision, July 2017	E
2018.Q2.G.01	SH_ACS_MCV2	Proportion of the target population with access to measles-containing-vaccine second-dose (MCV2) (%)	417	74.52324839	41.46204516	KGZ	Kyrgyzstan	1	PERCENT	Percentage	96	98	98	98	98	98	97	95	97	98	98	98	98	97	97	96	98	97.2	2016	98	WHO/UNICEF coverage estimates 2016 revision, July 2017	E
2018.Q2.G.01	SH_ACS_MCV2	Proportion of the target population with access to measles-containing-vaccine second-dose (MCV2) (%)	418	101.9901968	20.27482773	LAO	Lao People's Democratic Republic	1	PERCENT	Percentage																						
2018.Q2.G.01	SH_ACS_MCV2	Proportion of the target population with access to measles-containing-vaccine second-dose (MCV2) (%)	422	35.89391711	33.92152458	LBN	Lebanon	1	PERCENT	Percentage	56	42	28	14	24	34	45	55	65	75	75	75	75	75	75	75	75	75	2016	75	WHO/UNICEF coverage estimates 2016 revision, July 2017	E
2018.Q2.G.01	SH_ACS_MCV2	Proportion of the target population with access to measles-containing-vaccine second-dose (MCV2) (%)	426	28.25362195	-29.58041814	LSO	Lesotho	1	PERCENT	Percentage		46	50	47	56	68	80	80	80	81	81	82	82	82	82	82	82	82	2016	82	WHO/UNICEF coverage estimates 2016 revision, July 2017	E
2018.Q2.G.01	SH_ACS_MCV2	Proportion of the target population with access to measles-containing-vaccine second-dose (MCV2) (%)	428	26.42461876	56.64196636	LVA	Latvia	1	PERCENT	Percentage	90	95	96	97	98	99	99	98	94	92	93	92	92	92	89	92	89	90.8	2016	89	WHO/UNICEF coverage estimates 2016 revision, July 2017	E
2018.Q2.G.01	SH_ACS_MCV2	Proportion of the target population with access to measles-containing-vaccine second-dose (MCV2) (%)	430	-9.311879038	6.448381009	LBR	Liberia	1	PERCENT	Percentage																						
2018.Q2.G.01	SH_ACS_MCV2	Proportion of the target population with access to measles-containing-vaccine second-dose (MCV2) (%)	434	18.0295985	27.04042819	LBY	Libya	1	PERCENT	Percentage		81	86	90	95	95	96	97	97	97	97	97	97	95	92	97	96	95.4	2016	96	WHO/UNICEF coverage estimates 2016 revision, July 2017	E
2018.Q2.G.01	SH_ACS_MCV2	Proportion of the target population with access to measles-containing-vaccine second-dose (MCV2) (%)	438	9.552985019	47.14167005	LIE	Liechtenstein	1	PERCENT	Percentage																						
2018.Q2.G.01	SH_ACS_MCV2	Proportion of the target population with access to measles-containing-vaccine second-dose (MCV2) (%)	440	23.90517807	55.33680309	LTU	Lithuania	1	PERCENT	Percentage	97	96	95	93	93	95	94	96	96	94	95	94	93	92	92	92	92	92.2	2016	92	WHO/UNICEF coverage estimates 2016 revision, July 2017	E
2018.Q2.G.01	SH_ACS_MCV2	Proportion of the target population with access to measles-containing-vaccine second-dose (MCV2) (%)	442	6.092656563	49.77679538	LUX	Luxembourg	1	PERCENT	Percentage														86	86	86	86	86	2016	86	WHO/UNICEF coverage estimates 2016 revision, July 2017	E
2018.Q2.G.01	SH_ACS_MCV2	Proportion of the target population with access to measles-containing-vaccine second-dose (MCV2) (%)	446	113.5665388	22.1237259	MAC	China, Macao Special Administrative Region	1	PERCENT	Percentage																						
2018.Q2.G.01	SH_ACS_MCV2	Proportion of the target population with access to measles-containing-vaccine second-dose (MCV2) (%)	450	46.6982339	-19.38514785	MDG	Madagascar	1	PERCENT	Percentage																						
2018.Q2.G.01	SH_ACS_MCV2	Proportion of the target population with access to measles-containing-vaccine second-dose (MCV2) (%)	454	33.4884625	-13.40819859	MWI	Malawi	1	PERCENT	Percentage																8	61	34.5	2016	61	WHO/UNICEF coverage estimates 2016 revision, July 2017	E
2018.Q2.G.01	SH_ACS_MCV2	Proportion of the target population with access to measles-containing-vaccine second-dose (MCV2) (%)	458	116.8346314	5.452415309	MYS	Malaysia	1	PERCENT	Percentage						91	90	92	97	95	95	95	99	99	99	99	99	99	2016	99	WHO/UNICEF coverage estimates 2016 revision, July 2017	E
2018.Q2.G.01	SH_ACS_MCV2	Proportion of the target population with access to measles-containing-vaccine second-dose (MCV2) (%)	462	73.09672546	-0.614385021	MDV	Maldives	1	PERCENT	Percentage								56	76	96	96	96	99	99	97	99	99	98.6	2016	99	WHO/UNICEF coverage estimates 2016 revision, July 2017	E
2018.Q2.G.01	SH_ACS_MCV2	Proportion of the target population with access to measles-containing-vaccine second-dose (MCV2) (%)	466	-3.522016039	17.35311254	MLI	Mali	1	PERCENT	Percentage																						
2018.Q2.G.01	SH_ACS_MCV2	Proportion of the target population with access to measles-containing-vaccine second-dose (MCV2) (%)	470	14.44617519	35.89194275	MLT	Malta	1	PERCENT	Percentage				2	31	60	86	77	83	85	85	85	91	88	94	91	86	90	2016	86	WHO/UNICEF coverage estimates 2016 revision, July 2017	E
2018.Q2.G.01	SH_ACS_MCV2	Proportion of the target population with access to measles-containing-vaccine second-dose (MCV2) (%)	474	-60.91544135	14.56086108	MTQ	Martinique	1	PERCENT	Percentage																						
2018.Q2.G.01	SH_ACS_MCV2	Proportion of the target population with access to measles-containing-vaccine second-dose (MCV2) (%)	478	-10.33187259	20.26089546	MRT	Mauritania	1	PERCENT	Percentage																						
2018.Q2.G.01	SH_ACS_MCV2	Proportion of the target population with access to measles-containing-vaccine second-dose (MCV2) (%)	480	57.568022	-20.28581998	MUS	Mauritius	1	PERCENT	Percentage					80	78	85	80	83	85	90	89	90	85	85	96	92	89.6	2016	92	WHO/UNICEF coverage estimates 2016 revision, July 2017	E
2018.Q2.G.01	SH_ACS_MCV2	Proportion of the target population with access to measles-containing-vaccine second-dose (MCV2) (%)	484	-102.5148166	23.93378032	MEX	Mexico	1	PERCENT	Percentage	98	99	89	96	97	97	91	85	94	92	91	97	92	76	95	96	98	91.4	2016	98	WHO/UNICEF coverage estimates 2016 revision, July 2017	E
2018.Q2.G.01	SH_ACS_MCV2	Proportion of the target population with access to measles-containing-vaccine second-dose (MCV2) (%)	492	7.424214814	43.73532918	MCO	Monaco	1	PERCENT	Percentage																						
2018.Q2.G.01	SH_ACS_MCV2	Proportion of the target population with access to measles-containing-vaccine second-dose (MCV2) (%)	496	103.0728057	46.83892054	MNG	Mongolia	1	PERCENT	Percentage	75	95	96	98	98	98	96	97	96	97	95	98	98	97	98	98	90	96.2	2016	90	WHO/UNICEF coverage estimates 2016 revision, July 2017	E
2018.Q2.G.01	SH_ACS_MCV2	Proportion of the target population with access to measles-containing-vaccine second-dose (MCV2) (%)	498	28.4650624	47.20236795	MDA	Republic of Moldova	1	PERCENT	Percentage			69	96	98	98	99	95	97	98	98	96	95	94	93	90	95	93.4	2016	95	WHO/UNICEF coverage estimates 2016 revision, July 2017	E
2018.Q2.G.01	SH_ACS_MCV2	Proportion of the target population with access to measles-containing-vaccine second-dose (MCV2) (%)	499	19.25214024	42.78717043	MNE	Montenegro	1	PERCENT	Percentage								95	96	96	97	97	97	94	95	94	86	93.2	2016	86	WHO/UNICEF coverage estimates 2016 revision, July 2017	E
2018.Q2.G.01	SH_ACS_MCV2	Proportion of the target population with access to measles-containing-vaccine second-dose (MCV2) (%)	500	-62.19261223	16.73558313	MSR	Montserrat	1	PERCENT	Percentage																						
2018.Q2.G.01	SH_ACS_MCV2	Proportion of the target population with access to measles-containing-vaccine second-dose (MCV2) (%)	504	-6.281942841	31.8440131	MAR	Morocco	1	PERCENT	Percentage					91	92	92	92							54	95	99	82.6666666666667	2016	99	WHO/UNICEF coverage estimates 2016 revision, July 2017	E
2018.Q2.G.01	SH_ACS_MCV2	Proportion of the target population with access to measles-containing-vaccine second-dose (MCV2) (%)	508	38.18479941	-14.27963886	MOZ	Mozambique	1	PERCENT	Percentage																	51	51	2016	51	WHO/UNICEF coverage estimates 2016 revision, July 2017	E
2018.Q2.G.01	SH_ACS_MCV2	Proportion of the target population with access to measles-containing-vaccine second-dose (MCV2) (%)	512	57.87743482	21.98805614	OMN	Oman	1	PERCENT	Percentage	99	99	98	98	98	97	97	95	98	99	99	99	99	99	99	98	99	98.8	2016	99	WHO/UNICEF coverage estimates 2016 revision, July 2017	E
2018.Q2.G.01	SH_ACS_MCV2	Proportion of the target population with access to measles-containing-vaccine second-dose (MCV2) (%)	516	17.21907885	-22.13817068	NAM	Namibia	1	PERCENT	Percentage																						
2018.Q2.G.01	SH_ACS_MCV2	Proportion of the target population with access to measles-containing-vaccine second-dose (MCV2) (%)	520	166.92313	-0.528742623	NRU	Nauru	1	PERCENT	Percentage		95	83	72	60	50	97	99	99	92	99	99	81	88	94	96	96	91	2016	96	WHO/UNICEF coverage estimates 2016 revision, July 2017	E
2018.Q2.G.01	SH_ACS_MCV2	Proportion of the target population with access to measles-containing-vaccine second-dose (MCV2) (%)	524	83.94678863	28.25866332	NPL	Nepal	1	PERCENT	Percentage																	25	25	2016	25	WHO/UNICEF coverage estimates 2016 revision, July 2017	E
2018.Q2.G.01	SH_ACS_MCV2	Proportion of the target population with access to measles-containing-vaccine second-dose (MCV2) (%)	528	5.331480568	51.86728884	NLD	Netherlands	1	PERCENT	Percentage			96	98	98	93	92	92	93	93	92	93	93	92	93	92	91	92.2	2016	91	WHO/UNICEF coverage estimates 2016 revision, July 2017	E
2018.Q2.G.01	SH_ACS_MCV2	Proportion of the target population with access to measles-containing-vaccine second-dose (MCV2) (%)	530	-68.30676179	12.22720635	ANT	Netherlands Antilles	1	PERCENT	Percentage																						
2018.Q2.G.01	SH_ACS_MCV2	Proportion of the target population with access to measles-containing-vaccine second-dose (MCV2) (%)	531	-68.95033464	12.15058042	CUW	Curaçao	1	PERCENT	Percentage																						
2018.Q2.G.01	SH_ACS_MCV2	Proportion of the target population with access to measles-containing-vaccine second-dose (MCV2) (%)	533	-69.97050586	12.50878756	ABW	Aruba	1	PERCENT	Percentage																						
2018.Q2.G.01	SH_ACS_MCV2	Proportion of the target population with access to measles-containing-vaccine second-dose (MCV2) (%)	534	-63.06198692	18.03926508	SXM	Sint Maarten (Dutch part)	1	PERCENT	Percentage																						
2018.Q2.G.01	SH_ACS_MCV2	Proportion of the target population with access to measles-containing-vaccine second-dose (MCV2) (%)	540	165.5067368	-21.41742531	NCL	New Caledonia	1	PERCENT	Percentage																						
2018.Q2.G.01	SH_ACS_MCV2	Proportion of the target population with access to measles-containing-vaccine second-dose (MCV2) (%)	548	167.0679779	-15.34445547	VUT	Vanuatu	1	PERCENT	Percentage																						
2018.Q2.G.01	SH_ACS_MCV2	Proportion of the target population with access to measles-containing-vaccine second-dose (MCV2) (%)	554	170.4755673	-43.98721568	NZL	New Zealand	1	PERCENT	Percentage												86	85	86	86	87	89	86.6	2016	89	WHO/UNICEF coverage estimates 2016 revision, July 2017	E
2018.Q2.G.01	SH_ACS_MCV2	Proportion of the target population with access to measles-containing-vaccine second-dose (MCV2) (%)	558	-85.03060315	12.84210839	NIC	Nicaragua	1	PERCENT	Percentage																						
2018.Q2.G.01	SH_ACS_MCV2	Proportion of the target population with access to measles-containing-vaccine second-dose (MCV2) (%)	562	9.400167877	17.42143036	NER	Niger	1	PERCENT	Percentage															3	16	37	18.6666666666667	2016	37	WHO/UNICEF coverage estimates 2016 revision, July 2017	E
2018.Q2.G.01	SH_ACS_MCV2	Proportion of the target population with access to measles-containing-vaccine second-dose (MCV2) (%)	566	8.097363256	9.585789025	NGA	Nigeria	1	PERCENT	Percentage																						
2018.Q2.G.01	SH_ACS_MCV2	Proportion of the target population with access to measles-containing-vaccine second-dose (MCV2) (%)	570	-169.8601693	-19.05000475	NIU	Niue	1	PERCENT	Percentage	99	99	90	86	99	70	99	99	99	99	99	98	98	99	99	99	99	98.8	2016	99	WHO/UNICEF coverage estimates 2016 revision, July 2017	E
2018.Q2.G.01	SH_ACS_MCV2	Proportion of the target population with access to measles-containing-vaccine second-dose (MCV2) (%)	574	167.9515548	-29.03230018	NFK	Norfolk Island	1	PERCENT	Percentage																						
2018.Q2.G.01	SH_ACS_MCV2	Proportion of the target population with access to measles-containing-vaccine second-dose (MCV2) (%)	578	11.47846389	61.34311134	NOR	Norway	1	PERCENT	Percentage	90	90	90	89	90	91	91	93	95	96	97	94	91	91	92	91	91	91.2	2016	91	WHO/UNICEF coverage estimates 2016 revision, July 2017	E
2018.Q2.G.01	SH_ACS_MCV2	Proportion of the target population with access to measles-containing-vaccine second-dose (MCV2) (%)	580	145.7582114	15.19099517	MNP	Northern Mariana Islands	1	PERCENT	Percentage																						
2018.Q2.G.01	SH_ACS_MCV2	Proportion of the target population with access to measles-containing-vaccine second-dose (MCV2) (%)	581	-162.4343752	5.874443968	UMI	US Minor Outlying Islands	1	PERCENT	Percentage																						
2018.Q2.G.01	SH_ACS_MCV2	Proportion of the target population with access to measles-containing-vaccine second-dose (MCV2) (%)	583	158.225216	6.880670092	FSM	Micronesia, Federated States of	1	PERCENT	Percentage	50	64	65	66	74	84	85	86	84	82	75	75	70	75	75	74	74	73.6	2016	74	WHO/UNICEF coverage estimates 2016 revision, July 2017	E
2018.Q2.G.01	SH_ACS_MCV2	Proportion of the target population with access to measles-containing-vaccine second-dose (MCV2) (%)	584	171.0839119	7.110213497	MHL	Marshall Islands	1	PERCENT	Percentage	6	6	70	90	92	71	60	91	79	66	90	74	58	56	53	70	49	57.2	2016	49	WHO/UNICEF coverage estimates 2016 revision, July 2017	E
2018.Q2.G.01	SH_ACS_MCV2	Proportion of the target population with access to measles-containing-vaccine second-dose (MCV2) (%)	585	134.5733878	7.502307591	PLW	Palau	1	PERCENT	Percentage	75	83	90	94	98	95	98	83	77	79	39	83	86	98	81	82	95	88.4	2016	95	WHO/UNICEF coverage estimates 2016 revision, July 2017	E
2018.Q2.G.01	SH_ACS_MCV2	Proportion of the target population with access to measles-containing-vaccine second-dose (MCV2) (%)	586	68.80479684	29.36491634	PAK	Pakistan	1	PERCENT	Percentage										30	51	53	53	53	53	53	53	53	2016	53	WHO/UNICEF coverage estimates 2016 revision, July 2017	E
2018.Q2.G.01	SH_ACS_MCV2	Proportion of the target population with access to measles-containing-vaccine second-dose (MCV2) (%)	591	-81.26616623	8.450965746	PAN	Panama	1	PERCENT	Percentage	88	88	88	89	89	89	86	83	79	76	73	81	72	68	90	92	92	82.8	2016	92	WHO/UNICEF coverage estimates 2016 revision, July 2017	E
2018.Q2.G.01	SH_ACS_MCV2	Proportion of the target population with access to measles-containing-vaccine second-dose (MCV2) (%)	598	145.8587761	-6.756057077	PNG	Papua New Guinea	1	PERCENT	Percentage																						
2018.Q2.G.01	SH_ACS_MCV2	Proportion of the target population with access to measles-containing-vaccine second-dose (MCV2) (%)	600	-60.54854225	-21.70216237	PRY	Paraguay	1	PERCENT	Percentage						31	61	74	84	80	81	82	79	81	81	77	92	82	2016	92	WHO/UNICEF coverage estimates 2016 revision, July 2017	E
2018.Q2.G.01	SH_ACS_MCV2	Proportion of the target population with access to measles-containing-vaccine second-dose (MCV2) (%)	604	-71.82093277	-13.58939705	PER	Peru	1	PERCENT	Percentage								9	17	42	56	70	63	54	44	63	66	58	2016	66	WHO/UNICEF coverage estimates 2016 revision, July 2017	E
2018.Q2.G.01	SH_ACS_MCV2	Proportion of the target population with access to measles-containing-vaccine second-dose (MCV2) (%)	608	120.8601418	14.16591706	PHL	Philippines	1	PERCENT	Percentage										19	10	36	42	54	59	67	66	57.6	2016	66	WHO/UNICEF coverage estimates 2016 revision, July 2017	E
2018.Q2.G.01	SH_ACS_MCV2	Proportion of the target population with access to measles-containing-vaccine second-dose (MCV2) (%)	612	-128.3225873	-24.37538456	PCN	Pitcairn	1	PERCENT	Percentage																						
2018.Q2.G.01	SH_ACS_MCV2	Proportion of the target population with access to measles-containing-vaccine second-dose (MCV2) (%)	616	19.40660158	52.1226733	POL	Poland	1	PERCENT	Percentage	96	96	97	97	96	90	99	98	97	95	94	95	95	93	95	94	94	94.2	2016	94	WHO/UNICEF coverage estimates 2016 revision, July 2017	E
2018.Q2.G.01	SH_ACS_MCV2	Proportion of the target population with access to measles-containing-vaccine second-dose (MCV2) (%)	620	-7.961599811	39.68509315	PRT	Portugal	1	PERCENT	Percentage	48	56	64	72	79	87	95	95	95	95	95	96	96	96	96	95	95	95.6	2016	95	WHO/UNICEF coverage estimates 2016 revision, July 2017	E
2018.Q2.G.01	SH_ACS_MCV2	Proportion of the target population with access to measles-containing-vaccine second-dose (MCV2) (%)	624	-14.40182514	12.11760394	GNB	Guinea-Bissau	1	PERCENT	Percentage																						
2018.Q2.G.01	SH_ACS_MCV2	Proportion of the target population with access to measles-containing-vaccine second-dose (MCV2) (%)	626	125.9451052	-8.797497247	TLS	Timor-Leste	1	PERCENT	Percentage																	22	22	2016	22	WHO/UNICEF coverage estimates 2016 revision, July 2017	E
2018.Q2.G.01	SH_ACS_MCV2	Proportion of the target population with access to measles-containing-vaccine second-dose (MCV2) (%)	630	-66.47591017	18.22753799	PRI	Puerto Rico	1	PERCENT	Percentage																						
2018.Q2.G.01	SH_ACS_MCV2	Proportion of the target population with access to measles-containing-vaccine second-dose (MCV2) (%)	634	51.19152467	25.28355379	QAT	Qatar	1	PERCENT	Percentage			91	91	95	98	87	91	95	99	98	99	99	99	95	91	92	95.2	2016	92	WHO/UNICEF coverage estimates 2016 revision, July 2017	E
2018.Q2.G.01	SH_ACS_MCV2	Proportion of the target population with access to measles-containing-vaccine second-dose (MCV2) (%)	638	55.53171398	-21.13183266	REU	Réunion	1	PERCENT	Percentage																						
2018.Q2.G.01	SH_ACS_MCV2	Proportion of the target population with access to measles-containing-vaccine second-dose (MCV2) (%)	642	24.98481009	45.83893563	ROU	Romania	1	PERCENT	Percentage	96	97	97	97	96	96	96	96	95	94	93	91	90	88	84	80	76	83.6	2016	76	WHO/UNICEF coverage estimates 2016 revision, July 2017	E
2018.Q2.G.01	SH_ACS_MCV2	Proportion of the target population with access to measles-containing-vaccine second-dose (MCV2) (%)	643	99.01404926	61.61899849	RUS	Russian Federation	1	PERCENT	Percentage	86	88	93	96	97	97	97	97	97	97	98	97	97	97	97	97	97	97	2016	97	WHO/UNICEF coverage estimates 2016 revision, July 2017	E
2018.Q2.G.01	SH_ACS_MCV2	Proportion of the target population with access to measles-containing-vaccine second-dose (MCV2) (%)	646	29.92310194	-1.999842114	RWA	Rwanda	1	PERCENT	Percentage																87	90	88.5	2016	90	WHO/UNICEF coverage estimates 2016 revision, July 2017	E
2018.Q2.G.01	SH_ACS_MCV2	Proportion of the target population with access to measles-containing-vaccine second-dose (MCV2) (%)	652	-62.83173536	17.89513362	BLM	Saint Barthélemy	1	PERCENT	Percentage																						
2018.Q2.G.01	SH_ACS_MCV2	Proportion of the target population with access to measles-containing-vaccine second-dose (MCV2) (%)	654	-5.705752501	-15.96503946	SHN	Saint Helena	1	PERCENT	Percentage																						
2018.Q2.G.01	SH_ACS_MCV2	Proportion of the target population with access to measles-containing-vaccine second-dose (MCV2) (%)	659	-62.76628613	17.33994219	KNA	Saint Kitts and Nevis	1	PERCENT	Percentage	99	99	99	98	98	97	96	95	94	99	99	99	90	94	90	90	97	92.2	2016	97	WHO/UNICEF coverage estimates 2016 revision, July 2017	E
2018.Q2.G.01	SH_ACS_MCV2	Proportion of the target population with access to measles-containing-vaccine second-dose (MCV2) (%)	660	-63.05651612	18.21525315	AIA	Anguilla	1	PERCENT	Percentage																						
2018.Q2.G.01	SH_ACS_MCV2	Proportion of the target population with access to measles-containing-vaccine second-dose (MCV2) (%)	662	-60.96529553	13.89405601	LCA	Saint Lucia	1	PERCENT	Percentage	89	73	71	69	67	56	45	33	22	63	74	72	80	62	79	95	88	80.8	2016	88	WHO/UNICEF coverage estimates 2016 revision, July 2017	E
2018.Q2.G.01	SH_ACS_MCV2	Proportion of the target population with access to measles-containing-vaccine second-dose (MCV2) (%)	663	-63.04505461	18.0882685	MAF	Saint Martin (French Part)	1	PERCENT	Percentage																						
2018.Q2.G.01	SH_ACS_MCV2	Proportion of the target population with access to measles-containing-vaccine second-dose (MCV2) (%)	666	-56.33682442	46.85812735	SPM	Saint Pierre and Miquelon	1	PERCENT	Percentage																						
2018.Q2.G.01	SH_ACS_MCV2	Proportion of the target population with access to measles-containing-vaccine second-dose (MCV2) (%)	670	-61.19024321	13.24627968	VCT	Saint Vincent and the Grenadines	1	PERCENT	Percentage		99	99	86	73	93	88	83	94	94	89	91	92	96	98	99	99	96.8	2016	99	WHO/UNICEF coverage estimates 2016 revision, July 2017	E
2018.Q2.G.01	SH_ACS_MCV2	Proportion of the target population with access to measles-containing-vaccine second-dose (MCV2) (%)	674	12.46329038	43.93841766	SMR	San Marino	1	PERCENT	Percentage				96	96	94	93	91	89	88	86	84	88	77	76	82	36	71.8	2016	36	WHO/UNICEF coverage estimates 2016 revision, July 2017	E
2018.Q2.G.01	SH_ACS_MCV2	Proportion of the target population with access to measles-containing-vaccine second-dose (MCV2) (%)	678	6.609772265	0.241554875	STP	Sao Tome and Principe	1	PERCENT	Percentage															71	76	76	74.3333333333333	2016	76	WHO/UNICEF coverage estimates 2016 revision, July 2017	E
2018.Q2.G.01	SH_ACS_MCV2	Proportion of the target population with access to measles-containing-vaccine second-dose (MCV2) (%)	682	44.54763347	24.12594211	SAU	Saudi Arabia	1	PERCENT	Percentage		96	96	97	97	97	97	98	98	98	98	97	98	99	98	96	96	97.4	2016	96	WHO/UNICEF coverage estimates 2016 revision, July 2017	E
2018.Q2.G.01	SH_ACS_MCV2	Proportion of the target population with access to measles-containing-vaccine second-dose (MCV2) (%)	686	-14.46636926	14.35920905	SEN	Senegal	1	PERCENT	Percentage															13	54	75	47.3333333333333	2016	75	WHO/UNICEF coverage estimates 2016 revision, July 2017	E
2018.Q2.G.01	SH_ACS_MCV2	Proportion of the target population with access to measles-containing-vaccine second-dose (MCV2) (%)	688	20.805876	44.03145697	SRB	Serbia	1	PERCENT	Percentage	78	74	75	96	96	98	90	96	97	87	91	90	90	82	91	86	90	87.8	2016	90	WHO/UNICEF coverage estimates 2016 revision, July 2017	E
2018.Q2.G.01	SH_ACS_MCV2	Proportion of the target population with access to measles-containing-vaccine second-dose (MCV2) (%)	690	55.46561591	-4.678053059	SYC	Seychelles	1	PERCENT	Percentage		98	99	99	99	99	99	99	98	99	98	99	99	97	98	98	99	98.2	2016	99	WHO/UNICEF coverage estimates 2016 revision, July 2017	E
2018.Q2.G.01	SH_ACS_MCV2	Proportion of the target population with access to measles-containing-vaccine second-dose (MCV2) (%)	694	-11.78306584	8.568604164	SLE	Sierra Leone	1	PERCENT	Percentage																60	50	55	2016	50	WHO/UNICEF coverage estimates 2016 revision, July 2017	E
2018.Q2.G.01	SH_ACS_MCV2	Proportion of the target population with access to measles-containing-vaccine second-dose (MCV2) (%)	702	103.8107883	1.361009155	SGP	Singapore	1	PERCENT	Percentage	98	96	96	96	96	95	96	96	96	95	95	96	90	90	90	90	88	89.6	2016	88	WHO/UNICEF coverage estimates 2016 revision, July 2017	E
2018.Q2.G.01	SH_ACS_MCV2	Proportion of the target population with access to measles-containing-vaccine second-dose (MCV2) (%)	703	19.48495604	48.70741446	SVK	Slovakia	1	PERCENT	Percentage	99	99	99	99	98	98	99	98	99	99	99	99	99	99	98	98	97	98.2	2016	97	WHO/UNICEF coverage estimates 2016 revision, July 2017	E
2018.Q2.G.01	SH_ACS_MCV2	Proportion of the target population with access to measles-containing-vaccine second-dose (MCV2) (%)	704	105.802499	10.09643079	VNM	Viet Nam	1	PERCENT	Percentage								18	97	96	98	93	83	86	94	92	95	90	2016	95	WHO/UNICEF coverage estimates 2016 revision, July 2017	E
2018.Q2.G.01	SH_ACS_MCV2	Proportion of the target population with access to measles-containing-vaccine second-dose (MCV2) (%)	705	14.82209486	46.11958061	SVN	Slovenia	1	PERCENT	Percentage	98	98	98	98	99	99	99	98	98	98	96	96	96	95	94	96	93	94.8	2016	93	WHO/UNICEF coverage estimates 2016 revision, July 2017	E
2018.Q2.G.01	SH_ACS_MCV2	Proportion of the target population with access to measles-containing-vaccine second-dose (MCV2) (%)	706	46.20367477	4.406485729	SOM	Somalia	1	PERCENT	Percentage																						
2018.Q2.G.01	SH_ACS_MCV2	Proportion of the target population with access to measles-containing-vaccine second-dose (MCV2) (%)	710	24.67184355	-29.99957544	ZAF	South Africa	1	PERCENT	Percentage	62	54	46	52	51	49	55	52	57	66	59	58	59	56	62	66	70	62.6	2016	70	WHO/UNICEF coverage estimates 2016 revision, July 2017	E
2018.Q2.G.01	SH_ACS_MCV2	Proportion of the target population with access to measles-containing-vaccine second-dose (MCV2) (%)	716	29.86909584	-19.00075492	ZWE	Zimbabwe	1	PERCENT	Percentage																	63	63	2016	63	WHO/UNICEF coverage estimates 2016 revision, July 2017	E
2018.Q2.G.01	SH_ACS_MCV2	Proportion of the target population with access to measles-containing-vaccine second-dose (MCV2) (%)	724	-3.554078296	40.39211472	ESP	Spain	1	PERCENT	Percentage					91	92	94	95	94	90	92	91	90	91	93	94	95	92.6	2016	95	WHO/UNICEF coverage estimates 2016 revision, July 2017	E
2018.Q2.G.01	SH_ACS_MCV2	Proportion of the target population with access to measles-containing-vaccine second-dose (MCV2) (%)	728	30.32618773	7.290839152	SSD	South Sudan	1	PERCENT	Percentage																						
2018.Q2.G.01	SH_ACS_MCV2	Proportion of the target population with access to measles-containing-vaccine second-dose (MCV2) (%)	732	-13.13515523	24.66265342	ESH	Western Sahara	1	PERCENT	Percentage																						
2018.Q2.G.01	SH_ACS_MCV2	Proportion of the target population with access to measles-containing-vaccine second-dose (MCV2) (%)	736	29.95650159	16.02643066	SDN	Sudan	1	PERCENT	Percentage																						
2018.Q2.G.01	SH_ACS_MCV2	Proportion of the target population with access to measles-containing-vaccine second-dose (MCV2) (%)	740	-55.90626394	4.132603197	SUR	Suriname	1	PERCENT	Percentage														18	18	28	44	27	2016	44	WHO/UNICEF coverage estimates 2016 revision, July 2017	E
2018.Q2.G.01	SH_ACS_MCV2	Proportion of the target population with access to measles-containing-vaccine second-dose (MCV2) (%)	744	13.38071013	78.82894131	SJM	Svalbard and Jan Mayen Islands	1	PERCENT	Percentage																						
2018.Q2.G.01	SH_ACS_MCV2	Proportion of the target population with access to measles-containing-vaccine second-dose (MCV2) (%)	748	31.50149288	-26.56471011	SWZ	Swaziland	1	PERCENT	Percentage			99	99	99	99	99	99	99	99	99	92	52	89	89	89	89	81.6	2016	89	WHO/UNICEF coverage estimates 2016 revision, July 2017	E
2018.Q2.G.01	SH_ACS_MCV2	Proportion of the target population with access to measles-containing-vaccine second-dose (MCV2) (%)	752	14.3775338	60.60103109	SWE	Sweden	1	PERCENT	Percentage	94	94	94	95	95	95	95	95	94	95	94	95	95	95	95	95	95	95	2016	95	WHO/UNICEF coverage estimates 2016 revision, July 2017	E
2018.Q2.G.01	SH_ACS_MCV2	Proportion of the target population with access to measles-containing-vaccine second-dose (MCV2) (%)	756	8.223158	46.96617097	CHE	Switzerland	1	PERCENT	Percentage						71	71	71	83	83	83	86	86	86	87	89	89	87.4	2016	89	WHO/UNICEF coverage estimates 2016 revision, July 2017	E
2018.Q2.G.01	SH_ACS_MCV2	Proportion of the target population with access to measles-containing-vaccine second-dose (MCV2) (%)	760	38.50466565	35.01676176	SYR	Syrian Arab Republic (Syria)	1	PERCENT	Percentage	80	83	84	83	82	81	81	81	81	82	82	71	53	51	49	47	52	50.4	2016	52	WHO/UNICEF coverage estimates 2016 revision, July 2017	E
2018.Q2.G.01	SH_ACS_MCV2	Proportion of the target population with access to measles-containing-vaccine second-dose (MCV2) (%)	762	69.294998	38.43069666	TJK	Tajikistan	1	PERCENT	Percentage	59	72	93	94	98	92	96	90	87	93	95	96	97	92	98	94	97	95.6	2016	97	WHO/UNICEF coverage estimates 2016 revision, July 2017	E
2018.Q2.G.01	SH_ACS_MCV2	Proportion of the target population with access to measles-containing-vaccine second-dose (MCV2) (%)	764	101.0202951	15.13089239	THA	Thailand	1	PERCENT	Percentage	99	86	89	92	95	95	94	94	91	91	91	91	91	94	94	95	95	93.8	2016	95	WHO/UNICEF coverage estimates 2016 revision, July 2017	E
2018.Q2.G.01	SH_ACS_MCV2	Proportion of the target population with access to measles-containing-vaccine second-dose (MCV2) (%)	768	0.97835765	8.532096072	TGO	Togo	1	PERCENT	Percentage																						
2018.Q2.G.01	SH_ACS_MCV2	Proportion of the target population with access to measles-containing-vaccine second-dose (MCV2) (%)	772	-171.8154473	-9.214545558	TKL	Tokelau	1	PERCENT	Percentage																						
2018.Q2.G.01	SH_ACS_MCV2	Proportion of the target population with access to measles-containing-vaccine second-dose (MCV2) (%)	776	-175.1959991	-21.19511329	TON	Tonga	1	PERCENT	Percentage				82	85	84	85	85	84	84	84	85	81	86	78	85	85	83	2016	85	WHO/UNICEF coverage estimates 2016 revision, July 2017	E
2018.Q2.G.01	SH_ACS_MCV2	Proportion of the target population with access to measles-containing-vaccine second-dose (MCV2) (%)	780	-61.29389504	10.41877263	TTO	Trinidad and Tobago	1	PERCENT	Percentage		80	77	73	78	84	78	87	81	80	82	83	85	86	93	79	65	81.6	2016	65	WHO/UNICEF coverage estimates 2016 revision, July 2017	E
2018.Q2.G.01	SH_ACS_MCV2	Proportion of the target population with access to measles-containing-vaccine second-dose (MCV2) (%)	784	53.98279159	23.43322219	ARE	United Arab Emirates	1	PERCENT	Percentage	92	92	92	92	92	94	93	93	92	93	94	95	96	98	99	99	99	98.2	2016	99	WHO/UNICEF coverage estimates 2016 revision, July 2017	E
2018.Q2.G.01	SH_ACS_MCV2	Proportion of the target population with access to measles-containing-vaccine second-dose (MCV2) (%)	788	9.572737411	34.11439971	TUN	Tunisia	1	PERCENT	Percentage	98	99	98	99	99	99	98	98	99	97	98	96	96	98	95	98	97	96.8	2016	97	WHO/UNICEF coverage estimates 2016 revision, July 2017	E
2018.Q2.G.01	SH_ACS_MCV2	Proportion of the target population with access to measles-containing-vaccine second-dose (MCV2) (%)	792	35.42890329	38.9899684	TUR	Turkey	1	PERCENT	Percentage		91	83	97	97	98	84	94	92	88	91	86	85	98	88	86	85	88.4	2016	85	WHO/UNICEF coverage estimates 2016 revision, July 2017	E
2018.Q2.G.01	SH_ACS_MCV2	Proportion of the target population with access to measles-containing-vaccine second-dose (MCV2) (%)	795	58.9787665	40.0912346	TKM	Turkmenistan	1	PERCENT	Percentage	92	94	87	89	90	98	99	98	99	99	99	99	99	99	99	99	99	99	2016	99	WHO/UNICEF coverage estimates 2016 revision, July 2017	E
2018.Q2.G.01	SH_ACS_MCV2	Proportion of the target population with access to measles-containing-vaccine second-dose (MCV2) (%)	796	-71.745121	21.80780585	TCA	Turks and Caicos Islands	1	PERCENT	Percentage																						
2018.Q2.G.01	SH_ACS_MCV2	Proportion of the target population with access to measles-containing-vaccine second-dose (MCV2) (%)	798	178.6679611	-7.460048071	TUV	Tuvalu	1	PERCENT	Percentage		99	97	93	90	86	83	74	82	84	87	90	93	84	91	86	92	89.2	2016	92	WHO/UNICEF coverage estimates 2016 revision, July 2017	E
2018.Q2.G.01	SH_ACS_MCV2	Proportion of the target population with access to measles-containing-vaccine second-dose (MCV2) (%)	800	32.39100438	1.279557331	UGA	Uganda	1	PERCENT	Percentage																						
2018.Q2.G.01	SH_ACS_MCV2	Proportion of the target population with access to measles-containing-vaccine second-dose (MCV2) (%)	804	31.40270802	49.00735945	UKR	Ukraine	1	PERCENT	Percentage	99	98	98	99	97	96	98	96	95	68	41	56	54	54	57	57	31	50.6	2016	31	WHO/UNICEF coverage estimates 2016 revision, July 2017	E
2018.Q2.G.01	SH_ACS_MCV2	Proportion of the target population with access to measles-containing-vaccine second-dose (MCV2) (%)	807	21.7007909	41.60048068	MKD	Macedonia, Republic of	1	PERCENT	Percentage	95	94	95	97	95	95	96	95	95	97	99	98	96	96	96	93	93	94.8	2016	93	WHO/UNICEF coverage estimates 2016 revision, July 2017	E
2018.Q2.G.01	SH_ACS_MCV2	Proportion of the target population with access to measles-containing-vaccine second-dose (MCV2) (%)	818	29.77468534	26.57438204	EGY	Egypt	1	PERCENT	Percentage	97	99	96	97	96	97	97	97	96	96	97	97	92	96	93	92	96	93.8	2016	96	WHO/UNICEF coverage estimates 2016 revision, July 2017	E
2018.Q2.G.01	SH_ACS_MCV2	Proportion of the target population with access to measles-containing-vaccine second-dose (MCV2) (%)	826	-2.23830539	53.27691757	GBR	United Kingdom	1	PERCENT	Percentage	76	74	74	77	76	75	75	74	75	79	84	85	87	88	89	91	89	88.8	2016	89	WHO/UNICEF coverage estimates 2016 revision, July 2017	E
2018.Q2.G.01	SH_ACS_MCV2	Proportion of the target population with access to measles-containing-vaccine second-dose (MCV2) (%)	831	-2.200712402	49.71561166	GGY	Guernsey	1	PERCENT	Percentage																						
2018.Q2.G.01	SH_ACS_MCV2	Proportion of the target population with access to measles-containing-vaccine second-dose (MCV2) (%)	832	-2.136773508	49.22353354	JEY	Jersey	1	PERCENT	Percentage																						
2018.Q2.G.01	SH_ACS_MCV2	Proportion of the target population with access to measles-containing-vaccine second-dose (MCV2) (%)	833	-4.538190305	54.22880901	IMN	Isle of Man	1	PERCENT	Percentage																						
2018.Q2.G.01	SH_ACS_MCV2	Proportion of the target population with access to measles-containing-vaccine second-dose (MCV2) (%)	834	34.80521182	-6.265332606	TZA	Tanzania, United Republic of	1	PERCENT	Percentage															29	57	71	52.3333333333333	2016	71	WHO/UNICEF coverage estimates 2016 revision, July 2017	E
2018.Q2.G.01	SH_ACS_MCV2	Proportion of the target population with access to measles-containing-vaccine second-dose (MCV2) (%)	840	-99.13830311	39.5277871	USA	United States of America	1	PERCENT	Percentage																						
2018.Q2.G.01	SH_ACS_MCV2	Proportion of the target population with access to measles-containing-vaccine second-dose (MCV2) (%)	850	-64.76960113	17.73297693	VIR	United States Virgin Islands	1	PERCENT	Percentage																						
2018.Q2.G.01	SH_ACS_MCV2	Proportion of the target population with access to measles-containing-vaccine second-dose (MCV2) (%)	854	-1.742843829	12.27491081	BFA	Burkina Faso	1	PERCENT	Percentage															17	50	50	39	2016	50	WHO/UNICEF coverage estimates 2016 revision, July 2017	E
2018.Q2.G.01	SH_ACS_MCV2	Proportion of the target population with access to measles-containing-vaccine second-dose (MCV2) (%)	858	-56.01387025	-32.8002838	URY	Uruguay	1	PERCENT	Percentage														92	93	93	92	92.5	2016	92	WHO/UNICEF coverage estimates 2016 revision, July 2017	E
2018.Q2.G.01	SH_ACS_MCV2	Proportion of the target population with access to measles-containing-vaccine second-dose (MCV2) (%)	860	63.11944558	41.77560518	UZB	Uzbekistan	1	PERCENT	Percentage	98	98	97	98	99	81	63	44	26	8	54	99	99	99	99	99	99	99	2016	99	WHO/UNICEF coverage estimates 2016 revision, July 2017	E
2018.Q2.G.01	SH_ACS_MCV2	Proportion of the target population with access to measles-containing-vaccine second-dose (MCV2) (%)	862	-66.15642084	7.121324748	VEN	Venezuela (Bolivarian Republic)	1	PERCENT	Percentage										6	31	26	33	38	50	52	53	45.2	2016	53	WHO/UNICEF coverage estimates 2016 revision, July 2017	E
2018.Q2.G.01	SH_ACS_MCV2	Proportion of the target population with access to measles-containing-vaccine second-dose (MCV2) (%)	876	-176.2034788	-13.28471201	WLF	Wallis and Futuna Islands	1	PERCENT	Percentage																						
2018.Q2.G.01	SH_ACS_MCV2	Proportion of the target population with access to measles-containing-vaccine second-dose (MCV2) (%)	882	-172.4430749	-13.61541469	WSM	Samoa	1	PERCENT	Percentage			84	65	45	26	6	36	46	14	30	50	52	72	63	48	44	55.8	2016	44	WHO/UNICEF coverage estimates 2016 revision, July 2017	E
2018.Q2.G.01	SH_ACS_MCV2	Proportion of the target population with access to measles-containing-vaccine second-dose (MCV2) (%)	887	45.22389143	15.22242099	YEM	Yemen	1	PERCENT	Percentage						21	26	32	35	38	43	46	40	47	45	41	49	44.4	2016	49	WHO/UNICEF coverage estimates 2016 revision, July 2017	E
2018.Q2.G.01	SH_ACS_MCV2	Proportion of the target population with access to measles-containing-vaccine second-dose (MCV2) (%)	894	27.850329	-14.59701056	ZMB	Zambia	1	PERCENT	Percentage															33	47	58	46	2016	58	WHO/UNICEF coverage estimates 2016 revision, July 2017	E
