series.release	series.code	series.description	geoAreaCode	X	Y	ISO3CD	geoAreaName	sliceId	Age	Sex	Units	Age description	Sex description	Units description	2000	2001	2002	2003	2004	2005	2006	2007	2008	2009	2010	2011	2012	2013	2014	2015	2016	last.5.years.mean	latest.year	latest.value	latest.source	latest.nature
2018.Q2.G.01	SH_DYN_IMRTN	Infant deaths (number)	4	66.02688198	33.83160199	AFG	Afghanistan	1	<1Y	BOTHSEX	NUMBER	under 1 year old	Both	Number	87545	87865	87913	87431	86641	85408	83909	81908	79546	76883	74119	71359	68696	66203	64027	62058	60384	64273.6	2016	60384	Source: United Nations Inter-agency Group for Child Mortality Estimation (UN IGME), 2017. 	
2018.Q2.G.01	SH_DYN_IMRTN	Infant deaths (number)	8	20.06660928	41.13897007	ALB	Albania	1	<1Y	BOTHSEX	NUMBER	under 1 year old	Both	Number	1205	1088	980	890	803	732	670	620	578	546	519	499	481	463	449	434	415	448.4	2016	415	Source: United Nations Inter-agency Group for Child Mortality Estimation (UN IGME), 2017. 	
2018.Q2.G.01	SH_DYN_IMRTN	Infant deaths (number)	10	21.47585697	-80.40897662	ATA	Antarctica	1	<1Y	BOTHSEX	NUMBER	under 1 year old	Both	Number																						
2018.Q2.G.01	SH_DYN_IMRTN	Infant deaths (number)	12	2.678164227	28.15940032	DZA	Algeria	1	<1Y	BOTHSEX	NUMBER	under 1 year old	Both	Number	20727	20188	19787	19545	19466	19488	19686	19920	20184	20415	20647	20845	20908	21037	20961	20792	20276	20794.8	2016	20276	Source: United Nations Inter-agency Group for Child Mortality Estimation (UN IGME), 2017. 	
2018.Q2.G.01	SH_DYN_IMRTN	Infant deaths (number)	16	-170.7187269	-14.30587306	ASM	American Samoa	1	<1Y	BOTHSEX	NUMBER	under 1 year old	Both	Number																						
2018.Q2.G.01	SH_DYN_IMRTN	Infant deaths (number)	20	1.576257417	42.54548611	AND	Andorra	1	<1Y	BOTHSEX	NUMBER	under 1 year old	Both	Number	3	3	3	3	3	3	3	3	3	2	2	2	2	2	2	2	2	2	2016	2	Source: United Nations Inter-agency Group for Child Mortality Estimation (UN IGME), 2017. 	
2018.Q2.G.01	SH_DYN_IMRTN	Infant deaths (number)	24	17.57817062	-12.33724746	AGO	Angola	1	<1Y	BOTHSEX	NUMBER	under 1 year old	Both	Number	96645	96620	96227	95221	93945	92139	89992	87352	84476	81264	78145	74957	72074	69450	67358	65843	64595	67864	2016	64595	Source: United Nations Inter-agency Group for Child Mortality Estimation (UN IGME), 2017. 	
2018.Q2.G.01	SH_DYN_IMRTN	Infant deaths (number)	28	-61.7999755	17.07761471	ATG	Antigua and Barbuda	1	<1Y	BOTHSEX	NUMBER	under 1 year old	Both	Number	22	21	20	19	18	17	16	15	14	13	12	11	11	10	9	9	8	9.4	2016	8	Source: United Nations Inter-agency Group for Child Mortality Estimation (UN IGME), 2017. 	
2018.Q2.G.01	SH_DYN_IMRTN	Infant deaths (number)	31	50.01064725	40.39229544	AZE	Azerbaijan	1	<1Y	BOTHSEX	NUMBER	under 1 year old	Both	Number	8599	7860	7235	6723	6322	5998	5779	5634	5547	5503	5478	5435	5391	5285	5135	4961	4720	5098.4	2016	4720	Source: United Nations Inter-agency Group for Child Mortality Estimation (UN IGME), 2017. 	
2018.Q2.G.01	SH_DYN_IMRTN	Infant deaths (number)	32	-65.14563274	-35.19446255	ARG	Argentina	1	<1Y	BOTHSEX	NUMBER	under 1 year old	Both	Number	12393	12023	11728	11427	11115	10865	10607	10419	10155	9966	9626	9282	8930	8496	8127	7751	7443	8149.4	2016	7443	Source: United Nations Inter-agency Group for Child Mortality Estimation (UN IGME), 2017. 	
2018.Q2.G.01	SH_DYN_IMRTN	Infant deaths (number)	36	134.3499412	-25.57717202	AUS	Australia	1	<1Y	BOTHSEX	NUMBER	under 1 year old	Both	Number	1263	1241	1251	1246	1247	1253	1288	1267	1240	1235	1193	1176	1094	1071	1047	991	965	1033.6	2016	965	Source: United Nations Inter-agency Group for Child Mortality Estimation (UN IGME), 2017. 	
2018.Q2.G.01	SH_DYN_IMRTN	Infant deaths (number)	40	14.14172472	47.58704857	AUT	Austria	1	<1Y	BOTHSEX	NUMBER	under 1 year old	Both	Number	372	359	347	336	326	317	308	293	294	288	274	276	271	258	245	248	242	252.8	2016	242	Source: United Nations Inter-agency Group for Child Mortality Estimation (UN IGME), 2017. 	
2018.Q2.G.01	SH_DYN_IMRTN	Infant deaths (number)	44	-78.05111663	24.69546597	BHS	Bahamas	1	<1Y	BOTHSEX	NUMBER	under 1 year old	Both	Number	71	69	68	67	67	67	68	67	66	65	62	60	57	54	52	50	48	52.2	2016	48	Source: United Nations Inter-agency Group for Child Mortality Estimation (UN IGME), 2017. 	
2018.Q2.G.01	SH_DYN_IMRTN	Infant deaths (number)	48	50.5490754	26.04407747	BHR	Bahrain	1	<1Y	BOTHSEX	NUMBER	under 1 year old	Both	Number	158	154	154	154	153	153	153	150	148	146	142	142	141	141	141	141	140	140.8	2016	140	Source: United Nations Inter-agency Group for Child Mortality Estimation (UN IGME), 2017. 	
2018.Q2.G.01	SH_DYN_IMRTN	Infant deaths (number)	50	89.17660788	22.86961622	BGD	Bangladesh	1	<1Y	BOTHSEX	NUMBER	under 1 year old	Both	Number	230718	218790	207295	196261	185404	174483	163976	153663	143984	134984	126345	118378	111018	104499	98129	92189	86948	98556.6	2016	86948	Source: United Nations Inter-agency Group for Child Mortality Estimation (UN IGME), 2017. 	
2018.Q2.G.01	SH_DYN_IMRTN	Infant deaths (number)	51	44.93839317	40.29499741	ARM	Armenia	1	<1Y	BOTHSEX	NUMBER	under 1 year old	Both	Number	1059	996	953	924	898	870	844	812	781	745	709	664	626	582	546	506	471	546.2	2016	471	Source: United Nations Inter-agency Group for Child Mortality Estimation (UN IGME), 2017. 	
2018.Q2.G.01	SH_DYN_IMRTN	Infant deaths (number)	52	-59.5346489	13.13648273	BRB	Barbados	1	<1Y	BOTHSEX	NUMBER	under 1 year old	Both	Number	50	50	50	51	51	50	49	49	47	47	46	44	44	42	41	40	39	41.2	2016	39	Source: United Nations Inter-agency Group for Child Mortality Estimation (UN IGME), 2017. 	
2018.Q2.G.01	SH_DYN_IMRTN	Infant deaths (number)	56	4.660976456	50.64104975	BEL	Belgium	1	<1Y	BOTHSEX	NUMBER	under 1 year old	Both	Number	558	536	516	498	504	488	484	478	472	464	467	456	445	434	422	411	400	422.4	2016	400	Source: United Nations Inter-agency Group for Child Mortality Estimation (UN IGME), 2017. 	
2018.Q2.G.01	SH_DYN_IMRTN	Infant deaths (number)	60	-64.78155012	32.27881922	BMU	Bermuda	1	<1Y	BOTHSEX	NUMBER	under 1 year old	Both	Number																						
2018.Q2.G.01	SH_DYN_IMRTN	Infant deaths (number)	64	90.45098484	27.39598568	BTN	Bhutan	1	<1Y	BOTHSEX	NUMBER	under 1 year old	Both	Number	925	868	818	770	728	686	649	613	579	544	514	484	460	438	419	403	387	421.4	2016	387	Source: United Nations Inter-agency Group for Child Mortality Estimation (UN IGME), 2017. 	
2018.Q2.G.01	SH_DYN_IMRTN	Infant deaths (number)	68	-64.66224284	-16.71273412	BOL	Bolivia (Plurinational State of)	1	<1Y	BOTHSEX	NUMBER	under 1 year old	Both	Number	14914	14275	13644	13029	12406	11830	11223	10665	10130	9621	9191	8818	8478	8173	7902	7662	7428	7928.6	2016	7428	Source: United Nations Inter-agency Group for Child Mortality Estimation (UN IGME), 2017. 	
2018.Q2.G.01	SH_DYN_IMRTN	Infant deaths (number)	70	17.78584332	44.16845548	BIH	Bosnia and Herzegovina	1	<1Y	BOTHSEX	NUMBER	under 1 year old	Both	Number	369	338	310	294	282	270	257	242	231	213	205	192	184	178	174	173	169	175.6	2016	169	Source: United Nations Inter-agency Group for Child Mortality Estimation (UN IGME), 2017. 	
2018.Q2.G.01	SH_DYN_IMRTN	Infant deaths (number)	72	23.81380223	-22.18810073	BWA	Botswana	1	<1Y	BOTHSEX	NUMBER	under 1 year old	Both	Number	2468	2424	2372	2319	2256	2090	2044	2090	2089	2057	2020	2063	2012	1924	1896	1796	1727	1871	2016	1727	Source: United Nations Inter-agency Group for Child Mortality Estimation (UN IGME), 2017. 	
2018.Q2.G.01	SH_DYN_IMRTN	Infant deaths (number)	74	3.410732868	-54.43295905	BVT	Bouvet Island	1	<1Y	BOTHSEX	NUMBER	under 1 year old	Both	Number																						
2018.Q2.G.01	SH_DYN_IMRTN	Infant deaths (number)	76	-53.08432878	-10.77668561	BRA	Brazil	1	<1Y	BOTHSEX	NUMBER	under 1 year old	Both	Number	110829	102659	95140	88031	81420	75044	69608	64790	60872	57193	54018	51288	48631	45994	43945	41570	39763	43980.6	2016	39763	Source: United Nations Inter-agency Group for Child Mortality Estimation (UN IGME), 2017. 	
2018.Q2.G.01	SH_DYN_IMRTN	Infant deaths (number)	84	-88.70199554	17.19965901	BLZ	Belize	1	<1Y	BOTHSEX	NUMBER	under 1 year old	Both	Number	148	146	143	140	137	134	130	128	126	124	122	119	117	115	112	109	105	111.6	2016	105	Source: United Nations Inter-agency Group for Child Mortality Estimation (UN IGME), 2017. 	
2018.Q2.G.01	SH_DYN_IMRTN	Infant deaths (number)	86	72.38715553	-7.299281071	IOT	British Indian Ocean Territory	1	<1Y	BOTHSEX	NUMBER	under 1 year old	Both	Number																						
2018.Q2.G.01	SH_DYN_IMRTN	Infant deaths (number)	90	160.1584117	-9.622391719	SLB	Solomon Islands	1	<1Y	BOTHSEX	NUMBER	under 1 year old	Both	Number	361	364	369	374	382	387	394	398	401	403	402	400	395	392	387	380	374	385.6	2016	374	Source: United Nations Inter-agency Group for Child Mortality Estimation (UN IGME), 2017. 	
2018.Q2.G.01	SH_DYN_IMRTN	Infant deaths (number)	92	-64.63294223	18.42256578	VGB	British Virgin Islands	1	<1Y	BOTHSEX	NUMBER	under 1 year old	Both	Number																						
2018.Q2.G.01	SH_DYN_IMRTN	Infant deaths (number)	96	114.6288563	4.49736984	BRN	Brunei Darussalam	1	<1Y	BOTHSEX	NUMBER	under 1 year old	Both	Number	68	68	66	65	63	61	60	58	57	57	57	57	57	58	58	57	57	57.4	2016	57	Source: United Nations Inter-agency Group for Child Mortality Estimation (UN IGME), 2017. 	
2018.Q2.G.01	SH_DYN_IMRTN	Infant deaths (number)	100	25.23763153	42.75731323	BGR	Bulgaria	1	<1Y	BOTHSEX	NUMBER	under 1 year old	Both	Number	935	893	867	834	802	762	733	699	682	668	650	616	580	544	503	470	432	505.8	2016	432	Source: United Nations Inter-agency Group for Child Mortality Estimation (UN IGME), 2017. 	
2018.Q2.G.01	SH_DYN_IMRTN	Infant deaths (number)	104	96.51752295	21.19332882	MMR	Myanmar	1	<1Y	BOTHSEX	NUMBER	under 1 year old	Both	Number	72997	71936	70558	68706	66493	63954	61161	58125	59474	52017	49286	46723	44370	42298	40484	38909	37545	40721.2	2016	37545	Source: United Nations Inter-agency Group for Child Mortality Estimation (UN IGME), 2017. 	
2018.Q2.G.01	SH_DYN_IMRTN	Infant deaths (number)	108	29.89080992	-3.366387428	BDI	Burundi	1	<1Y	BOTHSEX	NUMBER	under 1 year old	Both	Number	24918	24602	24440	24293	24149	24025	23811	23551	23275	22999	22721	22451	22208	21973	21756	21475	21215	21725.4	2016	21215	Source: United Nations Inter-agency Group for Child Mortality Estimation (UN IGME), 2017. 	
2018.Q2.G.01	SH_DYN_IMRTN	Infant deaths (number)	112	28.04940161	53.54193075	BLR	Belarus	1	<1Y	BOTHSEX	NUMBER	under 1 year old	Both	Number	893	814	744	690	657	608	577	545	511	484	454	431	405	387	366	343	330	366.2	2016	330	Source: United Nations Inter-agency Group for Child Mortality Estimation (UN IGME), 2017. 	
2018.Q2.G.01	SH_DYN_IMRTN	Infant deaths (number)	116	104.922836	12.71163737	KHM	Cambodia	1	<1Y	BOTHSEX	NUMBER	under 1 year old	Both	Number	26796	24748	22676	20919	19442	18277	17322	16442	15544	14616	13701	12773	11926	11176	10566	10060	9617	10669	2016	9617	Source: United Nations Inter-agency Group for Child Mortality Estimation (UN IGME), 2017. 	
2018.Q2.G.01	SH_DYN_IMRTN	Infant deaths (number)	120	12.7419827	5.692387031	CMR	Cameroon	1	<1Y	BOTHSEX	NUMBER	under 1 year old	Both	Number	61837	61197	60359	59535	58834	58316	57552	56744	55662	54442	52615	51258	49603	47907	46677	45197	44320	46740.8	2016	44320	Source: United Nations Inter-agency Group for Child Mortality Estimation (UN IGME), 2017. 	
2018.Q2.G.01	SH_DYN_IMRTN	Infant deaths (number)	124	-101.6575058	57.72360191	CAN	Canada	1	<1Y	BOTHSEX	NUMBER	under 1 year old	Both	Number	1746	1764	1763	1741	1763	1794	1830	1832	1830	1860	1845	1824	1797	1804	1771	1737	1663	1754.4	2016	1663	Source: United Nations Inter-agency Group for Child Mortality Estimation (UN IGME), 2017. 	
2018.Q2.G.01	SH_DYN_IMRTN	Infant deaths (number)	132	-23.63544151	15.07791834	CPV	Cabo Verde	1	<1Y	BOTHSEX	NUMBER	under 1 year old	Both	Number	374	340	316	299	289	283	281	277	272	266	257	248	237	229	221	213	205	221	2016	205	Source: United Nations Inter-agency Group for Child Mortality Estimation (UN IGME), 2017. 	
2018.Q2.G.01	SH_DYN_IMRTN	Infant deaths (number)	136	-81.16740559	19.32266656	CYM	Cayman Islands	1	<1Y	BOTHSEX	NUMBER	under 1 year old	Both	Number																						
2018.Q2.G.01	SH_DYN_IMRTN	Infant deaths (number)	140	20.93559492	7.003720791	CAF	Central African Republic	1	<1Y	BOTHSEX	NUMBER	under 1 year old	Both	Number	16424	16618	16789	16919	17023	17096	17089	17098	17011	16832	16623	16348	16041	15773	15326	14916	14461	15303.4	2016	14461	Source: United Nations Inter-agency Group for Child Mortality Estimation (UN IGME), 2017. 	
2018.Q2.G.01	SH_DYN_IMRTN	Infant deaths (number)	144	80.70489654	7.614693343	LKA	Sri Lanka	1	<1Y	BOTHSEX	NUMBER	under 1 year old	Both	Number	4878	4779	4720	4662	5606	4453	4257	4041	3808	3633	3446	3252	3125	2966	2813	2699	2560	2832.6	2016	2560	Source: United Nations Inter-agency Group for Child Mortality Estimation (UN IGME), 2017. 	
2018.Q2.G.01	SH_DYN_IMRTN	Infant deaths (number)	148	18.66618401	15.36279341	TCD	Chad	1	<1Y	BOTHSEX	NUMBER	under 1 year old	Both	Number	41470	42253	43006	43714	44368	44908	45376	45719	45993	46095	46190	46232	46231	46252	46240	46197	46120	46208	2016	46120	Source: United Nations Inter-agency Group for Child Mortality Estimation (UN IGME), 2017. 	
2018.Q2.G.01	SH_DYN_IMRTN	Infant deaths (number)	152	-71.23029019	-35.2652885	CHL	Chile	1	<1Y	BOTHSEX	NUMBER	under 1 year old	Both	Number	2391	2237	2116	2026	1991	1959	1929	1923	1941	1882	1846	1809	1773	1762	1776	1744	1713	1753.6	2016	1713	Source: United Nations Inter-agency Group for Child Mortality Estimation (UN IGME), 2017. 	
2018.Q2.G.01	SH_DYN_IMRTN	Infant deaths (number)	156	104.1403375	32.30955217	CHN	China	1	<1Y	BOTHSEX	NUMBER	under 1 year old	Both	Number	489833	456569	421875	390750	360459	331987	306699	284565	265558	247848	231215	215499	200670	185075	170559	157241	143560	171421	2016	143560	Source: United Nations Inter-agency Group for Child Mortality Estimation (UN IGME), 2017. 	
2018.Q2.G.01	SH_DYN_IMRTN	Infant deaths (number)	162	105.6426067	-10.4882473	CXR	Christmas Island	1	<1Y	BOTHSEX	NUMBER	under 1 year old	Both	Number																						
2018.Q2.G.01	SH_DYN_IMRTN	Infant deaths (number)	166	96.82633757	-12.18600682	CCK	Cocos (Keeling) Islands	1	<1Y	BOTHSEX	NUMBER	under 1 year old	Both	Number																						
2018.Q2.G.01	SH_DYN_IMRTN	Infant deaths (number)	170	-73.07446751	3.888209046	COL	Colombia	1	<1Y	BOTHSEX	NUMBER	under 1 year old	Both	Number	17944	17375	16810	16319	15810	15201	14660	14111	13564	13025	12496	11979	11475	11058	10574	10175	9708	10598	2016	9708	Source: United Nations Inter-agency Group for Child Mortality Estimation (UN IGME), 2017. 	
2018.Q2.G.01	SH_DYN_IMRTN	Infant deaths (number)	174	43.34234565	-11.66121732	COM	Comoros	1	<1Y	BOTHSEX	NUMBER	under 1 year old	Both	Number	1471	1495	1523	1547	1565	1572	1570	1568	1562	1551	1540	1522	1510	1491	1469	1444	1419	1466.6	2016	1419	Source: United Nations Inter-agency Group for Child Mortality Estimation (UN IGME), 2017. 	
2018.Q2.G.01	SH_DYN_IMRTN	Infant deaths (number)	175	45.14015057	-12.82217691	MYT	Mayotte	1	<1Y	BOTHSEX	NUMBER	under 1 year old	Both	Number																						
2018.Q2.G.01	SH_DYN_IMRTN	Infant deaths (number)	178	15.22052612	-0.840544119	COG	Congo	1	<1Y	BOTHSEX	NUMBER	under 1 year old	Both	Number	9158	9267	9215	9029	8764	8440	8110	7819	7554	7351	7198	7082	6989	6943	6898	6841	6778	6889.8	2016	6778	Source: United Nations Inter-agency Group for Child Mortality Estimation (UN IGME), 2017. 	
2018.Q2.G.01	SH_DYN_IMRTN	Infant deaths (number)	180	23.65496507	-2.877154732	COD	Democratic Republic of the Congo	1	<1Y	BOTHSEX	NUMBER	under 1 year old	Both	Number	225709	227439	228965	230754	232108	233468	234792	236012	237028	238026	238660	238858	238877	238415	237476	236390	234878	237207.2	2016	234878	Source: United Nations Inter-agency Group for Child Mortality Estimation (UN IGME), 2017. 	
2018.Q2.G.01	SH_DYN_IMRTN	Infant deaths (number)	184	-159.7711391	-21.22696458	COK	Cook Islands	1	<1Y	BOTHSEX	NUMBER	under 1 year old	Both	Number	6	6	5	5	4	4	4	3	3	3	3	3	2	2	2	2	2	2	2016	2	Source: United Nations Inter-agency Group for Child Mortality Estimation (UN IGME), 2017. 	
2018.Q2.G.01	SH_DYN_IMRTN	Infant deaths (number)	188	-84.19712782	9.970998683	CRI	Costa Rica	1	<1Y	BOTHSEX	NUMBER	under 1 year old	Both	Number	852	792	751	706	678	661	645	652	651	643	634	631	620	602	577	553	535	577.4	2016	535	Source: United Nations Inter-agency Group for Child Mortality Estimation (UN IGME), 2017. 	
2018.Q2.G.01	SH_DYN_IMRTN	Infant deaths (number)	191	17.95874553	45.45172212	HRV	Croatia	1	<1Y	BOTHSEX	NUMBER	under 1 year old	Both	Number	328	306	286	272	253	245	233	227	220	212	202	192	185	178	170	163	156	170.4	2016	156	Source: United Nations Inter-agency Group for Child Mortality Estimation (UN IGME), 2017. 	
2018.Q2.G.01	SH_DYN_IMRTN	Infant deaths (number)	192	-79.54460144	22.10030366	CUB	Cuba	1	<1Y	BOTHSEX	NUMBER	under 1 year old	Both	Number	935	899	836	788	744	689	652	618	614	600	588	578	554	556	543	541	524	543.6	2016	524	Source: United Nations Inter-agency Group for Child Mortality Estimation (UN IGME), 2017. 	
2018.Q2.G.01	SH_DYN_IMRTN	Infant deaths (number)	196	33.22285964	35.05659437	CYP	Cyprus	1	<1Y	BOTHSEX	NUMBER	under 1 year old	Both	Number	73	67	61	57	53	50	46	44	41	39	38	36	33	31	29	28	27	29.6	2016	27	Source: United Nations Inter-agency Group for Child Mortality Estimation (UN IGME), 2017. 	
2018.Q2.G.01	SH_DYN_IMRTN	Infant deaths (number)	203	15.33151382	49.73913871	CZE	Czechia	1	<1Y	BOTHSEX	NUMBER	under 1 year old	Both	Number	397	382	373	366	361	365	347	336	332	314	305	293	292	278	276	274	272	278.4	2016	272	Source: United Nations Inter-agency Group for Child Mortality Estimation (UN IGME), 2017. 	
2018.Q2.G.01	SH_DYN_IMRTN	Infant deaths (number)	204	2.339933594	9.65401646	BEN	Benin	1	<1Y	BOTHSEX	NUMBER	under 1 year old	Both	Number	25381	25325	25230	25094	24946	24846	24794	24790	24866	24954	25089	25199	25284	25308	25271	25132	24971	25193.2	2016	24971	Source: United Nations Inter-agency Group for Child Mortality Estimation (UN IGME), 2017. 	
2018.Q2.G.01	SH_DYN_IMRTN	Infant deaths (number)	208	9.326571283	56.03829721	DNK	Denmark	1	<1Y	BOTHSEX	NUMBER	under 1 year old	Both	Number	303	295	287	279	266	259	245	238	229	220	210	206	203	201	206	212	220	208.4	2016	220	Source: United Nations Inter-agency Group for Child Mortality Estimation (UN IGME), 2017. 	
2018.Q2.G.01	SH_DYN_IMRTN	Infant deaths (number)	212	-61.3493756	15.43391378	DMA	Dominica	1	<1Y	BOTHSEX	NUMBER	under 1 year old	Both	Number	15	15	14	14	14	14	15	16	17	19	21	23	26	29	31	33	34	30.6	2016	34	Source: United Nations Inter-agency Group for Child Mortality Estimation (UN IGME), 2017. 	
2018.Q2.G.01	SH_DYN_IMRTN	Infant deaths (number)	214	-70.49847576	18.89832088	DOM	Dominican Republic	1	<1Y	BOTHSEX	NUMBER	under 1 year old	Both	Number	7088	6970	6854	6756	6651	6582	6506	6423	6358	6267	6195	6119	6017	5911	5779	5624	5467	5759.6	2016	5467	Source: United Nations Inter-agency Group for Child Mortality Estimation (UN IGME), 2017. 	
2018.Q2.G.01	SH_DYN_IMRTN	Infant deaths (number)	218	-78.37005241	-1.447785891	ECU	Ecuador	1	<1Y	BOTHSEX	NUMBER	under 1 year old	Both	Number	8890	8569	8287	8047	7852	7698	7521	7379	7235	7085	6894	6728	6587	6406	6221	6030	5867	6222.2	2016	5867	Source: United Nations Inter-agency Group for Child Mortality Estimation (UN IGME), 2017. 	
2018.Q2.G.01	SH_DYN_IMRTN	Infant deaths (number)	222	-88.86862995	13.73603564	SLV	El Salvador	1	<1Y	BOTHSEX	NUMBER	under 1 year old	Both	Number	3960	3662	3376	3122	2901	2699	2526	2378	2238	2117	2000	1887	1803	1711	1633	1569	1517	1646.6	2016	1517	Source: United Nations Inter-agency Group for Child Mortality Estimation (UN IGME), 2017. 	
2018.Q2.G.01	SH_DYN_IMRTN	Infant deaths (number)	226	10.46535826	1.565792376	GNQ	Equatorial Guinea	1	<1Y	BOTHSEX	NUMBER	under 1 year old	Both	Number	2554	2586	2614	2642	2664	2686	2701	2715	2723	2729	2732	2733	2734	2730	2720	2713	2698	2719	2016	2698	Source: United Nations Inter-agency Group for Child Mortality Estimation (UN IGME), 2017. 	
2018.Q2.G.01	SH_DYN_IMRTN	Infant deaths (number)	231	39.63505296	8.631223181	ETH	Ethiopia	1	<1Y	BOTHSEX	NUMBER	under 1 year old	Both	Number	253420	246306	237366	227735	217063	206173	195571	185991	176899	169207	162286	156067	150131	144984	140260	135952	132073	140680	2016	132073	Source: United Nations Inter-agency Group for Child Mortality Estimation (UN IGME), 2017. 	
2018.Q2.G.01	SH_DYN_IMRTN	Infant deaths (number)	232	38.11074289	16.12894644	ERI	Eritrea	1	<1Y	BOTHSEX	NUMBER	under 1 year old	Both	Number	6881	6780	6728	6680	6646	6600	6545	6465	6360	6232	6101	5956	5807	5647	5498	5365	5233	5510	2016	5233	Source: United Nations Inter-agency Group for Child Mortality Estimation (UN IGME), 2017. 	
2018.Q2.G.01	SH_DYN_IMRTN	Infant deaths (number)	233	25.84093481	58.68487172	EST	Estonia	1	<1Y	BOTHSEX	NUMBER	under 1 year old	Both	Number	111	103	96	91	86	81	76	71	65	61	54	51	46	42	37	35	32	38.4	2016	32	Source: United Nations Inter-agency Group for Child Mortality Estimation (UN IGME), 2017. 	
2018.Q2.G.01	SH_DYN_IMRTN	Infant deaths (number)	234	-7.122044325	62.21228119	FRO	Faroe Islands	1	<1Y	BOTHSEX	NUMBER	under 1 year old	Both	Number																						
2018.Q2.G.01	SH_DYN_IMRTN	Infant deaths (number)	238	-58.75246778	-51.74562601	FLK	Falkland Islands (Malvinas)	1	<1Y	BOTHSEX	NUMBER	under 1 year old	Both	Number																						
2018.Q2.G.01	SH_DYN_IMRTN	Infant deaths (number)	239	-36.90662765	-54.20736749	SGS	South Georgia and the South Sandwich Islands	1	<1Y	BOTHSEX	NUMBER	under 1 year old	Both	Number																						
2018.Q2.G.01	SH_DYN_IMRTN	Infant deaths (number)	242	177.9660884	-17.83301566	FJI	Fiji	1	<1Y	BOTHSEX	NUMBER	under 1 year old	Both	Number	381	374	372	371	374	377	380	383	384	383	378	373	366	357	348	337	327	347	2016	327	Source: United Nations Inter-agency Group for Child Mortality Estimation (UN IGME), 2017. 	
2018.Q2.G.01	SH_DYN_IMRTN	Infant deaths (number)	246	23.308447	61.91586738	FIN	Finland	1	<1Y	BOTHSEX	NUMBER	under 1 year old	Both	Number	202	201	195	189	184	180	175	171	160	154	148	142	136	124	118	118	113	121.8	2016	113	Source: United Nations Inter-agency Group for Child Mortality Estimation (UN IGME), 2017. 	
2018.Q2.G.01	SH_DYN_IMRTN	Infant deaths (number)	248	19.80945969	60.1544901	ALA	Åland Islands	1	<1Y	BOTHSEX	NUMBER	under 1 year old	Both	Number																						
2018.Q2.G.01	SH_DYN_IMRTN	Infant deaths (number)	250	2.457288129	46.62660861	FRA	France	1	<1Y	BOTHSEX	NUMBER	under 1 year old	Both	Number	3297	3247	3197	3069	3014	2955	2891	2822	2825	2824	2741	2732	2643	2631	2542	2455	2446	2543.4	2016	2446	Source: United Nations Inter-agency Group for Child Mortality Estimation (UN IGME), 2017. 	
2018.Q2.G.01	SH_DYN_IMRTN	Infant deaths (number)	254	-53.23619089	3.922673437	GUF	French Guiana	1	<1Y	BOTHSEX	NUMBER	under 1 year old	Both	Number																						
2018.Q2.G.01	SH_DYN_IMRTN	Infant deaths (number)	258	-149.4052367	-17.67709294	PYF	French Polynesia	1	<1Y	BOTHSEX	NUMBER	under 1 year old	Both	Number																						
2018.Q2.G.01	SH_DYN_IMRTN	Infant deaths (number)	260	69.64849091	-49.6068576	ATF	French Southern Territories	1	<1Y	BOTHSEX	NUMBER	under 1 year old	Both	Number																						
2018.Q2.G.01	SH_DYN_IMRTN	Infant deaths (number)	262	42.18274707	11.56004161	DJI	Djibouti	1	<1Y	BOTHSEX	NUMBER	under 1 year old	Both	Number	1760	1724	1688	1648	1606	1557	1508	1458	1412	1370	1330	1296	1264	1234	1207	1176	1148	1205.8	2016	1148	Source: United Nations Inter-agency Group for Child Mortality Estimation (UN IGME), 2017. 	
2018.Q2.G.01	SH_DYN_IMRTN	Infant deaths (number)	266	11.78727747	-0.60687619	GAB	Gabon	1	<1Y	BOTHSEX	NUMBER	under 1 year old	Both	Number	2190	2183	2178	2174	2168	2166	2169	2160	2152	2153	2149	2139	2115	2081	2077	2040	1971	2056.8	2016	1971	Source: United Nations Inter-agency Group for Child Mortality Estimation (UN IGME), 2017. 	
2018.Q2.G.01	SH_DYN_IMRTN	Infant deaths (number)	268	43.3713615	42.04813028	GEO	Georgia	1	<1Y	BOTHSEX	NUMBER	under 1 year old	Both	Number	1772	1628	1502	1399	1303	1219	1148	1076	1011	945	879	818	752	688	629	569	515	630.6	2016	515	Source: United Nations Inter-agency Group for Child Mortality Estimation (UN IGME), 2017. 	
2018.Q2.G.01	SH_DYN_IMRTN	Infant deaths (number)	270	-15.39944785	13.45295927	GMB	Gambia	1	<1Y	BOTHSEX	NUMBER	under 1 year old	Both	Number	3455	3456	3454	3448	3439	3431	3420	3412	3415	3409	3407	3400	3396	3387	3379	3366	3349	3375.4	2016	3349	Source: United Nations Inter-agency Group for Child Mortality Estimation (UN IGME), 2017. 	
2018.Q2.G.01	SH_DYN_IMRTN	Infant deaths (number)	275	35.25694122	31.94347933	PSE	State of Palestine	1	<1Y	BOTHSEX	NUMBER	under 1 year old	Both	Number	2983	2912	2853	2797	2758	2725	2698	2677	2659	2643	2628	2625	2608	2588	2565	2537	2504	2560.4	2016	2504	Source: United Nations Inter-agency Group for Child Mortality Estimation (UN IGME), 2017. 	
2018.Q2.G.01	SH_DYN_IMRTN	Infant deaths (number)	276	10.3806066	51.08862743	DEU	Germany	1	<1Y	BOTHSEX	NUMBER	under 1 year old	Both	Number	3318	3192	3065	2941	2823	2714	2615	2526	2446	2441	2377	2319	2267	2286	2309	2332	2284	2295.6	2016	2284	Source: United Nations Inter-agency Group for Child Mortality Estimation (UN IGME), 2017. 	
2018.Q2.G.01	SH_DYN_IMRTN	Infant deaths (number)	288	-1.205623522	7.964825185	GHA	Ghana	1	<1Y	BOTHSEX	NUMBER	under 1 year old	Both	Number	42622	42174	41724	41426	41289	41248	41232	41229	41136	40844	40317	39682	38922	38118	37363	36500	35721	37324.8	2016	35721	Source: United Nations Inter-agency Group for Child Mortality Estimation (UN IGME), 2017. 	
2018.Q2.G.01	SH_DYN_IMRTN	Infant deaths (number)	292	-5.347561686	36.13895036	GIB	Gibraltar	1	<1Y	BOTHSEX	NUMBER	under 1 year old	Both	Number																						
2018.Q2.G.01	SH_DYN_IMRTN	Infant deaths (number)	296	-157.5643005	1.768837732	KIR	Kiribati	1	<1Y	BOTHSEX	NUMBER	under 1 year old	Both	Number	136	134	132	131	132	133	136	138	141	142	143	143	143	142	140	138	136	139.8	2016	136	Source: United Nations Inter-agency Group for Child Mortality Estimation (UN IGME), 2017. 	
2018.Q2.G.01	SH_DYN_IMRTN	Infant deaths (number)	300	22.58307827	39.47301873	GRC	Greece	1	<1Y	BOTHSEX	NUMBER	under 1 year old	Both	Number	606	564	534	495	479	451	421	412	387	383	363	353	341	329	317	297	288	314.4	2016	288	Source: United Nations Inter-agency Group for Child Mortality Estimation (UN IGME), 2017. 	
2018.Q2.G.01	SH_DYN_IMRTN	Infant deaths (number)	304	-41.39371316	74.75625681	GRL	Greenland	1	<1Y	BOTHSEX	NUMBER	under 1 year old	Both	Number																						
2018.Q2.G.01	SH_DYN_IMRTN	Infant deaths (number)	308	-61.68248568	12.11238395	GRD	Grenada	1	<1Y	BOTHSEX	NUMBER	under 1 year old	Both	Number	27	26	26	25	25	25	25	25	25	26	26	26	27	28	28	29	29	28.2	2016	29	Source: United Nations Inter-agency Group for Child Mortality Estimation (UN IGME), 2017. 	
2018.Q2.G.01	SH_DYN_IMRTN	Infant deaths (number)	312	-61.64762115	16.14416917	GLP	Guadeloupe	1	<1Y	BOTHSEX	NUMBER	under 1 year old	Both	Number																						
2018.Q2.G.01	SH_DYN_IMRTN	Infant deaths (number)	316	144.7029305	13.35485404	GUM	Guam	1	<1Y	BOTHSEX	NUMBER	under 1 year old	Both	Number																						
2018.Q2.G.01	SH_DYN_IMRTN	Infant deaths (number)	320	-91.2312746	15.00273719	GTM	Guatemala	1	<1Y	BOTHSEX	NUMBER	under 1 year old	Both	Number	16678	16209	15690	15203	14633	14118	13551	13031	12573	12143	11743	11371	11058	10754	10450	10185	9956	10480.6	2016	9956	Source: United Nations Inter-agency Group for Child Mortality Estimation (UN IGME), 2017. 	
2018.Q2.G.01	SH_DYN_IMRTN	Infant deaths (number)	324	-11.28173419	11.00210343	GIN	Guinea	1	<1Y	BOTHSEX	NUMBER	under 1 year old	Both	Number	37143	36105	35020	33959	32981	32064	31254	30513	29837	29188	28609	28019	27504	27020	26526	26067	25644	26552.2	2016	25644	Source: United Nations Inter-agency Group for Child Mortality Estimation (UN IGME), 2017. 	
2018.Q2.G.01	SH_DYN_IMRTN	Infant deaths (number)	328	-58.97322037	4.788012784	GUY	Guyana	1	<1Y	BOTHSEX	NUMBER	under 1 year old	Both	Number	721	689	658	628	598	571	547	526	510	495	484	475	466	458	448	437	426	447	2016	426	Source: United Nations Inter-agency Group for Child Mortality Estimation (UN IGME), 2017. 	
2018.Q2.G.01	SH_DYN_IMRTN	Infant deaths (number)	332	-72.33640958	18.40426539	HTI	Haiti	1	<1Y	BOTHSEX	NUMBER	under 1 year old	Both	Number	19655	19063	18531	18040	17616	17254	16893	16551	16220	15871	22505	15086	14771	14364	13988	13616	13248	13997.4	2016	13248	Source: United Nations Inter-agency Group for Child Mortality Estimation (UN IGME), 2017. 	
2018.Q2.G.01	SH_DYN_IMRTN	Infant deaths (number)	334	73.52633626	-53.09106147	HMD	Heard Island and McDonald Islands	1	<1Y	BOTHSEX	NUMBER	under 1 year old	Both	Number																						
2018.Q2.G.01	SH_DYN_IMRTN	Infant deaths (number)	336	12.45315803	41.90343751	VAT	Holy See	1	<1Y	BOTHSEX	NUMBER	under 1 year old	Both	Number																						
2018.Q2.G.01	SH_DYN_IMRTN	Infant deaths (number)	340	-86.59974381	14.82243161	HND	Honduras	1	<1Y	BOTHSEX	NUMBER	under 1 year old	Both	Number	6451	6200	5957	5702	5456	5201	4937	4689	4458	4229	4024	3827	3660	3522	3374	3274	3160	3398	2016	3160	Source: United Nations Inter-agency Group for Child Mortality Estimation (UN IGME), 2017. 	
2018.Q2.G.01	SH_DYN_IMRTN	Infant deaths (number)	344	114.0266445	22.41749934	HKG	China, Hong Kong Special Administrative Region	1	<1Y	BOTHSEX	NUMBER	under 1 year old	Both	Number																						
2018.Q2.G.01	SH_DYN_IMRTN	Infant deaths (number)	348	19.41221519	47.1651448	HUN	Hungary	1	<1Y	BOTHSEX	NUMBER	under 1 year old	Both	Number	831	783	722	683	636	618	581	551	520	498	474	451	445	431	418	406	386	417.2	2016	386	Source: United Nations Inter-agency Group for Child Mortality Estimation (UN IGME), 2017. 	
2018.Q2.G.01	SH_DYN_IMRTN	Infant deaths (number)	352	-19.02116966	64.79134763	ISL	Iceland	1	<1Y	BOTHSEX	NUMBER	under 1 year old	Both	Number	13	12	12	11	11	10	10	10	10	10	9	9	8	8	8	8	7	7.8	2016	7	Source: United Nations Inter-agency Group for Child Mortality Estimation (UN IGME), 2017. 	
2018.Q2.G.01	SH_DYN_IMRTN	Infant deaths (number)	356	79.3608464	22.34642074	IND	India	1	<1Y	BOTHSEX	NUMBER	under 1 year old	Both	Number	1834868	1772882	1709782	1650996	1588050	1528865	1467215	1400244	1333882	1266175	1195707	1129205	1067732	1009370	956818	909704	867336	962192	2016	867336	Source: United Nations Inter-agency Group for Child Mortality Estimation (UN IGME), 2017. 	
2018.Q2.G.01	SH_DYN_IMRTN	Infant deaths (number)	360	113.9174	-0.994582204	IDN	Indonesia	1	<1Y	BOTHSEX	NUMBER	under 1 year old	Both	Number	186949	181872	177269	172838	174202	163425	158505	153674	148594	143314	138323	133589	128587	123831	118852	114207	109951	119085.6	2016	109951	Source: United Nations Inter-agency Group for Child Mortality Estimation (UN IGME), 2017. 	
2018.Q2.G.01	SH_DYN_IMRTN	Infant deaths (number)	364	54.19766348	32.74370885	IRN	Iran (Islamic Republic of)	1	<1Y	BOTHSEX	NUMBER	under 1 year old	Both	Number	35138	32856	30896	29187	27902	26742	25664	24749	23952	23096	22410	21733	20917	20243	19306	18392	17381	19247.8	2016	17381	Source: United Nations Inter-agency Group for Child Mortality Estimation (UN IGME), 2017. 	
2018.Q2.G.01	SH_DYN_IMRTN	Infant deaths (number)	368	43.76606267	33.05013795	IRQ	Iraq	1	<1Y	BOTHSEX	NUMBER	under 1 year old	Both	Number	29734	29842	29955	30182	30361	30675	30942	31241	31551	31852	32123	32234	32387	32350	32115	31913	31513	32055.6	2016	31513	Source: United Nations Inter-agency Group for Child Mortality Estimation (UN IGME), 2017. 	
2018.Q2.G.01	SH_DYN_IMRTN	Infant deaths (number)	372	-7.121425272	53.25274054	IRL	Ireland	1	<1Y	BOTHSEX	NUMBER	under 1 year old	Both	Number	342	340	327	312	303	292	279	272	263	259	254	247	246	236	226	215	203	225.2	2016	203	Source: United Nations Inter-agency Group for Child Mortality Estimation (UN IGME), 2017. 	
2018.Q2.G.01	SH_DYN_IMRTN	Infant deaths (number)	376	34.62277992	31.06164552	ISR	Israel	1	<1Y	BOTHSEX	NUMBER	under 1 year old	Both	Number	706	694	682	655	641	626	612	597	582	581	579	560	536	543	514	499	482	514.8	2016	482	Source: United Nations Inter-agency Group for Child Mortality Estimation (UN IGME), 2017. 	
2018.Q2.G.01	SH_DYN_IMRTN	Infant deaths (number)	380	12.57022427	42.79917282	ITA	Italy	1	<1Y	BOTHSEX	NUMBER	under 1 year old	Both	Number	2554	2409	2321	2234	2146	2108	2007	2008	1944	1926	1846	1762	1677	1595	1517	1445	1378	1522.4	2016	1378	Source: United Nations Inter-agency Group for Child Mortality Estimation (UN IGME), 2017. 	
2018.Q2.G.01	SH_DYN_IMRTN	Infant deaths (number)	384	-5.552690016	7.62211586	CIV	Côte d'Ivoire	1	<1Y	BOTHSEX	NUMBER	under 1 year old	Both	Number	66576	65088	64824	64384	63754	63103	62385	61032	60358	59850	60054	59666	59284	58554	57856	57180	56524	57879.6	2016	56524	Source: United Nations Inter-agency Group for Child Mortality Estimation (UN IGME), 2017. 	
2018.Q2.G.01	SH_DYN_IMRTN	Infant deaths (number)	388	-77.31068409	18.15616857	JAM	Jamaica	1	<1Y	BOTHSEX	NUMBER	under 1 year old	Both	Number	1069	1023	984	946	916	894	874	850	828	805	783	756	730	705	681	657	633	681.2	2016	633	Source: United Nations Inter-agency Group for Child Mortality Estimation (UN IGME), 2017. 	
2018.Q2.G.01	SH_DYN_IMRTN	Infant deaths (number)	392	139.2716103	36.6554539	JPN	Japan	1	<1Y	BOTHSEX	NUMBER	under 1 year old	Both	Number	3861	3595	3449	3308	3286	3042	3028	2904	2780	2656	2641	2624	2388	2261	2135	2116	2096	2199.2	2016	2096	Source: United Nations Inter-agency Group for Child Mortality Estimation (UN IGME), 2017. 	
2018.Q2.G.01	SH_DYN_IMRTN	Infant deaths (number)	398	66.65359159	48.01963494	KAZ	Kazakhstan	1	<1Y	BOTHSEX	NUMBER	under 1 year old	Both	Number	8825	8405	8173	8058	8039	8048	8042	7985	7780	7468	7044	6547	5962	5389	4851	4321	3853	4875.2	2016	3853	Source: United Nations Inter-agency Group for Child Mortality Estimation (UN IGME), 2017. 	
2018.Q2.G.01	SH_DYN_IMRTN	Infant deaths (number)	400	37.13024774	30.65365973	JOR	Jordan	1	<1Y	BOTHSEX	NUMBER	under 1 year old	Both	Number	3693	3629	3585	3537	3504	3505	3527	3549	3601	3658	3713	3758	3786	3792	3773	3728	3681	3752	2016	3681	Source: United Nations Inter-agency Group for Child Mortality Estimation (UN IGME), 2017. 	
2018.Q2.G.01	SH_DYN_IMRTN	Infant deaths (number)	404	37.86096816	0.534797278	KEN	Kenya	1	<1Y	BOTHSEX	NUMBER	under 1 year old	Both	Number	77073	76541	75589	74240	72487	70288	68277	66440	63520	62241	61092	59711	59030	57936	56307	54285	53496	56210.8	2016	53496	Source: United Nations Inter-agency Group for Child Mortality Estimation (UN IGME), 2017. 	
2018.Q2.G.01	SH_DYN_IMRTN	Infant deaths (number)	408	127.1803633	40.1462645	PRK	Democratic People's Republic of Korea	1	<1Y	BOTHSEX	NUMBER	under 1 year old	Both	Number	18316	15846	13628	11897	10676	9950	9625	9359	9047	8658	8125	7519	6903	6374	5924	5583	5280	6012.8	2016	5280	Source: United Nations Inter-agency Group for Child Mortality Estimation (UN IGME), 2017. 	
2018.Q2.G.01	SH_DYN_IMRTN	Infant deaths (number)	410	127.8610254	36.45201023	KOR	Republic of Korea	1	<1Y	BOTHSEX	NUMBER	under 1 year old	Both	Number	3726	3389	3027	2750	2505	2242	2054	1885	1775	1671	1573	1522	1475	1430	1387	1345	1303	1388	2016	1303	Source: United Nations Inter-agency Group for Child Mortality Estimation (UN IGME), 2017. 	
2018.Q2.G.01	SH_DYN_IMRTN	Infant deaths (number)	414	47.49305029	29.53949468	KWT	Kuwait	1	<1Y	BOTHSEX	NUMBER	under 1 year old	Both	Number	485	482	480	484	487	494	507	522	531	538	538	534	522	513	496	482	467	496	2016	467	Source: United Nations Inter-agency Group for Child Mortality Estimation (UN IGME), 2017. 	
2018.Q2.G.01	SH_DYN_IMRTN	Infant deaths (number)	417	74.52324839	41.46204516	KGZ	Kyrgyzstan	1	<1Y	BOTHSEX	NUMBER	under 1 year old	Both	Number	4461	4203	4007	3861	3771	3719	3712	3715	3696	3650	3588	3515	3415	3304	3171	3022	2834	3149.2	2016	2834	Source: United Nations Inter-agency Group for Child Mortality Estimation (UN IGME), 2017. 	
2018.Q2.G.01	SH_DYN_IMRTN	Infant deaths (number)	418	101.9901968	20.27482773	LAO	Lao People's Democratic Republic	1	<1Y	BOTHSEX	NUMBER	under 1 year old	Both	Number	13900	13255	12691	12186	11731	11348	10989	10669	10324	9994	9645	9327	9014	8730	8429	8145	7861	8435.8	2016	7861	Source: United Nations Inter-agency Group for Child Mortality Estimation (UN IGME), 2017. 	
2018.Q2.G.01	SH_DYN_IMRTN	Infant deaths (number)	422	35.89391711	33.92152458	LBN	Lebanon	1	<1Y	BOTHSEX	NUMBER	under 1 year old	Both	Number	1067	983	898	813	731	662	603	562	537	533	536	549	563	580	592	605	602	588.4	2016	602	Source: United Nations Inter-agency Group for Child Mortality Estimation (UN IGME), 2017. 	
2018.Q2.G.01	SH_DYN_IMRTN	Infant deaths (number)	426	28.25362195	-29.58041814	LSO	Lesotho	1	<1Y	BOTHSEX	NUMBER	under 1 year old	Both	Number	4700	4697	4693	4683	4635	4617	4567	4446	4529	4374	4320	4251	4410	4468	4466	4495	4386	4445	2016	4386	Source: United Nations Inter-agency Group for Child Mortality Estimation (UN IGME), 2017. 	
2018.Q2.G.01	SH_DYN_IMRTN	Infant deaths (number)	428	26.42461876	56.64196636	LVA	Latvia	1	<1Y	BOTHSEX	NUMBER	under 1 year old	Both	Number	222	212	205	199	195	189	182	173	167	157	147	136	123	110	97	87	78	99	2016	78	Source: United Nations Inter-agency Group for Child Mortality Estimation (UN IGME), 2017. 	
2018.Q2.G.01	SH_DYN_IMRTN	Infant deaths (number)	430	-9.311879038	6.448381009	LBR	Liberia	1	<1Y	BOTHSEX	NUMBER	under 1 year old	Both	Number	14125	13729	13260	12700	12107	11506	10938	10437	9990	9609	9299	9020	8756	8536	8332	8162	8013	8359.8	2016	8013	Source: United Nations Inter-agency Group for Child Mortality Estimation (UN IGME), 2017. 	
2018.Q2.G.01	SH_DYN_IMRTN	Infant deaths (number)	434	18.0295985	27.04042819	LBY	Libya	1	<1Y	BOTHSEX	NUMBER	under 1 year old	Both	Number	2807	2731	2653	2582	2493	2395	2284	2159	2040	1941	1846	1819	1692	1621	1543	1473	1387	1543.2	2016	1387	Source: United Nations Inter-agency Group for Child Mortality Estimation (UN IGME), 2017. 	
2018.Q2.G.01	SH_DYN_IMRTN	Infant deaths (number)	438	9.552985019	47.14167005	LIE	Liechtenstein	1	<1Y	BOTHSEX	NUMBER	under 1 year old	Both	Number																						
2018.Q2.G.01	SH_DYN_IMRTN	Infant deaths (number)	440	23.90517807	55.33680309	LTU	Lithuania	1	<1Y	BOTHSEX	NUMBER	under 1 year old	Both	Number	289	267	249	237	225	219	210	196	183	169	154	139	129	123	122	128	134	127.2	2016	134	Source: United Nations Inter-agency Group for Child Mortality Estimation (UN IGME), 2017. 	
2018.Q2.G.01	SH_DYN_IMRTN	Infant deaths (number)	442	6.092656563	49.77679538	LUX	Luxembourg	1	<1Y	BOTHSEX	NUMBER	under 1 year old	Both	Number	21	19	18	17	16	15	14	14	14	13	13	13	13	13	13	13	13	13	2016	13	Source: United Nations Inter-agency Group for Child Mortality Estimation (UN IGME), 2017. 	
2018.Q2.G.01	SH_DYN_IMRTN	Infant deaths (number)	446	113.5665388	22.1237259	MAC	China, Macao Special Administrative Region	1	<1Y	BOTHSEX	NUMBER	under 1 year old	Both	Number																						
2018.Q2.G.01	SH_DYN_IMRTN	Infant deaths (number)	450	46.6982339	-19.38514785	MDG	Madagascar	1	<1Y	BOTHSEX	NUMBER	under 1 year old	Both	Number	43956	42488	41054	39686	38473	37223	36075	34958	33873	32752	31677	30735	29784	29134	28558	28135	27702	28662.6	2016	27702	Source: United Nations Inter-agency Group for Child Mortality Estimation (UN IGME), 2017. 	
2018.Q2.G.01	SH_DYN_IMRTN	Infant deaths (number)	454	33.4884625	-13.40819859	MWI	Malawi	1	<1Y	BOTHSEX	NUMBER	under 1 year old	Both	Number	50657	48402	45696	42919	40494	38782	37843	37299	36354	35672	34571	32369	30506	28770	27429	26296	25495	27699.2	2016	25495	Source: United Nations Inter-agency Group for Child Mortality Estimation (UN IGME), 2017. 	
2018.Q2.G.01	SH_DYN_IMRTN	Infant deaths (number)	458	116.8346314	5.452415309	MYS	Malaysia	1	<1Y	BOTHSEX	NUMBER	under 1 year old	Both	Number	4456	4053	3715	3497	3350	3274	3174	3187	3211	3197	3284	3329	3378	3480	3534	3638	3740	3554	2016	3740	Source: United Nations Inter-agency Group for Child Mortality Estimation (UN IGME), 2017. 	
2018.Q2.G.01	SH_DYN_IMRTN	Infant deaths (number)	462	73.09672546	-0.614385021	MDV	Maldives	1	<1Y	BOTHSEX	NUMBER	under 1 year old	Both	Number	225	197	172	151	137	119	108	100	93	87	81	76	72	67	64	60	57	64	2016	57	Source: United Nations Inter-agency Group for Child Mortality Estimation (UN IGME), 2017. 	
2018.Q2.G.01	SH_DYN_IMRTN	Infant deaths (number)	466	-3.522016039	17.35311254	MLI	Mali	1	<1Y	BOTHSEX	NUMBER	under 1 year old	Both	Number	60043	59926	59563	58962	58132	57333	56541	55815	55231	54676	54239	53666	53125	52649	52192	51701	51341	52201.6	2016	51341	Source: United Nations Inter-agency Group for Child Mortality Estimation (UN IGME), 2017. 	
2018.Q2.G.01	SH_DYN_IMRTN	Infant deaths (number)	470	14.44617519	35.89194275	MLT	Malta	1	<1Y	BOTHSEX	NUMBER	under 1 year old	Both	Number	31	29	27	25	24	23	23	23	23	23	23	24	24	24	25	25	25	24.6	2016	25	Source: United Nations Inter-agency Group for Child Mortality Estimation (UN IGME), 2017. 	
2018.Q2.G.01	SH_DYN_IMRTN	Infant deaths (number)	474	-60.91544135	14.56086108	MTQ	Martinique	1	<1Y	BOTHSEX	NUMBER	under 1 year old	Both	Number																						
2018.Q2.G.01	SH_DYN_IMRTN	Infant deaths (number)	478	-10.33187259	20.26089546	MRT	Mauritania	1	<1Y	BOTHSEX	NUMBER	under 1 year old	Both	Number	7066	7222	7369	7519	7637	7734	7809	7874	7927	7965	7973	7985	7984	7984	7956	7913	7857	7938.8	2016	7857	Source: United Nations Inter-agency Group for Child Mortality Estimation (UN IGME), 2017. 	
2018.Q2.G.01	SH_DYN_IMRTN	Infant deaths (number)	480	57.568022	-20.28581998	MUS	Mauritius	1	<1Y	BOTHSEX	NUMBER	under 1 year old	Both	Number	329	300	277	264	256	252	249	242	229	214	202	195	188	183	180	172	164	177.4	2016	164	Source: United Nations Inter-agency Group for Child Mortality Estimation (UN IGME), 2017. 	
2018.Q2.G.01	SH_DYN_IMRTN	Infant deaths (number)	484	-102.5148166	23.93378032	MEX	Mexico	1	<1Y	BOTHSEX	NUMBER	under 1 year old	Both	Number	55041	52123	49173	46455	43987	41791	39889	38296	37009	35788	34615	33700	32781	31834	31080	30048	29211	30990.8	2016	29211	Source: United Nations Inter-agency Group for Child Mortality Estimation (UN IGME), 2017. 	
2018.Q2.G.01	SH_DYN_IMRTN	Infant deaths (number)	492	7.424214814	43.73532918	MCO	Monaco	1	<1Y	BOTHSEX	NUMBER	under 1 year old	Both	Number	1	1	1	1	1	1	1	1	1	1	1	1	1	1	1	1	1	1	2016	1	Source: United Nations Inter-agency Group for Child Mortality Estimation (UN IGME), 2017. 	
2018.Q2.G.01	SH_DYN_IMRTN	Infant deaths (number)	496	103.0728057	46.83892054	MNG	Mongolia	1	<1Y	BOTHSEX	NUMBER	under 1 year old	Both	Number	2256	2082	1937	1821	1731	1659	1605	1564	1525	1487	1439	1389	1345	1289	1238	1179	1116	1233.4	2016	1116	Source: United Nations Inter-agency Group for Child Mortality Estimation (UN IGME), 2017. 	
2018.Q2.G.01	SH_DYN_IMRTN	Infant deaths (number)	498	28.4650624	47.20236795	MDA	Republic of Moldova	1	<1Y	BOTHSEX	NUMBER	under 1 year old	Both	Number	1263	1096	949	840	764	712	689	677	670	668	663	658	645	634	617	598	578	614.4	2016	578	Source: United Nations Inter-agency Group for Child Mortality Estimation (UN IGME), 2017. 	
2018.Q2.G.01	SH_DYN_IMRTN	Infant deaths (number)	499	19.25214024	42.78717043	MNE	Montenegro	1	<1Y	BOTHSEX	NUMBER	under 1 year old	Both	Number	108	103	97	92	85	79	73	66	61	54	49	43	38	35	31	28	25	31.4	2016	25	Source: United Nations Inter-agency Group for Child Mortality Estimation (UN IGME), 2017. 	
2018.Q2.G.01	SH_DYN_IMRTN	Infant deaths (number)	500	-62.19261223	16.73558313	MSR	Montserrat	1	<1Y	BOTHSEX	NUMBER	under 1 year old	Both	Number																						
2018.Q2.G.01	SH_DYN_IMRTN	Infant deaths (number)	504	-6.281942841	31.8440131	MAR	Morocco	1	<1Y	BOTHSEX	NUMBER	under 1 year old	Both	Number	26796	25731	24737	23846	23040	22319	21633	21058	20525	20083	19705	19289	18805	18236	17718	17047	16381	17637.4	2016	16381	Source: United Nations Inter-agency Group for Child Mortality Estimation (UN IGME), 2017. 	
2018.Q2.G.01	SH_DYN_IMRTN	Infant deaths (number)	508	38.18479941	-14.27963886	MOZ	Mozambique	1	<1Y	BOTHSEX	NUMBER	under 1 year old	Both	Number	92974	90087	87311	84780	82278	79920	77643	74263	72301	69990	69119	66444	64257	62466	60888	59763	58681	61211	2016	58681	Source: United Nations Inter-agency Group for Child Mortality Estimation (UN IGME), 2017. 	
2018.Q2.G.01	SH_DYN_IMRTN	Infant deaths (number)	512	57.87743482	21.98805614	OMN	Oman	1	<1Y	BOTHSEX	NUMBER	under 1 year old	Both	Number	804	736	681	645	620	602	602	614	631	651	679	705	728	739	750	747	745	741.8	2016	745	Source: United Nations Inter-agency Group for Child Mortality Estimation (UN IGME), 2017. 	
2018.Q2.G.01	SH_DYN_IMRTN	Infant deaths (number)	516	17.21907885	-22.13817068	NAM	Namibia	1	<1Y	BOTHSEX	NUMBER	under 1 year old	Both	Number	2863	2869	2869	2858	2795	2641	2543	2507	2585	2667	2621	2594	2657	2542	2457	2446	2311	2482.6	2016	2311	Source: United Nations Inter-agency Group for Child Mortality Estimation (UN IGME), 2017. 	
2018.Q2.G.01	SH_DYN_IMRTN	Infant deaths (number)	520	166.92313	-0.528742623	NRU	Nauru	1	<1Y	BOTHSEX	NUMBER	under 1 year old	Both	Number	6	6	6	6	6	5	5	5	5	5	5	5	5	5	5	5	4	4.8	2016	4	Source: United Nations Inter-agency Group for Child Mortality Estimation (UN IGME), 2017. 	
2018.Q2.G.01	SH_DYN_IMRTN	Infant deaths (number)	524	83.94678863	28.25866332	NPL	Nepal	1	<1Y	BOTHSEX	NUMBER	under 1 year old	Both	Number	45583	42960	40342	37919	35496	33232	31049	29009	26985	25068	23285	21672	20248	18958	17854	16915	16172	18029.4	2016	16172	Source: United Nations Inter-agency Group for Child Mortality Estimation (UN IGME), 2017. 	
2018.Q2.G.01	SH_DYN_IMRTN	Infant deaths (number)	528	5.331480568	51.86728884	NLD	Netherlands	1	<1Y	BOTHSEX	NUMBER	under 1 year old	Both	Number	1004	1008	970	929	924	876	827	796	747	718	691	648	626	624	605	588	572	603	2016	572	Source: United Nations Inter-agency Group for Child Mortality Estimation (UN IGME), 2017. 	
2018.Q2.G.01	SH_DYN_IMRTN	Infant deaths (number)	530	-68.30676179	12.22720635	ANT	Netherlands Antilles	1	<1Y	BOTHSEX	NUMBER	under 1 year old	Both	Number																						
2018.Q2.G.01	SH_DYN_IMRTN	Infant deaths (number)	531	-68.95033464	12.15058042	CUW	Curaçao	1	<1Y	BOTHSEX	NUMBER	under 1 year old	Both	Number																						
2018.Q2.G.01	SH_DYN_IMRTN	Infant deaths (number)	533	-69.97050586	12.50878756	ABW	Aruba	1	<1Y	BOTHSEX	NUMBER	under 1 year old	Both	Number																						
2018.Q2.G.01	SH_DYN_IMRTN	Infant deaths (number)	534	-63.06198692	18.03926508	SXM	Sint Maarten (Dutch part)	1	<1Y	BOTHSEX	NUMBER	under 1 year old	Both	Number																						
2018.Q2.G.01	SH_DYN_IMRTN	Infant deaths (number)	540	165.5067368	-21.41742531	NCL	New Caledonia	1	<1Y	BOTHSEX	NUMBER	under 1 year old	Both	Number																						
2018.Q2.G.01	SH_DYN_IMRTN	Infant deaths (number)	548	167.0679779	-15.34445547	VUT	Vanuatu	1	<1Y	BOTHSEX	NUMBER	under 1 year old	Both	Number	144	144	144	144	144	146	147	149	151	154	157	159	162	163	163	162	160	162	2016	160	Source: United Nations Inter-agency Group for Child Mortality Estimation (UN IGME), 2017. 	
2018.Q2.G.01	SH_DYN_IMRTN	Infant deaths (number)	554	170.4755673	-43.98721568	NZL	New Zealand	1	<1Y	BOTHSEX	NUMBER	under 1 year old	Both	Number	340	330	327	326	321	322	328	328	332	328	321	314	312	304	290	283	277	293.2	2016	277	Source: United Nations Inter-agency Group for Child Mortality Estimation (UN IGME), 2017. 	
2018.Q2.G.01	SH_DYN_IMRTN	Infant deaths (number)	558	-85.03060315	12.84210839	NIC	Nicaragua	1	<1Y	BOTHSEX	NUMBER	under 1 year old	Both	Number	4412	4168	3947	3749	3558	3400	3232	3079	2923	2779	2645	2523	2412	2303	2195	2101	2021	2206.4	2016	2021	Source: United Nations Inter-agency Group for Child Mortality Estimation (UN IGME), 2017. 	
2018.Q2.G.01	SH_DYN_IMRTN	Infant deaths (number)	562	9.400167877	17.42143036	NER	Niger	1	<1Y	BOTHSEX	NUMBER	under 1 year old	Both	Number	57592	57412	57024	56350	55503	54615	53617	52657	51744	50968	50185	49645	49285	49209	49170	49364	49616	49328.8	2016	49616	Source: United Nations Inter-agency Group for Child Mortality Estimation (UN IGME), 2017. 	
2018.Q2.G.01	SH_DYN_IMRTN	Infant deaths (number)	566	8.097363256	9.585789025	NGA	Nigeria	1	<1Y	BOTHSEX	NUMBER	under 1 year old	Both	Number	576113	573916	571094	566996	562664	556383	549338	542164	535507	527491	520546	512630	504984	497623	489949	483487	475593	490327.2	2016	475593	Source: United Nations Inter-agency Group for Child Mortality Estimation (UN IGME), 2017. 	
2018.Q2.G.01	SH_DYN_IMRTN	Infant deaths (number)	570	-169.8601693	-19.05000475	NIU	Niue	1	<1Y	BOTHSEX	NUMBER	under 1 year old	Both	Number	1	1	1	1	1	1	1	1	1	1	1	1	1	1	1	1	1	1	2016	1	Source: United Nations Inter-agency Group for Child Mortality Estimation (UN IGME), 2017. 	
2018.Q2.G.01	SH_DYN_IMRTN	Infant deaths (number)	574	167.9515548	-29.03230018	NFK	Norfolk Island	1	<1Y	BOTHSEX	NUMBER	under 1 year old	Both	Number																						
2018.Q2.G.01	SH_DYN_IMRTN	Infant deaths (number)	578	11.47846389	61.34311134	NOR	Norway	1	<1Y	BOTHSEX	NUMBER	under 1 year old	Both	Number	232	219	206	206	195	185	187	177	166	161	155	150	144	138	139	135	130	137.2	2016	130	Source: United Nations Inter-agency Group for Child Mortality Estimation (UN IGME), 2017. 	
2018.Q2.G.01	SH_DYN_IMRTN	Infant deaths (number)	580	145.7582114	15.19099517	MNP	Northern Mariana Islands	1	<1Y	BOTHSEX	NUMBER	under 1 year old	Both	Number																						
2018.Q2.G.01	SH_DYN_IMRTN	Infant deaths (number)	581	-162.4343752	5.874443968	UMI	US Minor Outlying Islands	1	<1Y	BOTHSEX	NUMBER	under 1 year old	Both	Number																						
2018.Q2.G.01	SH_DYN_IMRTN	Infant deaths (number)	583	158.225216	6.880670092	FSM	Micronesia, Federated States of	1	<1Y	BOTHSEX	NUMBER	under 1 year old	Both	Number	134	128	123	116	110	104	98	93	88	84	80	77	75	73	71	69	68	71.2	2016	68	Source: United Nations Inter-agency Group for Child Mortality Estimation (UN IGME), 2017. 	
2018.Q2.G.01	SH_DYN_IMRTN	Infant deaths (number)	584	171.0839119	7.110213497	MHL	Marshall Islands	1	<1Y	BOTHSEX	NUMBER	under 1 year old	Both	Number	70	69	67	66	65	63	61	59	57	55	53	51	48	45	42	39	36	42	2016	36	Source: United Nations Inter-agency Group for Child Mortality Estimation (UN IGME), 2017. 	
2018.Q2.G.01	SH_DYN_IMRTN	Infant deaths (number)	585	134.5733878	7.502307591	PLW	Palau	1	<1Y	BOTHSEX	NUMBER	under 1 year old	Both	Number	8	7	7	7	6	6	6	6	5	5	5	5	4	4	4	4	4	4	2016	4	Source: United Nations Inter-agency Group for Child Mortality Estimation (UN IGME), 2017. 	
2018.Q2.G.01	SH_DYN_IMRTN	Infant deaths (number)	586	68.80479684	29.36491634	PAK	Pakistan	1	<1Y	BOTHSEX	NUMBER	under 1 year old	Both	Number	384929	376742	370709	366252	364341	363975	364889	367027	369274	371117	371664	371109	368832	364863	358685	352468	345772	358124	2016	345772	Source: United Nations Inter-agency Group for Child Mortality Estimation (UN IGME), 2017. 	
2018.Q2.G.01	SH_DYN_IMRTN	Infant deaths (number)	591	-81.26616623	8.450965746	PAN	Panama	1	<1Y	BOTHSEX	NUMBER	under 1 year old	Both	Number	1546	1520	1493	1467	1441	1415	1390	1366	1334	1310	1284	1256	1226	1202	1167	1138	1108	1168.2	2016	1108	Source: United Nations Inter-agency Group for Child Mortality Estimation (UN IGME), 2017. 	
2018.Q2.G.01	SH_DYN_IMRTN	Infant deaths (number)	598	145.8587761	-6.756057077	PNG	Papua New Guinea	1	<1Y	BOTHSEX	NUMBER	under 1 year old	Both	Number	10695	10782	10852	10910	10959	10979	10949	10885	10766	10614	10471	10278	10102	9901	9743	9586	9362	9738.8	2016	9362	Source: United Nations Inter-agency Group for Child Mortality Estimation (UN IGME), 2017. 	
2018.Q2.G.01	SH_DYN_IMRTN	Infant deaths (number)	600	-60.54854225	-21.70216237	PRY	Paraguay	1	<1Y	BOTHSEX	NUMBER	under 1 year old	Both	Number	3971	3833	3684	3544	3415	3296	3199	3106	3026	2931	2834	2751	2668	2588	2524	2461	2385	2525.2	2016	2385	Source: United Nations Inter-agency Group for Child Mortality Estimation (UN IGME), 2017. 	
2018.Q2.G.01	SH_DYN_IMRTN	Infant deaths (number)	604	-71.82093277	-13.58939705	PER	Peru	1	<1Y	BOTHSEX	NUMBER	under 1 year old	Both	Number	18386	16971	15706	14587	13611	12716	11965	11296	10643	10122	9605	9146	8678	8320	7947	7623	7287	7971	2016	7287	Source: United Nations Inter-agency Group for Child Mortality Estimation (UN IGME), 2017. 	
2018.Q2.G.01	SH_DYN_IMRTN	Infant deaths (number)	608	120.8601418	14.16591706	PHL	Philippines	1	<1Y	BOTHSEX	NUMBER	under 1 year old	Both	Number	68618	68199	67582	66750	65711	64501	62943	61581	60247	58989	57829	56774	55803	54647	53514	52387	51249	53520	2016	51249	Source: United Nations Inter-agency Group for Child Mortality Estimation (UN IGME), 2017. 	
2018.Q2.G.01	SH_DYN_IMRTN	Infant deaths (number)	612	-128.3225873	-24.37538456	PCN	Pitcairn	1	<1Y	BOTHSEX	NUMBER	under 1 year old	Both	Number																						
2018.Q2.G.01	SH_DYN_IMRTN	Infant deaths (number)	616	19.40660158	52.1226733	POL	Poland	1	<1Y	BOTHSEX	NUMBER	under 1 year old	Both	Number	3108	2838	2686	2569	2478	2441	2412	2340	2295	2153	2074	1940	1797	1728	1619	1549	1444	1627.4	2016	1444	Source: United Nations Inter-agency Group for Child Mortality Estimation (UN IGME), 2017. 	
2018.Q2.G.01	SH_DYN_IMRTN	Infant deaths (number)	620	-7.961599811	39.68509315	PRT	Portugal	1	<1Y	BOTHSEX	NUMBER	under 1 year old	Both	Number	623	589	531	483	445	406	378	349	331	322	303	294	276	268	251	244	237	255.2	2016	237	Source: United Nations Inter-agency Group for Child Mortality Estimation (UN IGME), 2017. 	
2018.Q2.G.01	SH_DYN_IMRTN	Infant deaths (number)	624	-14.40182514	12.11760394	GNB	Guinea-Bissau	1	<1Y	BOTHSEX	NUMBER	under 1 year old	Both	Number	5302	5226	5150	5062	4971	4870	4769	4666	4558	4455	4344	4234	4133	4033	3942	3860	3784	3950.4	2016	3784	Source: United Nations Inter-agency Group for Child Mortality Estimation (UN IGME), 2017. 	
2018.Q2.G.01	SH_DYN_IMRTN	Infant deaths (number)	626	125.9451052	-8.797497247	TLS	Timor-Leste	1	<1Y	BOTHSEX	NUMBER	under 1 year old	Both	Number	3322	3141	2967	2820	2694	2589	2497	2417	2342	2272	2209	2140	2075	2017	1963	1911	1862	1965.6	2016	1862	Source: United Nations Inter-agency Group for Child Mortality Estimation (UN IGME), 2017. 	
2018.Q2.G.01	SH_DYN_IMRTN	Infant deaths (number)	630	-66.47591017	18.22753799	PRI	Puerto Rico	1	<1Y	BOTHSEX	NUMBER	under 1 year old	Both	Number																						
2018.Q2.G.01	SH_DYN_IMRTN	Infant deaths (number)	634	51.19152467	25.28355379	QAT	Qatar	1	<1Y	BOTHSEX	NUMBER	under 1 year old	Both	Number	125	125	125	125	125	127	130	133	138	144	150	157	164	170	177	183	185	175.8	2016	185	Source: United Nations Inter-agency Group for Child Mortality Estimation (UN IGME), 2017. 	
2018.Q2.G.01	SH_DYN_IMRTN	Infant deaths (number)	638	55.53171398	-21.13183266	REU	Réunion	1	<1Y	BOTHSEX	NUMBER	under 1 year old	Both	Number																						
2018.Q2.G.01	SH_DYN_IMRTN	Infant deaths (number)	642	24.98481009	45.83893563	ROU	Romania	1	<1Y	BOTHSEX	NUMBER	under 1 year old	Both	Number	4096	3882	3789	3708	3550	3287	2980	2666	2390	2173	2037	1919	1803	1691	1585	1505	1468	1610.4	2016	1468	Source: United Nations Inter-agency Group for Child Mortality Estimation (UN IGME), 2017. 	
2018.Q2.G.01	SH_DYN_IMRTN	Infant deaths (number)	643	99.01404926	61.61899849	RUS	Russian Federation	1	<1Y	BOTHSEX	NUMBER	under 1 year old	Both	Number	21854	21014	20259	19528	18631	17830	16982	16249	15801	15309	14916	14426	13999	13641	13172	12606	12146	13112.8	2016	12146	Source: United Nations Inter-agency Group for Child Mortality Estimation (UN IGME), 2017. 	
2018.Q2.G.01	SH_DYN_IMRTN	Infant deaths (number)	646	29.92310194	-1.999842114	RWA	Rwanda	1	<1Y	BOTHSEX	NUMBER	under 1 year old	Both	Number	34477	32992	31119	28920	26445	24145	21976	20049	18440	17073	15720	14320	13318	12472	11792	11173	10766	11904.2	2016	10766	Source: United Nations Inter-agency Group for Child Mortality Estimation (UN IGME), 2017. 	
2018.Q2.G.01	SH_DYN_IMRTN	Infant deaths (number)	652	-62.83173536	17.89513362	BLM	Saint Barthélemy	1	<1Y	BOTHSEX	NUMBER	under 1 year old	Both	Number																						
2018.Q2.G.01	SH_DYN_IMRTN	Infant deaths (number)	654	-5.705752501	-15.96503946	SHN	Saint Helena	1	<1Y	BOTHSEX	NUMBER	under 1 year old	Both	Number																						
2018.Q2.G.01	SH_DYN_IMRTN	Infant deaths (number)	659	-62.76628613	17.33994219	KNA	Saint Kitts and Nevis	1	<1Y	BOTHSEX	NUMBER	under 1 year old	Both	Number	16	15	14	13	12	12	11	10	10	9	9	8	8	8	7	7	7	7.4	2016	7	Source: United Nations Inter-agency Group for Child Mortality Estimation (UN IGME), 2017. 	
2018.Q2.G.01	SH_DYN_IMRTN	Infant deaths (number)	660	-63.05651612	18.21525315	AIA	Anguilla	1	<1Y	BOTHSEX	NUMBER	under 1 year old	Both	Number																						
2018.Q2.G.01	SH_DYN_IMRTN	Infant deaths (number)	662	-60.96529553	13.89405601	LCA	Saint Lucia	1	<1Y	BOTHSEX	NUMBER	under 1 year old	Both	Number	45	42	40	38	37	35	34	33	32	31	30	29	29	28	27	26	25	27	2016	25	Source: United Nations Inter-agency Group for Child Mortality Estimation (UN IGME), 2017. 	
2018.Q2.G.01	SH_DYN_IMRTN	Infant deaths (number)	663	-63.04505461	18.0882685	MAF	Saint Martin (French Part)	1	<1Y	BOTHSEX	NUMBER	under 1 year old	Both	Number																						
2018.Q2.G.01	SH_DYN_IMRTN	Infant deaths (number)	666	-56.33682442	46.85812735	SPM	Saint Pierre and Miquelon	1	<1Y	BOTHSEX	NUMBER	under 1 year old	Both	Number																						
2018.Q2.G.01	SH_DYN_IMRTN	Infant deaths (number)	670	-61.19024321	13.24627968	VCT	Saint Vincent and the Grenadines	1	<1Y	BOTHSEX	NUMBER	under 1 year old	Both	Number	42	41	41	40	39	39	38	38	37	36	35	34	32	30	29	27	26	28.8	2016	26	Source: United Nations Inter-agency Group for Child Mortality Estimation (UN IGME), 2017. 	
2018.Q2.G.01	SH_DYN_IMRTN	Infant deaths (number)	674	12.46329038	43.93841766	SMR	San Marino	1	<1Y	BOTHSEX	NUMBER	under 1 year old	Both	Number	1	1	1	1	1	1	1	1	1	1	1	1	1	1	1	1	1	1	2016	1	Source: United Nations Inter-agency Group for Child Mortality Estimation (UN IGME), 2017. 	
2018.Q2.G.01	SH_DYN_IMRTN	Infant deaths (number)	678	6.609772265	0.241554875	STP	Sao Tome and Principe	1	<1Y	BOTHSEX	NUMBER	under 1 year old	Both	Number	301	292	283	272	263	253	244	236	228	220	212	205	198	192	186	181	176	186.6	2016	176	Source: United Nations Inter-agency Group for Child Mortality Estimation (UN IGME), 2017. 	
2018.Q2.G.01	SH_DYN_IMRTN	Infant deaths (number)	682	44.54763347	24.12594211	SAU	Saudi Arabia	1	<1Y	BOTHSEX	NUMBER	under 1 year old	Both	Number	10370	9961	9583	9336	9098	8976	8907	8769	8557	8388	8145	7952	7757	7562	7366	7103	6953	7348.2	2016	6953	Source: United Nations Inter-agency Group for Child Mortality Estimation (UN IGME), 2017. 	
2018.Q2.G.01	SH_DYN_IMRTN	Infant deaths (number)	686	-14.46636926	14.35920905	SEN	Senegal	1	<1Y	BOTHSEX	NUMBER	under 1 year old	Both	Number	26513	26056	25451	24767	24031	23361	22712	22165	21713	21258	20886	20441	20020	19574	19110	18637	18221	19112.4	2016	18221	Source: United Nations Inter-agency Group for Child Mortality Estimation (UN IGME), 2017. 	
2018.Q2.G.01	SH_DYN_IMRTN	Infant deaths (number)	688	20.805876	44.03145697	SRB	Serbia	1	<1Y	BOTHSEX	NUMBER	under 1 year old	Both	Number	1305	1242	1144	1017	896	812	753	708	696	667	640	615	592	569	547	507	476	538.2	2016	476	Source: United Nations Inter-agency Group for Child Mortality Estimation (UN IGME), 2017. 	
2018.Q2.G.01	SH_DYN_IMRTN	Infant deaths (number)	690	55.46561591	-4.678053059	SYC	Seychelles	1	<1Y	BOTHSEX	NUMBER	under 1 year old	Both	Number	18	19	19	19	20	20	21	21	21	21	21	21	21	21	20	20	19	20.2	2016	19	Source: United Nations Inter-agency Group for Child Mortality Estimation (UN IGME), 2017. 	
2018.Q2.G.01	SH_DYN_IMRTN	Infant deaths (number)	694	-11.78306584	8.568604164	SLE	Sierra Leone	1	<1Y	BOTHSEX	NUMBER	under 1 year old	Both	Number	29472	29608	29767	29919	30018	30021	29791	29352	28676	27772	26733	25617	24510	23497	22620	21888	21250	22753	2016	21250	Source: United Nations Inter-agency Group for Child Mortality Estimation (UN IGME), 2017. 	
2018.Q2.G.01	SH_DYN_IMRTN	Infant deaths (number)	702	103.8107883	1.361009155	SGP	Singapore	1	<1Y	BOTHSEX	NUMBER	under 1 year old	Both	Number	151	138	130	119	109	109	109	110	106	106	107	108	108	103	104	104	109	105.6	2016	109	Source: United Nations Inter-agency Group for Child Mortality Estimation (UN IGME), 2017. 	
2018.Q2.G.01	SH_DYN_IMRTN	Infant deaths (number)	703	19.48495604	48.70741446	SVK	Slovakia	1	<1Y	BOTHSEX	NUMBER	under 1 year old	Both	Number	445	414	399	383	374	362	351	351	339	338	329	319	314	303	297	285	278	295.4	2016	278	Source: United Nations Inter-agency Group for Child Mortality Estimation (UN IGME), 2017. 	
2018.Q2.G.01	SH_DYN_IMRTN	Infant deaths (number)	704	105.802499	10.09643079	VNM	Viet Nam	1	<1Y	BOTHSEX	NUMBER	under 1 year old	Both	Number	33482	31795	30481	29559	28803	28582	28439	28338	28393	28573	28541	28574	28507	28348	28101	27777	27239	27994.4	2016	27239	Source: United Nations Inter-agency Group for Child Mortality Estimation (UN IGME), 2017. 	
2018.Q2.G.01	SH_DYN_IMRTN	Infant deaths (number)	705	14.82209486	46.11958061	SVN	Slovenia	1	<1Y	BOTHSEX	NUMBER	under 1 year old	Both	Number	81	75	72	69	65	63	63	61	59	58	55	51	50	48	43	41	38	44	2016	38	Source: United Nations Inter-agency Group for Child Mortality Estimation (UN IGME), 2017. 	
2018.Q2.G.01	SH_DYN_IMRTN	Infant deaths (number)	706	46.20367477	4.406485729	SOM	Somalia	1	<1Y	BOTHSEX	NUMBER	under 1 year old	Both	Number	44988	45883	46821	47816	48875	49994	50964	51706	51983	51809	51691	51418	51166	50887	50642	50489	50184	50673.6	2016	50184	Source: United Nations Inter-agency Group for Child Mortality Estimation (UN IGME), 2017. 	
2018.Q2.G.01	SH_DYN_IMRTN	Infant deaths (number)	710	24.67184355	-29.99957544	ZAF	South Africa	1	<1Y	BOTHSEX	NUMBER	under 1 year old	Both	Number	50977	52215	53680	54813	55277	55066	53618	51041	49944	46304	43096	43080	43354	42525	41641	41519	39937	41795.2	2016	39937	Source: United Nations Inter-agency Group for Child Mortality Estimation (UN IGME), 2017. 	
2018.Q2.G.01	SH_DYN_IMRTN	Infant deaths (number)	716	29.86909584	-19.00075492	ZWE	Zimbabwe	1	<1Y	BOTHSEX	NUMBER	under 1 year old	Both	Number	24323	24722	25277	25862	26686	27533	28445	29181	29558	29619	29007	28061	26337	25082	23479	22300	21255	23690.6	2016	21255	Source: United Nations Inter-agency Group for Child Mortality Estimation (UN IGME), 2017. 	
2018.Q2.G.01	SH_DYN_IMRTN	Infant deaths (number)	724	-3.554078296	40.39211472	ESP	Spain	1	<1Y	BOTHSEX	NUMBER	under 1 year old	Both	Number	1709	1757	1771	1743	1798	1755	1744	1718	1629	1574	1460	1386	1353	1276	1202	1174	1109	1222.8	2016	1109	Source: United Nations Inter-agency Group for Child Mortality Estimation (UN IGME), 2017. 	
2018.Q2.G.01	SH_DYN_IMRTN	Infant deaths (number)	728	30.32618773	7.290839152	SSD	South Sudan	1	<1Y	BOTHSEX	NUMBER	under 1 year old	Both	Number	30718	30110	29609	29102	28625	28228	27773	27458	27183	26985	26790	26639	26420	26216	25948	25786	25525	25979	2016	25525	Source: United Nations Inter-agency Group for Child Mortality Estimation (UN IGME), 2017. 	
2018.Q2.G.01	SH_DYN_IMRTN	Infant deaths (number)	732	-13.13515523	24.66265342	ESH	Western Sahara	1	<1Y	BOTHSEX	NUMBER	under 1 year old	Both	Number																						
2018.Q2.G.01	SH_DYN_IMRTN	Infant deaths (number)	736	29.95650159	16.02643066	SDN	Sudan	1	<1Y	BOTHSEX	NUMBER	under 1 year old	Both	Number																						
2018.Q2.G.01	SH_DYN_IMRTN	Infant deaths (number)	740	-55.90626394	4.132603197	SUR	Suriname	1	<1Y	BOTHSEX	NUMBER	under 1 year old	Both	Number	322	310	297	286	275	264	254	245	237	228	220	214	207	200	194	187	181	193.8	2016	181	Source: United Nations Inter-agency Group for Child Mortality Estimation (UN IGME), 2017. 	
2018.Q2.G.01	SH_DYN_IMRTN	Infant deaths (number)	744	13.38071013	78.82894131	SJM	Svalbard and Jan Mayen Islands	1	<1Y	BOTHSEX	NUMBER	under 1 year old	Both	Number																						
2018.Q2.G.01	SH_DYN_IMRTN	Infant deaths (number)	748	31.50149288	-26.56471011	SWZ	Swaziland	1	<1Y	BOTHSEX	NUMBER	under 1 year old	Both	Number	2604	2666	2717	2762	2777	2775	2577	2579	2597	2502	2418	2221	2224	2174	2075	2028	2010	2102.2	2016	2010	Source: United Nations Inter-agency Group for Child Mortality Estimation (UN IGME), 2017. 	
2018.Q2.G.01	SH_DYN_IMRTN	Infant deaths (number)	752	14.3775338	60.60103109	SWE	Sweden	1	<1Y	BOTHSEX	NUMBER	under 1 year old	Both	Number	311	313	310	308	306	305	302	288	282	287	280	283	285	277	280	283	286	282.2	2016	286	Source: United Nations Inter-agency Group for Child Mortality Estimation (UN IGME), 2017. 	
2018.Q2.G.01	SH_DYN_IMRTN	Infant deaths (number)	756	8.223158	46.96617097	CHE	Switzerland	1	<1Y	BOTHSEX	NUMBER	under 1 year old	Both	Number	361	347	335	332	324	317	313	309	306	311	309	314	311	317	313	309	312	312.4	2016	312	Source: United Nations Inter-agency Group for Child Mortality Estimation (UN IGME), 2017. 	
2018.Q2.G.01	SH_DYN_IMRTN	Infant deaths (number)	760	38.50466565	35.01676176	SYR	Syrian Arab Republic (Syria)	1	<1Y	BOTHSEX	NUMBER	under 1 year old	Both	Number	10097	9784	9462	9190	8864	8633	8325	8035	7757	7487	7326	7159	7085	6814	6520	6183	5921	6504.6	2016	5921	Source: United Nations Inter-agency Group for Child Mortality Estimation (UN IGME), 2017. 	
2018.Q2.G.01	SH_DYN_IMRTN	Infant deaths (number)	762	69.294998	38.43069666	TJK	Tajikistan	1	<1Y	BOTHSEX	NUMBER	under 1 year old	Both	Number	13835	12867	11994	11285	10728	10364	10143	10046	10010	10041	10039	10039	9965	9867	9695	9500	9261	9657.6	2016	9261	Source: United Nations Inter-agency Group for Child Mortality Estimation (UN IGME), 2017. 	
2018.Q2.G.01	SH_DYN_IMRTN	Infant deaths (number)	764	101.0202951	15.13089239	THA	Thailand	1	<1Y	BOTHSEX	NUMBER	under 1 year old	Both	Number	18004	16937	15926	14969	14059	13193	12531	11892	11268	10735	10203	9747	9286	8822	8359	7902	7526	8379	2016	7526	Source: United Nations Inter-agency Group for Child Mortality Estimation (UN IGME), 2017. 	
2018.Q2.G.01	SH_DYN_IMRTN	Infant deaths (number)	768	0.97835765	8.532096072	TGO	Togo	1	<1Y	BOTHSEX	NUMBER	under 1 year old	Both	Number	14354	14452	14514	14569	14587	14563	14518	14432	14336	14210	14059	13884	13737	13550	13350	13166	12951	13350.8	2016	12951	Source: United Nations Inter-agency Group for Child Mortality Estimation (UN IGME), 2017. 	
2018.Q2.G.01	SH_DYN_IMRTN	Infant deaths (number)	772	-171.8154473	-9.214545558	TKL	Tokelau	1	<1Y	BOTHSEX	NUMBER	under 1 year old	Both	Number																						
2018.Q2.G.01	SH_DYN_IMRTN	Infant deaths (number)	776	-175.1959991	-21.19511329	TON	Tonga	1	<1Y	BOTHSEX	NUMBER	under 1 year old	Both	Number	41	41	41	40	41	41	41	42	42	42	42	42	41	40	39	38	36	38.8	2016	36	Source: United Nations Inter-agency Group for Child Mortality Estimation (UN IGME), 2017. 	
2018.Q2.G.01	SH_DYN_IMRTN	Infant deaths (number)	780	-61.29389504	10.41877263	TTO	Trinidad and Tobago	1	<1Y	BOTHSEX	NUMBER	under 1 year old	Both	Number	453	452	450	449	444	440	435	427	421	412	401	389	375	359	344	324	308	342	2016	308	Source: United Nations Inter-agency Group for Child Mortality Estimation (UN IGME), 2017. 	
2018.Q2.G.01	SH_DYN_IMRTN	Infant deaths (number)	784	53.98279159	23.43322219	ARE	United Arab Emirates	1	<1Y	BOTHSEX	NUMBER	under 1 year old	Both	Number	503	506	519	537	552	574	596	617	635	639	645	644	646	641	630	616	599	626.4	2016	599	Source: United Nations Inter-agency Group for Child Mortality Estimation (UN IGME), 2017. 	
2018.Q2.G.01	SH_DYN_IMRTN	Infant deaths (number)	788	9.572737411	34.11439971	TUN	Tunisia	1	<1Y	BOTHSEX	NUMBER	under 1 year old	Both	Number	4424	4101	3836	3593	3404	3252	3120	3024	2957	2895	2845	2800	2755	2706	2612	2537	2442	2610.4	2016	2442	Source: United Nations Inter-agency Group for Child Mortality Estimation (UN IGME), 2017. 	
2018.Q2.G.01	SH_DYN_IMRTN	Infant deaths (number)	792	35.42890329	38.9899684	TUR	Turkey	1	<1Y	BOTHSEX	NUMBER	under 1 year old	Both	Number	43573	40619	37922	35244	32743	30426	28295	26345	24566	22817	21351	19898	18581	17393	16200	15129	14053	16271.2	2016	14053	Source: United Nations Inter-agency Group for Child Mortality Estimation (UN IGME), 2017. 	
2018.Q2.G.01	SH_DYN_IMRTN	Infant deaths (number)	795	58.9787665	40.0912346	TKM	Turkmenistan	1	<1Y	BOTHSEX	NUMBER	under 1 year old	Both	Number	7129	6924	6759	6627	6490	6407	6341	6326	6372	6454	6549	6628	6660	6656	6564	6401	6192	6494.6	2016	6192	Source: United Nations Inter-agency Group for Child Mortality Estimation (UN IGME), 2017. 	
2018.Q2.G.01	SH_DYN_IMRTN	Infant deaths (number)	796	-71.745121	21.80780585	TCA	Turks and Caicos Islands	1	<1Y	BOTHSEX	NUMBER	under 1 year old	Both	Number																						
2018.Q2.G.01	SH_DYN_IMRTN	Infant deaths (number)	798	178.6679611	-7.460048071	TUV	Tuvalu	1	<1Y	BOTHSEX	NUMBER	under 1 year old	Both	Number	9	9	8	8	8	7	7	7	6	6	6	6	6	5	5	5	5	5.2	2016	5	Source: United Nations Inter-agency Group for Child Mortality Estimation (UN IGME), 2017. 	
2018.Q2.G.01	SH_DYN_IMRTN	Infant deaths (number)	800	32.39100438	1.279557331	UGA	Uganda	1	<1Y	BOTHSEX	NUMBER	under 1 year old	Both	Number	116498	115111	112452	108505	103670	98537	93366	88459	84444	81857	79323	76268	73311	70796	67613	66093	64964	68555.4	2016	64964	Source: United Nations Inter-agency Group for Child Mortality Estimation (UN IGME), 2017. 	
2018.Q2.G.01	SH_DYN_IMRTN	Infant deaths (number)	804	31.40270802	49.00735945	UKR	Ukraine	1	<1Y	BOTHSEX	NUMBER	under 1 year old	Both	Number	6392	6014	5734	5569	5415	5373	5337	5329	5244	5115	4940	4723	4525	4308	4081	3897	3708	4103.8	2016	3708	Source: United Nations Inter-agency Group for Child Mortality Estimation (UN IGME), 2017. 	
2018.Q2.G.01	SH_DYN_IMRTN	Infant deaths (number)	807	21.7007909	41.60048068	MKD	Macedonia, Republic of	1	<1Y	BOTHSEX	NUMBER	under 1 year old	Both	Number	377	349	329	315	307	291	272	254	235	220	211	207	210	221	236	246	251	232.8	2016	251	Source: United Nations Inter-agency Group for Child Mortality Estimation (UN IGME), 2017. 	
2018.Q2.G.01	SH_DYN_IMRTN	Infant deaths (number)	818	29.77468534	26.57438204	EGY	Egypt	1	<1Y	BOTHSEX	NUMBER	under 1 year old	Both	Number	65311	63001	60706	58905	57236	55975	55094	54515	54229	54349	54486	54635	54359	53523	52592	50866	48957	52059.4	2016	48957	Source: United Nations Inter-agency Group for Child Mortality Estimation (UN IGME), 2017. 	
2018.Q2.G.01	SH_DYN_IMRTN	Infant deaths (number)	826	-2.23830539	53.27691757	GBR	United Kingdom	1	<1Y	BOTHSEX	NUMBER	under 1 year old	Both	Number	3850	3738	3723	3739	3718	3649	3664	3680	3685	3594	3480	3348	3282	3129	3054	2977	2980	3084.4	2016	2980	Source: United Nations Inter-agency Group for Child Mortality Estimation (UN IGME), 2017. 	
2018.Q2.G.01	SH_DYN_IMRTN	Infant deaths (number)	831	-2.200712402	49.71561166	GGY	Guernsey	1	<1Y	BOTHSEX	NUMBER	under 1 year old	Both	Number																						
2018.Q2.G.01	SH_DYN_IMRTN	Infant deaths (number)	832	-2.136773508	49.22353354	JEY	Jersey	1	<1Y	BOTHSEX	NUMBER	under 1 year old	Both	Number																						
2018.Q2.G.01	SH_DYN_IMRTN	Infant deaths (number)	833	-4.538190305	54.22880901	IMN	Isle of Man	1	<1Y	BOTHSEX	NUMBER	under 1 year old	Both	Number																						
2018.Q2.G.01	SH_DYN_IMRTN	Infant deaths (number)	834	34.80521182	-6.265332606	TZA	Tanzania, United Republic of	1	<1Y	BOTHSEX	NUMBER	under 1 year old	Both	Number	113855	110123	106349	102781	99862	97269	95664	93542	91765	90920	88682	87881	86900	86394	85822	85204	84339	85731.8	2016	84339	Source: United Nations Inter-agency Group for Child Mortality Estimation (UN IGME), 2017. 	
2018.Q2.G.01	SH_DYN_IMRTN	Infant deaths (number)	840	-99.13830311	39.5277871	USA	United States of America	1	<1Y	BOTHSEX	NUMBER	under 1 year old	Both	Number	28054	27840	27671	27921	28162	27952	27660	27263	26767	26189	25154	24525	23941	23438	23033	22726	22500	23127.6	2016	22500	Source: United Nations Inter-agency Group for Child Mortality Estimation (UN IGME), 2017. 	
2018.Q2.G.01	SH_DYN_IMRTN	Infant deaths (number)	850	-64.76960113	17.73297693	VIR	United States Virgin Islands	1	<1Y	BOTHSEX	NUMBER	under 1 year old	Both	Number																						
2018.Q2.G.01	SH_DYN_IMRTN	Infant deaths (number)	854	-1.742843829	12.27491081	BFA	Burkina Faso	1	<1Y	BOTHSEX	NUMBER	under 1 year old	Both	Number	47987	48418	48713	48804	48557	47947	47181	46187	45146	44063	42951	41824	40696	39786	38974	38270	37679	39081	2016	37679	Source: United Nations Inter-agency Group for Child Mortality Estimation (UN IGME), 2017. 	
2018.Q2.G.01	SH_DYN_IMRTN	Infant deaths (number)	858	-56.01387025	-32.8002838	URY	Uruguay	1	<1Y	BOTHSEX	NUMBER	under 1 year old	Both	Number	804	775	752	723	691	648	606	561	516	482	454	436	419	407	395	389	382	398.4	2016	382	Source: United Nations Inter-agency Group for Child Mortality Estimation (UN IGME), 2017. 	
2018.Q2.G.01	SH_DYN_IMRTN	Infant deaths (number)	860	63.11944558	41.77560518	UZB	Uzbekistan	1	<1Y	BOTHSEX	NUMBER	under 1 year old	Both	Number	29779	28091	26624	25455	24475	23733	23099	22487	21819	21041	20194	19276	18243	17253	16192	15136	14095	16183.8	2016	14095	Source: United Nations Inter-agency Group for Child Mortality Estimation (UN IGME), 2017. 	
2018.Q2.G.01	SH_DYN_IMRTN	Infant deaths (number)	862	-66.15642084	7.121324748	VEN	Venezuela (Bolivarian Republic)	1	<1Y	BOTHSEX	NUMBER	under 1 year old	Both	Number	10725	10418	10170	9921	9669	9414	9155	8949	8858	8821	8839	8850	8856	8795	8728	8596	8400	8675	2016	8400	Source: United Nations Inter-agency Group for Child Mortality Estimation (UN IGME), 2017. 	
2018.Q2.G.01	SH_DYN_IMRTN	Infant deaths (number)	876	-176.2034788	-13.28471201	WLF	Wallis and Futuna Islands	1	<1Y	BOTHSEX	NUMBER	under 1 year old	Both	Number																						
2018.Q2.G.01	SH_DYN_IMRTN	Infant deaths (number)	882	-172.4430749	-13.61541469	WSM	Samoa	1	<1Y	BOTHSEX	NUMBER	under 1 year old	Both	Number	100	96	93	91	90	88	87	87	86	91	84	83	81	79	77	74	71	76.4	2016	71	Source: United Nations Inter-agency Group for Child Mortality Estimation (UN IGME), 2017. 	
2018.Q2.G.01	SH_DYN_IMRTN	Infant deaths (number)	887	45.22389143	15.22242099	YEM	Yemen	1	<1Y	BOTHSEX	NUMBER	under 1 year old	Both	Number	47919	46306	44740	43248	41882	40493	39160	37885	36738	35789	35272	35432	35870	36333	36730	37056	37312	36660.2	2016	37312	Source: United Nations Inter-agency Group for Child Mortality Estimation (UN IGME), 2017. 	
2018.Q2.G.01	SH_DYN_IMRTN	Infant deaths (number)	894	27.850329	-14.59701056	ZMB	Zambia	1	<1Y	BOTHSEX	NUMBER	under 1 year old	Both	Number	43954	42793	40857	38655	36288	34028	32628	32200	31156	30310	29562	29427	28903	28845	28314	27284	27270	28123.2	2016	27270	Source: United Nations Inter-agency Group for Child Mortality Estimation (UN IGME), 2017. 	
