series.release	series.code	series.description	geoAreaCode	X	Y	ISO3CD	geoAreaName	sliceId	Units	Units description	latest.year	latest.value	latest.source	latest.nature	Age	Sex	Age description	Sex description	2000	2001	2002	2003	2004	2005	2006	2007	2008	2009	2010	2011	2012	2013	2014	2015	2016	last.5.years.mean	Location	Location description
2018.Q2.G.01	SH_DYN_NMRTN	Neonatal deaths (number)	4	66.02688198	33.83160199	AFG	Afghanistan	1	NUMBER	Number	2016	45889	Source: United Nations Inter-agency Group for Child Mortality Estimation (UN IGME), 2017. 		<1M	BOTHSEX	under 1 month old	Both	60864	61385	61688	61799	61605	61178	60372	59296	57979	56355	54723	52931	51274	49680	48278	46948	45889	49822.2		
2018.Q2.G.01	SH_DYN_NMRTN	Neonatal deaths (number)	8	20.06660928	41.13897007	ALB	Albania	1	NUMBER	Number	2016	214	Source: United Nations Inter-agency Group for Child Mortality Estimation (UN IGME), 2017. 		<1M	BOTHSEX	under 1 month old	Both	577	533	491	449	410	375	345	319	301	282	270	262	251	241	234	226	214	242.8		
2018.Q2.G.01	SH_DYN_NMRTN	Neonatal deaths (number)	10	21.47585697	-80.40897662	ATA	Antarctica	1	NUMBER	Number					<1M	BOTHSEX	under 1 month old	Both																				
2018.Q2.G.01	SH_DYN_NMRTN	Neonatal deaths (number)	12	2.678164227	28.15940032	DZA	Algeria	1	NUMBER	Number	2016	14595	Source: United Nations Inter-agency Group for Child Mortality Estimation (UN IGME), 2017. 		<1M	BOTHSEX	under 1 month old	Both	12813	12734	12733	12847	13041	13420	13812	14231	14534	14920	15094	15193	15222	15287	15112	14904	14595	15143.6		
2018.Q2.G.01	SH_DYN_NMRTN	Neonatal deaths (number)	16	-170.7187269	-14.30587306	ASM	American Samoa	1	NUMBER	Number					<1M	BOTHSEX	under 1 month old	Both																				
2018.Q2.G.01	SH_DYN_NMRTN	Neonatal deaths (number)	20	1.576257417	42.54548611	AND	Andorra	1	NUMBER	Number	2016	1	Source: United Nations Inter-agency Group for Child Mortality Estimation (UN IGME), 2017. 		<1M	BOTHSEX	under 1 month old	Both	1	1	1	1	1	1	1	1	1	1	1	1	1	1	1	1	1	1		
2018.Q2.G.01	SH_DYN_NMRTN	Neonatal deaths (number)	24	17.57817062	-12.33724746	AGO	Angola	1	NUMBER	Number	2016	35332	Source: United Nations Inter-agency Group for Child Mortality Estimation (UN IGME), 2017. 		<1M	BOTHSEX	under 1 month old	Both	41901	42050	42220	42128	42005	41636	41174	40699	40010	39412	38714	38038	37410	36737	36141	35748	35332	36814.8		
2018.Q2.G.01	SH_DYN_NMRTN	Neonatal deaths (number)	28	-61.7999755	17.07761471	ATG	Antigua and Barbuda	1	NUMBER	Number	2016	6	Source: United Nations Inter-agency Group for Child Mortality Estimation (UN IGME), 2017. 		<1M	BOTHSEX	under 1 month old	Both	17	17	16	15	14	13	12	11	10	10	9	8	8	7	7	6	6	7.2		
2018.Q2.G.01	SH_DYN_NMRTN	Neonatal deaths (number)	31	50.01064725	40.39229544	AZE	Azerbaijan	1	NUMBER	Number	2016	3128	Source: United Nations Inter-agency Group for Child Mortality Estimation (UN IGME), 2017. 		<1M	BOTHSEX	under 1 month old	Both	4846	4537	4278	4056	3879	3749	3668	3614	3607	3604	3603	3609	3578	3505	3408	3274	3128	3474.8		
2018.Q2.G.01	SH_DYN_NMRTN	Neonatal deaths (number)	32	-65.14563274	-35.19446255	ARG	Argentina	1	NUMBER	Number	2016	4666	Source: United Nations Inter-agency Group for Child Mortality Estimation (UN IGME), 2017. 		<1M	BOTHSEX	under 1 month old	Both	8062	7961	7786	7460	7125	6781	6433	6156	6026	5822	5692	5633	5570	5502	5278	4974	4666	5391.4		
2018.Q2.G.01	SH_DYN_NMRTN	Neonatal deaths (number)	36	134.3499412	-25.57717202	AUS	Australia	1	NUMBER	Number	2016	687	Source: United Nations Inter-agency Group for Child Mortality Estimation (UN IGME), 2017. 		<1M	BOTHSEX	under 1 month old	Both	867	871	856	872	867	892	889	884	874	860	841	788	763	737	741	714	687	748.6		
2018.Q2.G.01	SH_DYN_NMRTN	Neonatal deaths (number)	40	14.14172472	47.58704857	AUT	Austria	1	NUMBER	Number	2016	185	Source: United Nations Inter-agency Group for Child Mortality Estimation (UN IGME), 2017. 		<1M	BOTHSEX	under 1 month old	Both	249	246	236	234	225	216	216	209	202	203	197	198	193	187	189	183	185	190		
2018.Q2.G.01	SH_DYN_NMRTN	Neonatal deaths (number)	44	-78.05111663	24.69546597	BHS	Bahamas	1	NUMBER	Number	2016	32	Source: United Nations Inter-agency Group for Child Mortality Estimation (UN IGME), 2017. 		<1M	BOTHSEX	under 1 month old	Both	45	44	43	43	43	44	45	45	44	43	42	40	38	37	35	33	32	36.6		
2018.Q2.G.01	SH_DYN_NMRTN	Neonatal deaths (number)	48	50.5490754	26.04407747	BHR	Bahrain	1	NUMBER	Number	2016	67	Source: United Nations Inter-agency Group for Child Mortality Estimation (UN IGME), 2017. 		<1M	BOTHSEX	under 1 month old	Both	74	70	67	64	63	62	62	60	60	60	61	63	64	65	66	67	67	65		
2018.Q2.G.01	SH_DYN_NMRTN	Neonatal deaths (number)	50	89.17660788	22.86961622	BGD	Bangladesh	1	NUMBER	Number	2016	62065	Source: United Nations Inter-agency Group for Child Mortality Estimation (UN IGME), 2017. 		<1M	BOTHSEX	under 1 month old	Both	154529	147765	141157	134384	127508	120613	114136	107481	101058	94893	88992	83336	78186	73486	69201	65611	62065	73964		
2018.Q2.G.01	SH_DYN_NMRTN	Neonatal deaths (number)	51	44.93839317	40.29499741	ARM	Armenia	1	NUMBER	Number	2016	290	Source: United Nations Inter-agency Group for Child Mortality Estimation (UN IGME), 2017. 		<1M	BOTHSEX	under 1 month old	Both	630	604	587	569	557	542	525	506	483	462	438	411	384	360	333	309	290	359.4		
2018.Q2.G.01	SH_DYN_NMRTN	Neonatal deaths (number)	52	-59.5346489	13.13648273	BRB	Barbados	1	NUMBER	Number	2016	27	Source: United Nations Inter-agency Group for Child Mortality Estimation (UN IGME), 2017. 		<1M	BOTHSEX	under 1 month old	Both	33	33	33	34	34	34	34	34	33	33	32	31	30	29	28	28	27	29.2		
2018.Q2.G.01	SH_DYN_NMRTN	Neonatal deaths (number)	56	4.660976456	50.64104975	BEL	Belgium	1	NUMBER	Number	2016	285	Source: United Nations Inter-agency Group for Child Mortality Estimation (UN IGME), 2017. 		<1M	BOTHSEX	under 1 month old	Both	342	332	323	315	319	312	317	309	312	302	291	292	293	294	295	284	285	291.6		
2018.Q2.G.01	SH_DYN_NMRTN	Neonatal deaths (number)	60	-64.78155012	32.27881922	BMU	Bermuda	1	NUMBER	Number					<1M	BOTHSEX	under 1 month old	Both																				
2018.Q2.G.01	SH_DYN_NMRTN	Neonatal deaths (number)	64	90.45098484	27.39598568	BTN	Bhutan	1	NUMBER	Number	2016	262	Source: United Nations Inter-agency Group for Child Mortality Estimation (UN IGME), 2017. 		<1M	BOTHSEX	under 1 month old	Both	512	488	465	446	429	412	397	382	366	350	334	317	303	291	280	270	262	292.2		
2018.Q2.G.01	SH_DYN_NMRTN	Neonatal deaths (number)	68	-64.66224284	-16.71273412	BOL	Bolivia (Plurinational State of)	1	NUMBER	Number	2016	4813	Source: United Nations Inter-agency Group for Child Mortality Estimation (UN IGME), 2017. 		<1M	BOTHSEX	under 1 month old	Both	7782	7555	7321	7160	6996	6829	6634	6410	6161	5912	5692	5503	5345	5192	5045	4928	4813	5202.6		
2018.Q2.G.01	SH_DYN_NMRTN	Neonatal deaths (number)	70	17.78584332	44.16845548	BIH	Bosnia and Herzegovina	1	NUMBER	Number	2016	153	Source: United Nations Inter-agency Group for Child Mortality Estimation (UN IGME), 2017. 		<1M	BOTHSEX	under 1 month old	Both	265	244	225	214	205	199	194	187	179	175	170	165	159	158	154	153	153	157.8		
2018.Q2.G.01	SH_DYN_NMRTN	Neonatal deaths (number)	72	23.81380223	-22.18810073	BWA	Botswana	1	NUMBER	Number	2016	1357	Source: United Nations Inter-agency Group for Child Mortality Estimation (UN IGME), 2017. 		<1M	BOTHSEX	under 1 month old	Both	1243	1264	1295	1323	1364	1404	1436	1458	1474	1483	1487	1483	1470	1451	1427	1397	1357	1445.6		
2018.Q2.G.01	SH_DYN_NMRTN	Neonatal deaths (number)	74	3.410732868	-54.43295905	BVT	Bouvet Island	1	NUMBER	Number					<1M	BOTHSEX	under 1 month old	Both																				
2018.Q2.G.01	SH_DYN_NMRTN	Neonatal deaths (number)	76	-53.08432878	-10.77668561	BRA	Brazil	1	NUMBER	Number	2016	22932	Source: United Nations Inter-agency Group for Child Mortality Estimation (UN IGME), 2017. 		<1M	BOTHSEX	under 1 month old	Both	60516	56790	53049	49703	46118	43009	40392	37940	35644	33485	31738	30060	28409	27061	25400	24321	22932	27050.2		
2018.Q2.G.01	SH_DYN_NMRTN	Neonatal deaths (number)	84	-88.70199554	17.19965901	BLZ	Belize	1	NUMBER	Number	2016	85	Source: United Nations Inter-agency Group for Child Mortality Estimation (UN IGME), 2017. 		<1M	BOTHSEX	under 1 month old	Both	106	105	103	102	100	99	97	96	95	95	94	93	92	91	90	87	85	90.6		
2018.Q2.G.01	SH_DYN_NMRTN	Neonatal deaths (number)	86	72.38715553	-7.299281071	IOT	British Indian Ocean Territory	1	NUMBER	Number					<1M	BOTHSEX	under 1 month old	Both																				
2018.Q2.G.01	SH_DYN_NMRTN	Neonatal deaths (number)	90	160.1584117	-9.622391719	SLB	Solomon Islands	1	NUMBER	Number	2016	179	Source: United Nations Inter-agency Group for Child Mortality Estimation (UN IGME), 2017. 		<1M	BOTHSEX	under 1 month old	Both	181	182	184	186	189	190	194	194	195	194	194	192	191	189	186	184	179	188.4		
2018.Q2.G.01	SH_DYN_NMRTN	Neonatal deaths (number)	92	-64.63294223	18.42256578	VGB	British Virgin Islands	1	NUMBER	Number					<1M	BOTHSEX	under 1 month old	Both																				
2018.Q2.G.01	SH_DYN_NMRTN	Neonatal deaths (number)	96	114.6288563	4.49736984	BRN	Brunei Darussalam	1	NUMBER	Number	2016	30	Source: United Nations Inter-agency Group for Child Mortality Estimation (UN IGME), 2017. 		<1M	BOTHSEX	under 1 month old	Both	36	35	34	33	32	32	32	31	30	31	30	30	30	29	30	30	30	29.8		
2018.Q2.G.01	SH_DYN_NMRTN	Neonatal deaths (number)	100	25.23763153	42.75731323	BGR	Bulgaria	1	NUMBER	Number	2016	252	Source: United Nations Inter-agency Group for Child Mortality Estimation (UN IGME), 2017. 		<1M	BOTHSEX	under 1 month old	Both	515	497	477	458	440	420	398	380	374	374	364	345	327	309	291	274	252	309.2		
2018.Q2.G.01	SH_DYN_NMRTN	Neonatal deaths (number)	104	96.51752295	21.19332882	MMR	Myanmar	1	NUMBER	Number	2016	23062	Source: United Nations Inter-agency Group for Child Mortality Estimation (UN IGME), 2017. 		<1M	BOTHSEX	under 1 month old	Both	42713	41974	40916	39641	38161	36619	34952	33242	31980	30060	28661	27387	26323	25358	24486	23694	23062	25449.6		
2018.Q2.G.01	SH_DYN_NMRTN	Neonatal deaths (number)	108	29.89080992	-3.366387428	BDI	Burundi	1	NUMBER	Number	2016	10797	Source: United Nations Inter-agency Group for Child Mortality Estimation (UN IGME), 2017. 		<1M	BOTHSEX	under 1 month old	Both	10417	10388	10453	10545	10649	10748	10885	10945	10973	10997	11017	10999	10947	10908	10884	10833	10797	10914.2		
2018.Q2.G.01	SH_DYN_NMRTN	Neonatal deaths (number)	112	28.04940161	53.54193075	BLR	Belarus	1	NUMBER	Number	2016	170	Source: United Nations Inter-agency Group for Child Mortality Estimation (UN IGME), 2017. 		<1M	BOTHSEX	under 1 month old	Both	542	486	445	407	369	331	292	261	228	213	197	201	204	206	195	183	170	197.8		
2018.Q2.G.01	SH_DYN_NMRTN	Neonatal deaths (number)	116	104.922836	12.71163737	KHM	Cambodia	1	NUMBER	Number	2016	5947	Source: United Nations Inter-agency Group for Child Mortality Estimation (UN IGME), 2017. 		<1M	BOTHSEX	under 1 month old	Both	12095	11424	10783	10193	9743	9347	9056	8748	8447	8114	7751	7367	7009	6721	6394	6137	5947	6725.6		
2018.Q2.G.01	SH_DYN_NMRTN	Neonatal deaths (number)	120	12.7419827	5.692387031	CMR	Cameroon	1	NUMBER	Number	2016	20345	Source: United Nations Inter-agency Group for Child Mortality Estimation (UN IGME), 2017. 		<1M	BOTHSEX	under 1 month old	Both	22436	22183	21986	21974	22153	22316	22529	22644	22575	22466	22154	21793	21467	21103	20789	20534	20345	21137.2		
2018.Q2.G.01	SH_DYN_NMRTN	Neonatal deaths (number)	124	-101.6575058	57.72360191	CAN	Canada	1	NUMBER	Number	2016	1240	Source: United Nations Inter-agency Group for Child Mortality Estimation (UN IGME), 2017. 		<1M	BOTHSEX	under 1 month old	Both	1236	1263	1267	1313	1367	1393	1423	1415	1403	1424	1401	1373	1380	1347	1312	1276	1240	1337.6		
2018.Q2.G.01	SH_DYN_NMRTN	Neonatal deaths (number)	132	-23.63544151	15.07791834	CPV	Cabo Verde	1	NUMBER	Number	2016	115	Source: United Nations Inter-agency Group for Child Mortality Estimation (UN IGME), 2017. 		<1M	BOTHSEX	under 1 month old	Both	194	181	170	164	159	156	153	152	149	145	142	136	132	128	123	120	115	127.8		
2018.Q2.G.01	SH_DYN_NMRTN	Neonatal deaths (number)	136	-81.16740559	19.32266656	CYM	Cayman Islands	1	NUMBER	Number					<1M	BOTHSEX	under 1 month old	Both																				
2018.Q2.G.01	SH_DYN_NMRTN	Neonatal deaths (number)	140	20.93559492	7.003720791	CAF	Central African Republic	1	NUMBER	Number	2016	7013	Source: United Nations Inter-agency Group for Child Mortality Estimation (UN IGME), 2017. 		<1M	BOTHSEX	under 1 month old	Both	7402	7538	7633	7733	7806	7865	7925	7940	7924	7879	7804	7694	7571	7437	7283	7149	7013	7426.8		
2018.Q2.G.01	SH_DYN_NMRTN	Neonatal deaths (number)	144	80.70489654	7.614693343	LKA	Sri Lanka	1	NUMBER	Number	2016	1686	Source: United Nations Inter-agency Group for Child Mortality Estimation (UN IGME), 2017. 		<1M	BOTHSEX	under 1 month old	Both	3340	2984	2660	2365	2314	2293	2482	2515	2391	2223	2085	2015	1943	1907	1840	1777	1686	1896.4		
2018.Q2.G.01	SH_DYN_NMRTN	Neonatal deaths (number)	148	18.66618401	15.36279341	TCD	Chad	1	NUMBER	Number	2016	21984	Source: United Nations Inter-agency Group for Child Mortality Estimation (UN IGME), 2017. 		<1M	BOTHSEX	under 1 month old	Both	18942	19166	19411	19581	19765	20012	20278	20516	20782	21028	21311	21469	21674	21813	21882	21940	21984	21755.6		
2018.Q2.G.01	SH_DYN_NMRTN	Neonatal deaths (number)	152	-71.23029019	-35.2652885	CHL	Chile	1	NUMBER	Number	2016	1285	Source: United Nations Inter-agency Group for Child Mortality Estimation (UN IGME), 2017. 		<1M	BOTHSEX	under 1 month old	Both	1476	1384	1348	1341	1360	1381	1378	1373	1343	1311	1302	1293	1309	1301	1294	1289	1285	1297.2		
2018.Q2.G.01	SH_DYN_NMRTN	Neonatal deaths (number)	156	104.1403375	32.30955217	CHN	China	1	NUMBER	Number	2016	85711	Source: United Nations Inter-agency Group for Child Mortality Estimation (UN IGME), 2017. 		<1M	BOTHSEX	under 1 month old	Both	341441	320205	297689	276165	253365	232195	210897	191092	172692	158968	144722	133339	121426	112527	103256	93714	85711	112852.4		
2018.Q2.G.01	SH_DYN_NMRTN	Neonatal deaths (number)	162	105.6426067	-10.4882473	CXR	Christmas Island	1	NUMBER	Number					<1M	BOTHSEX	under 1 month old	Both																				
2018.Q2.G.01	SH_DYN_NMRTN	Neonatal deaths (number)	166	96.82633757	-12.18600682	CCK	Cocos (Keeling) Islands	1	NUMBER	Number					<1M	BOTHSEX	under 1 month old	Both																				
2018.Q2.G.01	SH_DYN_NMRTN	Neonatal deaths (number)	170	-73.07446751	3.888209046	COL	Colombia	1	NUMBER	Number	2016	6285	Source: United Nations Inter-agency Group for Child Mortality Estimation (UN IGME), 2017. 		<1M	BOTHSEX	under 1 month old	Both	11615	11238	10943	10554	10236	9906	9486	9147	8730	8400	8076	7684	7377	7077	6783	6495	6285	7083.2		
2018.Q2.G.01	SH_DYN_NMRTN	Neonatal deaths (number)	174	43.34234565	-11.66121732	COM	Comoros	1	NUMBER	Number	2016	857	Source: United Nations Inter-agency Group for Child Mortality Estimation (UN IGME), 2017. 		<1M	BOTHSEX	under 1 month old	Both	846	858	872	888	902	912	915	916	914	913	912	906	899	890	880	868	857	888.6		
2018.Q2.G.01	SH_DYN_NMRTN	Neonatal deaths (number)	175	45.14015057	-12.82217691	MYT	Mayotte	1	NUMBER	Number					<1M	BOTHSEX	under 1 month old	Both																				
2018.Q2.G.01	SH_DYN_NMRTN	Neonatal deaths (number)	178	15.22052612	-0.840544119	COG	Congo	1	NUMBER	Number	2016	3646	Source: United Nations Inter-agency Group for Child Mortality Estimation (UN IGME), 2017. 		<1M	BOTHSEX	under 1 month old	Both	4079	4128	4134	4109	4061	4003	3934	3851	3803	3742	3716	3694	3695	3686	3671	3668	3646	3682.8		
2018.Q2.G.01	SH_DYN_NMRTN	Neonatal deaths (number)	180	23.65496507	-2.877154732	COD	Democratic Republic of the Congo	1	NUMBER	Number	2016	95963	Source: United Nations Inter-agency Group for Child Mortality Estimation (UN IGME), 2017. 		<1M	BOTHSEX	under 1 month old	Both	83839	85266	86749	88062	89428	90340	91256	92142	92685	93396	93974	94392	94643	95346	95587	95677	95963	95129		
2018.Q2.G.01	SH_DYN_NMRTN	Neonatal deaths (number)	184	-159.7711391	-21.22696458	COK	Cook Islands	1	NUMBER	Number	2016	1	Source: United Nations Inter-agency Group for Child Mortality Estimation (UN IGME), 2017. 		<1M	BOTHSEX	under 1 month old	Both	4	3	3	3	3	2	2	2	2	2	2	2	1	1	1	1	1	1.2		
2018.Q2.G.01	SH_DYN_NMRTN	Neonatal deaths (number)	188	-84.19712782	9.970998683	CRI	Costa Rica	1	NUMBER	Number	2016	396	Source: United Nations Inter-agency Group for Child Mortality Estimation (UN IGME), 2017. 		<1M	BOTHSEX	under 1 month old	Both	580	555	540	520	510	501	501	493	493	484	482	472	469	452	436	419	396	449.6		
2018.Q2.G.01	SH_DYN_NMRTN	Neonatal deaths (number)	191	17.95874553	45.45172212	HRV	Croatia	1	NUMBER	Number	2016	112	Source: United Nations Inter-agency Group for Child Mortality Estimation (UN IGME), 2017. 		<1M	BOTHSEX	under 1 month old	Both	248	232	214	199	190	178	171	168	164	160	154	144	138	131	125	118	112	131.2		
2018.Q2.G.01	SH_DYN_NMRTN	Neonatal deaths (number)	192	-79.54460144	22.10030366	CUB	Cuba	1	NUMBER	Number	2016	299	Source: United Nations Inter-agency Group for Child Mortality Estimation (UN IGME), 2017. 		<1M	BOTHSEX	under 1 month old	Both	608	579	551	511	473	438	406	390	375	363	351	340	328	316	303	301	299	317.6		
2018.Q2.G.01	SH_DYN_NMRTN	Neonatal deaths (number)	196	33.22285964	35.05659437	CYP	Cyprus	1	NUMBER	Number	2016	18	Source: United Nations Inter-agency Group for Child Mortality Estimation (UN IGME), 2017. 		<1M	BOTHSEX	under 1 month old	Both	41	38	35	34	32	30	28	27	26	25	24	23	22	22	21	19	18	21.4		
2018.Q2.G.01	SH_DYN_NMRTN	Neonatal deaths (number)	203	15.33151382	49.73913871	CZE	Czechia	1	NUMBER	Number	2016	174	Source: United Nations Inter-agency Group for Child Mortality Estimation (UN IGME), 2017. 		<1M	BOTHSEX	under 1 month old	Both	238	233	221	229	229	227	224	219	212	203	192	180	179	177	176	175	174	177.4		
2018.Q2.G.01	SH_DYN_NMRTN	Neonatal deaths (number)	204	2.339933594	9.65401646	BEN	Benin	1	NUMBER	Number	2016	12652	Source: United Nations Inter-agency Group for Child Mortality Estimation (UN IGME), 2017. 		<1M	BOTHSEX	under 1 month old	Both	11546	11587	11566	11572	11576	11640	11701	11825	11943	12090	12229	12397	12481	12595	12661	12641	12652	12555		
2018.Q2.G.01	SH_DYN_NMRTN	Neonatal deaths (number)	208	9.326571283	56.03829721	DNK	Denmark	1	NUMBER	Number	2016	191	Source: United Nations Inter-agency Group for Child Mortality Estimation (UN IGME), 2017. 		<1M	BOTHSEX	under 1 month old	Both	230	222	215	208	201	201	194	186	184	175	172	175	172	177	182	183	191	177.8		
2018.Q2.G.01	SH_DYN_NMRTN	Neonatal deaths (number)	212	-61.3493756	15.43391378	DMA	Dominica	1	NUMBER	Number	2016	27	Source: United Nations Inter-agency Group for Child Mortality Estimation (UN IGME), 2017. 		<1M	BOTHSEX	under 1 month old	Both	12	12	12	11	11	12	12	13	14	15	17	19	21	23	25	26	27	22.8		
2018.Q2.G.01	SH_DYN_NMRTN	Neonatal deaths (number)	214	-70.49847576	18.89832088	DOM	Dominican Republic	1	NUMBER	Number	2016	4466	Source: United Nations Inter-agency Group for Child Mortality Estimation (UN IGME), 2017. 		<1M	BOTHSEX	under 1 month old	Both	5112	5115	5097	5097	5092	5103	5109	5110	5087	5061	5032	4978	4898	4815	4708	4598	4466	4799.4		
2018.Q2.G.01	SH_DYN_NMRTN	Neonatal deaths (number)	218	-78.37005241	-1.447785891	ECU	Ecuador	1	NUMBER	Number	2016	3702	Source: United Nations Inter-agency Group for Child Mortality Estimation (UN IGME), 2017. 		<1M	BOTHSEX	under 1 month old	Both	5406	5244	5089	4973	4865	4763	4697	4631	4564	4459	4382	4267	4148	4058	3931	3802	3702	4041.2		
2018.Q2.G.01	SH_DYN_NMRTN	Neonatal deaths (number)	222	-88.86862995	13.73603564	SLV	El Salvador	1	NUMBER	Number	2016	883	Source: United Nations Inter-agency Group for Child Mortality Estimation (UN IGME), 2017. 		<1M	BOTHSEX	under 1 month old	Both	2116	1955	1817	1702	1584	1490	1416	1348	1271	1221	1162	1105	1051	1010	959	921	883	1009.2		
2018.Q2.G.01	SH_DYN_NMRTN	Neonatal deaths (number)	226	10.46535826	1.565792376	GNQ	Equatorial Guinea	1	NUMBER	Number	2016	1332	Source: United Nations Inter-agency Group for Child Mortality Estimation (UN IGME), 2017. 		<1M	BOTHSEX	under 1 month old	Both	1127	1148	1172	1195	1216	1236	1245	1252	1261	1273	1291	1299	1305	1313	1322	1326	1332	1313		
2018.Q2.G.01	SH_DYN_NMRTN	Neonatal deaths (number)	231	39.63505296	8.631223181	ETH	Ethiopia	1	NUMBER	Number	2016	89867	Source: United Nations Inter-agency Group for Child Mortality Estimation (UN IGME), 2017. 		<1M	BOTHSEX	under 1 month old	Both	140661	138908	136417	133326	129749	125823	121971	117961	113815	110133	106885	103391	100169	97471	94644	91996	89867	97534.2		
2018.Q2.G.01	SH_DYN_NMRTN	Neonatal deaths (number)	232	38.11074289	16.12894644	ERI	Eritrea	1	NUMBER	Number	2016	2834	Source: United Nations Inter-agency Group for Child Mortality Estimation (UN IGME), 2017. 		<1M	BOTHSEX	under 1 month old	Both	3188	3204	3256	3299	3336	3362	3355	3344	3314	3266	3217	3170	3100	3025	2966	2907	2834	3033.6		
2018.Q2.G.01	SH_DYN_NMRTN	Neonatal deaths (number)	233	25.84093481	58.68487172	EST	Estonia	1	NUMBER	Number	2016	18	Source: United Nations Inter-agency Group for Child Mortality Estimation (UN IGME), 2017. 		<1M	BOTHSEX	under 1 month old	Both	67	63	58	56	52	49	46	42	38	35	32	28	26	23	21	20	18	23.6		
2018.Q2.G.01	SH_DYN_NMRTN	Neonatal deaths (number)	234	-7.122044325	62.21228119	FRO	Faroe Islands	1	NUMBER	Number					<1M	BOTHSEX	under 1 month old	Both																				
2018.Q2.G.01	SH_DYN_NMRTN	Neonatal deaths (number)	238	-58.75246778	-51.74562601	FLK	Falkland Islands (Malvinas)	1	NUMBER	Number					<1M	BOTHSEX	under 1 month old	Both																				
2018.Q2.G.01	SH_DYN_NMRTN	Neonatal deaths (number)	239	-36.90662765	-54.20736749	SGS	South Georgia and the South Sandwich Islands	1	NUMBER	Number					<1M	BOTHSEX	under 1 month old	Both																				
2018.Q2.G.01	SH_DYN_NMRTN	Neonatal deaths (number)	242	177.9660884	-17.83301566	FJI	Fiji	1	NUMBER	Number	2016	153	Source: United Nations Inter-agency Group for Child Mortality Estimation (UN IGME), 2017. 		<1M	BOTHSEX	under 1 month old	Both	210	208	210	215	219	221	218	208	199	190	183	178	175	169	166	160	153	169.6		
2018.Q2.G.01	SH_DYN_NMRTN	Neonatal deaths (number)	246	23.308447	61.91586738	FIN	Finland	1	NUMBER	Number	2016	71	Source: United Nations Inter-agency Group for Child Mortality Estimation (UN IGME), 2017. 		<1M	BOTHSEX	under 1 month old	Both	144	137	132	126	127	122	117	118	112	107	101	94	88	82	77	71	71	82.4		
2018.Q2.G.01	SH_DYN_NMRTN	Neonatal deaths (number)	248	19.80945969	60.1544901	ALA	Åland Islands	1	NUMBER	Number					<1M	BOTHSEX	under 1 month old	Both																				
2018.Q2.G.01	SH_DYN_NMRTN	Neonatal deaths (number)	250	2.457288129	46.62660861	FRA	France	1	NUMBER	Number	2016	1832	Source: United Nations Inter-agency Group for Child Mortality Estimation (UN IGME), 2017. 		<1M	BOTHSEX	under 1 month old	Both	2032	2048	2064	2003	1939	1872	1880	1806	1806	1804	1800	1715	1708	1777	1846	1839	1832	1777		
2018.Q2.G.01	SH_DYN_NMRTN	Neonatal deaths (number)	254	-53.23619089	3.922673437	GUF	French Guiana	1	NUMBER	Number					<1M	BOTHSEX	under 1 month old	Both																				
2018.Q2.G.01	SH_DYN_NMRTN	Neonatal deaths (number)	258	-149.4052367	-17.67709294	PYF	French Polynesia	1	NUMBER	Number					<1M	BOTHSEX	under 1 month old	Both																				
2018.Q2.G.01	SH_DYN_NMRTN	Neonatal deaths (number)	260	69.64849091	-49.6068576	ATF	French Southern Territories	1	NUMBER	Number					<1M	BOTHSEX	under 1 month old	Both																				
2018.Q2.G.01	SH_DYN_NMRTN	Neonatal deaths (number)	262	42.18274707	11.56004161	DJI	Djibouti	1	NUMBER	Number	2016	710	Source: United Nations Inter-agency Group for Child Mortality Estimation (UN IGME), 2017. 		<1M	BOTHSEX	under 1 month old	Both	976	963	948	935	914	894	872	852	832	814	797	783	769	753	739	725	710	753.8		
2018.Q2.G.01	SH_DYN_NMRTN	Neonatal deaths (number)	266	11.78727747	-0.60687619	GAB	Gabon	1	NUMBER	Number	2016	1264	Source: United Nations Inter-agency Group for Child Mortality Estimation (UN IGME), 2017. 		<1M	BOTHSEX	under 1 month old	Both	1198	1205	1214	1221	1235	1248	1258	1276	1295	1308	1314	1321	1323	1320	1305	1290	1264	1311.8		
2018.Q2.G.01	SH_DYN_NMRTN	Neonatal deaths (number)	268	43.3713615	42.04813028	GEO	Georgia	1	NUMBER	Number	2016	380	Source: United Nations Inter-agency Group for Child Mortality Estimation (UN IGME), 2017. 		<1M	BOTHSEX	under 1 month old	Both	1240	1166	1101	1042	991	938	891	842	795	748	702	651	596	539	482	425	380	538.6		
2018.Q2.G.01	SH_DYN_NMRTN	Neonatal deaths (number)	270	-15.39944785	13.45295927	GMB	Gambia	1	NUMBER	Number	2016	2215	Source: United Nations Inter-agency Group for Child Mortality Estimation (UN IGME), 2017. 		<1M	BOTHSEX	under 1 month old	Both	2239	2251	2250	2253	2253	2251	2247	2249	2255	2253	2249	2250	2239	2240	2230	2224	2215	2236.6		
2018.Q2.G.01	SH_DYN_NMRTN	Neonatal deaths (number)	275	35.25694122	31.94347933	PSE	State of Palestine	1	NUMBER	Number	2016	1646	Source: United Nations Inter-agency Group for Child Mortality Estimation (UN IGME), 2017. 		<1M	BOTHSEX	under 1 month old	Both	1965	1937	1910	1885	1853	1837	1813	1804	1785	1765	1760	1739	1731	1707	1695	1665	1646	1707.4		
2018.Q2.G.01	SH_DYN_NMRTN	Neonatal deaths (number)	276	10.3806066	51.08862743	DEU	Germany	1	NUMBER	Number	2016	1650	Source: United Nations Inter-agency Group for Child Mortality Estimation (UN IGME), 2017. 		<1M	BOTHSEX	under 1 month old	Both	2099	1990	1956	1923	1823	1800	1782	1703	1629	1628	1565	1574	1586	1601	1617	1634	1650	1602.4		
2018.Q2.G.01	SH_DYN_NMRTN	Neonatal deaths (number)	288	-1.205623522	7.964825185	GHA	Ghana	1	NUMBER	Number	2016	23546	Source: United Nations Inter-agency Group for Child Mortality Estimation (UN IGME), 2017. 		<1M	BOTHSEX	under 1 month old	Both	24485	24402	24329	24344	24522	24725	24953	25268	25426	25561	25572	25438	25147	24780	24427	23925	23546	24743.4		
2018.Q2.G.01	SH_DYN_NMRTN	Neonatal deaths (number)	292	-5.347561686	36.13895036	GIB	Gibraltar	1	NUMBER	Number					<1M	BOTHSEX	under 1 month old	Both																				
2018.Q2.G.01	SH_DYN_NMRTN	Neonatal deaths (number)	296	-157.5643005	1.768837732	KIR	Kiribati	1	NUMBER	Number	2016	73	Source: United Nations Inter-agency Group for Child Mortality Estimation (UN IGME), 2017. 		<1M	BOTHSEX	under 1 month old	Both	74	72	71	71	71	71	72	73	74	75	75	76	76	75	75	74	73	75.2		
2018.Q2.G.01	SH_DYN_NMRTN	Neonatal deaths (number)	300	22.58307827	39.47301873	GRC	Greece	1	NUMBER	Number	2016	211	Source: United Nations Inter-agency Group for Child Mortality Estimation (UN IGME), 2017. 		<1M	BOTHSEX	under 1 month old	Both	430	399	369	340	310	291	282	259	257	242	236	239	231	232	224	217	211	228.6		
2018.Q2.G.01	SH_DYN_NMRTN	Neonatal deaths (number)	304	-41.39371316	74.75625681	GRL	Greenland	1	NUMBER	Number					<1M	BOTHSEX	under 1 month old	Both																				
2018.Q2.G.01	SH_DYN_NMRTN	Neonatal deaths (number)	308	-61.68248568	12.11238395	GRD	Grenada	1	NUMBER	Number	2016	17	Source: United Nations Inter-agency Group for Child Mortality Estimation (UN IGME), 2017. 		<1M	BOTHSEX	under 1 month old	Both	16	15	15	15	15	15	15	15	15	15	15	16	16	16	16	17	17	16.2		
2018.Q2.G.01	SH_DYN_NMRTN	Neonatal deaths (number)	312	-61.64762115	16.14416917	GLP	Guadeloupe	1	NUMBER	Number					<1M	BOTHSEX	under 1 month old	Both																				
2018.Q2.G.01	SH_DYN_NMRTN	Neonatal deaths (number)	316	144.7029305	13.35485404	GUM	Guam	1	NUMBER	Number					<1M	BOTHSEX	under 1 month old	Both																				
2018.Q2.G.01	SH_DYN_NMRTN	Neonatal deaths (number)	320	-91.2312746	15.00273719	GTM	Guatemala	1	NUMBER	Number	2016	5871	Source: United Nations Inter-agency Group for Child Mortality Estimation (UN IGME), 2017. 		<1M	BOTHSEX	under 1 month old	Both	8755	8550	8359	8143	7865	7617	7408	7166	6978	6808	6654	6516	6386	6259	6132	6003	5871	6259.2		
2018.Q2.G.01	SH_DYN_NMRTN	Neonatal deaths (number)	324	-11.28173419	11.00210343	GIN	Guinea	1	NUMBER	Number	2016	11211	Source: United Nations Inter-agency Group for Child Mortality Estimation (UN IGME), 2017. 		<1M	BOTHSEX	under 1 month old	Both	17922	17237	16670	16239	15839	15356	14829	14294	13748	13234	12751	12344	11972	11722	11467	11295	11211	11760		
2018.Q2.G.01	SH_DYN_NMRTN	Neonatal deaths (number)	328	-58.97322037	4.788012784	GUY	Guyana	1	NUMBER	Number	2016	318	Source: United Nations Inter-agency Group for Child Mortality Estimation (UN IGME), 2017. 		<1M	BOTHSEX	under 1 month old	Both	520	496	475	455	433	416	400	386	375	365	357	351	345	340	333	325	318	338.8		
2018.Q2.G.01	SH_DYN_NMRTN	Neonatal deaths (number)	332	-72.33640958	18.40426539	HTI	Haiti	1	NUMBER	Number	2016	6450	Source: United Nations Inter-agency Group for Child Mortality Estimation (UN IGME), 2017. 		<1M	BOTHSEX	under 1 month old	Both	8085	8023	7993	7970	7954	7916	7823	7698	7538	7397	7861	7121	6967	6842	6692	6571	6450	6838.6		
2018.Q2.G.01	SH_DYN_NMRTN	Neonatal deaths (number)	334	73.52633626	-53.09106147	HMD	Heard Island and McDonald Islands	1	NUMBER	Number					<1M	BOTHSEX	under 1 month old	Both																				
2018.Q2.G.01	SH_DYN_NMRTN	Neonatal deaths (number)	336	12.45315803	41.90343751	VAT	Holy See	1	NUMBER	Number					<1M	BOTHSEX	under 1 month old	Both																				
2018.Q2.G.01	SH_DYN_NMRTN	Neonatal deaths (number)	340	-86.59974381	14.82243161	HND	Honduras	1	NUMBER	Number	2016	2061	Source: United Nations Inter-agency Group for Child Mortality Estimation (UN IGME), 2017. 		<1M	BOTHSEX	under 1 month old	Both	3707	3632	3550	3460	3342	3240	3132	2999	2866	2754	2625	2503	2387	2298	2214	2136	2061	2307.6		
2018.Q2.G.01	SH_DYN_NMRTN	Neonatal deaths (number)	344	114.0266445	22.41749934	HKG	China, Hong Kong Special Administrative Region	1	NUMBER	Number					<1M	BOTHSEX	under 1 month old	Both																				
2018.Q2.G.01	SH_DYN_NMRTN	Neonatal deaths (number)	348	19.41221519	47.1651448	HUN	Hungary	1	NUMBER	Number	2016	246	Source: United Nations Inter-agency Group for Child Mortality Estimation (UN IGME), 2017. 		<1M	BOTHSEX	under 1 month old	Both	557	514	484	456	419	391	372	361	340	328	315	293	280	277	266	256	246	274.4		
2018.Q2.G.01	SH_DYN_NMRTN	Neonatal deaths (number)	352	-19.02116966	64.79134763	ISL	Iceland	1	NUMBER	Number	2016	4	Source: United Nations Inter-agency Group for Child Mortality Estimation (UN IGME), 2017. 		<1M	BOTHSEX	under 1 month old	Both	9	8	8	7	7	7	7	6	6	6	6	5	5	5	5	4	4	4.8		
2018.Q2.G.01	SH_DYN_NMRTN	Neonatal deaths (number)	356	79.3608464	22.34642074	IND	India	1	NUMBER	Number	2016	639826	Source: United Nations Inter-agency Group for Child Mortality Estimation (UN IGME), 2017. 		<1M	BOTHSEX	under 1 month old	Both	1253857	1215043	1175465	1135040	1096413	1056348	1017141	973379	930987	887858	844966	803346	766308	729051	696675	666286	639826	732333.2		
2018.Q2.G.01	SH_DYN_NMRTN	Neonatal deaths (number)	360	113.9174	-0.994582204	IDN	Indonesia	1	NUMBER	Number	2016	67862	Source: United Nations Inter-agency Group for Child Mortality Estimation (UN IGME), 2017. 		<1M	BOTHSEX	under 1 month old	Both	102759	101078	99342	97879	96637	94135	92369	90443	87906	85760	82980	80550	77955	75208	72838	70376	67862	75385.4		
2018.Q2.G.01	SH_DYN_NMRTN	Neonatal deaths (number)	364	54.19766348	32.74370885	IRN	Iran (Islamic Republic of)	1	NUMBER	Number	2016	12731	Source: United Nations Inter-agency Group for Child Mortality Estimation (UN IGME), 2017. 		<1M	BOTHSEX	under 1 month old	Both	22815	21797	20972	20298	19859	19381	18962	18566	18023	17422	16869	16209	15582	14995	14179	13421	12731	14877.2		
2018.Q2.G.01	SH_DYN_NMRTN	Neonatal deaths (number)	368	43.76606267	33.05013795	IRQ	Iraq	1	NUMBER	Number	2016	22411	Source: United Nations Inter-agency Group for Child Mortality Estimation (UN IGME), 2017. 		<1M	BOTHSEX	under 1 month old	Both	20376	20538	20715	21009	21158	21431	21643	21873	22103	22322	22514	22666	22769	22820	22816	22639	22411	22742		
2018.Q2.G.01	SH_DYN_NMRTN	Neonatal deaths (number)	372	-7.121425272	53.25274054	IRL	Ireland	1	NUMBER	Number	2016	148	Source: United Nations Inter-agency Group for Child Mortality Estimation (UN IGME), 2017. 		<1M	BOTHSEX	under 1 month old	Both	231	232	227	222	209	202	186	183	179	174	175	174	173	171	168	158	148	168.8		
2018.Q2.G.01	SH_DYN_NMRTN	Neonatal deaths (number)	376	34.62277992	31.06164552	ISR	Israel	1	NUMBER	Number	2016	332	Source: United Nations Inter-agency Group for Child Mortality Estimation (UN IGME), 2017. 		<1M	BOTHSEX	under 1 month old	Both	458	454	437	418	399	380	374	368	378	371	380	371	377	364	349	333	332	358.8		
2018.Q2.G.01	SH_DYN_NMRTN	Neonatal deaths (number)	380	12.57022427	42.79917282	ITA	Italy	1	NUMBER	Number	2016	980	Source: United Nations Inter-agency Group for Child Mortality Estimation (UN IGME), 2017. 		<1M	BOTHSEX	under 1 month old	Both	1868	1774	1682	1589	1548	1503	1452	1394	1385	1314	1294	1271	1195	1123	1105	1040	980	1146.8		
2018.Q2.G.01	SH_DYN_NMRTN	Neonatal deaths (number)	384	-5.552690016	7.62211586	CIV	Côte d'Ivoire	1	NUMBER	Number	2016	31947	Source: United Nations Inter-agency Group for Child Mortality Estimation (UN IGME), 2017. 		<1M	BOTHSEX	under 1 month old	Both	32710	32785	32812	32810	32725	32569	32501	32305	32204	32201	32143	32176	32211	32156	32166	32069	31947	32155.6		
2018.Q2.G.01	SH_DYN_NMRTN	Neonatal deaths (number)	388	-77.31068409	18.15616857	JAM	Jamaica	1	NUMBER	Number	2016	522	Source: United Nations Inter-agency Group for Child Mortality Estimation (UN IGME), 2017. 		<1M	BOTHSEX	under 1 month old	Both	957	918	875	834	796	771	743	726	704	682	656	636	611	587	569	545	522	589.6		
2018.Q2.G.01	SH_DYN_NMRTN	Neonatal deaths (number)	392	139.2716103	36.6554539	JPN	Japan	1	NUMBER	Number	2016	939	Source: United Nations Inter-agency Group for Child Mortality Estimation (UN IGME), 2017. 		<1M	BOTHSEX	under 1 month old	Both	2099	1964	1948	1820	1696	1575	1456	1450	1332	1325	1208	1199	1082	1073	957	948	939	1051.8		
2018.Q2.G.01	SH_DYN_NMRTN	Neonatal deaths (number)	398	66.65359159	48.01963494	KAZ	Kazakhstan	1	NUMBER	Number	2016	2240	Source: United Nations Inter-agency Group for Child Mortality Estimation (UN IGME), 2017. 		<1M	BOTHSEX	under 1 month old	Both	4770	4666	4623	4664	4714	4776	4795	4745	4641	4474	4166	3870	3490	3154	2835	2503	2240	3170.4		
2018.Q2.G.01	SH_DYN_NMRTN	Neonatal deaths (number)	400	37.13024774	30.65365973	JOR	Jordan	1	NUMBER	Number	2016	2602	Source: United Nations Inter-agency Group for Child Mortality Estimation (UN IGME), 2017. 		<1M	BOTHSEX	under 1 month old	Both	2671	2646	2612	2587	2557	2541	2557	2583	2616	2649	2678	2696	2722	2709	2676	2648	2602	2690.2		
2018.Q2.G.01	SH_DYN_NMRTN	Neonatal deaths (number)	404	37.86096816	0.534797278	KEN	Kenya	1	NUMBER	Number	2016	34326	Source: United Nations Inter-agency Group for Child Mortality Estimation (UN IGME), 2017. 		<1M	BOTHSEX	under 1 month old	Both	37466	38009	38517	38871	39056	39041	38930	38566	38231	37657	37158	36625	36096	35448	34987	34716	34326	35574.4		
2018.Q2.G.01	SH_DYN_NMRTN	Neonatal deaths (number)	408	127.1803633	40.1462645	PRK	Democratic People's Republic of Korea	1	NUMBER	Number	2016	3754	Source: United Nations Inter-agency Group for Child Mortality Estimation (UN IGME), 2017. 		<1M	BOTHSEX	under 1 month old	Both	10751	9598	8508	7566	6884	6417	6232	6100	5948	5744	5489	5114	4788	4471	4160	3922	3754	4491		
2018.Q2.G.01	SH_DYN_NMRTN	Neonatal deaths (number)	410	127.8610254	36.45201023	KOR	Republic of Korea	1	NUMBER	Number	2016	675	Source: United Nations Inter-agency Group for Child Mortality Estimation (UN IGME), 2017. 		<1M	BOTHSEX	under 1 month old	Both	1996	1742	1562	1401	1259	1132	1019	915	862	811	808	761	760	760	717	718	675	743.2		
2018.Q2.G.01	SH_DYN_NMRTN	Neonatal deaths (number)	414	47.49305029	29.53949468	KWT	Kuwait	1	NUMBER	Number	2016	286	Source: United Nations Inter-agency Group for Child Mortality Estimation (UN IGME), 2017. 		<1M	BOTHSEX	under 1 month old	Both	293	288	283	285	283	288	300	306	318	323	326	322	323	316	307	298	286	313.2		
2018.Q2.G.01	SH_DYN_NMRTN	Neonatal deaths (number)	417	74.52324839	41.46204516	KGZ	Kyrgyzstan	1	NUMBER	Number	2016	1745	Source: United Nations Inter-agency Group for Child Mortality Estimation (UN IGME), 2017. 		<1M	BOTHSEX	under 1 month old	Both	2269	2196	2150	2120	2126	2156	2206	2245	2260	2266	2239	2186	2122	2049	1969	1856	1745	2036.4		
2018.Q2.G.01	SH_DYN_NMRTN	Neonatal deaths (number)	418	101.9901968	20.27482773	LAO	Lao People's Democratic Republic	1	NUMBER	Number	2016	4639	Source: United Nations Inter-agency Group for Child Mortality Estimation (UN IGME), 2017. 		<1M	BOTHSEX	under 1 month old	Both	7272	7012	6784	6585	6411	6240	6095	5949	5812	5648	5490	5355	5199	5059	4919	4779	4639	5062.2		
2018.Q2.G.01	SH_DYN_NMRTN	Neonatal deaths (number)	422	35.89391711	33.92152458	LBN	Lebanon	1	NUMBER	Number	2016	416	Source: United Nations Inter-agency Group for Child Mortality Estimation (UN IGME), 2017. 		<1M	BOTHSEX	under 1 month old	Both	744	684	623	558	501	452	416	388	379	377	384	393	408	412	419	420	416	410.4		
2018.Q2.G.01	SH_DYN_NMRTN	Neonatal deaths (number)	426	28.25362195	-29.58041814	LSO	Lesotho	1	NUMBER	Number	2016	2363	Source: United Nations Inter-agency Group for Child Mortality Estimation (UN IGME), 2017. 		<1M	BOTHSEX	under 1 month old	Both	2354	2336	2316	2299	2280	2269	2268	2277	2292	2321	2342	2371	2398	2410	2411	2393	2363	2396.6		
2018.Q2.G.01	SH_DYN_NMRTN	Neonatal deaths (number)	428	26.42461876	56.64196636	LVA	Latvia	1	NUMBER	Number	2016	48	Source: United Nations Inter-agency Group for Child Mortality Estimation (UN IGME), 2017. 		<1M	BOTHSEX	under 1 month old	Both	137	130	125	121	120	119	116	113	108	101	93	85	75	67	59	52	48	67.6		
2018.Q2.G.01	SH_DYN_NMRTN	Neonatal deaths (number)	430	-9.311879038	6.448381009	LBR	Liberia	1	NUMBER	Number	2016	3622	Source: United Nations Inter-agency Group for Child Mortality Estimation (UN IGME), 2017. 		<1M	BOTHSEX	under 1 month old	Both	5228	5145	5045	4942	4802	4652	4500	4350	4207	4074	3966	3883	3809	3745	3707	3666	3622	3762		
2018.Q2.G.01	SH_DYN_NMRTN	Neonatal deaths (number)	434	18.0295985	27.04042819	LBY	Libya	1	NUMBER	Number	2016	889	Source: United Nations Inter-agency Group for Child Mortality Estimation (UN IGME), 2017. 		<1M	BOTHSEX	under 1 month old	Both	1770	1729	1683	1653	1613	1551	1489	1412	1331	1257	1204	1157	1091	1045	983	943	889	1043.8		
2018.Q2.G.01	SH_DYN_NMRTN	Neonatal deaths (number)	438	9.552985019	47.14167005	LIE	Liechtenstein	1	NUMBER	Number					<1M	BOTHSEX	under 1 month old	Both																				
2018.Q2.G.01	SH_DYN_NMRTN	Neonatal deaths (number)	440	23.90517807	55.33680309	LTU	Lithuania	1	NUMBER	Number	2016	78	Source: United Nations Inter-agency Group for Child Mortality Estimation (UN IGME), 2017. 		<1M	BOTHSEX	under 1 month old	Both	150	141	134	132	134	131	122	114	106	97	92	85	79	76	75	75	78	78		
2018.Q2.G.01	SH_DYN_NMRTN	Neonatal deaths (number)	442	6.092656563	49.77679538	LUX	Luxembourg	1	NUMBER	Number	2016	10	Source: United Nations Inter-agency Group for Child Mortality Estimation (UN IGME), 2017. 		<1M	BOTHSEX	under 1 month old	Both	13	12	12	11	11	10	10	10	9	10	10	10	10	10	10	10	10	10		
2018.Q2.G.01	SH_DYN_NMRTN	Neonatal deaths (number)	446	113.5665388	22.1237259	MAC	China, Macao Special Administrative Region	1	NUMBER	Number					<1M	BOTHSEX	under 1 month old	Both																				
2018.Q2.G.01	SH_DYN_NMRTN	Neonatal deaths (number)	450	46.6982339	-19.38514785	MDG	Madagascar	1	NUMBER	Number	2016	15375	Source: United Nations Inter-agency Group for Child Mortality Estimation (UN IGME), 2017. 		<1M	BOTHSEX	under 1 month old	Both	20309	19936	19467	19114	18750	18446	18062	17735	17395	17045	16616	16261	16062	15790	15599	15407	15375	15823.8		
2018.Q2.G.01	SH_DYN_NMRTN	Neonatal deaths (number)	454	33.4884625	-13.40819859	MWI	Malawi	1	NUMBER	Number	2016	15376	Source: United Nations Inter-agency Group for Child Mortality Estimation (UN IGME), 2017. 		<1M	BOTHSEX	under 1 month old	Both	20563	19969	19278	18624	18047	17809	17796	17893	17986	17963	17716	17269	16768	16290	15902	15600	15376	16365.8		
2018.Q2.G.01	SH_DYN_NMRTN	Neonatal deaths (number)	458	116.8346314	5.452415309	MYS	Malaysia	1	NUMBER	Number	2016	2334	Source: United Nations Inter-agency Group for Child Mortality Estimation (UN IGME), 2017. 		<1M	BOTHSEX	under 1 month old	Both	2690	2428	2277	2140	2066	2008	2011	1976	1994	2017	1994	2022	2053	2136	2168	2252	2334	2126.2		
2018.Q2.G.01	SH_DYN_NMRTN	Neonatal deaths (number)	462	73.09672546	-0.614385021	MDV	Maldives	1	NUMBER	Number	2016	37	Source: United Nations Inter-agency Group for Child Mortality Estimation (UN IGME), 2017. 		<1M	BOTHSEX	under 1 month old	Both	158	140	122	108	96	85	76	69	63	59	55	51	47	44	42	39	37	44.6		
2018.Q2.G.01	SH_DYN_NMRTN	Neonatal deaths (number)	466	-3.522016039	17.35311254	MLI	Mali	1	NUMBER	Number	2016	27459	Source: United Nations Inter-agency Group for Child Mortality Estimation (UN IGME), 2017. 		<1M	BOTHSEX	under 1 month old	Both	30600	30246	29854	29408	29074	28850	28672	28608	28535	28457	28313	28179	28001	27939	27787	27625	27459	27906.2		
2018.Q2.G.01	SH_DYN_NMRTN	Neonatal deaths (number)	470	14.44617519	35.89194275	MLT	Malta	1	NUMBER	Number	2016	20	Source: United Nations Inter-agency Group for Child Mortality Estimation (UN IGME), 2017. 		<1M	BOTHSEX	under 1 month old	Both	23	22	20	19	18	18	18	18	18	18	18	18	19	19	19	19	20	18.8		
2018.Q2.G.01	SH_DYN_NMRTN	Neonatal deaths (number)	474	-60.91544135	14.56086108	MTQ	Martinique	1	NUMBER	Number					<1M	BOTHSEX	under 1 month old	Both																				
2018.Q2.G.01	SH_DYN_NMRTN	Neonatal deaths (number)	478	-10.33187259	20.26089546	MRT	Mauritania	1	NUMBER	Number	2016	4946	Source: United Nations Inter-agency Group for Child Mortality Estimation (UN IGME), 2017. 		<1M	BOTHSEX	under 1 month old	Both	4401	4472	4555	4627	4711	4773	4825	4877	4905	4931	4954	4984	4993	4994	4972	4955	4946	4979.6		
2018.Q2.G.01	SH_DYN_NMRTN	Neonatal deaths (number)	480	57.568022	-20.28581998	MUS	Mauritius	1	NUMBER	Number	2016	113	Source: United Nations Inter-agency Group for Child Mortality Estimation (UN IGME), 2017. 		<1M	BOTHSEX	under 1 month old	Both	245	219	198	186	181	177	173	165	155	145	137	131	129	128	124	119	113	126.2		
2018.Q2.G.01	SH_DYN_NMRTN	Neonatal deaths (number)	484	-102.5148166	23.93378032	MEX	Mexico	1	NUMBER	Number	2016	18074	Source: United Nations Inter-agency Group for Child Mortality Estimation (UN IGME), 2017. 		<1M	BOTHSEX	under 1 month old	Both	31620	29020	26661	24313	22468	21130	20068	19518	19237	19222	19463	19711	19246	18759	18246	18173	18074	18827		
2018.Q2.G.01	SH_DYN_NMRTN	Neonatal deaths (number)	492	7.424214814	43.73532918	MCO	Monaco	1	NUMBER	Number	2016	1	Source: United Nations Inter-agency Group for Child Mortality Estimation (UN IGME), 2017. 		<1M	BOTHSEX	under 1 month old	Both	1	1	1	1	1	1	1	1	1	1	1	1	1	1	1	1	1	1		
2018.Q2.G.01	SH_DYN_NMRTN	Neonatal deaths (number)	496	103.0728057	46.83892054	MNG	Mongolia	1	NUMBER	Number	2016	700	Source: United Nations Inter-agency Group for Child Mortality Estimation (UN IGME), 2017. 		<1M	BOTHSEX	under 1 month old	Both	1141	1083	1039	1012	991	983	987	983	977	964	940	902	864	827	788	739	700	824		
2018.Q2.G.01	SH_DYN_NMRTN	Neonatal deaths (number)	498	28.4650624	47.20236795	MDA	Republic of Moldova	1	NUMBER	Number	2016	498	Source: United Nations Inter-agency Group for Child Mortality Estimation (UN IGME), 2017. 		<1M	BOTHSEX	under 1 month old	Both	990	867	757	675	623	591	577	578	577	582	580	573	564	548	535	517	498	547.4		
2018.Q2.G.01	SH_DYN_NMRTN	Neonatal deaths (number)	499	19.25214024	42.78717043	MNE	Montenegro	1	NUMBER	Number	2016	17	Source: United Nations Inter-agency Group for Child Mortality Estimation (UN IGME), 2017. 		<1M	BOTHSEX	under 1 month old	Both	75	72	68	65	60	56	52	47	43	39	34	31	27	25	21	20	17	24.8		
2018.Q2.G.01	SH_DYN_NMRTN	Neonatal deaths (number)	500	-62.19261223	16.73558313	MSR	Montserrat	1	NUMBER	Number					<1M	BOTHSEX	under 1 month old	Both																				
2018.Q2.G.01	SH_DYN_NMRTN	Neonatal deaths (number)	504	-6.281942841	31.8440131	MAR	Morocco	1	NUMBER	Number	2016	12515	Source: United Nations Inter-agency Group for Child Mortality Estimation (UN IGME), 2017. 		<1M	BOTHSEX	under 1 month old	Both	17509	17052	16697	16362	16040	15805	15539	15377	15182	15002	14811	14513	14227	13873	13451	12970	12515	13806.8		
2018.Q2.G.01	SH_DYN_NMRTN	Neonatal deaths (number)	508	38.18479941	-14.27963886	MOZ	Mozambique	1	NUMBER	Number	2016	30469	Source: United Nations Inter-agency Group for Child Mortality Estimation (UN IGME), 2017. 		<1M	BOTHSEX	under 1 month old	Both	37726	36708	35844	35070	34400	33848	33332	32862	32542	32187	31899	31582	31339	31072	30888	30687	30469	31113.6		
2018.Q2.G.01	SH_DYN_NMRTN	Neonatal deaths (number)	512	57.87743482	21.98805614	OMN	Oman	1	NUMBER	Number	2016	423	Source: United Nations Inter-agency Group for Child Mortality Estimation (UN IGME), 2017. 		<1M	BOTHSEX	under 1 month old	Both	445	404	377	360	347	343	343	352	364	377	390	401	417	422	423	429	423	418.4		
2018.Q2.G.01	SH_DYN_NMRTN	Neonatal deaths (number)	516	17.21907885	-22.13817068	NAM	Namibia	1	NUMBER	Number	2016	1285	Source: United Nations Inter-agency Group for Child Mortality Estimation (UN IGME), 2017. 		<1M	BOTHSEX	under 1 month old	Both	1197	1188	1178	1169	1167	1162	1167	1184	1198	1223	1251	1279	1291	1307	1304	1297	1285	1295.6		
2018.Q2.G.01	SH_DYN_NMRTN	Neonatal deaths (number)	520	166.92313	-0.528742623	NRU	Nauru	1	NUMBER	Number	2016	3	Source: United Nations Inter-agency Group for Child Mortality Estimation (UN IGME), 2017. 		<1M	BOTHSEX	under 1 month old	Both	5	5	4	4	4	4	4	4	4	4	4	4	4	4	4	4	3	4		
2018.Q2.G.01	SH_DYN_NMRTN	Neonatal deaths (number)	524	83.94678863	28.25866332	NPL	Nepal	1	NUMBER	Number	2016	12060	Source: United Nations Inter-agency Group for Child Mortality Estimation (UN IGME), 2017. 		<1M	BOTHSEX	under 1 month old	Both	30422	28933	27479	26012	24547	23159	21837	20514	19203	17924	16769	15639	14670	13858	13135	12543	12060	13969		
2018.Q2.G.01	SH_DYN_NMRTN	Neonatal deaths (number)	528	5.331480568	51.86728884	NLD	Netherlands	1	NUMBER	Number	2016	448	Source: United Nations Inter-agency Group for Child Mortality Estimation (UN IGME), 2017. 		<1M	BOTHSEX	under 1 month old	Both	750	753	733	711	686	659	631	602	556	531	507	484	482	463	463	446	448	467.6		
2018.Q2.G.01	SH_DYN_NMRTN	Neonatal deaths (number)	530	-68.30676179	12.22720635	ANT	Netherlands Antilles	1	NUMBER	Number					<1M	BOTHSEX	under 1 month old	Both																				
2018.Q2.G.01	SH_DYN_NMRTN	Neonatal deaths (number)	531	-68.95033464	12.15058042	CUW	Curaçao	1	NUMBER	Number					<1M	BOTHSEX	under 1 month old	Both																				
2018.Q2.G.01	SH_DYN_NMRTN	Neonatal deaths (number)	533	-69.97050586	12.50878756	ABW	Aruba	1	NUMBER	Number					<1M	BOTHSEX	under 1 month old	Both																				
2018.Q2.G.01	SH_DYN_NMRTN	Neonatal deaths (number)	534	-63.06198692	18.03926508	SXM	Sint Maarten (Dutch part)	1	NUMBER	Number					<1M	BOTHSEX	under 1 month old	Both																				
2018.Q2.G.01	SH_DYN_NMRTN	Neonatal deaths (number)	540	165.5067368	-21.41742531	NCL	New Caledonia	1	NUMBER	Number					<1M	BOTHSEX	under 1 month old	Both																				
2018.Q2.G.01	SH_DYN_NMRTN	Neonatal deaths (number)	548	167.0679779	-15.34445547	VUT	Vanuatu	1	NUMBER	Number	2016	83	Source: United Nations Inter-agency Group for Child Mortality Estimation (UN IGME), 2017. 		<1M	BOTHSEX	under 1 month old	Both	73	73	72	73	74	75	76	76	78	79	81	82	83	84	84	83	83	83.2		
2018.Q2.G.01	SH_DYN_NMRTN	Neonatal deaths (number)	554	170.4755673	-43.98721568	NZL	New Zealand	1	NUMBER	Number	2016	185	Source: United Nations Inter-agency Group for Child Mortality Estimation (UN IGME), 2017. 		<1M	BOTHSEX	under 1 month old	Both	195	191	193	191	189	187	184	187	189	196	195	200	199	198	197	191	185	197		
2018.Q2.G.01	SH_DYN_NMRTN	Neonatal deaths (number)	558	-85.03060315	12.84210839	NIC	Nicaragua	1	NUMBER	Number	2016	1056	Source: United Nations Inter-agency Group for Child Mortality Estimation (UN IGME), 2017. 		<1M	BOTHSEX	under 1 month old	Both	2295	2193	2082	1990	1888	1803	1718	1633	1548	1461	1399	1323	1261	1212	1151	1103	1056	1210		
2018.Q2.G.01	SH_DYN_NMRTN	Neonatal deaths (number)	562	9.400167877	17.42143036	NER	Niger	1	NUMBER	Number	2016	25634	Source: United Nations Inter-agency Group for Child Mortality Estimation (UN IGME), 2017. 		<1M	BOTHSEX	under 1 month old	Both	26275	26278	26248	26187	26093	25898	25740	25554	25415	25251	25059	24923	24934	24922	25168	25405	25634	25070.4		
2018.Q2.G.01	SH_DYN_NMRTN	Neonatal deaths (number)	566	8.097363256	9.585789025	NGA	Nigeria	1	NUMBER	Number	2016	246675	Source: United Nations Inter-agency Group for Child Mortality Estimation (UN IGME), 2017. 		<1M	BOTHSEX	under 1 month old	Both	260484	261288	260772	260529	259416	258594	257531	256863	256617	255506	254729	253571	251987	251349	249634	247571	246675	250822.4		
2018.Q2.G.01	SH_DYN_NMRTN	Neonatal deaths (number)	570	-169.8601693	-19.05000475	NIU	Niue	1	NUMBER	Number	2016	0	Source: United Nations Inter-agency Group for Child Mortality Estimation (UN IGME), 2017. 		<1M	BOTHSEX	under 1 month old	Both	0	0	0	0	0	0	0	0	0	0	0	0	0	0	0	0	0	0		
2018.Q2.G.01	SH_DYN_NMRTN	Neonatal deaths (number)	574	167.9515548	-29.03230018	NFK	Norfolk Island	1	NUMBER	Number					<1M	BOTHSEX	under 1 month old	Both																				
2018.Q2.G.01	SH_DYN_NMRTN	Neonatal deaths (number)	578	11.47846389	61.34311134	NOR	Norway	1	NUMBER	Number	2016	94	Source: United Nations Inter-agency Group for Child Mortality Estimation (UN IGME), 2017. 		<1M	BOTHSEX	under 1 month old	Both	156	149	143	138	138	134	129	124	119	113	114	108	102	103	97	99	94	101.8		
2018.Q2.G.01	SH_DYN_NMRTN	Neonatal deaths (number)	580	145.7582114	15.19099517	MNP	Northern Mariana Islands	1	NUMBER	Number					<1M	BOTHSEX	under 1 month old	Both																				
2018.Q2.G.01	SH_DYN_NMRTN	Neonatal deaths (number)	581	-162.4343752	5.874443968	UMI	US Minor Outlying Islands	1	NUMBER	Number					<1M	BOTHSEX	under 1 month old	Both																				
2018.Q2.G.01	SH_DYN_NMRTN	Neonatal deaths (number)	583	158.225216	6.880670092	FSM	Micronesia, Federated States of	1	NUMBER	Number	2016	43	Source: United Nations Inter-agency Group for Child Mortality Estimation (UN IGME), 2017. 		<1M	BOTHSEX	under 1 month old	Both	78	74	71	67	64	61	58	55	53	51	49	48	47	46	45	44	43	46		
2018.Q2.G.01	SH_DYN_NMRTN	Neonatal deaths (number)	584	171.0839119	7.110213497	MHL	Marshall Islands	1	NUMBER	Number	2016	20	Source: United Nations Inter-agency Group for Child Mortality Estimation (UN IGME), 2017. 		<1M	BOTHSEX	under 1 month old	Both	38	38	37	36	35	35	34	33	31	30	29	28	26	24	23	21	20	24.4		
2018.Q2.G.01	SH_DYN_NMRTN	Neonatal deaths (number)	585	134.5733878	7.502307591	PLW	Palau	1	NUMBER	Number	2016	3	Source: United Nations Inter-agency Group for Child Mortality Estimation (UN IGME), 2017. 		<1M	BOTHSEX	under 1 month old	Both	5	5	4	4	4	4	4	3	3	3	3	3	3	3	3	3	3	3		
2018.Q2.G.01	SH_DYN_NMRTN	Neonatal deaths (number)	586	68.80479684	29.36491634	PAK	Pakistan	1	NUMBER	Number	2016	248449	Source: United Nations Inter-agency Group for Child Mortality Estimation (UN IGME), 2017. 		<1M	BOTHSEX	under 1 month old	Both	266517	260345	256088	252542	250106	248634	250224	252630	256442	260457	263406	264557	263859	260764	257937	253261	248449	260075.6		
2018.Q2.G.01	SH_DYN_NMRTN	Neonatal deaths (number)	591	-81.26616623	8.450965746	PAN	Panama	1	NUMBER	Number	2016	756	Source: United Nations Inter-agency Group for Child Mortality Estimation (UN IGME), 2017. 		<1M	BOTHSEX	under 1 month old	Both	1080	1065	1042	1027	1013	991	971	957	936	915	900	876	851	831	810	780	756	829.6		
2018.Q2.G.01	SH_DYN_NMRTN	Neonatal deaths (number)	598	145.8587761	-6.756057077	PNG	Papua New Guinea	1	NUMBER	Number	2016	5247	Source: United Nations Inter-agency Group for Child Mortality Estimation (UN IGME), 2017. 		<1M	BOTHSEX	under 1 month old	Both	5602	5654	5698	5737	5773	5783	5788	5765	5735	5678	5638	5573	5486	5420	5354	5311	5247	5428.8		
2018.Q2.G.01	SH_DYN_NMRTN	Neonatal deaths (number)	600	-60.54854225	-21.70216237	PRY	Paraguay	1	NUMBER	Number	2016	1564	Source: United Nations Inter-agency Group for Child Mortality Estimation (UN IGME), 2017. 		<1M	BOTHSEX	under 1 month old	Both	2509	2427	2348	2277	2212	2154	2100	2033	1979	1938	1868	1826	1771	1704	1666	1615	1564	1716.4		
2018.Q2.G.01	SH_DYN_NMRTN	Neonatal deaths (number)	604	-71.82093277	-13.58939705	PER	Peru	1	NUMBER	Number	2016	4592	Source: United Nations Inter-agency Group for Child Mortality Estimation (UN IGME), 2017. 		<1M	BOTHSEX	under 1 month old	Both	9991	9370	8824	8351	7950	7562	7248	6947	6655	6307	6021	5731	5495	5251	4998	4798	4592	5254.6		
2018.Q2.G.01	SH_DYN_NMRTN	Neonatal deaths (number)	608	120.8601418	14.16591706	PHL	Philippines	1	NUMBER	Number	2016	30216	Source: United Nations Inter-agency Group for Child Mortality Estimation (UN IGME), 2017. 		<1M	BOTHSEX	under 1 month old	Both	38824	38961	38749	38414	37966	37430	36610	35788	35001	34265	33592	32980	32407	31854	31311	30768	30216	31864		
2018.Q2.G.01	SH_DYN_NMRTN	Neonatal deaths (number)	612	-128.3225873	-24.37538456	PCN	Pitcairn	1	NUMBER	Number					<1M	BOTHSEX	under 1 month old	Both																				
2018.Q2.G.01	SH_DYN_NMRTN	Neonatal deaths (number)	616	19.40660158	52.1226733	POL	Poland	1	NUMBER	Number	2016	1001	Source: United Nations Inter-agency Group for Child Mortality Estimation (UN IGME), 2017. 		<1M	BOTHSEX	under 1 month old	Both	2194	2000	1908	1839	1787	1744	1702	1653	1592	1520	1435	1340	1242	1181	1120	1060	1001	1188.6		
2018.Q2.G.01	SH_DYN_NMRTN	Neonatal deaths (number)	620	-7.961599811	39.68509315	PRT	Portugal	1	NUMBER	Number	2016	170	Source: United Nations Inter-agency Group for Child Mortality Estimation (UN IGME), 2017. 		<1M	BOTHSEX	under 1 month old	Both	386	363	339	314	288	262	236	220	214	209	212	206	209	203	188	183	170	197.8		
2018.Q2.G.01	SH_DYN_NMRTN	Neonatal deaths (number)	624	-14.40182514	12.11760394	GNB	Guinea-Bissau	1	NUMBER	Number	2016	2536	Source: United Nations Inter-agency Group for Child Mortality Estimation (UN IGME), 2017. 		<1M	BOTHSEX	under 1 month old	Both	2876	2856	2849	2851	2861	2862	2865	2852	2831	2808	2768	2722	2683	2645	2607	2571	2536	2645.6		
2018.Q2.G.01	SH_DYN_NMRTN	Neonatal deaths (number)	626	125.9451052	-8.797497247	TLS	Timor-Leste	1	NUMBER	Number	2016	959	Source: United Nations Inter-agency Group for Child Mortality Estimation (UN IGME), 2017. 		<1M	BOTHSEX	under 1 month old	Both	1511	1425	1346	1285	1238	1201	1168	1145	1122	1098	1074	1050	1024	1008	987	973	959	1008.4		
2018.Q2.G.01	SH_DYN_NMRTN	Neonatal deaths (number)	630	-66.47591017	18.22753799	PRI	Puerto Rico	1	NUMBER	Number					<1M	BOTHSEX	under 1 month old	Both																				
2018.Q2.G.01	SH_DYN_NMRTN	Neonatal deaths (number)	634	51.19152467	25.28355379	QAT	Qatar	1	NUMBER	Number	2016	105	Source: United Nations Inter-agency Group for Child Mortality Estimation (UN IGME), 2017. 		<1M	BOTHSEX	under 1 month old	Both	78	77	78	79	79	81	81	84	86	90	92	96	99	101	102	105	105	100.6		
2018.Q2.G.01	SH_DYN_NMRTN	Neonatal deaths (number)	638	55.53171398	-21.13183266	REU	Réunion	1	NUMBER	Number					<1M	BOTHSEX	under 1 month old	Both																				
2018.Q2.G.01	SH_DYN_NMRTN	Neonatal deaths (number)	642	24.98481009	45.83893563	ROU	Romania	1	NUMBER	Number	2016	817	Source: United Nations Inter-agency Group for Child Mortality Estimation (UN IGME), 2017. 		<1M	BOTHSEX	under 1 month old	Both	2333	2203	2147	2097	2008	1855	1677	1496	1332	1209	1127	1066	1006	949	895	864	817	956		
2018.Q2.G.01	SH_DYN_NMRTN	Neonatal deaths (number)	643	99.01404926	61.61899849	RUS	Russian Federation	1	NUMBER	Number	2016	6234	Source: United Nations Inter-agency Group for Child Mortality Estimation (UN IGME), 2017. 		<1M	BOTHSEX	under 1 month old	Both	12616	12189	11657	11121	10556	9804	9323	8657	8114	7865	7569	7392	7157	7046	6695	6483	6234	6954.6		
2018.Q2.G.01	SH_DYN_NMRTN	Neonatal deaths (number)	646	29.92310194	-1.999842114	RWA	Rwanda	1	NUMBER	Number	2016	6121	Source: United Nations Inter-agency Group for Child Mortality Estimation (UN IGME), 2017. 		<1M	BOTHSEX	under 1 month old	Both	13056	12778	12383	11913	11354	10770	10200	9658	9155	8662	8183	7685	7284	6909	6565	6326	6121	6953.8		
2018.Q2.G.01	SH_DYN_NMRTN	Neonatal deaths (number)	652	-62.83173536	17.89513362	BLM	Saint Barthélemy	1	NUMBER	Number					<1M	BOTHSEX	under 1 month old	Both																				
2018.Q2.G.01	SH_DYN_NMRTN	Neonatal deaths (number)	654	-5.705752501	-15.96503946	SHN	Saint Helena	1	NUMBER	Number					<1M	BOTHSEX	under 1 month old	Both																				
2018.Q2.G.01	SH_DYN_NMRTN	Neonatal deaths (number)	659	-62.76628613	17.33994219	KNA	Saint Kitts and Nevis	1	NUMBER	Number	2016	5	Source: United Nations Inter-agency Group for Child Mortality Estimation (UN IGME), 2017. 		<1M	BOTHSEX	under 1 month old	Both	13	12	11	10	10	9	9	8	8	7	7	7	6	6	6	5	5	6		
2018.Q2.G.01	SH_DYN_NMRTN	Neonatal deaths (number)	660	-63.05651612	18.21525315	AIA	Anguilla	1	NUMBER	Number					<1M	BOTHSEX	under 1 month old	Both																				
2018.Q2.G.01	SH_DYN_NMRTN	Neonatal deaths (number)	662	-60.96529553	13.89405601	LCA	Saint Lucia	1	NUMBER	Number	2016	20	Source: United Nations Inter-agency Group for Child Mortality Estimation (UN IGME), 2017. 		<1M	BOTHSEX	under 1 month old	Both	33	31	30	29	28	27	27	26	26	25	24	23	23	22	21	21	20	22		
2018.Q2.G.01	SH_DYN_NMRTN	Neonatal deaths (number)	663	-63.04505461	18.0882685	MAF	Saint Martin (French Part)	1	NUMBER	Number					<1M	BOTHSEX	under 1 month old	Both																				
2018.Q2.G.01	SH_DYN_NMRTN	Neonatal deaths (number)	666	-56.33682442	46.85812735	SPM	Saint Pierre and Miquelon	1	NUMBER	Number					<1M	BOTHSEX	under 1 month old	Both																				
2018.Q2.G.01	SH_DYN_NMRTN	Neonatal deaths (number)	670	-61.19024321	13.24627968	VCT	Saint Vincent and the Grenadines	1	NUMBER	Number	2016	18	Source: United Nations Inter-agency Group for Child Mortality Estimation (UN IGME), 2017. 		<1M	BOTHSEX	under 1 month old	Both	29	29	28	28	28	27	27	27	26	25	24	23	22	21	20	19	18	21		
2018.Q2.G.01	SH_DYN_NMRTN	Neonatal deaths (number)	674	12.46329038	43.93841766	SMR	San Marino	1	NUMBER	Number	2016	0	Source: United Nations Inter-agency Group for Child Mortality Estimation (UN IGME), 2017. 		<1M	BOTHSEX	under 1 month old	Both	0	0	0	0	0	0	0	0	0	0	0	0	0	0	0	0	0	0		
2018.Q2.G.01	SH_DYN_NMRTN	Neonatal deaths (number)	678	6.609772265	0.241554875	STP	Sao Tome and Principe	1	NUMBER	Number	2016	102	Source: United Nations Inter-agency Group for Child Mortality Estimation (UN IGME), 2017. 		<1M	BOTHSEX	under 1 month old	Both	124	123	123	122	119	117	116	115	114	113	113	112	111	109	107	104	102	108.6		
2018.Q2.G.01	SH_DYN_NMRTN	Neonatal deaths (number)	682	44.54763347	24.12594211	SAU	Saudi Arabia	1	NUMBER	Number	2016	4338	Source: United Nations Inter-agency Group for Child Mortality Estimation (UN IGME), 2017. 		<1M	BOTHSEX	under 1 month old	Both	6588	6287	6113	5893	5789	5684	5573	5513	5383	5243	5094	5002	4849	4696	4542	4445	4338	4706.8		
2018.Q2.G.01	SH_DYN_NMRTN	Neonatal deaths (number)	686	-14.46636926	14.35920905	SEN	Senegal	1	NUMBER	Number	2016	11293	Source: United Nations Inter-agency Group for Child Mortality Estimation (UN IGME), 2017. 		<1M	BOTHSEX	under 1 month old	Both	15213	15117	14952	14754	14473	14231	13939	13675	13386	13159	12892	12628	12367	12114	11819	11542	11293	12094		
2018.Q2.G.01	SH_DYN_NMRTN	Neonatal deaths (number)	688	20.805876	44.03145697	SRB	Serbia	1	NUMBER	Number	2016	345	Source: United Nations Inter-agency Group for Child Mortality Estimation (UN IGME), 2017. 		<1M	BOTHSEX	under 1 month old	Both	918	874	797	712	641	574	532	512	494	478	464	450	429	417	396	375	345	413.4		
2018.Q2.G.01	SH_DYN_NMRTN	Neonatal deaths (number)	690	55.46561591	-4.678053059	SYC	Seychelles	1	NUMBER	Number	2016	14	Source: United Nations Inter-agency Group for Child Mortality Estimation (UN IGME), 2017. 		<1M	BOTHSEX	under 1 month old	Both	14	14	14	15	15	15	15	15	15	15	15	15	15	15	15	14	14	14.8		
2018.Q2.G.01	SH_DYN_NMRTN	Neonatal deaths (number)	694	-11.78306584	8.568604164	SLE	Sierra Leone	1	NUMBER	Number	2016	8607	Source: United Nations Inter-agency Group for Child Mortality Estimation (UN IGME), 2017. 		<1M	BOTHSEX	under 1 month old	Both	10782	10914	11044	11174	11266	11328	11294	11160	10950	10644	10325	9984	9609	9288	9001	8800	8607	9336.4		
2018.Q2.G.01	SH_DYN_NMRTN	Neonatal deaths (number)	702	103.8107883	1.361009155	SGP	Singapore	1	NUMBER	Number	2016	55	Source: United Nations Inter-agency Group for Child Mortality Estimation (UN IGME), 2017. 		<1M	BOTHSEX	under 1 month old	Both	80	73	67	62	61	61	57	57	58	58	54	54	54	54	54	55	55	54.2		
2018.Q2.G.01	SH_DYN_NMRTN	Neonatal deaths (number)	703	19.48495604	48.70741446	SVK	Slovakia	1	NUMBER	Number	2016	170	Source: United Nations Inter-agency Group for Child Mortality Estimation (UN IGME), 2017. 		<1M	BOTHSEX	under 1 month old	Both	274	253	236	226	212	204	202	199	202	204	205	206	200	194	183	177	170	192		
2018.Q2.G.01	SH_DYN_NMRTN	Neonatal deaths (number)	704	105.802499	10.09643079	VNM	Viet Nam	1	NUMBER	Number	2016	18131	Source: United Nations Inter-agency Group for Child Mortality Estimation (UN IGME), 2017. 		<1M	BOTHSEX	under 1 month old	Both	21415	20329	19589	18981	18744	18571	18580	18611	18789	18943	19050	19091	19069	18988	18849	18505	18131	18900.4		
2018.Q2.G.01	SH_DYN_NMRTN	Neonatal deaths (number)	705	14.82209486	46.11958061	SVN	Slovenia	1	NUMBER	Number	2016	28	Source: United Nations Inter-agency Group for Child Mortality Estimation (UN IGME), 2017. 		<1M	BOTHSEX	under 1 month old	Both	58	54	53	50	48	47	45	44	41	40	38	37	35	32	32	30	28	33.2		
2018.Q2.G.01	SH_DYN_NMRTN	Neonatal deaths (number)	706	46.20367477	4.406485729	SOM	Somalia	1	NUMBER	Number	2016	24142	Source: United Nations Inter-agency Group for Child Mortality Estimation (UN IGME), 2017. 		<1M	BOTHSEX	under 1 month old	Both	19512	19993	20545	21037	21606	22155	22574	22943	23202	23396	23522	23640	23698	23754	23926	23976	24142	23798.8		
2018.Q2.G.01	SH_DYN_NMRTN	Neonatal deaths (number)	710	24.67184355	-29.99957544	ZAF	South Africa	1	NUMBER	Number	2016	14550	Source: United Nations Inter-agency Group for Child Mortality Estimation (UN IGME), 2017. 		<1M	BOTHSEX	under 1 month old	Both	17009	16645	16275	16012	15856	15697	15540	15500	15348	15195	14920	14748	14677	14587	14476	14463	14550	14590.2		
2018.Q2.G.01	SH_DYN_NMRTN	Neonatal deaths (number)	716	29.86909584	-19.00075492	ZWE	Zimbabwe	1	NUMBER	Number	2016	12246	Source: United Nations Inter-agency Group for Child Mortality Estimation (UN IGME), 2017. 		<1M	BOTHSEX	under 1 month old	Both	10847	11145	11521	11977	12513	13087	13653	14201	14616	14874	14892	14744	14368	13814	13248	12737	12246	13782.2		
2018.Q2.G.01	SH_DYN_NMRTN	Neonatal deaths (number)	724	-3.554078296	40.39211472	ESP	Spain	1	NUMBER	Number	2016	814	Source: United Nations Inter-agency Group for Child Mortality Estimation (UN IGME), 2017. 		<1M	BOTHSEX	under 1 month old	Both	1127	1161	1156	1150	1140	1121	1093	1055	1054	998	982	961	937	870	849	872	814	897.8		
2018.Q2.G.01	SH_DYN_NMRTN	Neonatal deaths (number)	728	30.32618773	7.290839152	SSD	South Sudan	1	NUMBER	Number	2016	16644	Source: United Nations Inter-agency Group for Child Mortality Estimation (UN IGME), 2017. 		<1M	BOTHSEX	under 1 month old	Both	16548	16526	16556	16565	16603	16629	16639	16626	16694	16696	16700	16745	16757	16735	16722	16677	16644	16727.2		
2018.Q2.G.01	SH_DYN_NMRTN	Neonatal deaths (number)	732	-13.13515523	24.66265342	ESH	Western Sahara	1	NUMBER	Number					<1M	BOTHSEX	under 1 month old	Both																				
2018.Q2.G.01	SH_DYN_NMRTN	Neonatal deaths (number)	736	29.95650159	16.02643066	SDN	Sudan	1	NUMBER	Number					<1M	BOTHSEX	under 1 month old	Both																				
2018.Q2.G.01	SH_DYN_NMRTN	Neonatal deaths (number)	740	-55.90626394	4.132603197	SUR	Suriname	1	NUMBER	Number	2016	108	Source: United Nations Inter-agency Group for Child Mortality Estimation (UN IGME), 2017. 		<1M	BOTHSEX	under 1 month old	Both	191	184	177	171	164	158	152	147	141	137	132	128	124	120	116	111	108	119.8		
2018.Q2.G.01	SH_DYN_NMRTN	Neonatal deaths (number)	744	13.38071013	78.82894131	SJM	Svalbard and Jan Mayen Islands	1	NUMBER	Number					<1M	BOTHSEX	under 1 month old	Both																				
2018.Q2.G.01	SH_DYN_NMRTN	Neonatal deaths (number)	748	31.50149288	-26.56471011	SWZ	Swaziland	1	NUMBER	Number	2016	829	Source: United Nations Inter-agency Group for Child Mortality Estimation (UN IGME), 2017. 		<1M	BOTHSEX	under 1 month old	Both	827	830	828	821	812	806	801	802	813	827	844	856	861	857	850	842	829	853.2		
2018.Q2.G.01	SH_DYN_NMRTN	Neonatal deaths (number)	752	14.3775338	60.60103109	SWE	Sweden	1	NUMBER	Number	2016	192	Source: United Nations Inter-agency Group for Child Mortality Estimation (UN IGME), 2017. 		<1M	BOTHSEX	under 1 month old	Both	210	213	209	205	200	196	190	194	186	178	180	182	183	185	187	190	192	185.4		
2018.Q2.G.01	SH_DYN_NMRTN	Neonatal deaths (number)	756	8.223158	46.96617097	CHE	Switzerland	1	NUMBER	Number	2016	253	Source: United Nations Inter-agency Group for Child Mortality Estimation (UN IGME), 2017. 		<1M	BOTHSEX	under 1 month old	Both	267	263	252	251	243	244	247	243	247	251	248	252	248	252	256	259	253	253.4		
2018.Q2.G.01	SH_DYN_NMRTN	Neonatal deaths (number)	760	38.50466565	35.01676176	SYR	Syrian Arab Republic (Syria)	1	NUMBER	Number	2016	3650	Source: United Nations Inter-agency Group for Child Mortality Estimation (UN IGME), 2017. 		<1M	BOTHSEX	under 1 month old	Both	6360	6210	6060	5911	5707	5545	5365	5159	4924	4766	4628	4503	4346	4168	3981	3802	3650	4160		
2018.Q2.G.01	SH_DYN_NMRTN	Neonatal deaths (number)	762	69.294998	38.43069666	TJK	Tajikistan	1	NUMBER	Number	2016	5008	Source: United Nations Inter-agency Group for Child Mortality Estimation (UN IGME), 2017. 		<1M	BOTHSEX	under 1 month old	Both	5623	5381	5198	5056	4951	4915	4943	5005	5090	5167	5251	5267	5259	5226	5168	5086	5008	5201.2		
2018.Q2.G.01	SH_DYN_NMRTN	Neonatal deaths (number)	764	101.0202951	15.13089239	THA	Thailand	1	NUMBER	Number	2016	5191	Source: United Nations Inter-agency Group for Child Mortality Estimation (UN IGME), 2017. 		<1M	BOTHSEX	under 1 month old	Both	12691	11915	11180	10483	9820	9271	8745	8235	7815	7401	7066	6727	6386	6045	5780	5445	5191	6076.6		
2018.Q2.G.01	SH_DYN_NMRTN	Neonatal deaths (number)	768	0.97835765	8.532096072	TGO	Togo	1	NUMBER	Number	2016	6730	Source: United Nations Inter-agency Group for Child Mortality Estimation (UN IGME), 2017. 		<1M	BOTHSEX	under 1 month old	Both	7002	7090	7149	7214	7263	7270	7233	7201	7154	7094	7045	6962	6920	6871	6843	6787	6730	6876.6		
2018.Q2.G.01	SH_DYN_NMRTN	Neonatal deaths (number)	772	-171.8154473	-9.214545558	TKL	Tokelau	1	NUMBER	Number					<1M	BOTHSEX	under 1 month old	Both																				
2018.Q2.G.01	SH_DYN_NMRTN	Neonatal deaths (number)	776	-175.1959991	-21.19511329	TON	Tonga	1	NUMBER	Number	2016	18	Source: United Nations Inter-agency Group for Child Mortality Estimation (UN IGME), 2017. 		<1M	BOTHSEX	under 1 month old	Both	21	21	21	20	20	20	20	20	20	21	20	20	20	19	19	18	18	19.2		
2018.Q2.G.01	SH_DYN_NMRTN	Neonatal deaths (number)	780	-61.29389504	10.41877263	TTO	Trinidad and Tobago	1	NUMBER	Number	2016	234	Source: United Nations Inter-agency Group for Child Mortality Estimation (UN IGME), 2017. 		<1M	BOTHSEX	under 1 month old	Both	342	342	343	341	340	338	334	328	322	313	305	295	283	269	257	246	234	270		
2018.Q2.G.01	SH_DYN_NMRTN	Neonatal deaths (number)	784	53.98279159	23.43322219	ARE	United Arab Emirates	1	NUMBER	Number	2016	361	Source: United Nations Inter-agency Group for Child Mortality Estimation (UN IGME), 2017. 		<1M	BOTHSEX	under 1 month old	Both	309	311	322	335	344	359	374	381	392	400	395	395	390	382	380	366	361	382.6		
2018.Q2.G.01	SH_DYN_NMRTN	Neonatal deaths (number)	788	9.572737411	34.11439971	TUN	Tunisia	1	NUMBER	Number	2016	1688	Source: United Nations Inter-agency Group for Child Mortality Estimation (UN IGME), 2017. 		<1M	BOTHSEX	under 1 month old	Both	3070	2869	2686	2551	2431	2326	2237	2176	2122	2066	2042	2004	1950	1898	1828	1764	1688	1888.8		
2018.Q2.G.01	SH_DYN_NMRTN	Neonatal deaths (number)	792	35.42890329	38.9899684	TUR	Turkey	1	NUMBER	Number	2016	8382	Source: United Nations Inter-agency Group for Child Mortality Estimation (UN IGME), 2017. 		<1M	BOTHSEX	under 1 month old	Both	25897	24367	22704	21197	19720	18277	16870	15624	14401	13326	12264	11339	10676	10011	9472	8929	8382	10085.4		
2018.Q2.G.01	SH_DYN_NMRTN	Neonatal deaths (number)	795	58.9787665	40.0912346	TKM	Turkmenistan	1	NUMBER	Number	2016	3193	Source: United Nations Inter-agency Group for Child Mortality Estimation (UN IGME), 2017. 		<1M	BOTHSEX	under 1 month old	Both	3296	3236	3179	3131	3100	3073	3070	3104	3163	3226	3316	3367	3405	3394	3360	3290	3193	3363.2		
2018.Q2.G.01	SH_DYN_NMRTN	Neonatal deaths (number)	796	-71.745121	21.80780585	TCA	Turks and Caicos Islands	1	NUMBER	Number					<1M	BOTHSEX	under 1 month old	Both																				
2018.Q2.G.01	SH_DYN_NMRTN	Neonatal deaths (number)	798	178.6679611	-7.460048071	TUV	Tuvalu	1	NUMBER	Number	2016	4	Source: United Nations Inter-agency Group for Child Mortality Estimation (UN IGME), 2017. 		<1M	BOTHSEX	under 1 month old	Both	7	7	6	6	6	6	6	5	5	5	5	5	5	4	4	4	4	4.4		
2018.Q2.G.01	SH_DYN_NMRTN	Neonatal deaths (number)	800	32.39100438	1.279557331	UGA	Uganda	1	NUMBER	Number	2016	37473	Source: United Nations Inter-agency Group for Child Mortality Estimation (UN IGME), 2017. 		<1M	BOTHSEX	under 1 month old	Both	40884	40495	39914	39245	38880	38438	38191	38019	38080	38094	38218	38309	38369	38239	37908	37707	37473	38106.4		
2018.Q2.G.01	SH_DYN_NMRTN	Neonatal deaths (number)	804	31.40270802	49.00735945	UKR	Ukraine	1	NUMBER	Number	2016	2555	Source: United Nations Inter-agency Group for Child Mortality Estimation (UN IGME), 2017. 		<1M	BOTHSEX	under 1 month old	Both	4482	4246	4033	3905	3849	3806	3802	3735	3686	3606	3445	3305	3148	2982	2859	2684	2555	2995.6		
2018.Q2.G.01	SH_DYN_NMRTN	Neonatal deaths (number)	807	21.7007909	41.60048068	MKD	Macedonia, Republic of	1	NUMBER	Number	2016	195	Source: United Nations Inter-agency Group for Child Mortality Estimation (UN IGME), 2017. 		<1M	BOTHSEX	under 1 month old	Both	243	225	216	214	214	210	202	190	177	167	158	157	160	171	183	193	195	172.8		
2018.Q2.G.01	SH_DYN_NMRTN	Neonatal deaths (number)	818	29.77468534	26.57438204	EGY	Egypt	1	NUMBER	Number	2016	32305	Source: United Nations Inter-agency Group for Child Mortality Estimation (UN IGME), 2017. 		<1M	BOTHSEX	under 1 month old	Both	39685	38814	38124	37411	36686	36224	35948	35898	36042	36072	36267	36251	36143	35394	34504	33531	32305	35164.6		
2018.Q2.G.01	SH_DYN_NMRTN	Neonatal deaths (number)	826	-2.23830539	53.27691757	GBR	United Kingdom	1	NUMBER	Number	2016	2096	Source: United Nations Inter-agency Group for Child Mortality Estimation (UN IGME), 2017. 		<1M	BOTHSEX	under 1 month old	Both	2645	2554	2484	2436	2476	2533	2523	2508	2481	2440	2465	2399	2326	2250	2253	2175	2096	2280.6		
2018.Q2.G.01	SH_DYN_NMRTN	Neonatal deaths (number)	831	-2.200712402	49.71561166	GGY	Guernsey	1	NUMBER	Number					<1M	BOTHSEX	under 1 month old	Both																				
2018.Q2.G.01	SH_DYN_NMRTN	Neonatal deaths (number)	832	-2.136773508	49.22353354	JEY	Jersey	1	NUMBER	Number					<1M	BOTHSEX	under 1 month old	Both																				
2018.Q2.G.01	SH_DYN_NMRTN	Neonatal deaths (number)	833	-4.538190305	54.22880901	IMN	Isle of Man	1	NUMBER	Number					<1M	BOTHSEX	under 1 month old	Both																				
2018.Q2.G.01	SH_DYN_NMRTN	Neonatal deaths (number)	834	34.80521182	-6.265332606	TZA	Tanzania, United Republic of	1	NUMBER	Number	2016	46117	Source: United Nations Inter-agency Group for Child Mortality Estimation (UN IGME), 2017. 		<1M	BOTHSEX	under 1 month old	Both	48721	48364	47844	47432	47116	47042	47030	47073	47173	47156	47027	46999	46716	46593	46447	46288	46117	46608.6		
2018.Q2.G.01	SH_DYN_NMRTN	Neonatal deaths (number)	840	-99.13830311	39.5277871	USA	United States of America	1	NUMBER	Number	2016	14943	Source: United Nations Inter-agency Group for Child Mortality Estimation (UN IGME), 2017. 		<1M	BOTHSEX	under 1 month old	Both	18241	18380	18544	18712	18867	18570	18205	17771	17275	17142	16579	16032	15929	15886	15515	15206	14943	15713.6		
2018.Q2.G.01	SH_DYN_NMRTN	Neonatal deaths (number)	850	-64.76960113	17.73297693	VIR	United States Virgin Islands	1	NUMBER	Number					<1M	BOTHSEX	under 1 month old	Both																				
2018.Q2.G.01	SH_DYN_NMRTN	Neonatal deaths (number)	854	-1.742843829	12.27491081	BFA	Burkina Faso	1	NUMBER	Number	2016	18600	Source: United Nations Inter-agency Group for Child Mortality Estimation (UN IGME), 2017. 		<1M	BOTHSEX	under 1 month old	Both	22100	22251	22386	22389	22248	21949	21603	21273	20899	20548	20227	19880	19579	19262	19003	18734	18600	19291.6		
2018.Q2.G.01	SH_DYN_NMRTN	Neonatal deaths (number)	858	-56.01387025	-32.8002838	URY	Uruguay	1	NUMBER	Number	2016	242	Source: United Nations Inter-agency Group for Child Mortality Estimation (UN IGME), 2017. 		<1M	BOTHSEX	under 1 month old	Both	455	446	436	422	402	378	349	320	298	276	264	257	251	250	249	248	242	251		
2018.Q2.G.01	SH_DYN_NMRTN	Neonatal deaths (number)	860	63.11944558	41.77560518	UZB	Uzbekistan	1	NUMBER	Number	2016	9099	Source: United Nations Inter-agency Group for Child Mortality Estimation (UN IGME), 2017. 		<1M	BOTHSEX	under 1 month old	Both	16165	15443	14899	14402	14090	13873	13708	13483	13276	12941	12525	12031	11542	11006	10361	9746	9099	10937.2		
2018.Q2.G.01	SH_DYN_NMRTN	Neonatal deaths (number)	862	-66.15642084	7.121324748	VEN	Venezuela (Bolivarian Republic)	1	NUMBER	Number	2016	6187	Source: United Nations Inter-agency Group for Child Mortality Estimation (UN IGME), 2017. 		<1M	BOTHSEX	under 1 month old	Both	6990	6901	6577	6075	5746	5650	5671	5810	6007	6202	6393	6460	6522	6520	6453	6322	6187	6455.4		
2018.Q2.G.01	SH_DYN_NMRTN	Neonatal deaths (number)	876	-176.2034788	-13.28471201	WLF	Wallis and Futuna Islands	1	NUMBER	Number					<1M	BOTHSEX	under 1 month old	Both																				
2018.Q2.G.01	SH_DYN_NMRTN	Neonatal deaths (number)	882	-172.4430749	-13.61541469	WSM	Samoa	1	NUMBER	Number	2016	44	Source: United Nations Inter-agency Group for Child Mortality Estimation (UN IGME), 2017. 		<1M	BOTHSEX	under 1 month old	Both	63	61	59	57	57	56	55	55	54	54	52	51	50	49	48	46	44	48.8		
2018.Q2.G.01	SH_DYN_NMRTN	Neonatal deaths (number)	887	45.22389143	15.22242099	YEM	Yemen	1	NUMBER	Number	2016	23371	Source: United Nations Inter-agency Group for Child Mortality Estimation (UN IGME), 2017. 		<1M	BOTHSEX	under 1 month old	Both	26558	26134	25592	25125	24581	24034	23563	23090	22609	22269	22146	22239	22548	22820	23134	23318	23371	22811.8		
2018.Q2.G.01	SH_DYN_NMRTN	Neonatal deaths (number)	894	27.850329	-14.59701056	ZMB	Zambia	1	NUMBER	Number	2016	14505	Source: United Nations Inter-agency Group for Child Mortality Estimation (UN IGME), 2017. 		<1M	BOTHSEX	under 1 month old	Both	17412	17368	17084	16652	16173	15759	15475	15281	15193	15163	15088	14965	14848	14674	14619	14501	14505	14721.4		
