series.release	series.code	series.description	geoAreaCode	X	Y	ISO3CD	geoAreaName	sliceId	Units	Units description	2010	2011	2012	2013	2014	2015	2016	2017	last.5.years.mean	latest.year	latest.value	latest.source	latest.nature
2018.Q2.G.01	SH_IHR_CAPPRD	Average of 13 International Health Regulations (IHR) core capacities	4	66.02688198	33.83160199	AFG	Afghanistan	1	PERCENT	Percentage	45	25	25	36	46	43	42	41.7827	41.75654	2017	41.7827	Global Health Observatory (GHO), World Health Organisation (WHO).	
2018.Q2.G.01	SH_IHR_CAPPRD	Average of 13 International Health Regulations (IHR) core capacities	8	20.06660928	41.13897007	ALB	Albania	1	PERCENT	Percentage								45.76656	45.76656	2017	45.76656	Global Health Observatory (GHO), World Health Organisation (WHO).	
2018.Q2.G.01	SH_IHR_CAPPRD	Average of 13 International Health Regulations (IHR) core capacities	10	21.47585697	-80.40897662	ATA	Antarctica	1	PERCENT	Percentage													
2018.Q2.G.01	SH_IHR_CAPPRD	Average of 13 International Health Regulations (IHR) core capacities	12	2.678164227	28.15940032	DZA	Algeria	1	PERCENT	Percentage	51	11	19	40	71	72	73	75.28672	66.257344	2017	75.28672	Global Health Observatory (GHO), World Health Organisation (WHO).	
2018.Q2.G.01	SH_IHR_CAPPRD	Average of 13 International Health Regulations (IHR) core capacities	16	-170.7187269	-14.30587306	ASM	American Samoa	1	PERCENT	Percentage													
2018.Q2.G.01	SH_IHR_CAPPRD	Average of 13 International Health Regulations (IHR) core capacities	20	1.576257417	42.54548611	AND	Andorra	1	PERCENT	Percentage	36	29	31	20	29	29	42	29.03694	29.807388	2017	29.03694	Global Health Observatory (GHO), World Health Organisation (WHO).	
2018.Q2.G.01	SH_IHR_CAPPRD	Average of 13 International Health Regulations (IHR) core capacities	24	17.57817062	-12.33724746	AGO	Angola	1	PERCENT	Percentage		41		41	18			75.23131	44.74377	2017	75.23131	Global Health Observatory (GHO), World Health Organisation (WHO).	
2018.Q2.G.01	SH_IHR_CAPPRD	Average of 13 International Health Regulations (IHR) core capacities	28	-61.7999755	17.07761471	ATG	Antigua and Barbuda	1	PERCENT	Percentage	66	53	72	73	85	87	81	70.7879	79.35758	2017	70.7879	Global Health Observatory (GHO), World Health Organisation (WHO).	
2018.Q2.G.01	SH_IHR_CAPPRD	Average of 13 International Health Regulations (IHR) core capacities	31	50.01064725	40.39229544	AZE	Azerbaijan	1	PERCENT	Percentage	53	79		84	84				84	2014	84	Global Health Observatory (GHO), World Health Organisation (WHO).	
2018.Q2.G.01	SH_IHR_CAPPRD	Average of 13 International Health Regulations (IHR) core capacities	32	-65.14563274	-35.19446255	ARG	Argentina	1	PERCENT	Percentage		67	71	75	80	83	76	70.22102	76.844204	2017	70.22102	Global Health Observatory (GHO), World Health Organisation (WHO).	
2018.Q2.G.01	SH_IHR_CAPPRD	Average of 13 International Health Regulations (IHR) core capacities	36	134.3499412	-25.57717202	AUS	Australia	1	PERCENT	Percentage	93	95	99	98	99	100	100	99.67949	99.335898	2017	99.67949	Global Health Observatory (GHO), World Health Organisation (WHO).	
2018.Q2.G.01	SH_IHR_CAPPRD	Average of 13 International Health Regulations (IHR) core capacities	40	14.14172472	47.58704857	AUT	Austria	1	PERCENT	Percentage	86	96	93	90	91	87	87	68.21569	84.643138	2017	68.21569	Global Health Observatory (GHO), World Health Organisation (WHO).	
2018.Q2.G.01	SH_IHR_CAPPRD	Average of 13 International Health Regulations (IHR) core capacities	44	-78.05111663	24.69546597	BHS	Bahamas	1	PERCENT	Percentage	59	57			61	59	75	77.78353	68.1958825	2017	77.78353	Global Health Observatory (GHO), World Health Organisation (WHO).	
2018.Q2.G.01	SH_IHR_CAPPRD	Average of 13 International Health Regulations (IHR) core capacities	48	50.5490754	26.04407747	BHR	Bahrain	1	PERCENT	Percentage	67	73	85	84	92	96	96	93.04323	92.208646	2017	93.04323	Global Health Observatory (GHO), World Health Organisation (WHO).	
2018.Q2.G.01	SH_IHR_CAPPRD	Average of 13 International Health Regulations (IHR) core capacities	50	89.17660788	22.86961622	BGD	Bangladesh	1	PERCENT	Percentage	68	60	67	77	82	85	76	77.74591	79.549182	2017	77.74591	Global Health Observatory (GHO), World Health Organisation (WHO).	
2018.Q2.G.01	SH_IHR_CAPPRD	Average of 13 International Health Regulations (IHR) core capacities	51	44.93839317	40.29499741	ARM	Armenia	1	PERCENT	Percentage	75	76	89	92	94	96		95.3356	94.3339	2017	95.3356	Global Health Observatory (GHO), World Health Organisation (WHO).	
2018.Q2.G.01	SH_IHR_CAPPRD	Average of 13 International Health Regulations (IHR) core capacities	52	-59.5346489	13.13648273	BRB	Barbados	1	PERCENT	Percentage	60	73	69	78	71	90	84	91.94527	82.989054	2017	91.94527	Global Health Observatory (GHO), World Health Organisation (WHO).	
2018.Q2.G.01	SH_IHR_CAPPRD	Average of 13 International Health Regulations (IHR) core capacities	56	4.660976456	50.64104975	BEL	Belgium	1	PERCENT	Percentage	74	74	82	81	82	82	82	82.90359	81.980718	2017	82.90359	Global Health Observatory (GHO), World Health Organisation (WHO).	
2018.Q2.G.01	SH_IHR_CAPPRD	Average of 13 International Health Regulations (IHR) core capacities	60	-64.78155012	32.27881922	BMU	Bermuda	1	PERCENT	Percentage													
2018.Q2.G.01	SH_IHR_CAPPRD	Average of 13 International Health Regulations (IHR) core capacities	64	90.45098484	27.39598568	BTN	Bhutan	1	PERCENT	Percentage	29	50		35	59	65	76	73.39328	61.678656	2017	73.39328	Global Health Observatory (GHO), World Health Organisation (WHO).	
2018.Q2.G.01	SH_IHR_CAPPRD	Average of 13 International Health Regulations (IHR) core capacities	68	-64.66224284	-16.71273412	BOL	Bolivia (Plurinational State of)	1	PERCENT	Percentage		35	57	64	61	67	77	76.38551	69.077102	2017	76.38551	Global Health Observatory (GHO), World Health Organisation (WHO).	
2018.Q2.G.01	SH_IHR_CAPPRD	Average of 13 International Health Regulations (IHR) core capacities	70	17.78584332	44.16845548	BIH	Bosnia and Herzegovina	1	PERCENT	Percentage	38	45			56	55	57	57.98547	56.4963675	2017	57.98547	Global Health Observatory (GHO), World Health Organisation (WHO).	
2018.Q2.G.01	SH_IHR_CAPPRD	Average of 13 International Health Regulations (IHR) core capacities	72	23.81380223	-22.18810073	BWA	Botswana	1	PERCENT	Percentage	47			35		56		42.08349	44.3611633333333	2017	42.08349	Global Health Observatory (GHO), World Health Organisation (WHO).	
2018.Q2.G.01	SH_IHR_CAPPRD	Average of 13 International Health Regulations (IHR) core capacities	74	3.410732868	-54.43295905	BVT	Bouvet Island	1	PERCENT	Percentage													
2018.Q2.G.01	SH_IHR_CAPPRD	Average of 13 International Health Regulations (IHR) core capacities	76	-53.08432878	-10.77668561	BRA	Brazil	1	PERCENT	Percentage	53	81		89	96	97	97	96.141	95.0282	2017	96.141	Global Health Observatory (GHO), World Health Organisation (WHO).	
2018.Q2.G.01	SH_IHR_CAPPRD	Average of 13 International Health Regulations (IHR) core capacities	84	-88.70199554	17.19965901	BLZ	Belize	1	PERCENT	Percentage	32	47	49	43		55			49	2015	55	Global Health Observatory (GHO), World Health Organisation (WHO).	
2018.Q2.G.01	SH_IHR_CAPPRD	Average of 13 International Health Regulations (IHR) core capacities	86	72.38715553	-7.299281071	IOT	British Indian Ocean Territory	1	PERCENT	Percentage													
2018.Q2.G.01	SH_IHR_CAPPRD	Average of 13 International Health Regulations (IHR) core capacities	90	160.1584117	-9.622391719	SLB	Solomon Islands	1	PERCENT	Percentage			32	48	56	57		56.91624	54.47906	2017	56.91624	Global Health Observatory (GHO), World Health Organisation (WHO).	
2018.Q2.G.01	SH_IHR_CAPPRD	Average of 13 International Health Regulations (IHR) core capacities	92	-64.63294223	18.42256578	VGB	British Virgin Islands	1	PERCENT	Percentage													
2018.Q2.G.01	SH_IHR_CAPPRD	Average of 13 International Health Regulations (IHR) core capacities	96	114.6288563	4.49736984	BRN	Brunei Darussalam	1	PERCENT	Percentage	51	54	68	82	88	91		67.16072	82.04018	2017	67.16072	Global Health Observatory (GHO), World Health Organisation (WHO).	
2018.Q2.G.01	SH_IHR_CAPPRD	Average of 13 International Health Regulations (IHR) core capacities	100	25.23763153	42.75731323	BGR	Bulgaria	1	PERCENT	Percentage		62			69				69	2014	69	Global Health Observatory (GHO), World Health Organisation (WHO).	
2018.Q2.G.01	SH_IHR_CAPPRD	Average of 13 International Health Regulations (IHR) core capacities	104	96.51752295	21.19332882	MMR	Myanmar	1	PERCENT	Percentage	73	93	82	84	84	86	84	62.18526	80.037052	2017	62.18526	Global Health Observatory (GHO), World Health Organisation (WHO).	
2018.Q2.G.01	SH_IHR_CAPPRD	Average of 13 International Health Regulations (IHR) core capacities	108	29.89080992	-3.366387428	BDI	Burundi	1	PERCENT	Percentage		15	39	36	62	56	62	24.89843	48.179686	2017	24.89843	Global Health Observatory (GHO), World Health Organisation (WHO).	
2018.Q2.G.01	SH_IHR_CAPPRD	Average of 13 International Health Regulations (IHR) core capacities	112	28.04940161	53.54193075	BLR	Belarus	1	PERCENT	Percentage		73			90				90	2014	90	Global Health Observatory (GHO), World Health Organisation (WHO).	
2018.Q2.G.01	SH_IHR_CAPPRD	Average of 13 International Health Regulations (IHR) core capacities	116	104.922836	12.71163737	KHM	Cambodia	1	PERCENT	Percentage	46	49	49	42	41	50	55	80.65395	53.73079	2017	80.65395	Global Health Observatory (GHO), World Health Organisation (WHO).	
2018.Q2.G.01	SH_IHR_CAPPRD	Average of 13 International Health Regulations (IHR) core capacities	120	12.7419827	5.692387031	CMR	Cameroon	1	PERCENT	Percentage	46	65	65	89	91		54	57.35698	72.839245	2017	57.35698	Global Health Observatory (GHO), World Health Organisation (WHO).	
2018.Q2.G.01	SH_IHR_CAPPRD	Average of 13 International Health Regulations (IHR) core capacities	124	-101.6575058	57.72360191	CAN	Canada	1	PERCENT	Percentage	71	95	98	99	100	100	100	100	99.8	2017	100	Global Health Observatory (GHO), World Health Organisation (WHO).	
2018.Q2.G.01	SH_IHR_CAPPRD	Average of 13 International Health Regulations (IHR) core capacities	132	-23.63544151	15.07791834	CPV	Cabo Verde	1	PERCENT	Percentage	58						62	64.51923	63.259615	2017	64.51923	Global Health Observatory (GHO), World Health Organisation (WHO).	
2018.Q2.G.01	SH_IHR_CAPPRD	Average of 13 International Health Regulations (IHR) core capacities	136	-81.16740559	19.32266656	CYM	Cayman Islands	1	PERCENT	Percentage													
2018.Q2.G.01	SH_IHR_CAPPRD	Average of 13 International Health Regulations (IHR) core capacities	140	20.93559492	7.003720791	CAF	Central African Republic	1	PERCENT	Percentage		28		19	24		29	26.88327	24.7208175	2017	26.88327	Global Health Observatory (GHO), World Health Organisation (WHO).	
2018.Q2.G.01	SH_IHR_CAPPRD	Average of 13 International Health Regulations (IHR) core capacities	144	80.70489654	7.614693343	LKA	Sri Lanka	1	PERCENT	Percentage	60	61	73	67	71	71	79	75.74534	72.749068	2017	75.74534	Global Health Observatory (GHO), World Health Organisation (WHO).	
2018.Q2.G.01	SH_IHR_CAPPRD	Average of 13 International Health Regulations (IHR) core capacities	148	18.66618401	15.36279341	TCD	Chad	1	PERCENT	Percentage		28		34		40	40	44.47054	39.617635	2017	44.47054	Global Health Observatory (GHO), World Health Organisation (WHO).	
2018.Q2.G.01	SH_IHR_CAPPRD	Average of 13 International Health Regulations (IHR) core capacities	152	-71.23029019	-35.2652885	CHL	Chile	1	PERCENT	Percentage		87	66	73	72	75	79	83.64106	76.528212	2017	83.64106	Global Health Observatory (GHO), World Health Organisation (WHO).	
2018.Q2.G.01	SH_IHR_CAPPRD	Average of 13 International Health Regulations (IHR) core capacities	156	104.1403375	32.30955217	CHN	China	1	PERCENT	Percentage	87	89	86	94	98	99	98	100	97.8	2017	100	Global Health Observatory (GHO), World Health Organisation (WHO).	
2018.Q2.G.01	SH_IHR_CAPPRD	Average of 13 International Health Regulations (IHR) core capacities	162	105.6426067	-10.4882473	CXR	Christmas Island	1	PERCENT	Percentage													
2018.Q2.G.01	SH_IHR_CAPPRD	Average of 13 International Health Regulations (IHR) core capacities	166	96.82633757	-12.18600682	CCK	Cocos (Keeling) Islands	1	PERCENT	Percentage													
2018.Q2.G.01	SH_IHR_CAPPRD	Average of 13 International Health Regulations (IHR) core capacities	170	-73.07446751	3.888209046	COL	Colombia	1	PERCENT	Percentage	78	48	70	74	75	85	89	88.15664	82.231328	2017	88.15664	Global Health Observatory (GHO), World Health Organisation (WHO).	
2018.Q2.G.01	SH_IHR_CAPPRD	Average of 13 International Health Regulations (IHR) core capacities	174	43.34234565	-11.66121732	COM	Comoros	1	PERCENT	Percentage				29				37.36737	33.183685	2017	37.36737	Global Health Observatory (GHO), World Health Organisation (WHO).	
2018.Q2.G.01	SH_IHR_CAPPRD	Average of 13 International Health Regulations (IHR) core capacities	175	45.14015057	-12.82217691	MYT	Mayotte	1	PERCENT	Percentage													
2018.Q2.G.01	SH_IHR_CAPPRD	Average of 13 International Health Regulations (IHR) core capacities	178	15.22052612	-0.840544119	COG	Congo	1	PERCENT	Percentage	15	57	65	28			44	30.72331	34.2411033333333	2017	30.72331	Global Health Observatory (GHO), World Health Organisation (WHO).	
2018.Q2.G.01	SH_IHR_CAPPRD	Average of 13 International Health Regulations (IHR) core capacities	180	23.65496507	-2.877154732	COD	Democratic Republic of the Congo	1	PERCENT	Percentage	40	60	65	61	69	75	71	65.21345	68.24269	2017	65.21345	Global Health Observatory (GHO), World Health Organisation (WHO).	
2018.Q2.G.01	SH_IHR_CAPPRD	Average of 13 International Health Regulations (IHR) core capacities	184	-159.7711391	-21.22696458	COK	Cook Islands	1	PERCENT	Percentage			89	89		67	56	43.14556	63.78639	2017	43.14556	Global Health Observatory (GHO), World Health Organisation (WHO).	
2018.Q2.G.01	SH_IHR_CAPPRD	Average of 13 International Health Regulations (IHR) core capacities	188	-84.19712782	9.970998683	CRI	Costa Rica	1	PERCENT	Percentage	77	69	82	89	89	82	86	87.15872	86.631744	2017	87.15872	Global Health Observatory (GHO), World Health Organisation (WHO).	
2018.Q2.G.01	SH_IHR_CAPPRD	Average of 13 International Health Regulations (IHR) core capacities	191	17.95874553	45.45172212	HRV	Croatia	1	PERCENT	Percentage	95	95		96	66	71	71	70.57078	74.914156	2017	70.57078	Global Health Observatory (GHO), World Health Organisation (WHO).	
2018.Q2.G.01	SH_IHR_CAPPRD	Average of 13 International Health Regulations (IHR) core capacities	192	-79.54460144	22.10030366	CUB	Cuba	1	PERCENT	Percentage		92	99	99	96	99	99	99.3007	98.46014	2017	99.3007	Global Health Observatory (GHO), World Health Organisation (WHO).	
2018.Q2.G.01	SH_IHR_CAPPRD	Average of 13 International Health Regulations (IHR) core capacities	196	33.22285964	35.05659437	CYP	Cyprus	1	PERCENT	Percentage	44	51		67	62		93	95.64103	79.4102575	2017	95.64103	Global Health Observatory (GHO), World Health Organisation (WHO).	
2018.Q2.G.01	SH_IHR_CAPPRD	Average of 13 International Health Regulations (IHR) core capacities	203	15.33151382	49.73913871	CZE	Czechia	1	PERCENT	Percentage	86	85	92	88	88	88		93.82146	89.455365	2017	93.82146	Global Health Observatory (GHO), World Health Organisation (WHO).	
2018.Q2.G.01	SH_IHR_CAPPRD	Average of 13 International Health Regulations (IHR) core capacities	204	2.339933594	9.65401646	BEN	Benin	1	PERCENT	Percentage	57	46	43		44		28	30.31163	34.1038766666667	2017	30.31163	Global Health Observatory (GHO), World Health Organisation (WHO).	
2018.Q2.G.01	SH_IHR_CAPPRD	Average of 13 International Health Regulations (IHR) core capacities	208	9.326571283	56.03829721	DNK	Denmark	1	PERCENT	Percentage	73	75		86	91	91	89	89.58557	89.317114	2017	89.58557	Global Health Observatory (GHO), World Health Organisation (WHO).	
2018.Q2.G.01	SH_IHR_CAPPRD	Average of 13 International Health Regulations (IHR) core capacities	212	-61.3493756	15.43391378	DMA	Dominica	1	PERCENT	Percentage	43	57	57	69	69	62	62	61.65546	64.731092	2017	61.65546	Global Health Observatory (GHO), World Health Organisation (WHO).	
2018.Q2.G.01	SH_IHR_CAPPRD	Average of 13 International Health Regulations (IHR) core capacities	214	-70.49847576	18.89832088	DOM	Dominican Republic	1	PERCENT	Percentage	52		54	72	73	70	71	54.89981	68.179962	2017	54.89981	Global Health Observatory (GHO), World Health Organisation (WHO).	
2018.Q2.G.01	SH_IHR_CAPPRD	Average of 13 International Health Regulations (IHR) core capacities	218	-78.37005241	-1.447785891	ECU	Ecuador	1	PERCENT	Percentage	41	52	40	44	79	89	81	80.9791	74.79582	2017	80.9791	Global Health Observatory (GHO), World Health Organisation (WHO).	
2018.Q2.G.01	SH_IHR_CAPPRD	Average of 13 International Health Regulations (IHR) core capacities	222	-88.86862995	13.73603564	SLV	El Salvador	1	PERCENT	Percentage		74	81	90	93	93	94	92.51556	92.503112	2017	92.51556	Global Health Observatory (GHO), World Health Organisation (WHO).	
2018.Q2.G.01	SH_IHR_CAPPRD	Average of 13 International Health Regulations (IHR) core capacities	226	10.46535826	1.565792376	GNQ	Equatorial Guinea	1	PERCENT	Percentage		1		27				26.82054	26.91027	2017	26.82054	Global Health Observatory (GHO), World Health Organisation (WHO).	
2018.Q2.G.01	SH_IHR_CAPPRD	Average of 13 International Health Regulations (IHR) core capacities	231	39.63505296	8.631223181	ETH	Ethiopia	1	PERCENT	Percentage	40	70	77		77	78	79	79.11332	78.27833	2017	79.11332	Global Health Observatory (GHO), World Health Organisation (WHO).	
2018.Q2.G.01	SH_IHR_CAPPRD	Average of 13 International Health Regulations (IHR) core capacities	232	38.11074289	16.12894644	ERI	Eritrea	1	PERCENT	Percentage	44	45		59	70	71	49	49.28016	59.656032	2017	49.28016	Global Health Observatory (GHO), World Health Organisation (WHO).	
2018.Q2.G.01	SH_IHR_CAPPRD	Average of 13 International Health Regulations (IHR) core capacities	233	25.84093481	58.68487172	EST	Estonia	1	PERCENT	Percentage	65	66	64	77	77	72	71	70.01811	73.403622	2017	70.01811	Global Health Observatory (GHO), World Health Organisation (WHO).	
2018.Q2.G.01	SH_IHR_CAPPRD	Average of 13 International Health Regulations (IHR) core capacities	234	-7.122044325	62.21228119	FRO	Faroe Islands	1	PERCENT	Percentage													
2018.Q2.G.01	SH_IHR_CAPPRD	Average of 13 International Health Regulations (IHR) core capacities	238	-58.75246778	-51.74562601	FLK	Falkland Islands (Malvinas)	1	PERCENT	Percentage													
2018.Q2.G.01	SH_IHR_CAPPRD	Average of 13 International Health Regulations (IHR) core capacities	239	-36.90662765	-54.20736749	SGS	South Georgia and the South Sandwich Islands	1	PERCENT	Percentage													
2018.Q2.G.01	SH_IHR_CAPPRD	Average of 13 International Health Regulations (IHR) core capacities	242	177.9660884	-17.83301566	FJI	Fiji	1	PERCENT	Percentage	31		43	95	98				96.5	2014	98	Global Health Observatory (GHO), World Health Organisation (WHO).	
2018.Q2.G.01	SH_IHR_CAPPRD	Average of 13 International Health Regulations (IHR) core capacities	246	23.308447	61.91586738	FIN	Finland	1	PERCENT	Percentage	83	86	96	88	88	96			90.6666666666667	2015	96	Global Health Observatory (GHO), World Health Organisation (WHO).	
2018.Q2.G.01	SH_IHR_CAPPRD	Average of 13 International Health Regulations (IHR) core capacities	248	19.80945969	60.1544901	ALA	Åland Islands	1	PERCENT	Percentage													
2018.Q2.G.01	SH_IHR_CAPPRD	Average of 13 International Health Regulations (IHR) core capacities	250	2.457288129	46.62660861	FRA	France	1	PERCENT	Percentage	63	78	81	85	86	89	89	89.40559	87.681118	2017	89.40559	Global Health Observatory (GHO), World Health Organisation (WHO).	
2018.Q2.G.01	SH_IHR_CAPPRD	Average of 13 International Health Regulations (IHR) core capacities	254	-53.23619089	3.922673437	GUF	French Guiana	1	PERCENT	Percentage													
2018.Q2.G.01	SH_IHR_CAPPRD	Average of 13 International Health Regulations (IHR) core capacities	258	-149.4052367	-17.67709294	PYF	French Polynesia	1	PERCENT	Percentage													
2018.Q2.G.01	SH_IHR_CAPPRD	Average of 13 International Health Regulations (IHR) core capacities	260	69.64849091	-49.6068576	ATF	French Southern Territories	1	PERCENT	Percentage													
2018.Q2.G.01	SH_IHR_CAPPRD	Average of 13 International Health Regulations (IHR) core capacities	262	42.18274707	11.56004161	DJI	Djibouti	1	PERCENT	Percentage			39	43	46			33.175	40.725	2017	33.175	Global Health Observatory (GHO), World Health Organisation (WHO).	
2018.Q2.G.01	SH_IHR_CAPPRD	Average of 13 International Health Regulations (IHR) core capacities	266	11.78727747	-0.60687619	GAB	Gabon	1	PERCENT	Percentage		48					52	51.68062	51.84031	2017	51.68062	Global Health Observatory (GHO), World Health Organisation (WHO).	
2018.Q2.G.01	SH_IHR_CAPPRD	Average of 13 International Health Regulations (IHR) core capacities	268	43.3713615	42.04813028	GEO	Georgia	1	PERCENT	Percentage	93	91	89	91	90	81	82	73.60889	83.521778	2017	73.60889	Global Health Observatory (GHO), World Health Organisation (WHO).	
2018.Q2.G.01	SH_IHR_CAPPRD	Average of 13 International Health Regulations (IHR) core capacities	270	-15.39944785	13.45295927	GMB	Gambia	1	PERCENT	Percentage	50	53		62	33			27.16959	40.7231966666667	2017	27.16959	Global Health Observatory (GHO), World Health Organisation (WHO).	
2018.Q2.G.01	SH_IHR_CAPPRD	Average of 13 International Health Regulations (IHR) core capacities	275	35.25694122	31.94347933	PSE	State of Palestine	1	PERCENT	Percentage													
2018.Q2.G.01	SH_IHR_CAPPRD	Average of 13 International Health Regulations (IHR) core capacities	276	10.3806066	51.08862743	DEU	Germany	1	PERCENT	Percentage	81	86	92		99			96.53846	97.76923	2017	96.53846	Global Health Observatory (GHO), World Health Organisation (WHO).	
2018.Q2.G.01	SH_IHR_CAPPRD	Average of 13 International Health Regulations (IHR) core capacities	288	-1.205623522	7.964825185	GHA	Ghana	1	PERCENT	Percentage	57	39	51	66	69		74	73.70528	70.67632	2017	73.70528	Global Health Observatory (GHO), World Health Organisation (WHO).	
2018.Q2.G.01	SH_IHR_CAPPRD	Average of 13 International Health Regulations (IHR) core capacities	292	-5.347561686	36.13895036	GIB	Gibraltar	1	PERCENT	Percentage													
2018.Q2.G.01	SH_IHR_CAPPRD	Average of 13 International Health Regulations (IHR) core capacities	296	-157.5643005	1.768837732	KIR	Kiribati	1	PERCENT	Percentage	59	57	65	70	60				65	2014	60	Global Health Observatory (GHO), World Health Organisation (WHO).	
2018.Q2.G.01	SH_IHR_CAPPRD	Average of 13 International Health Regulations (IHR) core capacities	300	22.58307827	39.47301873	GRC	Greece	1	PERCENT	Percentage	76									2010	76	Global Health Observatory (GHO), World Health Organisation (WHO).	
2018.Q2.G.01	SH_IHR_CAPPRD	Average of 13 International Health Regulations (IHR) core capacities	304	-41.39371316	74.75625681	GRL	Greenland	1	PERCENT	Percentage													
2018.Q2.G.01	SH_IHR_CAPPRD	Average of 13 International Health Regulations (IHR) core capacities	308	-61.68248568	12.11238395	GRD	Grenada	1	PERCENT	Percentage		57	48	58		66	66		63.3333333333333	2016	66	Global Health Observatory (GHO), World Health Organisation (WHO).	
2018.Q2.G.01	SH_IHR_CAPPRD	Average of 13 International Health Regulations (IHR) core capacities	312	-61.64762115	16.14416917	GLP	Guadeloupe	1	PERCENT	Percentage													
2018.Q2.G.01	SH_IHR_CAPPRD	Average of 13 International Health Regulations (IHR) core capacities	316	144.7029305	13.35485404	GUM	Guam	1	PERCENT	Percentage													
2018.Q2.G.01	SH_IHR_CAPPRD	Average of 13 International Health Regulations (IHR) core capacities	320	-91.2312746	15.00273719	GTM	Guatemala	1	PERCENT	Percentage		62	66	88	59	85	55		71.75	2016	55	Global Health Observatory (GHO), World Health Organisation (WHO).	
2018.Q2.G.01	SH_IHR_CAPPRD	Average of 13 International Health Regulations (IHR) core capacities	324	-11.28173419	11.00210343	GIN	Guinea	1	PERCENT	Percentage		13			52	51		59.48091	54.1603033333333	2017	59.48091	Global Health Observatory (GHO), World Health Organisation (WHO).	
2018.Q2.G.01	SH_IHR_CAPPRD	Average of 13 International Health Regulations (IHR) core capacities	328	-58.97322037	4.788012784	GUY	Guyana	1	PERCENT	Percentage	33	73	76	77	79	81		88.61395	81.4034875	2017	88.61395	Global Health Observatory (GHO), World Health Organisation (WHO).	
2018.Q2.G.01	SH_IHR_CAPPRD	Average of 13 International Health Regulations (IHR) core capacities	332	-72.33640958	18.40426539	HTI	Haiti	1	PERCENT	Percentage		30		45	41	48	56	61.47323	50.294646	2017	61.47323	Global Health Observatory (GHO), World Health Organisation (WHO).	
2018.Q2.G.01	SH_IHR_CAPPRD	Average of 13 International Health Regulations (IHR) core capacities	334	73.52633626	-53.09106147	HMD	Heard Island and McDonald Islands	1	PERCENT	Percentage													
2018.Q2.G.01	SH_IHR_CAPPRD	Average of 13 International Health Regulations (IHR) core capacities	336	12.45315803	41.90343751	VAT	Holy See	1	PERCENT	Percentage													
2018.Q2.G.01	SH_IHR_CAPPRD	Average of 13 International Health Regulations (IHR) core capacities	340	-86.59974381	14.82243161	HND	Honduras	1	PERCENT	Percentage	46	44	49	52	49	74	83	70.06648	65.613296	2017	70.06648	Global Health Observatory (GHO), World Health Organisation (WHO).	
2018.Q2.G.01	SH_IHR_CAPPRD	Average of 13 International Health Regulations (IHR) core capacities	344	114.0266445	22.41749934	HKG	China, Hong Kong Special Administrative Region	1	PERCENT	Percentage													
2018.Q2.G.01	SH_IHR_CAPPRD	Average of 13 International Health Regulations (IHR) core capacities	348	19.41221519	47.1651448	HUN	Hungary	1	PERCENT	Percentage	68	87	81	97	82	86	85	81.88941	86.377882	2017	81.88941	Global Health Observatory (GHO), World Health Organisation (WHO).	
2018.Q2.G.01	SH_IHR_CAPPRD	Average of 13 International Health Regulations (IHR) core capacities	352	-19.02116966	64.79134763	ISL	Iceland	1	PERCENT	Percentage		61	79		84		72	72.19752	76.06584	2017	72.19752	Global Health Observatory (GHO), World Health Organisation (WHO).	
2018.Q2.G.01	SH_IHR_CAPPRD	Average of 13 International Health Regulations (IHR) core capacities	356	79.3608464	22.34642074	IND	India	1	PERCENT	Percentage	73	68	84	94			98	95.27778	95.75926	2017	95.27778	Global Health Observatory (GHO), World Health Organisation (WHO).	
2018.Q2.G.01	SH_IHR_CAPPRD	Average of 13 International Health Regulations (IHR) core capacities	360	113.9174	-0.994582204	IDN	Indonesia	1	PERCENT	Percentage	83	82	86	93	95	96	99	98.92751	96.385502	2017	98.92751	Global Health Observatory (GHO), World Health Organisation (WHO).	
2018.Q2.G.01	SH_IHR_CAPPRD	Average of 13 International Health Regulations (IHR) core capacities	364	54.19766348	32.74370885	IRN	Iran (Islamic Republic of)	1	PERCENT	Percentage	64	66	91	92	84	85		76.22517	84.3062925	2017	76.22517	Global Health Observatory (GHO), World Health Organisation (WHO).	
2018.Q2.G.01	SH_IHR_CAPPRD	Average of 13 International Health Regulations (IHR) core capacities	368	43.76606267	33.05013795	IRQ	Iraq	1	PERCENT	Percentage	49	70	72	93	91			88.88033	90.96011	2017	88.88033	Global Health Observatory (GHO), World Health Organisation (WHO).	
2018.Q2.G.01	SH_IHR_CAPPRD	Average of 13 International Health Regulations (IHR) core capacities	372	-7.121425272	53.25274054	IRL	Ireland	1	PERCENT	Percentage	52	51	78							2012	78	Global Health Observatory (GHO), World Health Organisation (WHO).	
2018.Q2.G.01	SH_IHR_CAPPRD	Average of 13 International Health Regulations (IHR) core capacities	376	34.62277992	31.06164552	ISR	Israel	1	PERCENT	Percentage	55					71	71		71	2016	71	Global Health Observatory (GHO), World Health Organisation (WHO).	
2018.Q2.G.01	SH_IHR_CAPPRD	Average of 13 International Health Regulations (IHR) core capacities	380	12.57022427	42.79917282	ITA	Italy	1	PERCENT	Percentage	75	77					90		90	2016	90	Global Health Observatory (GHO), World Health Organisation (WHO).	
2018.Q2.G.01	SH_IHR_CAPPRD	Average of 13 International Health Regulations (IHR) core capacities	384	-5.552690016	7.62211586	CIV	Côte d'Ivoire	1	PERCENT	Percentage		52		87			78	86.59348	83.8644933333333	2017	86.59348	Global Health Observatory (GHO), World Health Organisation (WHO).	
2018.Q2.G.01	SH_IHR_CAPPRD	Average of 13 International Health Regulations (IHR) core capacities	388	-77.31068409	18.15616857	JAM	Jamaica	1	PERCENT	Percentage	32	83	79	61	55	81	83		70	2016	83	Global Health Observatory (GHO), World Health Organisation (WHO).	
2018.Q2.G.01	SH_IHR_CAPPRD	Average of 13 International Health Regulations (IHR) core capacities	392	139.2716103	36.6554539	JPN	Japan	1	PERCENT	Percentage	94	99	99	99	97	100	100	99.57265	99.11453	2017	99.57265	Global Health Observatory (GHO), World Health Organisation (WHO).	
2018.Q2.G.01	SH_IHR_CAPPRD	Average of 13 International Health Regulations (IHR) core capacities	398	66.65359159	48.01963494	KAZ	Kazakhstan	1	PERCENT	Percentage		83	86	82	85	78			81.6666666666667	2015	78	Global Health Observatory (GHO), World Health Organisation (WHO).	
2018.Q2.G.01	SH_IHR_CAPPRD	Average of 13 International Health Regulations (IHR) core capacities	400	37.13024774	30.65365973	JOR	Jordan	1	PERCENT	Percentage	84	88	85	85	97		78	72.2867	83.071675	2017	72.2867	Global Health Observatory (GHO), World Health Organisation (WHO).	
2018.Q2.G.01	SH_IHR_CAPPRD	Average of 13 International Health Regulations (IHR) core capacities	404	37.86096816	0.534797278	KEN	Kenya	1	PERCENT	Percentage	61	73	66	69				57.70173	63.350865	2017	57.70173	Global Health Observatory (GHO), World Health Organisation (WHO).	
2018.Q2.G.01	SH_IHR_CAPPRD	Average of 13 International Health Regulations (IHR) core capacities	408	127.1803633	40.1462645	PRK	Democratic People's Republic of Korea	1	PERCENT	Percentage	59	39	54	64	69	73	73	66.81925	69.16385	2017	66.81925	Global Health Observatory (GHO), World Health Organisation (WHO).	
2018.Q2.G.01	SH_IHR_CAPPRD	Average of 13 International Health Regulations (IHR) core capacities	410	127.8610254	36.45201023	KOR	Republic of Korea	1	PERCENT	Percentage	74		100	100	100			97.8953	99.2984333333333	2017	97.8953	Global Health Observatory (GHO), World Health Organisation (WHO).	
2018.Q2.G.01	SH_IHR_CAPPRD	Average of 13 International Health Regulations (IHR) core capacities	414	47.49305029	29.53949468	KWT	Kuwait	1	PERCENT	Percentage	63	73	77	86	85	86	85	84.86283	85.372566	2017	84.86283	Global Health Observatory (GHO), World Health Organisation (WHO).	
2018.Q2.G.01	SH_IHR_CAPPRD	Average of 13 International Health Regulations (IHR) core capacities	417	74.52324839	41.46204516	KGZ	Kyrgyzstan	1	PERCENT	Percentage		50								2011	50	Global Health Observatory (GHO), World Health Organisation (WHO).	
2018.Q2.G.01	SH_IHR_CAPPRD	Average of 13 International Health Regulations (IHR) core capacities	418	101.9901968	20.27482773	LAO	Lao People's Democratic Republic	1	PERCENT	Percentage	51	50	31	55	60	74	75		66	2016	75	Global Health Observatory (GHO), World Health Organisation (WHO).	
2018.Q2.G.01	SH_IHR_CAPPRD	Average of 13 International Health Regulations (IHR) core capacities	422	35.89391711	33.92152458	LBN	Lebanon	1	PERCENT	Percentage	55	51	57	71	76			79.9983	75.6661	2017	79.9983	Global Health Observatory (GHO), World Health Organisation (WHO).	
2018.Q2.G.01	SH_IHR_CAPPRD	Average of 13 International Health Regulations (IHR) core capacities	426	28.25362195	-29.58041814	LSO	Lesotho	1	PERCENT	Percentage	42	47		63			74	62.03581	66.34527	2017	62.03581	Global Health Observatory (GHO), World Health Organisation (WHO).	
2018.Q2.G.01	SH_IHR_CAPPRD	Average of 13 International Health Regulations (IHR) core capacities	428	26.42461876	56.64196636	LVA	Latvia	1	PERCENT	Percentage	65	79	83		91	90	91	89.86047	90.4651175	2017	89.86047	Global Health Observatory (GHO), World Health Organisation (WHO).	
2018.Q2.G.01	SH_IHR_CAPPRD	Average of 13 International Health Regulations (IHR) core capacities	430	-9.311879038	6.448381009	LBR	Liberia	1	PERCENT	Percentage	38	26						75.60322	75.60322	2017	75.60322	Global Health Observatory (GHO), World Health Organisation (WHO).	
2018.Q2.G.01	SH_IHR_CAPPRD	Average of 13 International Health Regulations (IHR) core capacities	434	18.0295985	27.04042819	LBY	Libya	1	PERCENT	Percentage	54	55	44	60	65	65	64	63.56529	63.513058	2017	63.56529	Global Health Observatory (GHO), World Health Organisation (WHO).	
2018.Q2.G.01	SH_IHR_CAPPRD	Average of 13 International Health Regulations (IHR) core capacities	438	9.552985019	47.14167005	LIE	Liechtenstein	1	PERCENT	Percentage													
2018.Q2.G.01	SH_IHR_CAPPRD	Average of 13 International Health Regulations (IHR) core capacities	440	23.90517807	55.33680309	LTU	Lithuania	1	PERCENT	Percentage	71	77	84	85	82	83	82	76.85833	81.771666	2017	76.85833	Global Health Observatory (GHO), World Health Organisation (WHO).	
2018.Q2.G.01	SH_IHR_CAPPRD	Average of 13 International Health Regulations (IHR) core capacities	442	6.092656563	49.77679538	LUX	Luxembourg	1	PERCENT	Percentage	44	64	62	87	88	88	88	88.41447	87.882894	2017	88.41447	Global Health Observatory (GHO), World Health Organisation (WHO).	
2018.Q2.G.01	SH_IHR_CAPPRD	Average of 13 International Health Regulations (IHR) core capacities	446	113.5665388	22.1237259	MAC	China, Macao Special Administrative Region	1	PERCENT	Percentage													
2018.Q2.G.01	SH_IHR_CAPPRD	Average of 13 International Health Regulations (IHR) core capacities	450	46.6982339	-19.38514785	MDG	Madagascar	1	PERCENT	Percentage		27		29	29			42.63219	33.5440633333333	2017	42.63219	Global Health Observatory (GHO), World Health Organisation (WHO).	
2018.Q2.G.01	SH_IHR_CAPPRD	Average of 13 International Health Regulations (IHR) core capacities	454	33.4884625	-13.40819859	MWI	Malawi	1	PERCENT	Percentage		64			40			56.13057	48.065285	2017	56.13057	Global Health Observatory (GHO), World Health Organisation (WHO).	
2018.Q2.G.01	SH_IHR_CAPPRD	Average of 13 International Health Regulations (IHR) core capacities	458	116.8346314	5.452415309	MYS	Malaysia	1	PERCENT	Percentage	91	100	100	100	100	99	100		99.75	2016	100	Global Health Observatory (GHO), World Health Organisation (WHO).	
2018.Q2.G.01	SH_IHR_CAPPRD	Average of 13 International Health Regulations (IHR) core capacities	462	73.09672546	-0.614385021	MDV	Maldives	1	PERCENT	Percentage	64	49	58	68	66	60	60	62.53817	63.307634	2017	62.53817	Global Health Observatory (GHO), World Health Organisation (WHO).	
2018.Q2.G.01	SH_IHR_CAPPRD	Average of 13 International Health Regulations (IHR) core capacities	466	-3.522016039	17.35311254	MLI	Mali	1	PERCENT	Percentage		55						40.15007	40.15007	2017	40.15007	Global Health Observatory (GHO), World Health Organisation (WHO).	
2018.Q2.G.01	SH_IHR_CAPPRD	Average of 13 International Health Regulations (IHR) core capacities	470	14.44617519	35.89194275	MLT	Malta	1	PERCENT	Percentage		59	70	76	76		85	78.5618	78.89045	2017	78.5618	Global Health Observatory (GHO), World Health Organisation (WHO).	
2018.Q2.G.01	SH_IHR_CAPPRD	Average of 13 International Health Regulations (IHR) core capacities	474	-60.91544135	14.56086108	MTQ	Martinique	1	PERCENT	Percentage													
2018.Q2.G.01	SH_IHR_CAPPRD	Average of 13 International Health Regulations (IHR) core capacities	478	-10.33187259	20.26089546	MRT	Mauritania	1	PERCENT	Percentage	27	20	25		31	28		31.59345	30.1978166666667	2017	31.59345	Global Health Observatory (GHO), World Health Organisation (WHO).	
2018.Q2.G.01	SH_IHR_CAPPRD	Average of 13 International Health Regulations (IHR) core capacities	480	57.568022	-20.28581998	MUS	Mauritius	1	PERCENT	Percentage				55	68	68	70	70.73044	66.346088	2017	70.73044	Global Health Observatory (GHO), World Health Organisation (WHO).	
2018.Q2.G.01	SH_IHR_CAPPRD	Average of 13 International Health Regulations (IHR) core capacities	484	-102.5148166	23.93378032	MEX	Mexico	1	PERCENT	Percentage	43	66	76	89	95	96	97	94.48285	94.29657	2017	94.48285	Global Health Observatory (GHO), World Health Organisation (WHO).	
2018.Q2.G.01	SH_IHR_CAPPRD	Average of 13 International Health Regulations (IHR) core capacities	492	7.424214814	43.73532918	MCO	Monaco	1	PERCENT	Percentage		59	63	73	79		79	81.24149	78.0603725	2017	81.24149	Global Health Observatory (GHO), World Health Organisation (WHO).	
2018.Q2.G.01	SH_IHR_CAPPRD	Average of 13 International Health Regulations (IHR) core capacities	496	103.0728057	46.83892054	MNG	Mongolia	1	PERCENT	Percentage	81	82	69	79	75	86		86.70353	81.6758825	2017	86.70353	Global Health Observatory (GHO), World Health Organisation (WHO).	
2018.Q2.G.01	SH_IHR_CAPPRD	Average of 13 International Health Regulations (IHR) core capacities	498	28.4650624	47.20236795	MDA	Republic of Moldova	1	PERCENT	Percentage	66	75	74		77	78	81		78.6666666666667	2016	81	Global Health Observatory (GHO), World Health Organisation (WHO).	
2018.Q2.G.01	SH_IHR_CAPPRD	Average of 13 International Health Regulations (IHR) core capacities	499	19.25214024	42.78717043	MNE	Montenegro	1	PERCENT	Percentage			56	55	55	55	56	55.80356	55.360712	2017	55.80356	Global Health Observatory (GHO), World Health Organisation (WHO).	
2018.Q2.G.01	SH_IHR_CAPPRD	Average of 13 International Health Regulations (IHR) core capacities	500	-62.19261223	16.73558313	MSR	Montserrat	1	PERCENT	Percentage													
2018.Q2.G.01	SH_IHR_CAPPRD	Average of 13 International Health Regulations (IHR) core capacities	504	-6.281942841	31.8440131	MAR	Morocco	1	PERCENT	Percentage	84	89	92	97	95		95	95.28002	95.570005	2017	95.28002	Global Health Observatory (GHO), World Health Organisation (WHO).	
2018.Q2.G.01	SH_IHR_CAPPRD	Average of 13 International Health Regulations (IHR) core capacities	508	38.18479941	-14.27963886	MOZ	Mozambique	1	PERCENT	Percentage	28	53	51	54		67		68.90454	63.3015133333333	2017	68.90454	Global Health Observatory (GHO), World Health Organisation (WHO).	
2018.Q2.G.01	SH_IHR_CAPPRD	Average of 13 International Health Regulations (IHR) core capacities	512	57.87743482	21.98805614	OMN	Oman	1	PERCENT	Percentage	75	98	92	86	80	94	95	90.02331	89.004662	2017	90.02331	Global Health Observatory (GHO), World Health Organisation (WHO).	
2018.Q2.G.01	SH_IHR_CAPPRD	Average of 13 International Health Regulations (IHR) core capacities	516	17.21907885	-22.13817068	NAM	Namibia	1	PERCENT	Percentage					66		81	78.52735	75.1757833333333	2017	78.52735	Global Health Observatory (GHO), World Health Organisation (WHO).	
2018.Q2.G.01	SH_IHR_CAPPRD	Average of 13 International Health Regulations (IHR) core capacities	520	166.92313	-0.528742623	NRU	Nauru	1	PERCENT	Percentage	41				42				42	2014	42	Global Health Observatory (GHO), World Health Organisation (WHO).	
2018.Q2.G.01	SH_IHR_CAPPRD	Average of 13 International Health Regulations (IHR) core capacities	524	83.94678863	28.25866332	NPL	Nepal	1	PERCENT	Percentage	45	52	42	61	66	72	72	22.41633	58.683266	2017	22.41633	Global Health Observatory (GHO), World Health Organisation (WHO).	
2018.Q2.G.01	SH_IHR_CAPPRD	Average of 13 International Health Regulations (IHR) core capacities	528	5.331480568	51.86728884	NLD	Netherlands	1	PERCENT	Percentage		72	85	91	91	94	94	94.60059	92.920118	2017	94.60059	Global Health Observatory (GHO), World Health Organisation (WHO).	
2018.Q2.G.01	SH_IHR_CAPPRD	Average of 13 International Health Regulations (IHR) core capacities	530	-68.30676179	12.22720635	ANT	Netherlands Antilles	1	PERCENT	Percentage													
2018.Q2.G.01	SH_IHR_CAPPRD	Average of 13 International Health Regulations (IHR) core capacities	531	-68.95033464	12.15058042	CUW	Curaçao	1	PERCENT	Percentage													
2018.Q2.G.01	SH_IHR_CAPPRD	Average of 13 International Health Regulations (IHR) core capacities	533	-69.97050586	12.50878756	ABW	Aruba	1	PERCENT	Percentage													
2018.Q2.G.01	SH_IHR_CAPPRD	Average of 13 International Health Regulations (IHR) core capacities	534	-63.06198692	18.03926508	SXM	Sint Maarten (Dutch part)	1	PERCENT	Percentage													
2018.Q2.G.01	SH_IHR_CAPPRD	Average of 13 International Health Regulations (IHR) core capacities	540	165.5067368	-21.41742531	NCL	New Caledonia	1	PERCENT	Percentage													
2018.Q2.G.01	SH_IHR_CAPPRD	Average of 13 International Health Regulations (IHR) core capacities	548	167.0679779	-15.34445547	VUT	Vanuatu	1	PERCENT	Percentage	8		11	68		43		34.69003	48.5633433333333	2017	34.69003	Global Health Observatory (GHO), World Health Organisation (WHO).	
2018.Q2.G.01	SH_IHR_CAPPRD	Average of 13 International Health Regulations (IHR) core capacities	554	170.4755673	-43.98721568	NZL	New Zealand	1	PERCENT	Percentage	86	93	96	98	99	98	96	98.22844	97.845688	2017	98.22844	Global Health Observatory (GHO), World Health Organisation (WHO).	
2018.Q2.G.01	SH_IHR_CAPPRD	Average of 13 International Health Regulations (IHR) core capacities	558	-85.03060315	12.84210839	NIC	Nicaragua	1	PERCENT	Percentage		71	76	88	93	76	88	91.01085	87.20217	2017	91.01085	Global Health Observatory (GHO), World Health Organisation (WHO).	
2018.Q2.G.01	SH_IHR_CAPPRD	Average of 13 International Health Regulations (IHR) core capacities	562	9.400167877	17.42143036	NER	Niger	1	PERCENT	Percentage				74		73	75	73.55179	73.8879475	2017	73.55179	Global Health Observatory (GHO), World Health Organisation (WHO).	
2018.Q2.G.01	SH_IHR_CAPPRD	Average of 13 International Health Regulations (IHR) core capacities	566	8.097363256	9.585789025	NGA	Nigeria	1	PERCENT	Percentage		38	36	52	57	67	66	50.60997	58.521994	2017	50.60997	Global Health Observatory (GHO), World Health Organisation (WHO).	
2018.Q2.G.01	SH_IHR_CAPPRD	Average of 13 International Health Regulations (IHR) core capacities	570	-169.8601693	-19.05000475	NIU	Niue	1	PERCENT	Percentage			41	54	61				57.5	2014	61	Global Health Observatory (GHO), World Health Organisation (WHO).	
2018.Q2.G.01	SH_IHR_CAPPRD	Average of 13 International Health Regulations (IHR) core capacities	574	167.9515548	-29.03230018	NFK	Norfolk Island	1	PERCENT	Percentage													
2018.Q2.G.01	SH_IHR_CAPPRD	Average of 13 International Health Regulations (IHR) core capacities	578	11.47846389	61.34311134	NOR	Norway	1	PERCENT	Percentage			93	98	98	98	98	99.40828	98.281656	2017	99.40828	Global Health Observatory (GHO), World Health Organisation (WHO).	
2018.Q2.G.01	SH_IHR_CAPPRD	Average of 13 International Health Regulations (IHR) core capacities	580	145.7582114	15.19099517	MNP	Northern Mariana Islands	1	PERCENT	Percentage													
2018.Q2.G.01	SH_IHR_CAPPRD	Average of 13 International Health Regulations (IHR) core capacities	581	-162.4343752	5.874443968	UMI	US Minor Outlying Islands	1	PERCENT	Percentage													
2018.Q2.G.01	SH_IHR_CAPPRD	Average of 13 International Health Regulations (IHR) core capacities	583	158.225216	6.880670092	FSM	Micronesia, Federated States of	1	PERCENT	Percentage	32	36	73	35	62	64	86	85.77775	66.55555	2017	85.77775	Global Health Observatory (GHO), World Health Organisation (WHO).	
2018.Q2.G.01	SH_IHR_CAPPRD	Average of 13 International Health Regulations (IHR) core capacities	584	171.0839119	7.110213497	MHL	Marshall Islands	1	PERCENT	Percentage	73	53	46	51				56.95815	53.979075	2017	56.95815	Global Health Observatory (GHO), World Health Organisation (WHO).	
2018.Q2.G.01	SH_IHR_CAPPRD	Average of 13 International Health Regulations (IHR) core capacities	585	134.5733878	7.502307591	PLW	Palau	1	PERCENT	Percentage	58	79	90	84	92	91	91	91.48205	89.89641	2017	91.48205	Global Health Observatory (GHO), World Health Organisation (WHO).	
2018.Q2.G.01	SH_IHR_CAPPRD	Average of 13 International Health Regulations (IHR) core capacities	586	68.80479684	29.36491634	PAK	Pakistan	1	PERCENT	Percentage	24		33	42	43		53	51.04112	47.26028	2017	51.04112	Global Health Observatory (GHO), World Health Organisation (WHO).	
2018.Q2.G.01	SH_IHR_CAPPRD	Average of 13 International Health Regulations (IHR) core capacities	591	-81.26616623	8.450965746	PAN	Panama	1	PERCENT	Percentage		65	78	71	68	68	71	75.69974	70.739948	2017	75.69974	Global Health Observatory (GHO), World Health Organisation (WHO).	
2018.Q2.G.01	SH_IHR_CAPPRD	Average of 13 International Health Regulations (IHR) core capacities	598	145.8587761	-6.756057077	PNG	Papua New Guinea	1	PERCENT	Percentage		47	46	54	64				59	2014	64	Global Health Observatory (GHO), World Health Organisation (WHO).	
2018.Q2.G.01	SH_IHR_CAPPRD	Average of 13 International Health Regulations (IHR) core capacities	600	-60.54854225	-21.70216237	PRY	Paraguay	1	PERCENT	Percentage		83	60	75		82	79	77.32249	78.3306225	2017	77.32249	Global Health Observatory (GHO), World Health Organisation (WHO).	
2018.Q2.G.01	SH_IHR_CAPPRD	Average of 13 International Health Regulations (IHR) core capacities	604	-71.82093277	-13.58939705	PER	Peru	1	PERCENT	Percentage			62	75	85	89	70	65.84124	76.968248	2017	65.84124	Global Health Observatory (GHO), World Health Organisation (WHO).	
2018.Q2.G.01	SH_IHR_CAPPRD	Average of 13 International Health Regulations (IHR) core capacities	608	120.8601418	14.16591706	PHL	Philippines	1	PERCENT	Percentage	54	74	75	75	84	84	87	81.34406	82.268812	2017	81.34406	Global Health Observatory (GHO), World Health Organisation (WHO).	
2018.Q2.G.01	SH_IHR_CAPPRD	Average of 13 International Health Regulations (IHR) core capacities	612	-128.3225873	-24.37538456	PCN	Pitcairn	1	PERCENT	Percentage													
2018.Q2.G.01	SH_IHR_CAPPRD	Average of 13 International Health Regulations (IHR) core capacities	616	19.40660158	52.1226733	POL	Poland	1	PERCENT	Percentage	66	73	76	82	74		74	73.75013	75.9375325	2017	73.75013	Global Health Observatory (GHO), World Health Organisation (WHO).	
2018.Q2.G.01	SH_IHR_CAPPRD	Average of 13 International Health Regulations (IHR) core capacities	620	-7.961599811	39.68509315	PRT	Portugal	1	PERCENT	Percentage		93			93	94	93	90.82395	92.7059875	2017	90.82395	Global Health Observatory (GHO), World Health Organisation (WHO).	
2018.Q2.G.01	SH_IHR_CAPPRD	Average of 13 International Health Regulations (IHR) core capacities	624	-14.40182514	12.11760394	GNB	Guinea-Bissau	1	PERCENT	Percentage					36	50	49	53.4374	47.10935	2017	53.4374	Global Health Observatory (GHO), World Health Organisation (WHO).	
2018.Q2.G.01	SH_IHR_CAPPRD	Average of 13 International Health Regulations (IHR) core capacities	626	125.9451052	-8.797497247	TLS	Timor-Leste	1	PERCENT	Percentage	37	35	44	51	63	66	66	72	63.6	2017	72	Global Health Observatory (GHO), World Health Organisation (WHO).	
2018.Q2.G.01	SH_IHR_CAPPRD	Average of 13 International Health Regulations (IHR) core capacities	630	-66.47591017	18.22753799	PRI	Puerto Rico	1	PERCENT	Percentage													
2018.Q2.G.01	SH_IHR_CAPPRD	Average of 13 International Health Regulations (IHR) core capacities	634	51.19152467	25.28355379	QAT	Qatar	1	PERCENT	Percentage	69	84	83	91	97			75.5632	87.8544	2017	75.5632	Global Health Observatory (GHO), World Health Organisation (WHO).	
2018.Q2.G.01	SH_IHR_CAPPRD	Average of 13 International Health Regulations (IHR) core capacities	638	55.53171398	-21.13183266	REU	Réunion	1	PERCENT	Percentage													
2018.Q2.G.01	SH_IHR_CAPPRD	Average of 13 International Health Regulations (IHR) core capacities	642	24.98481009	45.83893563	ROU	Romania	1	PERCENT	Percentage	67	69		68	76	78	77	76.1956	75.03912	2017	76.1956	Global Health Observatory (GHO), World Health Organisation (WHO).	
2018.Q2.G.01	SH_IHR_CAPPRD	Average of 13 International Health Regulations (IHR) core capacities	643	99.01404926	61.61899849	RUS	Russian Federation	1	PERCENT	Percentage	94	96			81	81	99		87	2016	99	Global Health Observatory (GHO), World Health Organisation (WHO).	
2018.Q2.G.01	SH_IHR_CAPPRD	Average of 13 International Health Regulations (IHR) core capacities	646	29.92310194	-1.999842114	RWA	Rwanda	1	PERCENT	Percentage				35	41	41		66.05677	45.7641925	2017	66.05677	Global Health Observatory (GHO), World Health Organisation (WHO).	
2018.Q2.G.01	SH_IHR_CAPPRD	Average of 13 International Health Regulations (IHR) core capacities	652	-62.83173536	17.89513362	BLM	Saint Barthélemy	1	PERCENT	Percentage													
2018.Q2.G.01	SH_IHR_CAPPRD	Average of 13 International Health Regulations (IHR) core capacities	654	-5.705752501	-15.96503946	SHN	Saint Helena	1	PERCENT	Percentage													
2018.Q2.G.01	SH_IHR_CAPPRD	Average of 13 International Health Regulations (IHR) core capacities	659	-62.76628613	17.33994219	KNA	Saint Kitts and Nevis	1	PERCENT	Percentage			57	58		60		51.62214	56.5407133333333	2017	51.62214	Global Health Observatory (GHO), World Health Organisation (WHO).	
2018.Q2.G.01	SH_IHR_CAPPRD	Average of 13 International Health Regulations (IHR) core capacities	660	-63.05651612	18.21525315	AIA	Anguilla	1	PERCENT	Percentage													
2018.Q2.G.01	SH_IHR_CAPPRD	Average of 13 International Health Regulations (IHR) core capacities	662	-60.96529553	13.89405601	LCA	Saint Lucia	1	PERCENT	Percentage	29	38	38		44	58	77		59.6666666666667	2016	77	Global Health Observatory (GHO), World Health Organisation (WHO).	
2018.Q2.G.01	SH_IHR_CAPPRD	Average of 13 International Health Regulations (IHR) core capacities	663	-63.04505461	18.0882685	MAF	Saint Martin (French Part)	1	PERCENT	Percentage													
2018.Q2.G.01	SH_IHR_CAPPRD	Average of 13 International Health Regulations (IHR) core capacities	666	-56.33682442	46.85812735	SPM	Saint Pierre and Miquelon	1	PERCENT	Percentage													
2018.Q2.G.01	SH_IHR_CAPPRD	Average of 13 International Health Regulations (IHR) core capacities	670	-61.19024321	13.24627968	VCT	Saint Vincent and the Grenadines	1	PERCENT	Percentage			35	58	49	35	65		51.75	2016	65	Global Health Observatory (GHO), World Health Organisation (WHO).	
2018.Q2.G.01	SH_IHR_CAPPRD	Average of 13 International Health Regulations (IHR) core capacities	674	12.46329038	43.93841766	SMR	San Marino	1	PERCENT	Percentage	40							61.05894	61.05894	2017	61.05894	Global Health Observatory (GHO), World Health Organisation (WHO).	
2018.Q2.G.01	SH_IHR_CAPPRD	Average of 13 International Health Regulations (IHR) core capacities	678	6.609772265	0.241554875	STP	Sao Tome and Principe	1	PERCENT	Percentage	24	22	20	16	16	16	16	15.91339	15.982678	2017	15.91339	Global Health Observatory (GHO), World Health Organisation (WHO).	
2018.Q2.G.01	SH_IHR_CAPPRD	Average of 13 International Health Regulations (IHR) core capacities	682	44.54763347	24.12594211	SAU	Saudi Arabia	1	PERCENT	Percentage	90	96	95	100	99		97	98.79057	98.6976425	2017	98.79057	Global Health Observatory (GHO), World Health Organisation (WHO).	
2018.Q2.G.01	SH_IHR_CAPPRD	Average of 13 International Health Regulations (IHR) core capacities	686	-14.46636926	14.35920905	SEN	Senegal	1	PERCENT	Percentage		30	30					44.36037	44.36037	2017	44.36037	Global Health Observatory (GHO), World Health Organisation (WHO).	
2018.Q2.G.01	SH_IHR_CAPPRD	Average of 13 International Health Regulations (IHR) core capacities	688	20.805876	44.03145697	SRB	Serbia	1	PERCENT	Percentage		11			47		40	43.90568	43.6352266666667	2017	43.90568	Global Health Observatory (GHO), World Health Organisation (WHO).	
2018.Q2.G.01	SH_IHR_CAPPRD	Average of 13 International Health Regulations (IHR) core capacities	690	55.46561591	-4.678053059	SYC	Seychelles	1	PERCENT	Percentage	18	39	42	54	76	82	88	86.89439	77.378878	2017	86.89439	Global Health Observatory (GHO), World Health Organisation (WHO).	
2018.Q2.G.01	SH_IHR_CAPPRD	Average of 13 International Health Regulations (IHR) core capacities	694	-11.78306584	8.568604164	SLE	Sierra Leone	1	PERCENT	Percentage	19	58		59	64		47	69.55711	59.8892775	2017	69.55711	Global Health Observatory (GHO), World Health Organisation (WHO).	
2018.Q2.G.01	SH_IHR_CAPPRD	Average of 13 International Health Regulations (IHR) core capacities	702	103.8107883	1.361009155	SGP	Singapore	1	PERCENT	Percentage	97	99	99	99	99	99	99	99.40828	99.081656	2017	99.40828	Global Health Observatory (GHO), World Health Organisation (WHO).	
2018.Q2.G.01	SH_IHR_CAPPRD	Average of 13 International Health Regulations (IHR) core capacities	703	19.48495604	48.70741446	SVK	Slovakia	1	PERCENT	Percentage	64	73	79	96	95	96	95	94.85941	95.371882	2017	94.85941	Global Health Observatory (GHO), World Health Organisation (WHO).	
2018.Q2.G.01	SH_IHR_CAPPRD	Average of 13 International Health Regulations (IHR) core capacities	704	105.802499	10.09643079	VNM	Viet Nam	1	PERCENT	Percentage	73	69	65	77	96	99	99	95.21181	93.242362	2017	95.21181	Global Health Observatory (GHO), World Health Organisation (WHO).	
2018.Q2.G.01	SH_IHR_CAPPRD	Average of 13 International Health Regulations (IHR) core capacities	705	14.82209486	46.11958061	SVN	Slovenia	1	PERCENT	Percentage	70	66	58	61	68	75	74	77.30682	71.061364	2017	77.30682	Global Health Observatory (GHO), World Health Organisation (WHO).	
2018.Q2.G.01	SH_IHR_CAPPRD	Average of 13 International Health Regulations (IHR) core capacities	706	46.20367477	4.406485729	SOM	Somalia	1	PERCENT	Percentage				16	6			29.30403	17.1013433333333	2017	29.30403	Global Health Observatory (GHO), World Health Organisation (WHO).	
2018.Q2.G.01	SH_IHR_CAPPRD	Average of 13 International Health Regulations (IHR) core capacities	710	24.67184355	-29.99957544	ZAF	South Africa	1	PERCENT	Percentage	66	80	75	76	100	100		90.58858	91.647145	2017	90.58858	Global Health Observatory (GHO), World Health Organisation (WHO).	
2018.Q2.G.01	SH_IHR_CAPPRD	Average of 13 International Health Regulations (IHR) core capacities	716	29.86909584	-19.00075492	ZWE	Zimbabwe	1	PERCENT	Percentage		48			68		73	72.26451	71.08817	2017	72.26451	Global Health Observatory (GHO), World Health Organisation (WHO).	
2018.Q2.G.01	SH_IHR_CAPPRD	Average of 13 International Health Regulations (IHR) core capacities	724	-3.554078296	40.39211472	ESP	Spain	1	PERCENT	Percentage	42	66	87	52	93	90	95	94.84784	84.969568	2017	94.84784	Global Health Observatory (GHO), World Health Organisation (WHO).	
2018.Q2.G.01	SH_IHR_CAPPRD	Average of 13 International Health Regulations (IHR) core capacities	728	30.32618773	7.290839152	SSD	South Sudan	1	PERCENT	Percentage				43	46	50		34.39963	43.3499075	2017	34.39963	Global Health Observatory (GHO), World Health Organisation (WHO).	
2018.Q2.G.01	SH_IHR_CAPPRD	Average of 13 International Health Regulations (IHR) core capacities	732	-13.13515523	24.66265342	ESH	Western Sahara	1	PERCENT	Percentage													
2018.Q2.G.01	SH_IHR_CAPPRD	Average of 13 International Health Regulations (IHR) core capacities	736	29.95650159	16.02643066	SDN	Sudan	1	PERCENT	Percentage													
2018.Q2.G.01	SH_IHR_CAPPRD	Average of 13 International Health Regulations (IHR) core capacities	740	-55.90626394	4.132603197	SUR	Suriname	1	PERCENT	Percentage		43	48	61	71	71	72	71.50659	69.301318	2017	71.50659	Global Health Observatory (GHO), World Health Organisation (WHO).	
2018.Q2.G.01	SH_IHR_CAPPRD	Average of 13 International Health Regulations (IHR) core capacities	744	13.38071013	78.82894131	SJM	Svalbard and Jan Mayen Islands	1	PERCENT	Percentage													
2018.Q2.G.01	SH_IHR_CAPPRD	Average of 13 International Health Regulations (IHR) core capacities	748	31.50149288	-26.56471011	SWZ	Swaziland	1	PERCENT	Percentage	46	53	40	40	61	50		74.6404	56.4101	2017	74.6404	Global Health Observatory (GHO), World Health Organisation (WHO).	
2018.Q2.G.01	SH_IHR_CAPPRD	Average of 13 International Health Regulations (IHR) core capacities	752	14.3775338	60.60103109	SWE	Sweden	1	PERCENT	Percentage	83	88	97	92	92	92	93	92.71128	92.342256	2017	92.71128	Global Health Observatory (GHO), World Health Organisation (WHO).	
2018.Q2.G.01	SH_IHR_CAPPRD	Average of 13 International Health Regulations (IHR) core capacities	756	8.223158	46.96617097	CHE	Switzerland	1	PERCENT	Percentage	79	86	85	88	91	91	92	91.27872	90.655744	2017	91.27872	Global Health Observatory (GHO), World Health Organisation (WHO).	
2018.Q2.G.01	SH_IHR_CAPPRD	Average of 13 International Health Regulations (IHR) core capacities	760	38.50466565	35.01676176	SYR	Syrian Arab Republic (Syria)	1	PERCENT	Percentage	45	48	58	54	63			64.04382	60.34794	2017	64.04382	Global Health Observatory (GHO), World Health Organisation (WHO).	
2018.Q2.G.01	SH_IHR_CAPPRD	Average of 13 International Health Regulations (IHR) core capacities	762	69.294998	38.43069666	TJK	Tajikistan	1	PERCENT	Percentage		80	73		94	89			91.5	2015	89	Global Health Observatory (GHO), World Health Organisation (WHO).	
2018.Q2.G.01	SH_IHR_CAPPRD	Average of 13 International Health Regulations (IHR) core capacities	764	101.0202951	15.13089239	THA	Thailand	1	PERCENT	Percentage	65	90	82	93	98		98	97.07459	96.5186475	2017	97.07459	Global Health Observatory (GHO), World Health Organisation (WHO).	
2018.Q2.G.01	SH_IHR_CAPPRD	Average of 13 International Health Regulations (IHR) core capacities	768	0.97835765	8.532096072	TGO	Togo	1	PERCENT	Percentage	11	27		50	61	68		64.3992	60.8498	2017	64.3992	Global Health Observatory (GHO), World Health Organisation (WHO).	
2018.Q2.G.01	SH_IHR_CAPPRD	Average of 13 International Health Regulations (IHR) core capacities	772	-171.8154473	-9.214545558	TKL	Tokelau	1	PERCENT	Percentage													
2018.Q2.G.01	SH_IHR_CAPPRD	Average of 13 International Health Regulations (IHR) core capacities	776	-175.1959991	-21.19511329	TON	Tonga	1	PERCENT	Percentage	59	48	53	74					74	2013	74	Global Health Observatory (GHO), World Health Organisation (WHO).	
2018.Q2.G.01	SH_IHR_CAPPRD	Average of 13 International Health Regulations (IHR) core capacities	780	-61.29389504	10.41877263	TTO	Trinidad and Tobago	1	PERCENT	Percentage	55		63	68	70	70	73	71.64085	70.52817	2017	71.64085	Global Health Observatory (GHO), World Health Organisation (WHO).	
2018.Q2.G.01	SH_IHR_CAPPRD	Average of 13 International Health Regulations (IHR) core capacities	784	53.98279159	23.43322219	ARE	United Arab Emirates	1	PERCENT	Percentage	36	50	56	88	92	91	91	96.78419	91.756838	2017	96.78419	Global Health Observatory (GHO), World Health Organisation (WHO).	
2018.Q2.G.01	SH_IHR_CAPPRD	Average of 13 International Health Regulations (IHR) core capacities	788	9.572737411	34.11439971	TUN	Tunisia	1	PERCENT	Percentage		63	63	56	65		55	57.42388	58.35597	2017	57.42388	Global Health Observatory (GHO), World Health Organisation (WHO).	
2018.Q2.G.01	SH_IHR_CAPPRD	Average of 13 International Health Regulations (IHR) core capacities	792	35.42890329	38.9899684	TUR	Turkey	1	PERCENT	Percentage	62		82		78			87.59634	82.79817	2017	87.59634	Global Health Observatory (GHO), World Health Organisation (WHO).	
2018.Q2.G.01	SH_IHR_CAPPRD	Average of 13 International Health Regulations (IHR) core capacities	795	58.9787665	40.0912346	TKM	Turkmenistan	1	PERCENT	Percentage		81			84				84	2014	84	Global Health Observatory (GHO), World Health Organisation (WHO).	
2018.Q2.G.01	SH_IHR_CAPPRD	Average of 13 International Health Regulations (IHR) core capacities	796	-71.745121	21.80780585	TCA	Turks and Caicos Islands	1	PERCENT	Percentage													
2018.Q2.G.01	SH_IHR_CAPPRD	Average of 13 International Health Regulations (IHR) core capacities	798	178.6679611	-7.460048071	TUV	Tuvalu	1	PERCENT	Percentage			91	83		89		54.15183	75.3839433333333	2017	54.15183	Global Health Observatory (GHO), World Health Organisation (WHO).	
2018.Q2.G.01	SH_IHR_CAPPRD	Average of 13 International Health Regulations (IHR) core capacities	800	32.39100438	1.279557331	UGA	Uganda	1	PERCENT	Percentage	36	58	47	73				58.39556	65.69778	2017	58.39556	Global Health Observatory (GHO), World Health Organisation (WHO).	
2018.Q2.G.01	SH_IHR_CAPPRD	Average of 13 International Health Regulations (IHR) core capacities	804	31.40270802	49.00735945	UKR	Ukraine	1	PERCENT	Percentage						97		49.49854	73.24927	2017	49.49854	Global Health Observatory (GHO), World Health Organisation (WHO).	
2018.Q2.G.01	SH_IHR_CAPPRD	Average of 13 International Health Regulations (IHR) core capacities	807	21.7007909	41.60048068	MKD	Macedonia, Republic of	1	PERCENT	Percentage		47		72	88	89	90	90.14165	85.82833	2017	90.14165	Global Health Observatory (GHO), World Health Organisation (WHO).	
2018.Q2.G.01	SH_IHR_CAPPRD	Average of 13 International Health Regulations (IHR) core capacities	818	29.77468534	26.57438204	EGY	Egypt	1	PERCENT	Percentage	88	83	82	88	93		94	96.39546	92.848865	2017	96.39546	Global Health Observatory (GHO), World Health Organisation (WHO).	
2018.Q2.G.01	SH_IHR_CAPPRD	Average of 13 International Health Regulations (IHR) core capacities	826	-2.23830539	53.27691757	GBR	United Kingdom	1	PERCENT	Percentage							88	89.37915	88.689575	2017	89.37915	Global Health Observatory (GHO), World Health Organisation (WHO).	
2018.Q2.G.01	SH_IHR_CAPPRD	Average of 13 International Health Regulations (IHR) core capacities	831	-2.200712402	49.71561166	GGY	Guernsey	1	PERCENT	Percentage													
2018.Q2.G.01	SH_IHR_CAPPRD	Average of 13 International Health Regulations (IHR) core capacities	832	-2.136773508	49.22353354	JEY	Jersey	1	PERCENT	Percentage													
2018.Q2.G.01	SH_IHR_CAPPRD	Average of 13 International Health Regulations (IHR) core capacities	833	-4.538190305	54.22880901	IMN	Isle of Man	1	PERCENT	Percentage													
2018.Q2.G.01	SH_IHR_CAPPRD	Average of 13 International Health Regulations (IHR) core capacities	834	34.80521182	-6.265332606	TZA	Tanzania, United Republic of	1	PERCENT	Percentage		51	49	53	58	67		69.14708	61.78677	2017	69.14708	Global Health Observatory (GHO), World Health Organisation (WHO).	
2018.Q2.G.01	SH_IHR_CAPPRD	Average of 13 International Health Regulations (IHR) core capacities	840	-99.13830311	39.5277871	USA	United States of America	1	PERCENT	Percentage	87	88	96	96	97	97	96	100	97.2	2017	100	Global Health Observatory (GHO), World Health Organisation (WHO).	
2018.Q2.G.01	SH_IHR_CAPPRD	Average of 13 International Health Regulations (IHR) core capacities	850	-64.76960113	17.73297693	VIR	United States Virgin Islands	1	PERCENT	Percentage													
2018.Q2.G.01	SH_IHR_CAPPRD	Average of 13 International Health Regulations (IHR) core capacities	854	-1.742843829	12.27491081	BFA	Burkina Faso	1	PERCENT	Percentage			42	64	50			44.73519	52.91173	2017	44.73519	Global Health Observatory (GHO), World Health Organisation (WHO).	
2018.Q2.G.01	SH_IHR_CAPPRD	Average of 13 International Health Regulations (IHR) core capacities	858	-56.01387025	-32.8002838	URY	Uruguay	1	PERCENT	Percentage				89		83	82	87.3195	85.329875	2017	87.3195	Global Health Observatory (GHO), World Health Organisation (WHO).	
2018.Q2.G.01	SH_IHR_CAPPRD	Average of 13 International Health Regulations (IHR) core capacities	860	63.11944558	41.77560518	UZB	Uzbekistan	1	PERCENT	Percentage		90			83				83	2014	83	Global Health Observatory (GHO), World Health Organisation (WHO).	
2018.Q2.G.01	SH_IHR_CAPPRD	Average of 13 International Health Regulations (IHR) core capacities	862	-66.15642084	7.121324748	VEN	Venezuela (Bolivarian Republic)	1	PERCENT	Percentage		46	78	84	87	90	94	94.30275	89.86055	2017	94.30275	Global Health Observatory (GHO), World Health Organisation (WHO).	
2018.Q2.G.01	SH_IHR_CAPPRD	Average of 13 International Health Regulations (IHR) core capacities	876	-176.2034788	-13.28471201	WLF	Wallis and Futuna Islands	1	PERCENT	Percentage													
2018.Q2.G.01	SH_IHR_CAPPRD	Average of 13 International Health Regulations (IHR) core capacities	882	-172.4430749	-13.61541469	WSM	Samoa	1	PERCENT	Percentage		67	58	71	76	75			74	2015	75	Global Health Observatory (GHO), World Health Organisation (WHO).	
2018.Q2.G.01	SH_IHR_CAPPRD	Average of 13 International Health Regulations (IHR) core capacities	887	45.22389143	15.22242099	YEM	Yemen	1	PERCENT	Percentage			48	43	46			48.32332	45.77444	2017	48.32332	Global Health Observatory (GHO), World Health Organisation (WHO).	
2018.Q2.G.01	SH_IHR_CAPPRD	Average of 13 International Health Regulations (IHR) core capacities	894	27.850329	-14.59701056	ZMB	Zambia	1	PERCENT	Percentage		66	77	91	92			63.72115	82.2403833333333	2017	63.72115	Global Health Observatory (GHO), World Health Organisation (WHO).	
