series.release	series.code	series.description	geoAreaCode	X	Y	ISO3CD	geoAreaName	sliceId	Units	Units description	2000	2005	2010	2015	2016	last.5.years.mean	latest.year	latest.value	latest.source	latest.nature
2018.Q2.G.01	SH_STA_MALR	Malaria incidence per 1,000 population at risk (per 1,000 population)	4	66.02688198	33.83160199	AFG	Afghanistan	1	PER_1000_POP	Per 1,000 population	140.637	44.059	23.163	22.619	30.786	26.7025	2016	30.786	DHS2000	E
2018.Q2.G.01	SH_STA_MALR	Malaria incidence per 1,000 population at risk (per 1,000 population)	8	20.06660928	41.13897007	ALB	Albania	1	PER_1000_POP	Per 1,000 population										
2018.Q2.G.01	SH_STA_MALR	Malaria incidence per 1,000 population at risk (per 1,000 population)	10	21.47585697	-80.40897662	ATA	Antarctica	1	PER_1000_POP	Per 1,000 population										
2018.Q2.G.01	SH_STA_MALR	Malaria incidence per 1,000 population at risk (per 1,000 population)	12	2.678164227	28.15940032	DZA	Algeria	1	PER_1000_POP	Per 1,000 population	0.591	0.306	0.001	0	0	0	2016	0	DHS2000	E
2018.Q2.G.01	SH_STA_MALR	Malaria incidence per 1,000 population at risk (per 1,000 population)	16	-170.7187269	-14.30587306	ASM	American Samoa	1	PER_1000_POP	Per 1,000 population										
2018.Q2.G.01	SH_STA_MALR	Malaria incidence per 1,000 population at risk (per 1,000 population)	20	1.576257417	42.54548611	AND	Andorra	1	PER_1000_POP	Per 1,000 population										
2018.Q2.G.01	SH_STA_MALR	Malaria incidence per 1,000 population at risk (per 1,000 population)	24	17.57817062	-12.33724746	AGO	Angola	1	PER_1000_POP	Per 1,000 population	240.029	251.098	127.319	123.276	120.262	121.769	2016	120.262	DHS2000	M
2018.Q2.G.01	SH_STA_MALR	Malaria incidence per 1,000 population at risk (per 1,000 population)	28	-61.7999755	17.07761471	ATG	Antigua and Barbuda	1	PER_1000_POP	Per 1,000 population										
2018.Q2.G.01	SH_STA_MALR	Malaria incidence per 1,000 population at risk (per 1,000 population)	31	50.01064725	40.39229544	AZE	Azerbaijan	1	PER_1000_POP	Per 1,000 population	19.184	2.892	0.568	0	0	0	2016	0	DHS2000	E
2018.Q2.G.01	SH_STA_MALR	Malaria incidence per 1,000 population at risk (per 1,000 population)	32	-65.14563274	-35.19446255	ARG	Argentina	1	PER_1000_POP	Per 1,000 population	4.749	2.575	0.136	0	0	0	2016	0	DHS2000	E
2018.Q2.G.01	SH_STA_MALR	Malaria incidence per 1,000 population at risk (per 1,000 population)	36	134.3499412	-25.57717202	AUS	Australia	1	PER_1000_POP	Per 1,000 population										
2018.Q2.G.01	SH_STA_MALR	Malaria incidence per 1,000 population at risk (per 1,000 population)	40	14.14172472	47.58704857	AUT	Austria	1	PER_1000_POP	Per 1,000 population										
2018.Q2.G.01	SH_STA_MALR	Malaria incidence per 1,000 population at risk (per 1,000 population)	44	-78.05111663	24.69546597	BHS	Bahamas	1	PER_1000_POP	Per 1,000 population										
2018.Q2.G.01	SH_STA_MALR	Malaria incidence per 1,000 population at risk (per 1,000 population)	48	50.5490754	26.04407747	BHR	Bahrain	1	PER_1000_POP	Per 1,000 population										
2018.Q2.G.01	SH_STA_MALR	Malaria incidence per 1,000 population at risk (per 1,000 population)	50	89.17660788	22.86961622	BGD	Bangladesh	1	PER_1000_POP	Per 1,000 population	11.045	11.05	8.679	0.868	0.622	0.745	2016	0.622	DHS2000	E
2018.Q2.G.01	SH_STA_MALR	Malaria incidence per 1,000 population at risk (per 1,000 population)	51	44.93839317	40.29499741	ARM	Armenia	1	PER_1000_POP	Per 1,000 population										
2018.Q2.G.01	SH_STA_MALR	Malaria incidence per 1,000 population at risk (per 1,000 population)	52	-59.5346489	13.13648273	BRB	Barbados	1	PER_1000_POP	Per 1,000 population										
2018.Q2.G.01	SH_STA_MALR	Malaria incidence per 1,000 population at risk (per 1,000 population)	56	4.660976456	50.64104975	BEL	Belgium	1	PER_1000_POP	Per 1,000 population										
2018.Q2.G.01	SH_STA_MALR	Malaria incidence per 1,000 population at risk (per 1,000 population)	60	-64.78155012	32.27881922	BMU	Bermuda	1	PER_1000_POP	Per 1,000 population										
2018.Q2.G.01	SH_STA_MALR	Malaria incidence per 1,000 population at risk (per 1,000 population)	64	90.45098484	27.39598568	BTN	Bhutan	1	PER_1000_POP	Per 1,000 population	23.794	6.389	1.377	0.099	0.043	0.071	2016	0.043	DHS2000	E
2018.Q2.G.01	SH_STA_MALR	Malaria incidence per 1,000 population at risk (per 1,000 population)	68	-64.66224284	-16.71273412	BOL	Bolivia (Plurinational State of)	1	PER_1000_POP	Per 1,000 population	29.011	16.694	7.242	3.354	2.674	3.014	2016	2.674	DHS2000	E
2018.Q2.G.01	SH_STA_MALR	Malaria incidence per 1,000 population at risk (per 1,000 population)	70	17.78584332	44.16845548	BIH	Bosnia and Herzegovina	1	PER_1000_POP	Per 1,000 population										
2018.Q2.G.01	SH_STA_MALR	Malaria incidence per 1,000 population at risk (per 1,000 population)	72	23.81380223	-22.18810073	BWA	Botswana	1	PER_1000_POP	Per 1,000 population	79.209	6.936	7.351	1.126	2.401	1.7635	2016	2.401	DHS2000	E
2018.Q2.G.01	SH_STA_MALR	Malaria incidence per 1,000 population at risk (per 1,000 population)	74	3.410732868	-54.43295905	BVT	Bouvet Island	1	PER_1000_POP	Per 1,000 population										
2018.Q2.G.01	SH_STA_MALR	Malaria incidence per 1,000 population at risk (per 1,000 population)	76	-53.08432878	-10.77668561	BRA	Brazil	1	PER_1000_POP	Per 1,000 population	62.791	38.346	19.04	7.515	6.694	7.1045	2016	6.694	DHS2000	E
2018.Q2.G.01	SH_STA_MALR	Malaria incidence per 1,000 population at risk (per 1,000 population)	84	-88.70199554	17.19965901	BLZ	Belize	1	PER_1000_POP	Per 1,000 population	17.416	15.849	1.352	0.073	0.032	0.0525	2016	0.032	DHS2000	E
2018.Q2.G.01	SH_STA_MALR	Malaria incidence per 1,000 population at risk (per 1,000 population)	86	72.38715553	-7.299281071	IOT	British Indian Ocean Territory	1	PER_1000_POP	Per 1,000 population										
2018.Q2.G.01	SH_STA_MALR	Malaria incidence per 1,000 population at risk (per 1,000 population)	90	160.1584117	-9.622391719	SLB	Solomon Islands	1	PER_1000_POP	Per 1,000 population	655.392	644.624	183.525	67.797	144.842	106.3195	2016	144.842	DHS2000	E
2018.Q2.G.01	SH_STA_MALR	Malaria incidence per 1,000 population at risk (per 1,000 population)	92	-64.63294223	18.42256578	VGB	British Virgin Islands	1	PER_1000_POP	Per 1,000 population										
2018.Q2.G.01	SH_STA_MALR	Malaria incidence per 1,000 population at risk (per 1,000 population)	96	114.6288563	4.49736984	BRN	Brunei Darussalam	1	PER_1000_POP	Per 1,000 population										
2018.Q2.G.01	SH_STA_MALR	Malaria incidence per 1,000 population at risk (per 1,000 population)	100	25.23763153	42.75731323	BGR	Bulgaria	1	PER_1000_POP	Per 1,000 population										
2018.Q2.G.01	SH_STA_MALR	Malaria incidence per 1,000 population at risk (per 1,000 population)	104	96.51752295	21.19332882	MMR	Myanmar	1	PER_1000_POP	Per 1,000 population	79.967	79.89	114.094	11.983	7.158	9.5705	2016	7.158	DHS2000	E
2018.Q2.G.01	SH_STA_MALR	Malaria incidence per 1,000 population at risk (per 1,000 population)	108	29.89080992	-3.366387428	BDI	Burundi	1	PER_1000_POP	Per 1,000 population	442.699	284.252	228.229	158.139	156.2	157.1695	2016	156.2	DHS2000	M
2018.Q2.G.01	SH_STA_MALR	Malaria incidence per 1,000 population at risk (per 1,000 population)	112	28.04940161	53.54193075	BLR	Belarus	1	PER_1000_POP	Per 1,000 population										
2018.Q2.G.01	SH_STA_MALR	Malaria incidence per 1,000 population at risk (per 1,000 population)	116	104.922836	12.71163737	KHM	Cambodia	1	PER_1000_POP	Per 1,000 population	152.747	36.088	20.588	13.043	8.896	10.9695	2016	8.896	DHS2000	E
2018.Q2.G.01	SH_STA_MALR	Malaria incidence per 1,000 population at risk (per 1,000 population)	120	12.7419827	5.692387031	CMR	Cameroon	1	PER_1000_POP	Per 1,000 population	431.994	520.542	324.799	274.465	271.268	272.8665	2016	271.268	DHS2000	M
2018.Q2.G.01	SH_STA_MALR	Malaria incidence per 1,000 population at risk (per 1,000 population)	124	-101.6575058	57.72360191	CAN	Canada	1	PER_1000_POP	Per 1,000 population										
2018.Q2.G.01	SH_STA_MALR	Malaria incidence per 1,000 population at risk (per 1,000 population)	132	-23.63544151	15.07791834	CPV	Cabo Verde	1	PER_1000_POP	Per 1,000 population	2.546	1.102	0.72	0.101	0.684	0.3925	2016	0.684	DHS2000	E
2018.Q2.G.01	SH_STA_MALR	Malaria incidence per 1,000 population at risk (per 1,000 population)	136	-81.16740559	19.32266656	CYM	Cayman Islands	1	PER_1000_POP	Per 1,000 population										
2018.Q2.G.01	SH_STA_MALR	Malaria incidence per 1,000 population at risk (per 1,000 population)	140	20.93559492	7.003720791	CAF	Central African Republic	1	PER_1000_POP	Per 1,000 population	416.389	433.895	360.733	309.872	311.559	310.7155	2016	311.559	DHS2000	M
2018.Q2.G.01	SH_STA_MALR	Malaria incidence per 1,000 population at risk (per 1,000 population)	144	80.70489654	7.614693343	LKA	Sri Lanka	1	PER_1000_POP	Per 1,000 population	114.199	0.858	0.346	0	0	0	2016	0	DHS2000	E
2018.Q2.G.01	SH_STA_MALR	Malaria incidence per 1,000 population at risk (per 1,000 population)	148	18.66618401	15.36279341	TCD	Chad	1	PER_1000_POP	Per 1,000 population	228.018	242.339	191.205	168.571	167.595	168.083	2016	167.595	DHS2000	M
2018.Q2.G.01	SH_STA_MALR	Malaria incidence per 1,000 population at risk (per 1,000 population)	152	-71.23029019	-35.2652885	CHL	Chile	1	PER_1000_POP	Per 1,000 population										
2018.Q2.G.01	SH_STA_MALR	Malaria incidence per 1,000 population at risk (per 1,000 population)	156	104.1403375	32.30955217	CHN	China	1	PER_1000_POP	Per 1,000 population	0.03	0.079	0.017	0	0	0	2016	0	DHS2000	E
2018.Q2.G.01	SH_STA_MALR	Malaria incidence per 1,000 population at risk (per 1,000 population)	162	105.6426067	-10.4882473	CXR	Christmas Island	1	PER_1000_POP	Per 1,000 population										
2018.Q2.G.01	SH_STA_MALR	Malaria incidence per 1,000 population at risk (per 1,000 population)	166	96.82633757	-12.18600682	CCK	Cocos (Keeling) Islands	1	PER_1000_POP	Per 1,000 population										
2018.Q2.G.01	SH_STA_MALR	Malaria incidence per 1,000 population at risk (per 1,000 population)	170	-73.07446751	3.888209046	COL	Colombia	1	PER_1000_POP	Per 1,000 population	35.707	26.342	24.482	9.543	17.17	13.3565	2016	17.17	DHS2000	E
2018.Q2.G.01	SH_STA_MALR	Malaria incidence per 1,000 population at risk (per 1,000 population)	174	43.34234565	-11.66121732	COM	Comoros	1	PER_1000_POP	Per 1,000 population	2003.423	13.485	71.794	2.266	1.816	2.041	2016	1.816	DHS2000	E
2018.Q2.G.01	SH_STA_MALR	Malaria incidence per 1,000 population at risk (per 1,000 population)	175	45.14015057	-12.82217691	MYT	Mayotte	1	PER_1000_POP	Per 1,000 population										
2018.Q2.G.01	SH_STA_MALR	Malaria incidence per 1,000 population at risk (per 1,000 population)	178	15.22052612	-0.840544119	COG	Congo	1	PER_1000_POP	Per 1,000 population	323.583	318.759	193.096	206.146	204.657	205.4015	2016	204.657	DHS2000	M
2018.Q2.G.01	SH_STA_MALR	Malaria incidence per 1,000 population at risk (per 1,000 population)	180	23.65496507	-2.877154732	COD	Democratic Republic of the Congo	1	PER_1000_POP	Per 1,000 population	504.337	509.465	446.73	294.802	291.924	293.363	2016	291.924	DHS2000	M
2018.Q2.G.01	SH_STA_MALR	Malaria incidence per 1,000 population at risk (per 1,000 population)	184	-159.7711391	-21.22696458	COK	Cook Islands	1	PER_1000_POP	Per 1,000 population										
2018.Q2.G.01	SH_STA_MALR	Malaria incidence per 1,000 population at risk (per 1,000 population)	188	-84.19712782	9.970998683	CRI	Costa Rica	1	PER_1000_POP	Per 1,000 population	2.659	4.631	0.134	0	0.005	0.0025	2016	0.005	DHS2000	E
2018.Q2.G.01	SH_STA_MALR	Malaria incidence per 1,000 population at risk (per 1,000 population)	191	17.95874553	45.45172212	HRV	Croatia	1	PER_1000_POP	Per 1,000 population										
2018.Q2.G.01	SH_STA_MALR	Malaria incidence per 1,000 population at risk (per 1,000 population)	192	-79.54460144	22.10030366	CUB	Cuba	1	PER_1000_POP	Per 1,000 population										
2018.Q2.G.01	SH_STA_MALR	Malaria incidence per 1,000 population at risk (per 1,000 population)	196	33.22285964	35.05659437	CYP	Cyprus	1	PER_1000_POP	Per 1,000 population										
2018.Q2.G.01	SH_STA_MALR	Malaria incidence per 1,000 population at risk (per 1,000 population)	203	15.33151382	49.73913871	CZE	Czechia	1	PER_1000_POP	Per 1,000 population										
2018.Q2.G.01	SH_STA_MALR	Malaria incidence per 1,000 population at risk (per 1,000 population)	204	2.339933594	9.65401646	BEN	Benin	1	PER_1000_POP	Per 1,000 population	298.787	411.259	323.243	301.802	297.291	299.5465	2016	297.291	DHS2000	M
2018.Q2.G.01	SH_STA_MALR	Malaria incidence per 1,000 population at risk (per 1,000 population)	208	9.326571283	56.03829721	DNK	Denmark	1	PER_1000_POP	Per 1,000 population										
2018.Q2.G.01	SH_STA_MALR	Malaria incidence per 1,000 population at risk (per 1,000 population)	212	-61.3493756	15.43391378	DMA	Dominica	1	PER_1000_POP	Per 1,000 population										
2018.Q2.G.01	SH_STA_MALR	Malaria incidence per 1,000 population at risk (per 1,000 population)	214	-70.49847576	18.89832088	DOM	Dominican Republic	1	PER_1000_POP	Per 1,000 population	0.667	2.01	1.688	0.293	0.317	0.305	2016	0.317	DHS2000	E
2018.Q2.G.01	SH_STA_MALR	Malaria incidence per 1,000 population at risk (per 1,000 population)	218	-78.37005241	-1.447785891	ECU	Ecuador	1	PER_1000_POP	Per 1,000 population	432.404	64.849	6.604	2	3.797	2.8985	2016	3.797	DHS2000	E
2018.Q2.G.01	SH_STA_MALR	Malaria incidence per 1,000 population at risk (per 1,000 population)	222	-88.86862995	13.73603564	SLV	El Salvador	1	PER_1000_POP	Per 1,000 population	1.264	0.109	0.03	0.005	0.02	0.0125	2016	0.02	DHS2000	E
2018.Q2.G.01	SH_STA_MALR	Malaria incidence per 1,000 population at risk (per 1,000 population)	226	10.46535826	1.565792376	GNQ	Equatorial Guinea	1	PER_1000_POP	Per 1,000 population	301.177	374.592	201.912	241.987	238.8	240.3935	2016	238.8	DHS2000	M
2018.Q2.G.01	SH_STA_MALR	Malaria incidence per 1,000 population at risk (per 1,000 population)	231	39.63505296	8.631223181	ETH	Ethiopia	1	PER_1000_POP	Per 1,000 population	185.498	269.818	115.882	59.282	53.089	56.1855	2016	53.089	DHS2000	E
2018.Q2.G.01	SH_STA_MALR	Malaria incidence per 1,000 population at risk (per 1,000 population)	232	38.11074289	16.12894644	ERI	Eritrea	1	PER_1000_POP	Per 1,000 population	16.504	8.291	24.559	11.41	17.191	14.3005	2016	17.191	DHS2000	E
2018.Q2.G.01	SH_STA_MALR	Malaria incidence per 1,000 population at risk (per 1,000 population)	233	25.84093481	58.68487172	EST	Estonia	1	PER_1000_POP	Per 1,000 population										
2018.Q2.G.01	SH_STA_MALR	Malaria incidence per 1,000 population at risk (per 1,000 population)	234	-7.122044325	62.21228119	FRO	Faroe Islands	1	PER_1000_POP	Per 1,000 population										
2018.Q2.G.01	SH_STA_MALR	Malaria incidence per 1,000 population at risk (per 1,000 population)	238	-58.75246778	-51.74562601	FLK	Falkland Islands (Malvinas)	1	PER_1000_POP	Per 1,000 population										
2018.Q2.G.01	SH_STA_MALR	Malaria incidence per 1,000 population at risk (per 1,000 population)	239	-36.90662765	-54.20736749	SGS	South Georgia and the South Sandwich Islands	1	PER_1000_POP	Per 1,000 population										
2018.Q2.G.01	SH_STA_MALR	Malaria incidence per 1,000 population at risk (per 1,000 population)	242	177.9660884	-17.83301566	FJI	Fiji	1	PER_1000_POP	Per 1,000 population										
2018.Q2.G.01	SH_STA_MALR	Malaria incidence per 1,000 population at risk (per 1,000 population)	246	23.308447	61.91586738	FIN	Finland	1	PER_1000_POP	Per 1,000 population										
2018.Q2.G.01	SH_STA_MALR	Malaria incidence per 1,000 population at risk (per 1,000 population)	248	19.80945969	60.1544901	ALA	Åland Islands	1	PER_1000_POP	Per 1,000 population										
2018.Q2.G.01	SH_STA_MALR	Malaria incidence per 1,000 population at risk (per 1,000 population)	250	2.457288129	46.62660861	FRA	France	1	PER_1000_POP	Per 1,000 population										
2018.Q2.G.01	SH_STA_MALR	Malaria incidence per 1,000 population at risk (per 1,000 population)	254	-53.23619089	3.922673437	GUF	French Guiana	1	PER_1000_POP	Per 1,000 population	129.74	88.192	27.071	3.449	1.895	2.672	2016	1.895	DHS2000	E
2018.Q2.G.01	SH_STA_MALR	Malaria incidence per 1,000 population at risk (per 1,000 population)	258	-149.4052367	-17.67709294	PYF	French Polynesia	1	PER_1000_POP	Per 1,000 population										
2018.Q2.G.01	SH_STA_MALR	Malaria incidence per 1,000 population at risk (per 1,000 population)	260	69.64849091	-49.6068576	ATF	French Southern Territories	1	PER_1000_POP	Per 1,000 population										
2018.Q2.G.01	SH_STA_MALR	Malaria incidence per 1,000 population at risk (per 1,000 population)	262	42.18274707	11.56004161	DJI	Djibouti	1	PER_1000_POP	Per 1,000 population	19.387	30.734	4.488	9.687	9.602	9.6445	2016	9.602	DHS2000	M
2018.Q2.G.01	SH_STA_MALR	Malaria incidence per 1,000 population at risk (per 1,000 population)	266	11.78727747	-0.60687619	GAB	Gabon	1	PER_1000_POP	Per 1,000 population	324.8	156.193	134.147	207.893	206.22	207.0565	2016	206.22	DHS2000	M
2018.Q2.G.01	SH_STA_MALR	Malaria incidence per 1,000 population at risk (per 1,000 population)	268	43.3713615	42.04813028	GEO	Georgia	1	PER_1000_POP	Per 1,000 population	12.198	8.113	0	0	0	0	2016	0	DHS2000	E
2018.Q2.G.01	SH_STA_MALR	Malaria incidence per 1,000 population at risk (per 1,000 population)	270	-15.39944785	13.45295927	GMB	Gambia	1	PER_1000_POP	Per 1,000 population	352.968	300.81	256.716	210.172	129.624	169.898	2016	129.624	DHS2000	E
2018.Q2.G.01	SH_STA_MALR	Malaria incidence per 1,000 population at risk (per 1,000 population)	275	35.25694122	31.94347933	PSE	State of Palestine	1	PER_1000_POP	Per 1,000 population										
2018.Q2.G.01	SH_STA_MALR	Malaria incidence per 1,000 population at risk (per 1,000 population)	276	10.3806066	51.08862743	DEU	Germany	1	PER_1000_POP	Per 1,000 population										
2018.Q2.G.01	SH_STA_MALR	Malaria incidence per 1,000 population at risk (per 1,000 population)	288	-1.205623522	7.964825185	GHA	Ghana	1	PER_1000_POP	Per 1,000 population	408.15	358.291	356.131	286.133	285.607	285.87	2016	285.607	DHS2000	M
2018.Q2.G.01	SH_STA_MALR	Malaria incidence per 1,000 population at risk (per 1,000 population)	292	-5.347561686	36.13895036	GIB	Gibraltar	1	PER_1000_POP	Per 1,000 population										
2018.Q2.G.01	SH_STA_MALR	Malaria incidence per 1,000 population at risk (per 1,000 population)	296	-157.5643005	1.768837732	KIR	Kiribati	1	PER_1000_POP	Per 1,000 population										
2018.Q2.G.01	SH_STA_MALR	Malaria incidence per 1,000 population at risk (per 1,000 population)	300	22.58307827	39.47301873	GRC	Greece	1	PER_1000_POP	Per 1,000 population										
2018.Q2.G.01	SH_STA_MALR	Malaria incidence per 1,000 population at risk (per 1,000 population)	304	-41.39371316	74.75625681	GRL	Greenland	1	PER_1000_POP	Per 1,000 population										
2018.Q2.G.01	SH_STA_MALR	Malaria incidence per 1,000 population at risk (per 1,000 population)	308	-61.68248568	12.11238395	GRD	Grenada	1	PER_1000_POP	Per 1,000 population										
2018.Q2.G.01	SH_STA_MALR	Malaria incidence per 1,000 population at risk (per 1,000 population)	312	-61.64762115	16.14416917	GLP	Guadeloupe	1	PER_1000_POP	Per 1,000 population										
2018.Q2.G.01	SH_STA_MALR	Malaria incidence per 1,000 population at risk (per 1,000 population)	316	144.7029305	13.35485404	GUM	Guam	1	PER_1000_POP	Per 1,000 population										
2018.Q2.G.01	SH_STA_MALR	Malaria incidence per 1,000 population at risk (per 1,000 population)	320	-91.2312746	15.00273719	GTM	Guatemala	1	PER_1000_POP	Per 1,000 population	18.882	11.521	1.421	1.182	0.823	1.0025	2016	0.823	DHS2000	E
2018.Q2.G.01	SH_STA_MALR	Malaria incidence per 1,000 population at risk (per 1,000 population)	324	-11.28173419	11.00210343	GIN	Guinea	1	PER_1000_POP	Per 1,000 population	413.238	421.96	409.289	384.047	386.473	385.26	2016	386.473	DHS2000	M
2018.Q2.G.01	SH_STA_MALR	Malaria incidence per 1,000 population at risk (per 1,000 population)	328	-58.97322037	4.788012784	GUY	Guyana	1	PER_1000_POP	Per 1,000 population	121.822	198.473	110.239	63.168	77.74	70.454	2016	77.74	DHS2000	E
2018.Q2.G.01	SH_STA_MALR	Malaria incidence per 1,000 population at risk (per 1,000 population)	332	-72.33640958	18.40426539	HTI	Haiti	1	PER_1000_POP	Per 1,000 population	36.543	36.553	36.552	11.262	13.909	12.5855	2016	13.909	DHS2000	E
2018.Q2.G.01	SH_STA_MALR	Malaria incidence per 1,000 population at risk (per 1,000 population)	334	73.52633626	-53.09106147	HMD	Heard Island and McDonald Islands	1	PER_1000_POP	Per 1,000 population										
2018.Q2.G.01	SH_STA_MALR	Malaria incidence per 1,000 population at risk (per 1,000 population)	336	12.45315803	41.90343751	VAT	Holy See	1	PER_1000_POP	Per 1,000 population										
2018.Q2.G.01	SH_STA_MALR	Malaria incidence per 1,000 population at risk (per 1,000 population)	340	-86.59974381	14.82243161	HND	Honduras	1	PER_1000_POP	Per 1,000 population	21.197	8.523	4.278	1.388	1.658	1.523	2016	1.658	DHS2000	E
2018.Q2.G.01	SH_STA_MALR	Malaria incidence per 1,000 population at risk (per 1,000 population)	344	114.0266445	22.41749934	HKG	China, Hong Kong Special Administrative Region	1	PER_1000_POP	Per 1,000 population										
2018.Q2.G.01	SH_STA_MALR	Malaria incidence per 1,000 population at risk (per 1,000 population)	348	19.41221519	47.1651448	HUN	Hungary	1	PER_1000_POP	Per 1,000 population										
2018.Q2.G.01	SH_STA_MALR	Malaria incidence per 1,000 population at risk (per 1,000 population)	352	-19.02116966	64.79134763	ISL	Iceland	1	PER_1000_POP	Per 1,000 population										
2018.Q2.G.01	SH_STA_MALR	Malaria incidence per 1,000 population at risk (per 1,000 population)	356	79.3608464	22.34642074	IND	India	1	PER_1000_POP	Per 1,000 population	42.146	42.079	32.462	18.342	18.837	18.5895	2016	18.837	DHS2000	E
2018.Q2.G.01	SH_STA_MALR	Malaria incidence per 1,000 population at risk (per 1,000 population)	360	113.9174	-0.994582204	IDN	Indonesia	1	PER_1000_POP	Per 1,000 population	14.585	17.432	21.041	9.279	9.223	9.251	2016	9.223	DHS2000	E
2018.Q2.G.01	SH_STA_MALR	Malaria incidence per 1,000 population at risk (per 1,000 population)	364	54.19766348	32.74370885	IRN	Iran (Islamic Republic of)	1	PER_1000_POP	Per 1,000 population	58.377	52.735	4.85	0.412	0.198	0.305	2016	0.198	DHS2000	E
2018.Q2.G.01	SH_STA_MALR	Malaria incidence per 1,000 population at risk (per 1,000 population)	368	43.76606267	33.05013795	IRQ	Iraq	1	PER_1000_POP	Per 1,000 population	1.214	0.027	0	0	0	0	2016	0	DHS2000	E
2018.Q2.G.01	SH_STA_MALR	Malaria incidence per 1,000 population at risk (per 1,000 population)	372	-7.121425272	53.25274054	IRL	Ireland	1	PER_1000_POP	Per 1,000 population										
2018.Q2.G.01	SH_STA_MALR	Malaria incidence per 1,000 population at risk (per 1,000 population)	376	34.62277992	31.06164552	ISR	Israel	1	PER_1000_POP	Per 1,000 population										
2018.Q2.G.01	SH_STA_MALR	Malaria incidence per 1,000 population at risk (per 1,000 population)	380	12.57022427	42.79917282	ITA	Italy	1	PER_1000_POP	Per 1,000 population										
2018.Q2.G.01	SH_STA_MALR	Malaria incidence per 1,000 population at risk (per 1,000 population)	384	-5.552690016	7.62211586	CIV	Côte d'Ivoire	1	PER_1000_POP	Per 1,000 population	472.17	506.424	467.087	223.458	223.218	223.338	2016	223.218	DHS2000	M
2018.Q2.G.01	SH_STA_MALR	Malaria incidence per 1,000 population at risk (per 1,000 population)	388	-77.31068409	18.15616857	JAM	Jamaica	1	PER_1000_POP	Per 1,000 population										
2018.Q2.G.01	SH_STA_MALR	Malaria incidence per 1,000 population at risk (per 1,000 population)	392	139.2716103	36.6554539	JPN	Japan	1	PER_1000_POP	Per 1,000 population										
2018.Q2.G.01	SH_STA_MALR	Malaria incidence per 1,000 population at risk (per 1,000 population)	398	66.65359159	48.01963494	KAZ	Kazakhstan	1	PER_1000_POP	Per 1,000 population										
2018.Q2.G.01	SH_STA_MALR	Malaria incidence per 1,000 population at risk (per 1,000 population)	400	37.13024774	30.65365973	JOR	Jordan	1	PER_1000_POP	Per 1,000 population										
2018.Q2.G.01	SH_STA_MALR	Malaria incidence per 1,000 population at risk (per 1,000 population)	404	37.86096816	0.534797278	KEN	Kenya	1	PER_1000_POP	Per 1,000 population	247.108	158.42	83.042	86.252	85.337	85.7945	2016	85.337	DHS2000	M
2018.Q2.G.01	SH_STA_MALR	Malaria incidence per 1,000 population at risk (per 1,000 population)	408	127.1803633	40.1462645	PRK	Democratic People's Republic of Korea	1	PER_1000_POP	Per 1,000 population	17.689	2.12	2.462	0.137	0.48	0.3085	2016	0.48	DHS2000	E
2018.Q2.G.01	SH_STA_MALR	Malaria incidence per 1,000 population at risk (per 1,000 population)	410	127.8610254	36.45201023	KOR	Republic of Korea	1	PER_1000_POP	Per 1,000 population	2.522	0.803	0.731	0.354	0.338	0.346	2016	0.338	DHS2000	E
2018.Q2.G.01	SH_STA_MALR	Malaria incidence per 1,000 population at risk (per 1,000 population)	414	47.49305029	29.53949468	KWT	Kuwait	1	PER_1000_POP	Per 1,000 population										
2018.Q2.G.01	SH_STA_MALR	Malaria incidence per 1,000 population at risk (per 1,000 population)	417	74.52324839	41.46204516	KGZ	Kyrgyzstan	1	PER_1000_POP	Per 1,000 population	7.15	131.188	1.854	0	0	0	2016	0	DHS2000	E
2018.Q2.G.01	SH_STA_MALR	Malaria incidence per 1,000 population at risk (per 1,000 population)	418	101.9901968	20.27482773	LAO	Lao People's Democratic Republic	1	PER_1000_POP	Per 1,000 population	69.768	12.412	15.678	25.355	7.789	16.572	2016	7.789	DHS2000	E
2018.Q2.G.01	SH_STA_MALR	Malaria incidence per 1,000 population at risk (per 1,000 population)	422	35.89391711	33.92152458	LBN	Lebanon	1	PER_1000_POP	Per 1,000 population										
2018.Q2.G.01	SH_STA_MALR	Malaria incidence per 1,000 population at risk (per 1,000 population)	426	28.25362195	-29.58041814	LSO	Lesotho	1	PER_1000_POP	Per 1,000 population										
2018.Q2.G.01	SH_STA_MALR	Malaria incidence per 1,000 population at risk (per 1,000 population)	428	26.42461876	56.64196636	LVA	Latvia	1	PER_1000_POP	Per 1,000 population										
2018.Q2.G.01	SH_STA_MALR	Malaria incidence per 1,000 population at risk (per 1,000 population)	430	-9.311879038	6.448381009	LBR	Liberia	1	PER_1000_POP	Per 1,000 population	388.756	384.453	327.697	239.087	237.039	238.063	2016	237.039	DHS2000	M
2018.Q2.G.01	SH_STA_MALR	Malaria incidence per 1,000 population at risk (per 1,000 population)	434	18.0295985	27.04042819	LBY	Libya	1	PER_1000_POP	Per 1,000 population										
2018.Q2.G.01	SH_STA_MALR	Malaria incidence per 1,000 population at risk (per 1,000 population)	438	9.552985019	47.14167005	LIE	Liechtenstein	1	PER_1000_POP	Per 1,000 population										
2018.Q2.G.01	SH_STA_MALR	Malaria incidence per 1,000 population at risk (per 1,000 population)	440	23.90517807	55.33680309	LTU	Lithuania	1	PER_1000_POP	Per 1,000 population										
2018.Q2.G.01	SH_STA_MALR	Malaria incidence per 1,000 population at risk (per 1,000 population)	442	6.092656563	49.77679538	LUX	Luxembourg	1	PER_1000_POP	Per 1,000 population										
2018.Q2.G.01	SH_STA_MALR	Malaria incidence per 1,000 population at risk (per 1,000 population)	446	113.5665388	22.1237259	MAC	China, Macao Special Administrative Region	1	PER_1000_POP	Per 1,000 population										
2018.Q2.G.01	SH_STA_MALR	Malaria incidence per 1,000 population at risk (per 1,000 population)	450	46.6982339	-19.38514785	MDG	Madagascar	1	PER_1000_POP	Per 1,000 population	68.118	41.919	46.305	103.633	64.367	84	2016	64.367	DHS2000	E
2018.Q2.G.01	SH_STA_MALR	Malaria incidence per 1,000 population at risk (per 1,000 population)	454	33.4884625	-13.40819859	MWI	Malawi	1	PER_1000_POP	Per 1,000 population	402.301	315.153	387.158	250.054	249.083	249.5685	2016	249.083	DHS2000	M
2018.Q2.G.01	SH_STA_MALR	Malaria incidence per 1,000 population at risk (per 1,000 population)	458	116.8346314	5.452415309	MYS	Malaysia	1	PER_1000_POP	Per 1,000 population	15.656	6.201	5.279	0.225	0.244	0.2345	2016	0.244	DHS2000	E
2018.Q2.G.01	SH_STA_MALR	Malaria incidence per 1,000 population at risk (per 1,000 population)	462	73.09672546	-0.614385021	MDV	Maldives	1	PER_1000_POP	Per 1,000 population										
2018.Q2.G.01	SH_STA_MALR	Malaria incidence per 1,000 population at risk (per 1,000 population)	466	-3.522016039	17.35311254	MLI	Mali	1	PER_1000_POP	Per 1,000 population	444.014	489.032	371.96	459.848	459.73	459.789	2016	459.73	DHS2000	M
2018.Q2.G.01	SH_STA_MALR	Malaria incidence per 1,000 population at risk (per 1,000 population)	470	14.44617519	35.89194275	MLT	Malta	1	PER_1000_POP	Per 1,000 population										
2018.Q2.G.01	SH_STA_MALR	Malaria incidence per 1,000 population at risk (per 1,000 population)	474	-60.91544135	14.56086108	MTQ	Martinique	1	PER_1000_POP	Per 1,000 population										
2018.Q2.G.01	SH_STA_MALR	Malaria incidence per 1,000 population at risk (per 1,000 population)	478	-10.33187259	20.26089546	MRT	Mauritania	1	PER_1000_POP	Per 1,000 population	103.329	92.918	45.845	72.686	88.486	80.586	2016	88.486	DHS2000	E
2018.Q2.G.01	SH_STA_MALR	Malaria incidence per 1,000 population at risk (per 1,000 population)	480	57.568022	-20.28581998	MUS	Mauritius	1	PER_1000_POP	Per 1,000 population										
2018.Q2.G.01	SH_STA_MALR	Malaria incidence per 1,000 population at risk (per 1,000 population)	484	-102.5148166	23.93378032	MEX	Mexico	1	PER_1000_POP	Per 1,000 population	6.545	2.464	0.941	0.37	0.389	0.3795	2016	0.389	DHS2000	E
2018.Q2.G.01	SH_STA_MALR	Malaria incidence per 1,000 population at risk (per 1,000 population)	492	7.424214814	43.73532918	MCO	Monaco	1	PER_1000_POP	Per 1,000 population										
2018.Q2.G.01	SH_STA_MALR	Malaria incidence per 1,000 population at risk (per 1,000 population)	496	103.0728057	46.83892054	MNG	Mongolia	1	PER_1000_POP	Per 1,000 population										
2018.Q2.G.01	SH_STA_MALR	Malaria incidence per 1,000 population at risk (per 1,000 population)	498	28.4650624	47.20236795	MDA	Republic of Moldova	1	PER_1000_POP	Per 1,000 population										
2018.Q2.G.01	SH_STA_MALR	Malaria incidence per 1,000 population at risk (per 1,000 population)	499	19.25214024	42.78717043	MNE	Montenegro	1	PER_1000_POP	Per 1,000 population										
2018.Q2.G.01	SH_STA_MALR	Malaria incidence per 1,000 population at risk (per 1,000 population)	500	-62.19261223	16.73558313	MSR	Montserrat	1	PER_1000_POP	Per 1,000 population										
2018.Q2.G.01	SH_STA_MALR	Malaria incidence per 1,000 population at risk (per 1,000 population)	504	-6.281942841	31.8440131	MAR	Morocco	1	PER_1000_POP	Per 1,000 population										
2018.Q2.G.01	SH_STA_MALR	Malaria incidence per 1,000 population at risk (per 1,000 population)	508	38.18479941	-14.27963886	MOZ	Mozambique	1	PER_1000_POP	Per 1,000 population	482.406	429.274	359.825	309.796	307.775	308.7855	2016	307.775	DHS2000	M
2018.Q2.G.01	SH_STA_MALR	Malaria incidence per 1,000 population at risk (per 1,000 population)	512	57.87743482	21.98805614	OMN	Oman	1	PER_1000_POP	Per 1,000 population										
2018.Q2.G.01	SH_STA_MALR	Malaria incidence per 1,000 population at risk (per 1,000 population)	516	17.21907885	-22.13817068	NAM	Namibia	1	PER_1000_POP	Per 1,000 population	95.992	72.835	2.527	14.441	29.25	21.8455	2016	29.25	DHS2000	E
2018.Q2.G.01	SH_STA_MALR	Malaria incidence per 1,000 population at risk (per 1,000 population)	520	166.92313	-0.528742623	NRU	Nauru	1	PER_1000_POP	Per 1,000 population										
2018.Q2.G.01	SH_STA_MALR	Malaria incidence per 1,000 population at risk (per 1,000 population)	524	83.94678863	28.25866332	NPL	Nepal	1	PER_1000_POP	Per 1,000 population	14.325	12.142	9.369	1.347	0.851	1.099	2016	0.851	DHS2000	E
2018.Q2.G.01	SH_STA_MALR	Malaria incidence per 1,000 population at risk (per 1,000 population)	528	5.331480568	51.86728884	NLD	Netherlands	1	PER_1000_POP	Per 1,000 population										
2018.Q2.G.01	SH_STA_MALR	Malaria incidence per 1,000 population at risk (per 1,000 population)	530	-68.30676179	12.22720635	ANT	Netherlands Antilles	1	PER_1000_POP	Per 1,000 population										
2018.Q2.G.01	SH_STA_MALR	Malaria incidence per 1,000 population at risk (per 1,000 population)	531	-68.95033464	12.15058042	CUW	Curaçao	1	PER_1000_POP	Per 1,000 population										
2018.Q2.G.01	SH_STA_MALR	Malaria incidence per 1,000 population at risk (per 1,000 population)	533	-69.97050586	12.50878756	ABW	Aruba	1	PER_1000_POP	Per 1,000 population										
2018.Q2.G.01	SH_STA_MALR	Malaria incidence per 1,000 population at risk (per 1,000 population)	534	-63.06198692	18.03926508	SXM	Sint Maarten (Dutch part)	1	PER_1000_POP	Per 1,000 population										
2018.Q2.G.01	SH_STA_MALR	Malaria incidence per 1,000 population at risk (per 1,000 population)	540	165.5067368	-21.41742531	NCL	New Caledonia	1	PER_1000_POP	Per 1,000 population										
2018.Q2.G.01	SH_STA_MALR	Malaria incidence per 1,000 population at risk (per 1,000 population)	548	167.0679779	-15.34445547	VUT	Vanuatu	1	PER_1000_POP	Per 1,000 population	144.878	142.139	62.374	2.511	14.719	8.615	2016	14.719	DHS2000	E
2018.Q2.G.01	SH_STA_MALR	Malaria incidence per 1,000 population at risk (per 1,000 population)	554	170.4755673	-43.98721568	NZL	New Zealand	1	PER_1000_POP	Per 1,000 population										
2018.Q2.G.01	SH_STA_MALR	Malaria incidence per 1,000 population at risk (per 1,000 population)	558	-85.03060315	12.84210839	NIC	Nicaragua	1	PER_1000_POP	Per 1,000 population	36.932	9.395	0.918	2.849	7.759	5.304	2016	7.759	DHS2000	E
2018.Q2.G.01	SH_STA_MALR	Malaria incidence per 1,000 population at risk (per 1,000 population)	562	9.400167877	17.42143036	NER	Niger	1	PER_1000_POP	Per 1,000 population	321.264	350.207	413.684	376.404	378.943	377.6735	2016	378.943	DHS2000	M
2018.Q2.G.01	SH_STA_MALR	Malaria incidence per 1,000 population at risk (per 1,000 population)	566	8.097363256	9.585789025	NGA	Nigeria	1	PER_1000_POP	Per 1,000 population	444.71	458.497	399.741	351.438	349.589	350.5135	2016	349.589	DHS2000	M
2018.Q2.G.01	SH_STA_MALR	Malaria incidence per 1,000 population at risk (per 1,000 population)	570	-169.8601693	-19.05000475	NIU	Niue	1	PER_1000_POP	Per 1,000 population										
2018.Q2.G.01	SH_STA_MALR	Malaria incidence per 1,000 population at risk (per 1,000 population)	574	167.9515548	-29.03230018	NFK	Norfolk Island	1	PER_1000_POP	Per 1,000 population										
2018.Q2.G.01	SH_STA_MALR	Malaria incidence per 1,000 population at risk (per 1,000 population)	578	11.47846389	61.34311134	NOR	Norway	1	PER_1000_POP	Per 1,000 population										
2018.Q2.G.01	SH_STA_MALR	Malaria incidence per 1,000 population at risk (per 1,000 population)	580	145.7582114	15.19099517	MNP	Northern Mariana Islands	1	PER_1000_POP	Per 1,000 population										
2018.Q2.G.01	SH_STA_MALR	Malaria incidence per 1,000 population at risk (per 1,000 population)	581	-162.4343752	5.874443968	UMI	US Minor Outlying Islands	1	PER_1000_POP	Per 1,000 population										
2018.Q2.G.01	SH_STA_MALR	Malaria incidence per 1,000 population at risk (per 1,000 population)	583	158.225216	6.880670092	FSM	Micronesia, Federated States of	1	PER_1000_POP	Per 1,000 population										
2018.Q2.G.01	SH_STA_MALR	Malaria incidence per 1,000 population at risk (per 1,000 population)	584	171.0839119	7.110213497	MHL	Marshall Islands	1	PER_1000_POP	Per 1,000 population										
2018.Q2.G.01	SH_STA_MALR	Malaria incidence per 1,000 population at risk (per 1,000 population)	585	134.5733878	7.502307591	PLW	Palau	1	PER_1000_POP	Per 1,000 population										
2018.Q2.G.01	SH_STA_MALR	Malaria incidence per 1,000 population at risk (per 1,000 population)	586	68.80479684	29.36491634	PAK	Pakistan	1	PER_1000_POP	Per 1,000 population	21.14	19.274	15.161	9.638	10.632	10.135	2016	10.632	DHS2000	E
2018.Q2.G.01	SH_STA_MALR	Malaria incidence per 1,000 population at risk (per 1,000 population)	591	-81.26616623	8.450965746	PAN	Panama	1	PER_1000_POP	Per 1,000 population	0.796	2.561	0.267	0.329	0.443	0.386	2016	0.443	DHS2000	E
2018.Q2.G.01	SH_STA_MALR	Malaria incidence per 1,000 population at risk (per 1,000 population)	598	145.8587761	-6.756057077	PNG	Papua New Guinea	1	PER_1000_POP	Per 1,000 population	285.365	256.539	194.662	132.021	179.435	155.728	2016	179.435	DHS2000	E
2018.Q2.G.01	SH_STA_MALR	Malaria incidence per 1,000 population at risk (per 1,000 population)	600	-60.54854225	-21.70216237	PRY	Paraguay	1	PER_1000_POP	Per 1,000 population	71.798	3.604	0.161	0	0	0	2016	0	DHS2000	E
2018.Q2.G.01	SH_STA_MALR	Malaria incidence per 1,000 population at risk (per 1,000 population)	604	-71.82093277	-13.58939705	PER	Peru	1	PER_1000_POP	Per 1,000 population	23.509	26.292	9.703	19.674	17.772	18.723	2016	17.772	DHS2000	E
2018.Q2.G.01	SH_STA_MALR	Malaria incidence per 1,000 population at risk (per 1,000 population)	608	120.8601418	14.16591706	PHL	Philippines	1	PER_1000_POP	Per 1,000 population	4.905	5.592	1.749	0.624	0.496	0.56	2016	0.496	DHS2000	E
2018.Q2.G.01	SH_STA_MALR	Malaria incidence per 1,000 population at risk (per 1,000 population)	612	-128.3225873	-24.37538456	PCN	Pitcairn	1	PER_1000_POP	Per 1,000 population										
2018.Q2.G.01	SH_STA_MALR	Malaria incidence per 1,000 population at risk (per 1,000 population)	616	19.40660158	52.1226733	POL	Poland	1	PER_1000_POP	Per 1,000 population										
2018.Q2.G.01	SH_STA_MALR	Malaria incidence per 1,000 population at risk (per 1,000 population)	620	-7.961599811	39.68509315	PRT	Portugal	1	PER_1000_POP	Per 1,000 population										
2018.Q2.G.01	SH_STA_MALR	Malaria incidence per 1,000 population at risk (per 1,000 population)	624	-14.40182514	12.11760394	GNB	Guinea-Bissau	1	PER_1000_POP	Per 1,000 population	345.217	122.311	93.472	73.581	73.022	73.3015	2016	73.022	DHS2000	M
2018.Q2.G.01	SH_STA_MALR	Malaria incidence per 1,000 population at risk (per 1,000 population)	626	125.9451052	-8.797497247	TLS	Timor-Leste	1	PER_1000_POP	Per 1,000 population	912.641	1017.377	854.441	0.823	0.943	0.883	2016	0.943	DHS2000	E
2018.Q2.G.01	SH_STA_MALR	Malaria incidence per 1,000 population at risk (per 1,000 population)	630	-66.47591017	18.22753799	PRI	Puerto Rico	1	PER_1000_POP	Per 1,000 population										
2018.Q2.G.01	SH_STA_MALR	Malaria incidence per 1,000 population at risk (per 1,000 population)	634	51.19152467	25.28355379	QAT	Qatar	1	PER_1000_POP	Per 1,000 population										
2018.Q2.G.01	SH_STA_MALR	Malaria incidence per 1,000 population at risk (per 1,000 population)	638	55.53171398	-21.13183266	REU	Réunion	1	PER_1000_POP	Per 1,000 population										
2018.Q2.G.01	SH_STA_MALR	Malaria incidence per 1,000 population at risk (per 1,000 population)	642	24.98481009	45.83893563	ROU	Romania	1	PER_1000_POP	Per 1,000 population										
2018.Q2.G.01	SH_STA_MALR	Malaria incidence per 1,000 population at risk (per 1,000 population)	643	99.01404926	61.61899849	RUS	Russian Federation	1	PER_1000_POP	Per 1,000 population										
2018.Q2.G.01	SH_STA_MALR	Malaria incidence per 1,000 population at risk (per 1,000 population)	646	29.92310194	-1.999842114	RWA	Rwanda	1	PER_1000_POP	Per 1,000 population	201.764	158.536	105.95	298.44	392.729	345.5845	2016	392.729	DHS2000	E
2018.Q2.G.01	SH_STA_MALR	Malaria incidence per 1,000 population at risk (per 1,000 population)	652	-62.83173536	17.89513362	BLM	Saint Barthélemy	1	PER_1000_POP	Per 1,000 population										
2018.Q2.G.01	SH_STA_MALR	Malaria incidence per 1,000 population at risk (per 1,000 population)	654	-5.705752501	-15.96503946	SHN	Saint Helena	1	PER_1000_POP	Per 1,000 population										
2018.Q2.G.01	SH_STA_MALR	Malaria incidence per 1,000 population at risk (per 1,000 population)	659	-62.76628613	17.33994219	KNA	Saint Kitts and Nevis	1	PER_1000_POP	Per 1,000 population										
2018.Q2.G.01	SH_STA_MALR	Malaria incidence per 1,000 population at risk (per 1,000 population)	660	-63.05651612	18.21525315	AIA	Anguilla	1	PER_1000_POP	Per 1,000 population										
2018.Q2.G.01	SH_STA_MALR	Malaria incidence per 1,000 population at risk (per 1,000 population)	662	-60.96529553	13.89405601	LCA	Saint Lucia	1	PER_1000_POP	Per 1,000 population										
2018.Q2.G.01	SH_STA_MALR	Malaria incidence per 1,000 population at risk (per 1,000 population)	663	-63.04505461	18.0882685	MAF	Saint Martin (French Part)	1	PER_1000_POP	Per 1,000 population										
2018.Q2.G.01	SH_STA_MALR	Malaria incidence per 1,000 population at risk (per 1,000 population)	666	-56.33682442	46.85812735	SPM	Saint Pierre and Miquelon	1	PER_1000_POP	Per 1,000 population										
2018.Q2.G.01	SH_STA_MALR	Malaria incidence per 1,000 population at risk (per 1,000 population)	670	-61.19024321	13.24627968	VCT	Saint Vincent and the Grenadines	1	PER_1000_POP	Per 1,000 population										
2018.Q2.G.01	SH_STA_MALR	Malaria incidence per 1,000 population at risk (per 1,000 population)	674	12.46329038	43.93841766	SMR	San Marino	1	PER_1000_POP	Per 1,000 population										
2018.Q2.G.01	SH_STA_MALR	Malaria incidence per 1,000 population at risk (per 1,000 population)	678	6.609772265	0.241554875	STP	Sao Tome and Principe	1	PER_1000_POP	Per 1,000 population	230.69	116.554	15.678	10.524	11.195	10.8595	2016	11.195	DHS2000	E
2018.Q2.G.01	SH_STA_MALR	Malaria incidence per 1,000 population at risk (per 1,000 population)	682	44.54763347	24.12594211	SAU	Saudi Arabia	1	PER_1000_POP	Per 1,000 population	7.945	1.106	0.026	0.066	0.21	0.138	2016	0.21	DHS2000	E
2018.Q2.G.01	SH_STA_MALR	Malaria incidence per 1,000 population at risk (per 1,000 population)	686	-14.46636926	14.35920905	SEN	Senegal	1	PER_1000_POP	Per 1,000 population	244.71	118.071	101.509	71.558	48.976	60.267	2016	48.976	DHS2000	E
2018.Q2.G.01	SH_STA_MALR	Malaria incidence per 1,000 population at risk (per 1,000 population)	688	20.805876	44.03145697	SRB	Serbia	1	PER_1000_POP	Per 1,000 population										
2018.Q2.G.01	SH_STA_MALR	Malaria incidence per 1,000 population at risk (per 1,000 population)	690	55.46561591	-4.678053059	SYC	Seychelles	1	PER_1000_POP	Per 1,000 population										
2018.Q2.G.01	SH_STA_MALR	Malaria incidence per 1,000 population at risk (per 1,000 population)	694	-11.78306584	8.568604164	SLE	Sierra Leone	1	PER_1000_POP	Per 1,000 population	384.493	385.885	400.477	307.102	303.465	305.2835	2016	303.465	DHS2000	M
2018.Q2.G.01	SH_STA_MALR	Malaria incidence per 1,000 population at risk (per 1,000 population)	702	103.8107883	1.361009155	SGP	Singapore	1	PER_1000_POP	Per 1,000 population										
2018.Q2.G.01	SH_STA_MALR	Malaria incidence per 1,000 population at risk (per 1,000 population)	703	19.48495604	48.70741446	SVK	Slovakia	1	PER_1000_POP	Per 1,000 population										
2018.Q2.G.01	SH_STA_MALR	Malaria incidence per 1,000 population at risk (per 1,000 population)	704	105.802499	10.09643079	VNM	Viet Nam	1	PER_1000_POP	Per 1,000 population	7.328	1.262	0.715	0.334	0.147	0.2405	2016	0.147	DHS2000	E
2018.Q2.G.01	SH_STA_MALR	Malaria incidence per 1,000 population at risk (per 1,000 population)	705	14.82209486	46.11958061	SVN	Slovenia	1	PER_1000_POP	Per 1,000 population										
2018.Q2.G.01	SH_STA_MALR	Malaria incidence per 1,000 population at risk (per 1,000 population)	706	46.20367477	4.406485729	SOM	Somalia	1	PER_1000_POP	Per 1,000 population	94.918	133.802	30.408	61.171	60.186	60.6785	2016	60.186	DHS2000	M
2018.Q2.G.01	SH_STA_MALR	Malaria incidence per 1,000 population at risk (per 1,000 population)	710	24.67184355	-29.99957544	ZAF	South Africa	1	PER_1000_POP	Per 1,000 population	5.632	2.269	2.232	0.143	1.103	0.623	2016	1.103	DHS2000	E
2018.Q2.G.01	SH_STA_MALR	Malaria incidence per 1,000 population at risk (per 1,000 population)	716	29.86909584	-19.00075492	ZWE	Zimbabwe	1	PER_1000_POP	Per 1,000 population	188.053	188.198	151.569	111.414	77.864	94.639	2016	77.864	DHS2000	E
2018.Q2.G.01	SH_STA_MALR	Malaria incidence per 1,000 population at risk (per 1,000 population)	724	-3.554078296	40.39211472	ESP	Spain	1	PER_1000_POP	Per 1,000 population										
2018.Q2.G.01	SH_STA_MALR	Malaria incidence per 1,000 population at risk (per 1,000 population)	728	30.32618773	7.290839152	SSD	South Sudan	1	PER_1000_POP	Per 1,000 population	277.392	233.535	175.217	157.528	159.031	158.2795	2016	159.031	DHS2000	M
2018.Q2.G.01	SH_STA_MALR	Malaria incidence per 1,000 population at risk (per 1,000 population)	732	-13.13515523	24.66265342	ESH	Western Sahara	1	PER_1000_POP	Per 1,000 population										
2018.Q2.G.01	SH_STA_MALR	Malaria incidence per 1,000 population at risk (per 1,000 population)	736	29.95650159	16.02643066	SDN	Sudan	1	PER_1000_POP	Per 1,000 population										
2018.Q2.G.01	SH_STA_MALR	Malaria incidence per 1,000 population at risk (per 1,000 population)	740	-55.90626394	4.132603197	SUR	Suriname	1	PER_1000_POP	Per 1,000 population	252.939	192.471	34.225	1.54	1.432	1.486	2016	1.432	DHS2000	E
2018.Q2.G.01	SH_STA_MALR	Malaria incidence per 1,000 population at risk (per 1,000 population)	744	13.38071013	78.82894131	SJM	Svalbard and Jan Mayen Islands	1	PER_1000_POP	Per 1,000 population										
2018.Q2.G.01	SH_STA_MALR	Malaria incidence per 1,000 population at risk (per 1,000 population)	748	31.50149288	-26.56471011	SWZ	Swaziland	1	PER_1000_POP	Per 1,000 population	5.303	1.802	1.591	0.85	1.861	1.3555	2016	1.861	DHS2000	E
2018.Q2.G.01	SH_STA_MALR	Malaria incidence per 1,000 population at risk (per 1,000 population)	752	14.3775338	60.60103109	SWE	Sweden	1	PER_1000_POP	Per 1,000 population										
2018.Q2.G.01	SH_STA_MALR	Malaria incidence per 1,000 population at risk (per 1,000 population)	756	8.223158	46.96617097	CHE	Switzerland	1	PER_1000_POP	Per 1,000 population										
2018.Q2.G.01	SH_STA_MALR	Malaria incidence per 1,000 population at risk (per 1,000 population)	760	38.50466565	35.01676176	SYR	Syrian Arab Republic (Syria)	1	PER_1000_POP	Per 1,000 population										
2018.Q2.G.01	SH_STA_MALR	Malaria incidence per 1,000 population at risk (per 1,000 population)	762	69.294998	38.43069666	TJK	Tajikistan	1	PER_1000_POP	Per 1,000 population	40.002	6.18	0.092	0	0	0	2016	0	DHS2000	E
2018.Q2.G.01	SH_STA_MALR	Malaria incidence per 1,000 population at risk (per 1,000 population)	764	101.0202951	15.13089239	THA	Thailand	1	PER_1000_POP	Per 1,000 population	11.778	4.296	4.561	1.103	1.579	1.341	2016	1.579	DHS2000	E
2018.Q2.G.01	SH_STA_MALR	Malaria incidence per 1,000 population at risk (per 1,000 population)	768	0.97835765	8.532096072	TGO	Togo	1	PER_1000_POP	Per 1,000 population	418.435	454.379	394.957	361.758	360.359	361.0585	2016	360.359	DHS2000	M
2018.Q2.G.01	SH_STA_MALR	Malaria incidence per 1,000 population at risk (per 1,000 population)	772	-171.8154473	-9.214545558	TKL	Tokelau	1	PER_1000_POP	Per 1,000 population										
2018.Q2.G.01	SH_STA_MALR	Malaria incidence per 1,000 population at risk (per 1,000 population)	776	-175.1959991	-21.19511329	TON	Tonga	1	PER_1000_POP	Per 1,000 population										
2018.Q2.G.01	SH_STA_MALR	Malaria incidence per 1,000 population at risk (per 1,000 population)	780	-61.29389504	10.41877263	TTO	Trinidad and Tobago	1	PER_1000_POP	Per 1,000 population										
2018.Q2.G.01	SH_STA_MALR	Malaria incidence per 1,000 population at risk (per 1,000 population)	784	53.98279159	23.43322219	ARE	United Arab Emirates	1	PER_1000_POP	Per 1,000 population										
2018.Q2.G.01	SH_STA_MALR	Malaria incidence per 1,000 population at risk (per 1,000 population)	788	9.572737411	34.11439971	TUN	Tunisia	1	PER_1000_POP	Per 1,000 population										
2018.Q2.G.01	SH_STA_MALR	Malaria incidence per 1,000 population at risk (per 1,000 population)	792	35.42890329	38.9899684	TUR	Turkey	1	PER_1000_POP	Per 1,000 population	1870.159	317.374	0	0	0	0	2016	0	DHS2000	E
2018.Q2.G.01	SH_STA_MALR	Malaria incidence per 1,000 population at risk (per 1,000 population)	795	58.9787665	40.0912346	TKM	Turkmenistan	1	PER_1000_POP	Per 1,000 population										
2018.Q2.G.01	SH_STA_MALR	Malaria incidence per 1,000 population at risk (per 1,000 population)	796	-71.745121	21.80780585	TCA	Turks and Caicos Islands	1	PER_1000_POP	Per 1,000 population										
2018.Q2.G.01	SH_STA_MALR	Malaria incidence per 1,000 population at risk (per 1,000 population)	798	178.6679611	-7.460048071	TUV	Tuvalu	1	PER_1000_POP	Per 1,000 population										
2018.Q2.G.01	SH_STA_MALR	Malaria incidence per 1,000 population at risk (per 1,000 population)	800	32.39100438	1.279557331	UGA	Uganda	1	PER_1000_POP	Per 1,000 population	472.366	442.07	395.29	189.467	187.245	188.356	2016	187.245	DHS2000	M
2018.Q2.G.01	SH_STA_MALR	Malaria incidence per 1,000 population at risk (per 1,000 population)	804	31.40270802	49.00735945	UKR	Ukraine	1	PER_1000_POP	Per 1,000 population										
2018.Q2.G.01	SH_STA_MALR	Malaria incidence per 1,000 population at risk (per 1,000 population)	807	21.7007909	41.60048068	MKD	Macedonia, Republic of	1	PER_1000_POP	Per 1,000 population										
2018.Q2.G.01	SH_STA_MALR	Malaria incidence per 1,000 population at risk (per 1,000 population)	818	29.77468534	26.57438204	EGY	Egypt	1	PER_1000_POP	Per 1,000 population										
2018.Q2.G.01	SH_STA_MALR	Malaria incidence per 1,000 population at risk (per 1,000 population)	826	-2.23830539	53.27691757	GBR	United Kingdom	1	PER_1000_POP	Per 1,000 population										
2018.Q2.G.01	SH_STA_MALR	Malaria incidence per 1,000 population at risk (per 1,000 population)	831	-2.200712402	49.71561166	GGY	Guernsey	1	PER_1000_POP	Per 1,000 population										
2018.Q2.G.01	SH_STA_MALR	Malaria incidence per 1,000 population at risk (per 1,000 population)	832	-2.136773508	49.22353354	JEY	Jersey	1	PER_1000_POP	Per 1,000 population										
2018.Q2.G.01	SH_STA_MALR	Malaria incidence per 1,000 population at risk (per 1,000 population)	833	-4.538190305	54.22880901	IMN	Isle of Man	1	PER_1000_POP	Per 1,000 population										
2018.Q2.G.01	SH_STA_MALR	Malaria incidence per 1,000 population at risk (per 1,000 population)	834	34.80521182	-6.265332606	TZA	Tanzania, United Republic of	1	PER_1000_POP	Per 1,000 population	372.075	282.315	179.037	143.936	144.22	144.078	2016	144.22	DHS2000	M
2018.Q2.G.01	SH_STA_MALR	Malaria incidence per 1,000 population at risk (per 1,000 population)	840	-99.13830311	39.5277871	USA	United States of America	1	PER_1000_POP	Per 1,000 population										
2018.Q2.G.01	SH_STA_MALR	Malaria incidence per 1,000 population at risk (per 1,000 population)	850	-64.76960113	17.73297693	VIR	United States Virgin Islands	1	PER_1000_POP	Per 1,000 population										
2018.Q2.G.01	SH_STA_MALR	Malaria incidence per 1,000 population at risk (per 1,000 population)	854	-1.742843829	12.27491081	BFA	Burkina Faso	1	PER_1000_POP	Per 1,000 population	563.871	526.853	545.177	425.206	423.287	424.2465	2016	423.287	DHS2000	M
2018.Q2.G.01	SH_STA_MALR	Malaria incidence per 1,000 population at risk (per 1,000 population)	858	-56.01387025	-32.8002838	URY	Uruguay	1	PER_1000_POP	Per 1,000 population										
2018.Q2.G.01	SH_STA_MALR	Malaria incidence per 1,000 population at risk (per 1,000 population)	860	63.11944558	41.77560518	UZB	Uzbekistan	1	PER_1000_POP	Per 1,000 population	5.956	4.526	0.14	0	0	0	2016	0	DHS2000	E
2018.Q2.G.01	SH_STA_MALR	Malaria incidence per 1,000 population at risk (per 1,000 population)	862	-66.15642084	7.121324748	VEN	Venezuela (Bolivarian Republic)	1	PER_1000_POP	Per 1,000 population	10.498	13.424	9.147	25.791	44.734	35.2625	2016	44.734	DHS2000	E
2018.Q2.G.01	SH_STA_MALR	Malaria incidence per 1,000 population at risk (per 1,000 population)	876	-176.2034788	-13.28471201	WLF	Wallis and Futuna Islands	1	PER_1000_POP	Per 1,000 population										
2018.Q2.G.01	SH_STA_MALR	Malaria incidence per 1,000 population at risk (per 1,000 population)	882	-172.4430749	-13.61541469	WSM	Samoa	1	PER_1000_POP	Per 1,000 population										
2018.Q2.G.01	SH_STA_MALR	Malaria incidence per 1,000 population at risk (per 1,000 population)	887	45.22389143	15.22242099	YEM	Yemen	1	PER_1000_POP	Per 1,000 population	30.688	23.258	41.667	24.252	30.498	27.375	2016	30.498	DHS2000	E
2018.Q2.G.01	SH_STA_MALR	Malaria incidence per 1,000 population at risk (per 1,000 population)	894	27.850329	-14.59701056	ZMB	Zambia	1	PER_1000_POP	Per 1,000 population	342.052	242.936	159.683	191.455	189.776	190.6155	2016	189.776	DHS2000	M
