series.release	series.code	series.description	geoAreaCode	X	Y	ISO3CD	geoAreaName	sliceId	Units	Units description	1990	1991	1992	1993	1994	1995	1996	1997	1998	1999	2000	2001	2002	2003	2004	2005	2006	2007	2008	2009	2010	2011	2012	2013	2014	2015	2016	2017	last.5.years.mean	latest.year	latest.value	latest.source	latest.nature
2018.Q2.G.01	SH_STA_BRTC	Proportion of births attended by skilled health personnel (%)	4	66.02688198	33.83160199	AFG	Afghanistan	1	PERCENT	Percentage										15			15	14.3			19		24		34.3	38.6	39.9		45.2	50.5			47.85	2015	50.5	Central Statistics Organization (CSO), Ministry of Public Health (MoPH), ICF. Afghanistan Demographic and Health Survey 2015. Kabul, Afghanistan: Central Statistics Organization; 2017.	C
2018.Q2.G.01	SH_STA_BRTC	Proportion of births attended by skilled health personnel (%)	8	20.06660928	41.13897007	ALB	Albania	1	PERCENT	Percentage	93	92.6	86.4	87.2	89.1	89.1	91.2	98.8	99.1	99	99.1	99	98	98.8	99.3	99.8	99	99.1	99.5	99.4										2009	99.4	Transformative Monitoring for Enhanced Equity (TransMonEE) 2012 Database [online database]. Geneva: UNICEF Europe and Central Asia Regional Office; 2012 (www.transmonee.org, accessed 1 November 2012). 	C
2018.Q2.G.01	SH_STA_BRTC	Proportion of births attended by skilled health personnel (%)	10	21.47585697	-80.40897662	ATA	Antarctica	1	PERCENT	Percentage																																	
2018.Q2.G.01	SH_STA_BRTC	Proportion of births attended by skilled health personnel (%)	12	2.678164227	28.15940032	DZA	Algeria	1	PERCENT	Percentage			76.5								92		90.2				95.2						96.6							2012	96.6	Enquête par Grappes à Indicateurs Multiples (MICS) [Multiple Indicator Cluster Survey (MICS)] République Algérienne Démocratique et Populaire 2012-2013. Rapport final. Algérie: Ministère de la Santé, de la Population et de la Réforme Hospitalière, Fonds des Nations unies pour l’enfance (UNICEF), Fonds des Nations Unies pour la Population (FNUAP/UNFPA); 2015 (in French).  	C
2018.Q2.G.01	SH_STA_BRTC	Proportion of births attended by skilled health personnel (%)	16	-170.7187269	-14.30587306	ASM	American Samoa	1	PERCENT	Percentage																																	
2018.Q2.G.01	SH_STA_BRTC	Proportion of births attended by skilled health personnel (%)	20	1.576257417	42.54548611	AND	Andorra	1	PERCENT	Percentage																																	
2018.Q2.G.01	SH_STA_BRTC	Proportion of births attended by skilled health personnel (%)	24	17.57817062	-12.33724746	AGO	Angola	1	PERCENT	Percentage							22.5					37.8						47.3		49.4							46.9		46.9	2016	46.9	Instituto Nacional de Estatística (INE), Ministério da Saúde (MINSA), Ministério do Planeamento e do Desenvolvimento Territorial (MINPLAN), ICF. Inquérito de Indicadores Múltiplos e de Saúde em Angola 2015-2016. Luanda, Angola e Rockville, Maryland, EUA: INE, MINSA, MINPLAN, ICF; 2017 (in Portuguese). 	C
2018.Q2.G.01	SH_STA_BRTC	Proportion of births attended by skilled health personnel (%)	28	-61.7999755	17.07761471	ATG	Antigua and Barbuda	1	PERCENT	Percentage							100		100		99.9	100		99	100	99.9	99.9	100	100	100	100		100	100	100				100	2014	100	Health Situation in the Americas: Basic Indicators 2015. Washington, DC: Pan American Health Organization/World Health Organization (PAHO/WHO), Communicable Diseases and Health Analysis/ Health Information and Analysis; 2015.	C
2018.Q2.G.01	SH_STA_BRTC	Proportion of births attended by skilled health personnel (%)	31	50.01064725	40.39229544	AZE	Azerbaijan	1	PERCENT	Percentage	97.3	97.2	96.5	96.3	99.6	91.5	87.9	90.4	91.5	92.4	80.7	88	94	95.8	95.9	94.4	88.6	93	98	99.8	99.4	97.2	99.8	99.9	99.9	99.8	99.8		99.85	2016	99.8	Statistical Yearbook of Azerbaijan 2017. Baku: State Statistical Committee of the Republic of Azerbaijan; 2017.	C
2018.Q2.G.01	SH_STA_BRTC	Proportion of births attended by skilled health personnel (%)	32	-65.14563274	-35.19446255	ARG	Argentina	1	PERCENT	Percentage	96.9		95.8			98.5		97.2	97.5	97.5	99.1	98.4	98.9	98.7	99.1	99.1	99.4	99.4	94.8	97.9	95	97.1	98.2	97	99.6	99.6			98.7333333333333	2015	99.6	Estadísticas Vitales. Información Básica – Año 2015. Buenos Aires: Ministerio de Salud, Argentina; 2016 (in Spanish).	C
2018.Q2.G.01	SH_STA_BRTC	Proportion of births attended by skilled health personnel (%)	36	134.3499412	-25.57717202	AUS	Australia	1	PERCENT	Percentage		99.6	99.3	99.3	99.4	99.3	99.3	99.3	99.3	99.3	99.3	99.3	99.3	99.3	99.3	99.4	99.3	99.2	99.1	99.1	99.1	99.1		99.3	99.7	99.7			99.5666666666667	2015	99.7	Australia’s mothers and babies 2015—in brief. Perinatal statistics series no. 33. Cat no. PER 91. Canberra: Australian Institute of Health and Welfare (AIHW); 2017.
	C
2018.Q2.G.01	SH_STA_BRTC	Proportion of births attended by skilled health personnel (%)	40	14.14172472	47.58704857	AUT	Austria	1	PERCENT	Percentage				100			98.2	98.2	98.3	98.3	98.3	98.3	98.4	98.4	98.4	98.6	98.6	98.5	98.6	98.6	98.5	98.6	98.5	98.5	98.5	98.5	98.4		98.475	2016	98.4	Vital statistics. Live births (with place of birth in Austria) by medical characteristics since 2006 [website]. Vienna: Statistics Austria; 2017 (http://www.statistik.at/web_en/statistics/PeopleSociety/health/medical_and_sociomedical_characteristics_of_live_birth/110639.html, accessed 27 October 2017).	C
2018.Q2.G.01	SH_STA_BRTC	Proportion of births attended by skilled health personnel (%)	44	-78.05111663	24.69546597	BHS	Bahamas	1	PERCENT	Percentage	99										99		99	99	98		99	99	99		99	99		98	99.6				98.8	2014	99.6	Health Situation in the Americas: Core Indicators 2016. Washington, DC: Pan American Health Organization/World Health Organization (PAHO/WHO), Communicable Diseases and Health Analysis/ Health Information and Analysis; 2016.	C
2018.Q2.G.01	SH_STA_BRTC	Proportion of births attended by skilled health personnel (%)	48	50.5490754	26.04407747	BHR	Bahrain	1	PERCENT	Percentage						97.6					97.7	97.5	97.6	97.8	97.7	97.5	97.5	97.4	97.5	99.4	99.3	99.6	99.8	99.8	99.8	99.7			99.7666666666667	2015	99.7	Health Statistics of 2015. Bahrain: Ministry of Health; 2016.	C
2018.Q2.G.01	SH_STA_BRTC	Proportion of births attended by skilled health personnel (%)	50	89.17660788	22.86961622	BGD	Bangladesh	1	PERCENT	Percentage					9.5	13.7		8			12.1	12		13.9	13.2		20.1	18			26.5	31.7		36.5	42.1		49.8		42.8	2016	49.8	Bangladesh Maternal Mortality and Health Care Survey 2016: Preliminary Report. Dhaka and Chapel Hill: National Institute of Population Research and Training (NIPORT), International Centre for Diarrhoeal Disease Research, Bangladesh (icddr,b), MEASURE Evaluation; 2017. 	C
2018.Q2.G.01	SH_STA_BRTC	Proportion of births attended by skilled health personnel (%)	51	44.93839317	40.29499741	ARM	Armenia	1	PERCENT	Percentage	99.7	99.7	98.3	95.5	93.3	93.1	95.7	96.4	97.4	98.8	96.8	98.4	98.8	99.2	99.5	97.8	99.7	99.9	99.9	100	99.5	100	100	100	100		99.8		99.9333333333333	2016	99.8	National Statistical Service [Armenia], Ministry of Health [Armenia], ICF. Armenia Demographic and Health Survey 2015-16. Rockville, Maryland, USA: National Statistical Service, Ministry of Health, ICF; 2017.	C
2018.Q2.G.01	SH_STA_BRTC	Proportion of births attended by skilled health personnel (%)	52	-59.5346489	13.13648273	BRB	Barbados	1	PERCENT	Percentage						100				91	98		100	100	100	100	100	100	100			100	98.9	98.6	99.7	99			99.1	2015	99	Health Situation in the Americas: Core Indicators 2017. Washington, DC: Pan American Health Organization/World Health Organization (PAHO/WHO), Communicable Diseases and Health Analysis/ Health Information and Analysis; 2017.	C
2018.Q2.G.01	SH_STA_BRTC	Proportion of births attended by skilled health personnel (%)	56	4.660976456	50.64104975	BEL	Belgium	1	PERCENT	Percentage																																	
2018.Q2.G.01	SH_STA_BRTC	Proportion of births attended by skilled health personnel (%)	60	-64.78155012	32.27881922	BMU	Bermuda	1	PERCENT	Percentage																																	
2018.Q2.G.01	SH_STA_BRTC	Proportion of births attended by skilled health personnel (%)	64	90.45098484	27.39598568	BTN	Bhutan	1	PERCENT	Percentage					12						23.7			56.1		52.3	57.1	71.4	66.3	66	64.5	70	81	89	89	89	89		89	2016	89	Statistical Yearbook of Bhutan 2017. Thimphu: National Statistics Bureau, Bhutan; 2017. 	C
2018.Q2.G.01	SH_STA_BRTC	Proportion of births attended by skilled health personnel (%)	68	-64.66224284	-16.71273412	BOL	Bolivia (Plurinational State of)	1	PERCENT	Percentage					47.2				59.3		67.3	58	65.1	60.8			64.2	63.9	71.1			84	84.8	73.5			89.8		81.65	2016	89.8	Encuesta Nacional de Demografía y Salud - EDSA 2016. Bolivia: Indicadores Priorizados. La Paz: Ministerio de Salud, Instituto Nacional de Estadística (INE); 2017 (in Spanish).	C
2018.Q2.G.01	SH_STA_BRTC	Proportion of births attended by skilled health personnel (%)	70	17.78584332	44.16845548	BIH	Bosnia and Herzegovina	1	PERCENT	Percentage	97	97.4					98.9	98.7	99.3	99.6	98.9	99.9	99.9	99.9	99.9	99.9	99.4	99.9	99.9	99.9	99.9	99.9	99.9		99.9	99.9			99.9	2015	99.9	Statistical Yearbook Federation of Bosnia and Herzegovina 2016. Sarajevo: Institute for Statistics of Federation of Bosnia and Herzegovina; 2016.	C
2018.Q2.G.01	SH_STA_BRTC	Proportion of births attended by skilled health personnel (%)	72	23.81380223	-22.18810073	BWA	Botswana	1	PERCENT	Percentage							87				98.5	92	96.5	96.1	97.3	94	99.3	94.6	98.3	99.5	99.1	99.8	99.8	99.9	99.5	99.7			99.7	2015	99.7	Botswana Maternal Mortality Ratio (MMR) 2011 – 2015. Gaborone: Statistics Botswana; 2017.	C
2018.Q2.G.01	SH_STA_BRTC	Proportion of births attended by skilled health personnel (%)	74	3.410732868	-54.43295905	BVT	Bouvet Island	1	PERCENT	Percentage																																	
2018.Q2.G.01	SH_STA_BRTC	Proportion of births attended by skilled health personnel (%)	76	-53.08432878	-10.77668561	BRA	Brazil	1	PERCENT	Percentage							87.6	98.6	98.6	98.6	98.6	98.3	98.5	98.4	98.6	98.6	97	98.6	98.8	98.9	98.9	99	99	99.1	99.1	99.1			99.1	2015	99.1	DATASUS. [online database]. [Brazil]: MS/SVS/DASIS - Sistema de Informações sobre Nacidos Vivos – SINASC. Nascim p/ocorrênc por Local ocorrência segundo Região. Período: 2015; 2017 (http://tabnet.datasus.gov.br/cgi/tabcgi.exe?sinasc/cnv/nvuf.def, accessed 30 October 2017, in Portuguese).	C
2018.Q2.G.01	SH_STA_BRTC	Proportion of births attended by skilled health personnel (%)	84	-88.70199554	17.19965901	BLZ	Belize	1	PERCENT	Percentage		76.9								83.8	76.8	78.9	76.9	76.5	76.1	76.8	95.8	94.6	94.9	93.5	94	96.2		94.2			96.8		95.5	2016	96.8	Statistical Institute of Belize, UNICEF Belize. Belize Multiple Indicator Cluster Survey, 2015-2016, Final Report. Belmopan, Belize: Statistical Institute of Belize, UNICEF Belize; 2017.
	C
2018.Q2.G.01	SH_STA_BRTC	Proportion of births attended by skilled health personnel (%)	86	72.38715553	-7.299281071	IOT	British Indian Ocean Territory	1	PERCENT	Percentage																																	
2018.Q2.G.01	SH_STA_BRTC	Proportion of births attended by skilled health personnel (%)	90	160.1584117	-9.622391719	SLB	Solomon Islands	1	PERCENT	Percentage	85				83.5					85				43				85.5								86.2			86.2	2015	86.2	Solomon Islands National Statistics Office, Solomon Islands Ministry of Health and Medical Services (SIMoHMS), Pacific Community (SPC), Australian Aid, United Nations Children’s Fund (UNICEF) . Solomon Islands Demographic and Health Survey 2015.Noumea: SPC; 2017. 	C
2018.Q2.G.01	SH_STA_BRTC	Proportion of births attended by skilled health personnel (%)	92	-64.63294223	18.42256578	VGB	British Virgin Islands	1	PERCENT	Percentage																																	
2018.Q2.G.01	SH_STA_BRTC	Proportion of births attended by skilled health personnel (%)	96	114.6288563	4.49736984	BRN	Brunei Darussalam	1	PERCENT	Percentage		97.8	98	97.8	98.2	96.2	98.9	99.6	99.3	99.4	99.2	99.7	99.4	99.4	99.4	99.6	99.6	99.9	99.7	99.8	99.8	99.6	99.8	99.7	99.9	100	100		99.9	2016	100	Health Information Booklet 2016. Bandar Seri Begawan: Ministry of Health, Brunei Darussalam; 2017.	C
2018.Q2.G.01	SH_STA_BRTC	Proportion of births attended by skilled health personnel (%)	100	25.23763153	42.75731323	BGR	Bulgaria	1	PERCENT	Percentage	99.1	99.5	99.8	99	99	98.9	99.9	99.9	99.9	99	99.8	98.9	99.2	99.2	99.4	99.4	99.4	99.6	99.6	99.6	99.5			99.7	99.7	99.8			99.7333333333333	2015	99.8	Bulgaria National Statistic Institut, 2017. Reported to UNICEF on 14 April 2017.	C
2018.Q2.G.01	SH_STA_BRTC	Proportion of births attended by skilled health personnel (%)	104	96.51752295	21.19332882	MMR	Myanmar	1	PERCENT	Percentage		46.3						56.4				57				72.5		63.9			70.6						60.2		60.2	2016	60.2	Ministry of Health and Sports (MoHS), ICF. Myanmar Demographic and Health Survey 2015-16. Nay Pyi Taw, Myanmar, Rockville, Maryland USA: Ministry of Health and Sports, ICF; 2017.	C
2018.Q2.G.01	SH_STA_BRTC	Proportion of births attended by skilled health personnel (%)	108	29.89080992	-3.366387428	BDI	Burundi	1	PERCENT	Percentage											25.2					31.8					60.3							85.1	85.1	2017	85.1	Troisième Enquête Démographique et de Santé au Burundi (EDSB-III) 2016-2017. Indicateurs Clés. Bujumbura : Institut de Statistiques et d’Études Économiques du Burundi (ISTEEBU), Burundi, The DHS Program ICF Rockville, Maryland, USA; 2017(in French). 	C
2018.Q2.G.01	SH_STA_BRTC	Proportion of births attended by skilled health personnel (%)	112	28.04940161	53.54193075	BLR	Belarus	1	PERCENT	Percentage	99.9	99.9	99.9	99.9	99.9	99.9	99.9	99.9	99.9	99.9	99.9	99.9	99.9	99.9	99.9	100	99.9	99.9	99.9	99.9	99.9	99.8	100	99.8	99.8				99.8	2014	99.8	Transformative Monitoring for Enhanced Equity (TransMonEE) 2016 Database [online database]. Geneva: UNICEF Europe and Central Asia Regional Office; 2016 (www.transmonee.org, accessed 17 October 2016). 	C
2018.Q2.G.01	SH_STA_BRTC	Proportion of births attended by skilled health personnel (%)	116	104.922836	12.71163737	KHM	Cambodia	1	PERCENT	Percentage						43.3			34		31.8				16.3	43.8			58	63	71	71.7			89				89	2014	89	National Institute of Statistics, Directorate General for Health, ICF International. Cambodia Demographic and Health Survey 2014. Phnom Penh, Cambodia, and Rockville, Maryland, USA: National Institute of Statistics, Directorate General for Health, ICF International; 2015.	C
2018.Q2.G.01	SH_STA_BRTC	Proportion of births attended by skilled health personnel (%)	120	12.7419827	5.692387031	CMR	Cameroon	1	PERCENT	Percentage		58.4							55		56				58.9		58.9					56.1			64.7				64.7	2014	64.7	Institut National de la Statistique, UNICEF. Enquête par grappes à indicateurs multiples (MICS5), 2014, Rapport Final. Yaoundé, Cameroun, Institut National de la Statistique; 2015 (in French).	C
2018.Q2.G.01	SH_STA_BRTC	Proportion of births attended by skilled health personnel (%)	124	-101.6575058	57.72360191	CAN	Canada	1	PERCENT	Percentage		99.1	99.6	99.4	99.3	99.4	99.2	99.3	99.3	99.2	99.3	99.3	99.3	98.9	99	98.8	98.8	98.8	98.7	98.6	98.5	98.4	98.1	98	97.9				97.95	2014	97.9	CANSIM. Table 102-4516 - Live births and fetal deaths (stillbirths), by place of birth (hospital and non-hospital), Canada, provinces and territories, annual [database]. Ottawa: Statistics Canada, Government of Canada; 2017 (https://www80.statcan.gc.ca, accessed 22 December 2017).	C
2018.Q2.G.01	SH_STA_BRTC	Proportion of births attended by skilled health personnel (%)	132	-23.63544151	15.07791834	CPV	Cabo Verde	1	PERCENT	Percentage					44.7	54		49.3	88.5							77.5	76.4	74.4	74.6	75.6	98.5	98.7		92.3	95.6	91.4			93.1	2015	91.4	Relatório Estatístico 2015 [Statistical Report 2015]. Praia: Ministério da Saúde e da Segurança Social, República de Cabo Verde; 2017 (in Portuguese). 	C
2018.Q2.G.01	SH_STA_BRTC	Proportion of births attended by skilled health personnel (%)	136	-81.16740559	19.32266656	CYM	Cayman Islands	1	PERCENT	Percentage																																	
2018.Q2.G.01	SH_STA_BRTC	Proportion of births attended by skilled health personnel (%)	140	20.93559492	7.003720791	CAF	Central African Republic	1	PERCENT	Percentage						45.9					31.7						41.4		43.7		40									2010	40	ICASEES, UNICEF. Enquête par grappes à indicateurs multiples MICS, RCA 2010 Rapport final. Bangui: RCA ICASEES; 2012 (in French).
	C
2018.Q2.G.01	SH_STA_BRTC	Proportion of births attended by skilled health personnel (%)	144	80.70489654	7.614693343	LKA	Sri Lanka	1	PERCENT	Percentage				94.1							96							98.6												2007	98.6	Department of Census and Statistics (DCS), Ministry of Healthcare and Nutrition (MOH). Sri Lanka Demographic and Health Survey 2006-07. Colombo, Sri Lanka: DCS, MOH; 2009.
	C
2018.Q2.G.01	SH_STA_BRTC	Proportion of births attended by skilled health personnel (%)	148	18.66618401	15.36279341	TCD	Chad	1	PERCENT	Percentage								15			13.7				14.4						16.6					20.2			20.2	2015	20.2	Institut National de la Statistique, des Études Économiques et Démographiques (INSEED), Ministère de la Santé Publique (MSP), ICF International. Enquête Démographique et de Santé et à Indicateurs Multiples (EDS-MICS 2014-2015). Rockville, Maryland, USA : INSEED, MSP, ICF International; 2016 (in French).	C
2018.Q2.G.01	SH_STA_BRTC	Proportion of births attended by skilled health personnel (%)	152	-71.23029019	-35.2652885	CHL	Chile	1	PERCENT	Percentage				99	99.5	99.5	99.6	99.4	99.6	99.4	99	99.8	99.8	97.7	99.8	99.8	99.8	99.7	99.8	99.8	99.8	99.8	99.8	99.8	99.8	99.7			99.7666666666667	2015	99.7	 Estadísticas Vitales - Anuario 2015. Santiago: Instituto Nacional de Estadísticas, Chile; 2017 (in Spanish).	C
2018.Q2.G.01	SH_STA_BRTC	Proportion of births attended by skilled health personnel (%)	156	104.1403375	32.30955217	CHN	China	1	PERCENT	Percentage	94	93.7	84.1	83.6	90.4	89.3	93.1	93.8	66.2	96.8	96.6	97.3	96.7	95.9	97.3	97.5	97.8	98.4	99.1	99.3	99.6	99.7	99.8	99.9	99.9	99.9			99.9	2015	99.9	China Statistical Yearbook for Health and Family Planning 2016. Beijing: National Health and Family Planning Commission of China (NHFPC); 2016. 	C
2018.Q2.G.01	SH_STA_BRTC	Proportion of births attended by skilled health personnel (%)	162	105.6426067	-10.4882473	CXR	Christmas Island	1	PERCENT	Percentage																																	
2018.Q2.G.01	SH_STA_BRTC	Proportion of births attended by skilled health personnel (%)	166	96.82633757	-12.18600682	CCK	Cocos (Keeling) Islands	1	PERCENT	Percentage																																	
2018.Q2.G.01	SH_STA_BRTC	Proportion of births attended by skilled health personnel (%)	170	-73.07446751	3.888209046	COL	Colombia	1	PERCENT	Percentage	80.6					83.6			91.3	92.1	86.1	93.1	94.5	95	95.6	90.7	97.1	97.8	98.1	98.6	94.8	99.2	98.7	98.7	98.9	95.9			97.8333333333333	2015	95.9	Ministerio de Salud y Protección Social y Profamilia. Colombia Encuesta Nacional de Demográfia y Salud 2015. Bogotá, Colombia: Profamilia; 2017 (in Spanish).	C
2018.Q2.G.01	SH_STA_BRTC	Proportion of births attended by skilled health personnel (%)	174	43.34234565	-11.66121732	COM	Comoros	1	PERCENT	Percentage							51.6				61.8												82.2							2012	82.2	Direction Générale de la Statistique et de la Prospective (DGSP) et ICF International. Enquête Démographique et de Santé et à Indicateurs Multiples aux Comores 2012. Rockville, MD 20850 USA : DGSP et ICF International; 2014 (in French).	C
2018.Q2.G.01	SH_STA_BRTC	Proportion of births attended by skilled health personnel (%)	175	45.14015057	-12.82217691	MYT	Mayotte	1	PERCENT	Percentage																																	
2018.Q2.G.01	SH_STA_BRTC	Proportion of births attended by skilled health personnel (%)	178	15.22052612	-0.840544119	COG	Congo	1	PERCENT	Percentage																83.4							92.5			91.2			91.2	2015	91.2	Institut National de la Statistique (INS), UNICEF. Enquête par grappes à indicateurs multiples, MICS5 Congo 2014-2015, Rapport de résultats clés. Brazzaville, Congo: INS, UNICEF; 2015 (in French).	C
2018.Q2.G.01	SH_STA_BRTC	Proportion of births attended by skilled health personnel (%)	180	23.65496507	-2.877154732	COD	Democratic Republic of the Congo	1	PERCENT	Percentage												60.7						64.4			74.1				80.1				80.1	2014	80.1	Ministère du Plan et Suivi de la Mise en œuvre de la Révolution de la Modernité (MPSMRM), Ministère de la Santé Publique (MSP), ICF International. Enquête Démographique et de Santé en République Démocratique du Congo 2013-2014. Rockville, Maryland, USA : MPSMRM, MSP, ICF International; 2014 (in French).	C
2018.Q2.G.01	SH_STA_BRTC	Proportion of births attended by skilled health personnel (%)	184	-159.7711391	-21.22696458	COK	Cook Islands	1	PERCENT	Percentage	70							100			98					100			100	100										2009	100	Western Pacific Country Health Information Profiles: 2011 Revision. Manila: World Health Organization Regional Office for the Western Pacific (WPRO); 2011.	C
2018.Q2.G.01	SH_STA_BRTC	Proportion of births attended by skilled health personnel (%)	188	-84.19712782	9.970998683	CRI	Costa Rica	1	PERCENT	Percentage				97					98	98.2	98.4	98	98.5	98.2	98.5	98.5	98.6	98.7	99.1	99.1	95.3	98.4	98.9	99	99.2	90			96.0666666666667	2015	90	Ministerio de Salud [Ministry of Health, Costa Rica], Asociación Demográfica Costarricense , Centro Centroamericano de Población, Fondo de Población de las Naciones Unidas (FPNU) [United Nations Population Fund (UNFPA)]. Il Encuesta Nacional de Salud Sexual y Salud Reproductiva. Costa Rica 2015. San José: Ministerio de Salud [Ministry of Health, Costa Rica]; 2016 (in Spanish). 	C
2018.Q2.G.01	SH_STA_BRTC	Proportion of births attended by skilled health personnel (%)	191	17.95874553	45.45172212	HRV	Croatia	1	PERCENT	Percentage	99.8	99.8	99.8	99.8	99.8	99.9	99.8	99.9	99.9	99.9	99.9	99.9	99.9	99.9	99.9	99.9	99.9	99.9	99.9	99.9	99.9	99.9	99.9	99.9	99.9	99.9			99.9	2015	99.9	Statistical Yearbook of the Republic of Croatia 2016. Zagreb: Croatian Bureau of Statistics; 2016.  	C
2018.Q2.G.01	SH_STA_BRTC	Proportion of births attended by skilled health personnel (%)	192	-79.54460144	22.10030366	CUB	Cuba	1	PERCENT	Percentage	99.8	99.8	99.8	99.8	99.8	99.8	99.8	99.9	99.9	99.9	99.9	99.9	99.9	99.9	99.9	99.9	99.9	99.9	99.9	99.9	99.9	99.9	99.9	99.9	99.4	99.9	99.9		99.775	2016	99.9	Anuario Estadístico de Salud 2016. La Habana: Dirección de Registros Médicos y Estadísticas de Salud, Ministerio de Salud Pública de Cuba; 2017 (in Spanish).	C
2018.Q2.G.01	SH_STA_BRTC	Proportion of births attended by skilled health personnel (%)	196	33.22285964	35.05659437	CYP	Cyprus	1	PERCENT	Percentage	100	100	100	100	100	100	100	100	100	100	97.9	83.8	87.4	83	95.7	99.3	98.5	98.3	97.2	98.3	98.6	98.3	98.7	99.9	97.4				98.65	2014	97.4	Statistical Service. Demographic Report 2014. Republic of Cyprus; 2015.	C
2018.Q2.G.01	SH_STA_BRTC	Proportion of births attended by skilled health personnel (%)	203	15.33151382	49.73913871	CZE	Czechia	1	PERCENT	Percentage	100	100	100	100	100	100	100	100	99.9	99.9	99.8	99.8	99.8	99.8	99.8	99.8	99.7	99.7	99.6	99.6	99.7	99.9	99.9	99.8					99.8	2013	99.8	Rodicka a novorozenec 2013 [Mother and Newborn 2013]. Prague: Ústav zdravotnických informací a statistiky CR [Institute of Health Information and Statistics of the Czech Republic]; 2015 (in Czech).	C
2018.Q2.G.01	SH_STA_BRTC	Proportion of births attended by skilled health personnel (%)	204	2.339933594	9.65401646	BEN	Benin	1	PERCENT	Percentage							59.8					65.5					74						80.9		77.2				77.2	2014	77.2	Institut national de la statistique et de l’analyse économique (INSAE), Bénin, Fonds des Nations Unies pour l’Enfance (UNICEF). Enquête par grappes à indicateurs multiples 2014, Rapport final, Cotonou, Bénin : Institut national de la statistique et de l’analyse économique; 2015 (in French).	C
2018.Q2.G.01	SH_STA_BRTC	Proportion of births attended by skilled health personnel (%)	208	9.326571283	56.03829721	DNK	Denmark	1	PERCENT	Percentage								98.3	98.8	98.7	98.8	98.9	98.8	98.9	98.6	98.8	98.7	97.8		98.7	98.5	98.5	98.2	96.3	95.9	95.4	94.4		95.5	2016	94.4	Det Medicinske Fødselsregister (MFR), MFR-kuben, Institutional deliveries [online database]. Copenhagen: Sundhedsdatastyrelsen [National Board of Health Data, Denmark]; 2017 (http://www.esundhed.dk/sundhedsregistre/MFR/Sider/MFR06A.aspx, accessed 1 November 2017, in Danish).	C
2018.Q2.G.01	SH_STA_BRTC	Proportion of births attended by skilled health personnel (%)	212	-61.3493756	15.43391378	DMA	Dominica	1	PERCENT	Percentage										99.9	100		100	100	100	99		94	100	100		100	100	100	100	96	96		98	2016	96	Health Situation in the Americas: Core Indicators 2017. Washington, DC: Pan American Health Organization/World Health Organization (PAHO/WHO), Communicable Diseases and Health Analysis/ Health Information and Analysis; 2017.	C
2018.Q2.G.01	SH_STA_BRTC	Proportion of births attended by skilled health personnel (%)	214	-70.49847576	18.89832088	DOM	Dominican Republic	1	PERCENT	Percentage		92.4					95.5			96.6	97.6		97.8				95.5	97.8		94	97.8	98.7	98.8	98.6	98.5	99.6			98.9	2015	99.6	República Dominicana: Anuario de Estadísticas Vitales 2015. Santo Domingo: República Dominicana, Oficina Nacional de Estadística (ONE); 2016 (in Spanish).	C
2018.Q2.G.01	SH_STA_BRTC	Proportion of births attended by skilled health personnel (%)	218	-78.37005241	-1.447785891	ECU	Ecuador	1	PERCENT	Percentage					98.7					99.1					98.2	80	82.6	84.1	85.8	87.7	89.2	91.1	93.1	94.7	96.3	95	96.7		95.675	2016	96.7	Anuario De Estadísticas Vitales: Nacidos Vivos y Defunciones 2016. Quito : Instituto Nacional de Estadística y Censos (INEC); 2017 (in Spanish). 	C
2018.Q2.G.01	SH_STA_BRTC	Proportion of births attended by skilled health personnel (%)	222	-88.86862995	13.73603564	SLV	El Salvador	1	PERCENT	Percentage				87.4					90.4			57		70	83.7	87.2	89.6	93.1	95.5	97.5	98	99	99.5	99.8	98	99.9	99.9		99.4	2016	99.9	Informe de Labores 2016-2017. San Salvador: Ministerio de Salud de El Salvador; 2017 (in Spanish).	C
2018.Q2.G.01	SH_STA_BRTC	Proportion of births attended by skilled health personnel (%)	226	10.46535826	1.565792376	GNQ	Equatorial Guinea	1	PERCENT	Percentage											64.6											68.3								2011	68.3	Ministerio de Sanidad y Bienestar Social, Ministerio de Economía, Planificación e Inversiones Públicas, ICF International. Encuesta Demográfica y de Salud (EDSGE-I) 2011. Calverton, Maryland, USA; 2012 (in Spanish).	C
2018.Q2.G.01	SH_STA_BRTC	Proportion of births attended by skilled health personnel (%)	231	39.63505296	8.631223181	ETH	Ethiopia	1	PERCENT	Percentage									6.5		5.6				6.4	5.7						10			15.5		27.7		21.6	2016	27.7	Central Statistical Agency (CSA) [Ethiopia], ICF. Ethiopia Demographic and Health Survey 2016. Addis Ababa, Ethiopia, and Rockville, Maryland, USA: CSA , ICF; 2016. 	C
2018.Q2.G.01	SH_STA_BRTC	Proportion of births attended by skilled health personnel (%)	232	38.11074289	16.12894644	ERI	Eritrea	1	PERCENT	Percentage						20.6							28.3								34.1									2010	34.1	Eritrea Population and Health Survey 2010. Asmara: National Statistics Office (NSO), Eritrea, Fafo Institute for Appled International Studies (Fafo AIS); 2013.	C
2018.Q2.G.01	SH_STA_BRTC	Proportion of births attended by skilled health personnel (%)	233	25.84093481	58.68487172	EST	Estonia	1	PERCENT	Percentage			98.9	99.1	99.1	99.3	99.4	99.3	99.5	99.5	99.5	99.6	99.5	99.4	99.7	99.6	99.5	99.4	99.3	99.2	99.3	99.4	99.3	99.4	99.4	99.5	99.4		99.425	2016	99.4	Estonian Medical Birth Registry (EMBR). Place of Birth (all births, live births and stillbirths), 1992-2016 [website]. Tallinn: National Institute for Health Development, Estonia; 2017 (http://www.tai.ee/en/r-and-d/registers/estonian-medical-birth-registry-and-estonian-abortion-registry/statistics, accessed 2 November 2017). 	C
2018.Q2.G.01	SH_STA_BRTC	Proportion of births attended by skilled health personnel (%)	234	-7.122044325	62.21228119	FRO	Faroe Islands	1	PERCENT	Percentage																																	
2018.Q2.G.01	SH_STA_BRTC	Proportion of births attended by skilled health personnel (%)	238	-58.75246778	-51.74562601	FLK	Falkland Islands (Malvinas)	1	PERCENT	Percentage																																	
2018.Q2.G.01	SH_STA_BRTC	Proportion of births attended by skilled health personnel (%)	239	-36.90662765	-54.20736749	SGS	South Georgia and the South Sandwich Islands	1	PERCENT	Percentage																																	
2018.Q2.G.01	SH_STA_BRTC	Proportion of births attended by skilled health personnel (%)	242	177.9660884	-17.83301566	FJI	Fiji	1	PERCENT	Percentage	95.3	94.5		97.6	96.2	96.2	96.3	96.2	96.7	96.4	96.9	98.4	96.9	96.7	97	97.2	99.3	99	98.8	99.8	99.7	99.6	99.3	99.7	99.7	99.9			99.7666666666667	2015	99.9	Annual Report 2015. Suva: Ministry of Health, Fiji; 2016.	C
2018.Q2.G.01	SH_STA_BRTC	Proportion of births attended by skilled health personnel (%)	246	23.308447	61.91586738	FIN	Finland	1	PERCENT	Percentage	98.8		98.6	98.6	98.5	98.5	98.4	98.4	98.3	98.4	98.4	98.5	99.8	99.8	99.8	99.8	99.8	99.8	99.8	99.8	99.8	99.7	99.8		99.7	99.9			99.8	2015	99.9	Perinataalitilasto - synnyttäjät, synnytykset ja vastasyntyneet 2015 -Perinatalstatistik - föderskor, förlossningar och nyfödda 2015 -Perinatal statistics: parturients, deliveries and newborns 2015. Statistical report 16/2016. Helsinki: National Institute for Health and Welfare (THL), Finland; 2016.	C
2018.Q2.G.01	SH_STA_BRTC	Proportion of births attended by skilled health personnel (%)	248	19.80945969	60.1544901	ALA	Åland Islands	1	PERCENT	Percentage																																	
2018.Q2.G.01	SH_STA_BRTC	Proportion of births attended by skilled health personnel (%)	250	2.457288129	46.62660861	FRA	France	1	PERCENT	Percentage				99								99.6			98	97.9	98.3	98.1	98	97.9	97.5	96.2	97.1	98.3	98.3	97.7	97.4		97.925	2016	97.4	T64: Nés vivants selon la condition de l’accouchement et le groupe d'âges de la mère. Année 2016 [website]. Paris: Institut National de la Statistique et des Études Économiques (INSEE) [National Institute of Statistics and Economic Studies]; 2017 (http://www.insee.fr/en/insee-statistique-publique/default.asp, accessed 9 November 2017, in French).	C
2018.Q2.G.01	SH_STA_BRTC	Proportion of births attended by skilled health personnel (%)	254	-53.23619089	3.922673437	GUF	French Guiana	1	PERCENT	Percentage																																	
2018.Q2.G.01	SH_STA_BRTC	Proportion of births attended by skilled health personnel (%)	258	-149.4052367	-17.67709294	PYF	French Polynesia	1	PERCENT	Percentage																																	
2018.Q2.G.01	SH_STA_BRTC	Proportion of births attended by skilled health personnel (%)	260	69.64849091	-49.6068576	ATF	French Southern Territories	1	PERCENT	Percentage																																	
2018.Q2.G.01	SH_STA_BRTC	Proportion of births attended by skilled health personnel (%)	262	42.18274707	11.56004161	DJI	Djibouti	1	PERCENT	Percentage									56				74.1	60.6			78.4		56.5				87.4							2012	87.4	Deuxième Enquête Djiboutienne sur la Santé de la Famille (EDSF/PAPFAM 2 – 2012). Le Caire: Ministère de la Santé Djibouti, Direction de la Statistique et des Etudes Démographiques Djibouti, Ligue des États Arabes (Projet Pan Arabe sur la Santé de la Famille); 2012 (in French). 	C
2018.Q2.G.01	SH_STA_BRTC	Proportion of births attended by skilled health personnel (%)	266	11.78727747	-0.60687619	GAB	Gabon	1	PERCENT	Percentage											85.5												89.3							2012	89.3	Direction Générale de la Statistique (DGS), ICF International. Enquête Démographique et de Santé du Gabon 2012. Calverton, Maryland, et Libreville, Gabon: DGS, ICF International; 2013 (in French).	C
2018.Q2.G.01	SH_STA_BRTC	Proportion of births attended by skilled health personnel (%)	268	43.3713615	42.04813028	GEO	Georgia	1	PERCENT	Percentage	96.6	91.3	91.1	90.8			95.5	95.4	96	96.4	95.5	96.6	97.4	97.2	97.5	98.3	98.8	99.4	99.6	99.7	99.6	99.8	99.8	99.9	99.9	99.9			99.9	2015	99.9	Health Care, Statistical Yearbook 2015 Georgia. Tbilisi: Ministry of Labour, Health and Social Affairs of Georgia, National Centre for Disease Control and Public Health; 2016.	C
2018.Q2.G.01	SH_STA_BRTC	Proportion of births attended by skilled health personnel (%)	270	-15.39944785	13.45295927	GMB	Gambia	1	PERCENT	Percentage	44.1										51.6						52.1				56.1			57.2					57.2	2013	57.2	The Gambia Bureau of Statistics (GBOS), ICF International. The Gambia Demographic and Health Survey 2013. Banjul, The Gambia, and Rockville, Maryland, USA: GBOS, ICF International; 2014. 	C
2018.Q2.G.01	SH_STA_BRTC	Proportion of births attended by skilled health personnel (%)	275	35.25694122	31.94347933	PSE	State of Palestine	1	PERCENT	Percentage							94.9				97.4				98.3		96.6				99				99.6				99.6	2014	99.6	Palestinian Multiple Indicator Cluster Survey 2014, Final Report, Ramallah: Palestinian Central Bureau of Statistics; 2015.	C
2018.Q2.G.01	SH_STA_BRTC	Proportion of births attended by skilled health personnel (%)	276	10.3806066	51.08862743	DEU	Germany	1	PERCENT	Percentage										98.7	98.6	98.6	98.6	98.6	98.2	98.2	98.4	98.4	98.5	98.3	98.3	98.3	98.5	98.5	98.5	98.7			98.5666666666667	2015	98.7	Qualitätsbericht 2015. Außerklinische Geburtshilfe in Deutschland. Storkow: Gesellschaft für Qualität in der außerklinischen Geburtshilfe e.V. (QUAG e.V.); 2016 (in German).  	C
2018.Q2.G.01	SH_STA_BRTC	Proportion of births attended by skilled health personnel (%)	288	-1.205623522	7.964825185	GHA	Ghana	1	PERCENT	Percentage				43.8					44.3					47.1			49.7	55.2	54.7			67.2			70.8				70.8	2014	70.8	Ghana Statistical Service (GSS), Ghana Health Service (GHS), ICF International. Ghana Demographic and Health Survey 2014. Rockville, Maryland, USA: GSS, GHS, ICF International; 2015. 	C
2018.Q2.G.01	SH_STA_BRTC	Proportion of births attended by skilled health personnel (%)	292	-5.347561686	36.13895036	GIB	Gibraltar	1	PERCENT	Percentage																																	
2018.Q2.G.01	SH_STA_BRTC	Proportion of births attended by skilled health personnel (%)	296	-157.5643005	1.768837732	KIR	Kiribati	1	PERCENT	Percentage	60				72				85		85		76			63			65	79.8	98.3									2010	98.3	Western Pacific Country Health Information Profiles: 2011 Revision. Manila: World Health Organization Regional Office for the Western Pacific (WPRO); 2011.	C
2018.Q2.G.01	SH_STA_BRTC	Proportion of births attended by skilled health personnel (%)	300	22.58307827	39.47301873	GRC	Greece	1	PERCENT	Percentage																																	
2018.Q2.G.01	SH_STA_BRTC	Proportion of births attended by skilled health personnel (%)	304	-41.39371316	74.75625681	GRL	Greenland	1	PERCENT	Percentage																																	
2018.Q2.G.01	SH_STA_BRTC	Proportion of births attended by skilled health personnel (%)	308	-61.68248568	12.11238395	GRD	Grenada	1	PERCENT	Percentage									99	99	100			100		100		98.8		100		100	99	99	99		99.3		99.1	2016	99.3	Health Situation in the Americas: Core Indicators 2017. Washington, DC: Pan American Health Organization/World Health Organization (PAHO/WHO), Communicable Diseases and Health Analysis/ Health Information and Analysis; 2017.	C
2018.Q2.G.01	SH_STA_BRTC	Proportion of births attended by skilled health personnel (%)	312	-61.64762115	16.14416917	GLP	Guadeloupe	1	PERCENT	Percentage																																	
2018.Q2.G.01	SH_STA_BRTC	Proportion of births attended by skilled health personnel (%)	316	144.7029305	13.35485404	GUM	Guam	1	PERCENT	Percentage																																	
2018.Q2.G.01	SH_STA_BRTC	Proportion of births attended by skilled health personnel (%)	320	-91.2312746	15.00273719	GTM	Guatemala	1	PERCENT	Percentage						34.8				40.6		80.2	41.4		31.4			31.4		51.5	52.3		58.7	62.8		65.5			64.15	2015	65.5	Encuesta Nacional de Salud Materno Infantil (ENSMI) 2014-2015. Informe Final. Ciudad de Guatemala: Ministerio de Salud Pública y Asistencia Social (MSPAS) [Guatemala], Instituto Nacional de Estadística (INE) [Guatemala], ICF International; 2015 (in Spanish). 	C
2018.Q2.G.01	SH_STA_BRTC	Proportion of births attended by skilled health personnel (%)	324	-11.28173419	11.00210343	GIN	Guinea	1	PERCENT	Percentage			30.5							34.8				48.7		38		46.1					45.3				62.7		62.7	2016	62.7	Institut National de la Statistique, 2017. Enquête par grappes à indicateurs multiples (MICS 2016), Rapport final, Conakry, Guinée.	C
2018.Q2.G.01	SH_STA_BRTC	Proportion of births attended by skilled health personnel (%)	328	-58.97322037	4.788012784	GUY	Guyana	1	PERCENT	Percentage											82.9			94	95.9	96.7	80.9	93.3	96	87.4					85.7				85.7	2014	85.7	Bureau of Statistics, Ministry of Health, UNICEF. Guyana Multiple Indicator Cluster Survey 2014. Georgetown, Guyana: Bureau of Statistics, Ministry of Health, UNICEF; 2015.	C
2018.Q2.G.01	SH_STA_BRTC	Proportion of births attended by skilled health personnel (%)	332	-72.33640958	18.40426539	HTI	Haiti	1	PERCENT	Percentage						20.6					23.8						26.1						37.3	48.6				41.7	45.15	2017	41.7	Institut Haïtien de l’Enfance (IHE) [Haïti], ICF. Enquête Mortalité, Morbidité et Utilisation des Services, Haïti, 2016-2017: Indicateurs Clés. Rockville, Maryland, PétionVille, Haïti: IHE, ICF; 2017 (in French).	C
2018.Q2.G.01	SH_STA_BRTC	Proportion of births attended by skilled health personnel (%)	334	73.52633626	-53.09106147	HMD	Heard Island and McDonald Islands	1	PERCENT	Percentage																																	
2018.Q2.G.01	SH_STA_BRTC	Proportion of births attended by skilled health personnel (%)	336	12.45315803	41.90343751	VAT	Holy See	1	PERCENT	Percentage																																	
2018.Q2.G.01	SH_STA_BRTC	Proportion of births attended by skilled health personnel (%)	340	-86.59974381	14.82243161	HND	Honduras	1	PERCENT	Percentage			46.9				54.9					55.7				66.9	66.3						82.8							2012	82.8	Secretaría de Salud [Honduras], Instituto Nacional de Estadística (INE), ICF International. Encuesta Nacional de Salud y Demografía 2011-2012. Tegucigalpa, Honduras: SS, INE, ICF International; 2013 (in Spanish).	C
2018.Q2.G.01	SH_STA_BRTC	Proportion of births attended by skilled health personnel (%)	344	114.0266445	22.41749934	HKG	China, Hong Kong Special Administrative Region	1	PERCENT	Percentage																																	
2018.Q2.G.01	SH_STA_BRTC	Proportion of births attended by skilled health personnel (%)	348	19.41221519	47.1651448	HUN	Hungary	1	PERCENT	Percentage	99.4	99.4	99.5	99.4	99.4	99.4	99.5	99.5	99.5	99.5	99.5	99.6	99.6	99.6	99.6	99.6	99.7	99.6	99.5	99.6	99.1	99	99	99.1	99.2				99.15	2014	99.2	Transformative Monitoring for Enhanced Equity (TransMonEE) 2016 Database [online database]. Geneva: UNICEF Europe and Central Asia Regional Office; 2016 (www.transmonee.org, accessed 17 October 2016). 	C
2018.Q2.G.01	SH_STA_BRTC	Proportion of births attended by skilled health personnel (%)	352	-19.02116966	64.79134763	ISL	Iceland	1	PERCENT	Percentage	100	99.9	99.8	99.8	99.8	99.8	99.8	99.8	99.9	99.6	99.3	99.5	99.4	99.4	99.4	99	98.9	98.9	98.7	98.8	98.2	97.9	97.8	98.1	97.8	98.2	97.9		98	2016	97.9	Births: Home deliveries as percentage of all deliveries in Iceland 1980-2016 [website]. Reykjavík: Directorate of Health [Iceland]; 2017 (https://www.landlaeknir.is/english/statistics/births/, accessed 10 October 2017). 	C
2018.Q2.G.01	SH_STA_BRTC	Proportion of births attended by skilled health personnel (%)	356	79.3608464	22.34642074	IND	India	1	PERCENT	Percentage				34.2						42.3	42.5				47.6	34.5	34.9	38.6	47.1	57.7	60.5	66.6			81.4		85.7		83.55	2016	85.7	National Family Health Survey - 4 (NFHS-4) 2015-16. India Fact sheet. Mumbai: International Institute for Population Sciences (IIPS) [India]; 2016. 	C
2018.Q2.G.01	SH_STA_BRTC	Proportion of births attended by skilled health personnel (%)	360	113.9174	-0.994582204	IDN	Indonesia	1	PERCENT	Percentage		31.7			36.5	46.1	50	43.2	51.8	60.2	63.5	64.2		67.9	71.5	70.5	72.4	73	74.9	77.3	79.8	81.3	83.1	87.4			92.6		90	2016	92.6	Statistik Kesejahteraan Rakyat. Welfare statistics 2016. Jakarta: Badan Pusat Statistik (BPS) [Statistics Indonesia]; 2016.	C
2018.Q2.G.01	SH_STA_BRTC	Proportion of births attended by skilled health personnel (%)	364	54.19766348	32.74370885	IRN	Iran (Islamic Republic of)	1	PERCENT	Percentage								86.1			89.6					97.3				97.7	96.4	98.5	98.8	98.8	99				98.9	2014	99	Millennium Development Goals (MDG) - 2014 Report. Proportion of births attended by skilled health personnel, percent [website]. Tehran: Statistical Center of Iran; 2015 (https://www.amar.org.ir/english/MDG-2014/MDG-Goal_5/MDG-Goal-5-P2, accessed 28 November 2017). 	C
2018.Q2.G.01	SH_STA_BRTC	Proportion of births attended by skilled health personnel (%)	368	43.76606267	33.05013795	IRQ	Iraq	1	PERCENT	Percentage											65.2		76		90		88.5	79.7	82.3	84		90.9	70.4							2012	70.4	Shabila, N. P. Rates and trends in cesarean sections between 2008 and 2012 in Iraq. BMC Pregnancy Childbirth. 2017; 17:22. DOI: 10.1186/s12884-016-1211-6. 	C
2018.Q2.G.01	SH_STA_BRTC	Proportion of births attended by skilled health personnel (%)	372	-7.121425272	53.25274054	IRL	Ireland	1	PERCENT	Percentage										99.5	99.6	99.6	99.5	99.6	99.7	99.7	99.7	99.7	99.8	99.8	99.8	99.8	99.8	99.8	99.7	99.7			99.7333333333333	2015	99.7	Healthcare Pricing Office (HPO), Health Service Executive (HSE). Perinatal Statistics Report 2015. Version 1.0. Dublin: HSE; 2017.  	C
2018.Q2.G.01	SH_STA_BRTC	Proportion of births attended by skilled health personnel (%)	376	34.62277992	31.06164552	ISR	Israel	1	PERCENT	Percentage																																	
2018.Q2.G.01	SH_STA_BRTC	Proportion of births attended by skilled health personnel (%)	380	12.57022427	42.79917282	ITA	Italy	1	PERCENT	Percentage											99.8		99.6	99.6	99.8	99.8	99.8	99.6	99.8	99.8	99.9	99.9		99.9	99.9				99.9	2014	99.9	Certificato di assistenza al parto (CeDAP). Analisi dell’evento nascita - Anno 2014. Roma: Direzione Generale della Digitalizzazione, del Sistema Informativo Sanitario e della Statistica – Ufficio di Statistica; 2017 (in Italian). 	C
2018.Q2.G.01	SH_STA_BRTC	Proportion of births attended by skilled health personnel (%)	384	-5.552690016	7.62211586	CIV	Côte d'Ivoire	1	PERCENT	Percentage					45.4					47.1	62.8				68	55.1	56.8						59.4				73.6		73.6	2016	73.6	Institut National de la Statistique (INS). 2017. Enquête par grappes à indicateurs multiples, 2016, Rapport des Résultats clés. Abidjan, Côte d’Ivoire.	C
2018.Q2.G.01	SH_STA_BRTC	Proportion of births attended by skilled health personnel (%)	388	-77.31068409	18.15616857	JAM	Jamaica	1	PERCENT	Percentage				93.4				94.6				98.5	96.9			96.7	94.5	93		98.3	90.1	99.1								2011	99.1	Statistical Institute of Jamaica (STATIN), United Nations Children's Fund (UNICEF). Jamaica Multiple Indicator Cluster Survey 2011. Final Report. Kingston, Jamaica: STATIN, UNICEF; 2013.	C
2018.Q2.G.01	SH_STA_BRTC	Proportion of births attended by skilled health personnel (%)	392	139.2716103	36.6554539	JPN	Japan	1	PERCENT	Percentage	99.9					99.9	100				99.8	99.8	99.8	99.8	99.8	99.8	99.8	99.8	99.8	99.8	99.8	99.8	99.8		99.8	99.9			99.85	2015	99.9	2015 Vital Statistics of Japan [website]. Tokyo: e-stat (Portal Site of Official Statistics of Japan), National Statistics Center [Japan]; 2016 (https://www.e-stat.go.jp/en/stat-search/files?page=1&query=placeof delivery, accessed 21 January 2018).	C
2018.Q2.G.01	SH_STA_BRTC	Proportion of births attended by skilled health personnel (%)	398	66.65359159	48.01963494	KAZ	Kazakhstan	1	PERCENT	Percentage	99	98.1	98.9	98.6	98.3	99.6	98.1	97.6	98	99.1	98.3	98.5	98.9	99.4	99.4	99.4	99.8	99.5	99.3	99.4	99.4	100	100	100	100	99.4			99.8	2015	99.4	The Statistics Committee of the Ministry of National Economy of the Republic of Kazakhstan (Statistics Committee of the MNE RK), the United Nations Children’s Fund (UNICEF), the United Nations Population Fund (UNFPA). 2015 Kazakhstan Multiple Indicator Cluster Survey, Final Report. Astana, Kazakhstan: The Statistics Committee
of the MNE RK, UNICEF, UNFPA; 2016.	C
2018.Q2.G.01	SH_STA_BRTC	Proportion of births attended by skilled health personnel (%)	400	37.13024774	30.65365973	JOR	Jordan	1	PERCENT	Percentage	87.2							96.7					99.5		99.5			99.1					99.6							2012	99.6	Department of Statistics [Jordan], ICF International. Jordan Population and Family Health Survey 2012. Calverton, Maryland, USA: Department of Statistics, ICF International; 2013.	C
2018.Q2.G.01	SH_STA_BRTC	Proportion of births attended by skilled health personnel (%)	404	37.86096816	0.534797278	KEN	Kenya	1	PERCENT	Percentage				45.4					44.3		42.6			41.6						43.8					61.8				61.8	2014	61.8	Kenya National Bureau of Statistics, Ministry of Health, National AIDS Control Council, Kenya Medical Research Institute, National Council for Population and Development, Nairobi, Kenya, The DHS Program. Kenya Demographic and Health Survey 2014. Rockville, Maryland, USA: ICF International; 2015.	C
2018.Q2.G.01	SH_STA_BRTC	Proportion of births attended by skilled health personnel (%)	408	127.1803633	40.1462645	PRK	Democratic People's Republic of Korea	1	PERCENT	Percentage											96.7				97.1					100										2009	100	Central Bureau of Statistics (CBS), UNICEF. DPR Korea Multiple Indicator Cluster Survey 2009, Final Report. Pyongyang, DPR Korea: Central Bureau of Statistics (CBS), UNICEF; 2010.	C
2018.Q2.G.01	SH_STA_BRTC	Proportion of births attended by skilled health personnel (%)	410	127.8610254	36.45201023	KOR	Republic of Korea	1	PERCENT	Percentage		97.9			98.4			99.6			99.9			99.9			100	100		99.9			99.8			100			100	2015	100	The 2015 National Survey on Fertility, Family Health & Welfare in Korea. Sejong City: Korea Institute for Health and Social Affairs; 2016 (in Korean). 	C
2018.Q2.G.01	SH_STA_BRTC	Proportion of births attended by skilled health personnel (%)	414	47.49305029	29.53949468	KWT	Kuwait	1	PERCENT	Percentage							98.2				100		100		98.3	98.6	98.7	98.7	98.7	98.7	98.6	98.8	98.8	98.7	98.7	99.9			99.1	2015	99.9	Annual Bulletin for Vital Statistics - Births and Deaths 2015. Kuwait City: Central Statistical Bureau (Office) [Kuwait]; 2016.	C
2018.Q2.G.01	SH_STA_BRTC	Proportion of births attended by skilled health personnel (%)	417	74.52324839	41.46204516	KGZ	Kyrgyzstan	1	PERCENT	Percentage	98.9	98.9	98.7	98.3	98.2	98	98.1	98.1	98.5	98.5	98.6	98.7	98.8	98.9	98.2	97.9	97.6	98.4	98.5	98.5	98.3	98.6	99.1	99	98.4				98.7	2014	98.4	National Statistical Committee of the Kyrgyz Republic, United Nations Children's Fund (UNICEF). Kyrgyz Republic Multiple Indicator Cluster Survey 2014, Final Report. Bishkek, Kyrgyzstan: National Statistical Committee of the Kyrgyz Republic, UNICEF; 2016.	C
2018.Q2.G.01	SH_STA_BRTC	Proportion of births attended by skilled health personnel (%)	418	101.9901968	20.27482773	LAO	Lao People's Democratic Republic	1	PERCENT	Percentage				7							16.7					14.6	18.9				37		40.1							2012	40.1	Ministry of Health [Lao], Lao Statistics Bureau, United Nations Children’s Fund (UNICEF), United Nations Population Fund (UNFPA). Lao Social Indicator Survey (LSIS) 2011-12. (Multiple Indicator Survey / Demographic and Health Survey). Vientiane: Ministry of Health [Lao], Lao Statistics Bureau, United Nations Children’s Fund (UNICEF), United Nations Population Fund (UNFPA); 2012.	C
2018.Q2.G.01	SH_STA_BRTC	Proportion of births attended by skilled health personnel (%)	422	35.89391711	33.92152458	LBN	Lebanon	1	PERCENT	Percentage							89				99.9	93.5			98.2															2004	98.2	Lebanon Family Health Survey 2004. Principal Report. Beirut: Central Administration of Statistics [Lebanon], The Arab League, The Pan Arab Project for Family Health; 2006.	C
2018.Q2.G.01	SH_STA_BRTC	Proportion of births attended by skilled health personnel (%)	426	28.25362195	-29.58041814	LSO	Lesotho	1	PERCENT	Percentage					37.6						48.1				55.4					61.5					77.9				77.9	2014	77.9	Ministry of Health [Lesotho], ICF International. Lesotho Demographic and Health Survey 2014. Maseru, Lesotho: Ministry of Health, ICF International; 2016.	C
2018.Q2.G.01	SH_STA_BRTC	Proportion of births attended by skilled health personnel (%)	428	26.42461876	56.64196636	LVA	Latvia	1	PERCENT	Percentage	100	100	100	100	100	100	100	100	100	100	100	99	100	99	100	100	100	99.4	99.1	98.9	98.8	98.6	98.6	98.4	98.1	99.9	99.9		99.075	2016	99.9	Statistical Yearbook of Health Care in Latvia 18th edition, 2016. Riga: The Centre for Disease Prevention and Control of Latvia; 2017.	C
2018.Q2.G.01	SH_STA_BRTC	Proportion of births attended by skilled health personnel (%)	430	-9.311879038	6.448381009	LBR	Liberia	1	PERCENT	Percentage											50.9							46.3						61.1					61.1	2013	61.1	Liberia Institute of Statistics and Geo-Information Services (LISGIS), Ministry of Health and Social Welfare [Liberia], National AIDS Control Program [Liberia], ICF International. Liberia Demographic and Health Survey 2013. Monrovia, Liberia: Liberia Institute of Statistics and Geo- Information Services (LISGIS), ICF International; 2014.	C
2018.Q2.G.01	SH_STA_BRTC	Proportion of births attended by skilled health personnel (%)	434	18.0295985	27.04042819	LBY	Libya	1	PERCENT	Percentage						94.4				99							100	98.3	99.8		99.9	99.9	99.9	99.9					99.9	2013	99.9	Vital Statistics 2013. Libya: Ministry of Health [Libya]; 2014.	C
2018.Q2.G.01	SH_STA_BRTC	Proportion of births attended by skilled health personnel (%)	438	9.552985019	47.14167005	LIE	Liechtenstein	1	PERCENT	Percentage																																	
2018.Q2.G.01	SH_STA_BRTC	Proportion of births attended by skilled health personnel (%)	440	23.90517807	55.33680309	LTU	Lithuania	1	PERCENT	Percentage	100	100	100	100	100	100	100	100	100	100	100	100	100	100	100	100	100	100	100	100	100	100	100	100	100				100	2014	100	Transformative Monitoring for Enhanced Equity (TransMonEE) 2016 Database [online database]. Geneva: UNICEF Europe and Central Asia Regional Office; 2016 (www.transmonee.org, accessed 17 October 2016). 	C
2018.Q2.G.01	SH_STA_BRTC	Proportion of births attended by skilled health personnel (%)	442	6.092656563	49.77679538	LUX	Luxembourg	1	PERCENT	Percentage														99.9						99.9										2009	99.9	Surveillance de la santé périnatale au Luxembourg. Évolution de 2001 à 2011. Luxembourg: Ministère de la Santé – Centre de Recherche Public de la Santé [Luxembourg]; 2013 (in French).	C
2018.Q2.G.01	SH_STA_BRTC	Proportion of births attended by skilled health personnel (%)	446	113.5665388	22.1237259	MAC	China, Macao Special Administrative Region	1	PERCENT	Percentage																																	
2018.Q2.G.01	SH_STA_BRTC	Proportion of births attended by skilled health personnel (%)	450	46.6982339	-19.38514785	MDG	Madagascar	1	PERCENT	Percentage			57					47.3			47				51.3					43.9				44.3					44.3	2013	44.3	L’Enquête Nationale sur le Suivi des Objectifs du Millénaire pour le Développement a Madagascar 2012-2013 (ENSOMD). Madagascar: l’Institut National de la Statistique [Madagascar], l’Office National de Nutrition (ONN), Fonds des Nations Unies pour l'Enfance (UNICEF), Fonds des Nations Unies pour la Population (FNUAP/UNFPA), Programme des Nations Unies pour le développement (PNUD/UNDP); 2014 (in French).	C
2018.Q2.G.01	SH_STA_BRTC	Proportion of births attended by skilled health personnel (%)	454	33.4884625	-13.40819859	MWI	Malawi	1	PERCENT	Percentage			54.8								55.6		60.5		56.1	59	53.6	66	68	75	71.4	83.7	82.6		87.4		89.8		88.6	2016	89.8	National Statistical Office (NSO) [Malawi], ICF. Malawi Demographic and Health Survey 2015-16. Zomba, Malawi: NSO, ICF; 2017.	C
2018.Q2.G.01	SH_STA_BRTC	Proportion of births attended by skilled health personnel (%)	458	116.8346314	5.452415309	MYS	Malaysia	1	PERCENT	Percentage	92.8					95.1			96.2		96.6	96.8	97	97.6	98	98.1	98.4	98.6	98.6	98.6	98.6	98.6	98.7	98.8	99	99.4			99.0666666666667	2015	99.4	Health Indicators 2016: Indicators for Monitoring and Evaluation of Strategy Health for All. Putrajaya: Ministry of Health [Malaysia]; 2016.	C
2018.Q2.G.01	SH_STA_BRTC	Proportion of births attended by skilled health personnel (%)	462	73.09672546	-0.614385021	MDV	Maldives	1	PERCENT	Percentage															84	91.6	94.2	96.3	98.3	94.8	98.2	98.8	95.5	95.6	95.6				95.6	2014	95.6	The Maldives Health Statistics 2014. Male': Ministry of Health [Republic of Maldives]; 2017.	C
2018.Q2.G.01	SH_STA_BRTC	Proportion of births attended by skilled health personnel (%)	466	-3.522016039	17.35311254	MLI	Mali	1	PERCENT	Percentage							40					40.6					49							57.1		43.7			50.4	2015	43.7	Institut national de la statistique (INSTAT), Fonds des Nations Unies pour l’enfance (UNICEF). Enquête par grappes à indicateurs multiples au Mali (MICS-Mali), 2015, Rapport final. Bamako, Mali: INSTAT; 2016 (in French). 
	C
2018.Q2.G.01	SH_STA_BRTC	Proportion of births attended by skilled health personnel (%)	470	14.44617519	35.89194275	MLT	Malta	1	PERCENT	Percentage												99.9	99.5	99.5	99.9	99.7	98.8	99.8	99.9	99.8	99.8	99.8	99.5	99.9	99.9	99.8	99.8		99.85	2016	99.8	National Obstetric Information System (NOIS). Annual Report – 2016. Malta: Directorate for Health Information and Research (DHIR); 2017.	C
2018.Q2.G.01	SH_STA_BRTC	Proportion of births attended by skilled health personnel (%)	474	-60.91544135	14.56086108	MTQ	Martinique	1	PERCENT	Percentage																																	
2018.Q2.G.01	SH_STA_BRTC	Proportion of births attended by skilled health personnel (%)	478	-10.33187259	20.26089546	MRT	Mauritania	1	PERCENT	Percentage		40										53.4						57.1				65.1				69.3			69.3	2015	69.3	Mauritanie Enquête Par Grappes À Indicateurs Multiples MICS 2015. Rapport Final. Nouakchott: Ministère De l’Économie et des Finances, Office National De La Statistique [Mauritanie], Fonds des Nations unies pour l’enfance (UNICEF); 2017 (in French). 	C
2018.Q2.G.01	SH_STA_BRTC	Proportion of births attended by skilled health personnel (%)	480	57.568022	-20.28581998	MUS	Mauritius	1	PERCENT	Percentage	91.1	94.5	96.5	96.3	97.7	98.1	97.5	97.8	98.5	99.8	99.7			98.4		99.2			99.5	99.4	99.5		99.5		99.8	99.8	99.8		99.8	2016	99.8	Health Statistics Report 2016. Island of Mauritius and Island of Rodrigues. Port Louis: Health Statistics Unit, Ministry of Health and Quality of Life [Mauritius]; 2017. 	C
2018.Q2.G.01	SH_STA_BRTC	Proportion of births attended by skilled health personnel (%)	484	-102.5148166	23.93378032	MEX	Mexico	1	PERCENT	Percentage	98.3	98.4	98.6	98.6	98.9	99.2	99.3	99.1	99.5	99.5	88.6	70.6	71.5	71.9	74.2	93.3	93.4	93	93.8	95.3			99.6		95.6	97.7			96.65	2015	97.7	Instituto Nacional de Salud Pública, Fondo de las Naciones Unidas para la Infancia (UNICEF) México. Encuesta Nacional de Niños, Niñas y Mujeres 2015 - Encuesta de Indicadores Múltiples por
Conglomerados 2015, Informe Final. Ciudad de México, México: Instituto Nacional de Salud Pública, UNICEF México; 2016 (in Spanish).	C
2018.Q2.G.01	SH_STA_BRTC	Proportion of births attended by skilled health personnel (%)	492	7.424214814	43.73532918	MCO	Monaco	1	PERCENT	Percentage																																	
2018.Q2.G.01	SH_STA_BRTC	Proportion of births attended by skilled health personnel (%)	496	103.0728057	46.83892054	MNG	Mongolia	1	PERCENT	Percentage	99.9								97.1		96.6			98.6	99.7	99.2	99.7	99.7	99.4	99.8	98.8			98.9					98.9	2013	98.9	Mongolia Social Indicator Sample Survey - 2013. Multiple Indicator Cluster Survey. Final Report. Ulaanbaatar: National Statistical Office of Mongolia, United Nations Children's Fund (UNICEF), United Nations Population Fund (UNFPA); 2015.	C
2018.Q2.G.01	SH_STA_BRTC	Proportion of births attended by skilled health personnel (%)	498	28.4650624	47.20236795	MDA	Republic of Moldova	1	PERCENT	Percentage	100	100	100	100	100	100	100	99.1	98	98	98	99	99.6	99.4	99.3	99.5	99.6	99.6	99.5	99.7	99.2	99.4	99.2	99.8	99.7				99.75	2014	99.7	Transformative Monitoring for Enhanced Equity (TransMonEE) 2016 Database [online database]. Geneva: UNICEF Europe and Central Asia Regional Office; 2016 (www.transmonee.org, accessed 17 October 2016). 	C
2018.Q2.G.01	SH_STA_BRTC	Proportion of births attended by skilled health personnel (%)	499	19.25214024	42.78717043	MNE	Montenegro	1	PERCENT	Percentage											99.1	96.6	98	98.9	98.3	99	87.2	99.7	99.9	99.5				99					99	2013	99	Statistical Office of Montenegro (MONSTAT), United Nations Children's Fund (UNICEF). 2013 Montenegro Multiple Indicator Cluster Survey and 2013 Montenegro Roma Settlements Multiple Indicator Cluster Survey, Final Report. Podgorica, Montenegro: Statistical Office of Montenegro (MONSTAT), UNICEF; 2014.	C
2018.Q2.G.01	SH_STA_BRTC	Proportion of births attended by skilled health personnel (%)	500	-62.19261223	16.73558313	MSR	Montserrat	1	PERCENT	Percentage																																	
2018.Q2.G.01	SH_STA_BRTC	Proportion of births attended by skilled health personnel (%)	504	-6.281942841	31.8440131	MAR	Morocco	1	PERCENT	Percentage			31			39.6		45.6		47.7					62.6						74.1	73.6								2011	73.6	Enquête Nationale sur la Population et la Santé Familiale (ENPSF) 2011. Rabat, Le Caire: Ministère de la Santé [Morocco], Projet PAPFAM, Ligue des États Arabes; 2012 (in French).	C
2018.Q2.G.01	SH_STA_BRTC	Proportion of births attended by skilled health personnel (%)	508	38.18479941	-14.27963886	MOZ	Mozambique	1	PERCENT	Percentage								44.2						47.7	46.8	48.5	48.4	51.6	55.3			54.3								2011	54.3	Ministerio da Saude - MISAU/Moçambique , Instituto Nacional de Estatística - INE/Moçambique, ICF International. Moçambique Inquérito Demográfico e de Saúde 2011. Calverton, Maryland, USA: MISA/Moçambique, INE/Moçambique, ICF International; 2013 (in Portuguese).	C
2018.Q2.G.01	SH_STA_BRTC	Proportion of births attended by skilled health personnel (%)	512	57.87743482	21.98805614	OMN	Oman	1	PERCENT	Percentage						91.1					94.7					98	98	99	98.6	98.6	98.6	98.6	98.6	98.6	99.1				98.85	2014	99.1	National Centre for Statistics and Information, United Nations Children’s Fund (UNICEF). Multiple Indicator Cluster Survey 2014, Final Report. Muscat, Oman: National Centre for Statistics and Information; 2017 (in Arabic).	C
2018.Q2.G.01	SH_STA_BRTC	Proportion of births attended by skilled health personnel (%)	516	17.21907885	-22.13817068	NAM	Namibia	1	PERCENT	Percentage			68.2								75.5							81.4						88.2					88.2	2013	88.2	The Nambia Ministry of Health and Social Services (MoHSS), ICF International. The Namibia Demographic and Health Survey 2013. Windhoek, Namibia, Rockville, Maryland, USA: MoHSS, ICF International; 2014.	C
2018.Q2.G.01	SH_STA_BRTC	Proportion of births attended by skilled health personnel (%)	520	166.92313	-0.528742623	NRU	Nauru	1	PERCENT	Percentage																		97.4												2007	97.4	Nauru Bureau of Statistics, Secretariat of the Pacific Community (SPC), Macro International Inc. Nauru 2007 Demographic and Health Survey. Noumea: SPC; 2009.	C
2018.Q2.G.01	SH_STA_BRTC	Proportion of births attended by skilled health personnel (%)	524	83.94678863	28.25866332	NPL	Nepal	1	PERCENT	Percentage		7.4					9				11.9	10.9			19.8		18.7					36			55.6		58		56.8	2016	58	Ministry of Health, Nepal, New ERA, ICF. Nepal Demographic and Health Survey 2016. Kathmandu, Nepal: Ministry of Health, Nepal; 2017. 	C
2018.Q2.G.01	SH_STA_BRTC	Proportion of births attended by skilled health personnel (%)	528	5.331480568	51.86728884	NLD	Netherlands	1	PERCENT	Percentage									100																					1998	100	European Health for All Database (HFA-DB) [online database]. World Health Organization (WHO) Regional Office for Europe; 2011 (http://data.euro.who.int/hfadb, accessed 9 May 2011).	C
2018.Q2.G.01	SH_STA_BRTC	Proportion of births attended by skilled health personnel (%)	530	-68.30676179	12.22720635	ANT	Netherlands Antilles	1	PERCENT	Percentage																																	
2018.Q2.G.01	SH_STA_BRTC	Proportion of births attended by skilled health personnel (%)	531	-68.95033464	12.15058042	CUW	Curaçao	1	PERCENT	Percentage																																	
2018.Q2.G.01	SH_STA_BRTC	Proportion of births attended by skilled health personnel (%)	533	-69.97050586	12.50878756	ABW	Aruba	1	PERCENT	Percentage																																	
2018.Q2.G.01	SH_STA_BRTC	Proportion of births attended by skilled health personnel (%)	534	-63.06198692	18.03926508	SXM	Sint Maarten (Dutch part)	1	PERCENT	Percentage																																	
2018.Q2.G.01	SH_STA_BRTC	Proportion of births attended by skilled health personnel (%)	540	165.5067368	-21.41742531	NCL	New Caledonia	1	PERCENT	Percentage																																	
2018.Q2.G.01	SH_STA_BRTC	Proportion of births attended by skilled health personnel (%)	548	167.0679779	-15.34445547	VUT	Vanuatu	1	PERCENT	Percentage	79				87	89.1				88	88			84		92	92.9	74						89.4					89.4	2013	89.4	Vanuatu Ministry of Health, Vanuatu National Statistics Office, Secretariat of the Pacific Community (SPC). Vanuatu Demographic and Health Survey 2013. Final Report. Noumea: SPC; 2014.
	C
2018.Q2.G.01	SH_STA_BRTC	Proportion of births attended by skilled health personnel (%)	554	170.4755673	-43.98721568	NZL	New Zealand	1	PERCENT	Percentage										92	97.3	96.6	99.2	98.2	94	94	97.9	95.7	96.7	96.7	96.2	96.7			96.6	96.3			96.45	2015	96.3	Report on Maternity 2015. Wellington: Ministry of Health [New Zealand]; 2017.	C
2018.Q2.G.01	SH_STA_BRTC	Proportion of births attended by skilled health personnel (%)	558	-85.03060315	12.84210839	NIC	Nicaragua	1	PERCENT	Percentage				57.5					64.6			66.9	73.7	75.2	77.2	79.8	80.3	84	85.8	87.7	74		88							2012	88	Encuesta Nicaragüense de Demografía y Salud (ENDESA) 2011/12. Informe Preliminar. Managua; Instituto Nacional de Información de Desarrollo (INIDE), Ministerio de Salud [Nicaragua]; 2013 (in Spanish).	C
2018.Q2.G.01	SH_STA_BRTC	Proportion of births attended by skilled health personnel (%)	562	9.400167877	17.42143036	NER	Niger	1	PERCENT	Percentage			14.9						17.6		15.7						17.7						29.3			39.7			39.7	2015	39.7	Note Provisoire de Synthese de l'Etude Nationale d'Evaluation d'Indicateurs Socio-Economiques et Demographiques (ENISED). Niger:  Ministere de l'Economie et des Finances, Institut National de la Statistique (INS-Niger), Etablissement Public à Caractère Administratif Direction des Enquêtes et des Recensements; 2015 (in French). 	C
2018.Q2.G.01	SH_STA_BRTC	Proportion of births attended by skilled health personnel (%)	566	8.097363256	9.585789025	NGA	Nigeria	1	PERCENT	Percentage	30.8									41.6				35.2				42.5	34.4			47.3		35.2				43	39.1	2017	43	National Bureau of Statistics (NBS) and United Nations Children’s Fund (UNICEF). 2017 Multiple Indicator Cluster Survey 2016-17, Survey Findings Report. Abuja, Nigeria: National Bureau of Statistics and United Nations Children’s Fund.	C
2018.Q2.G.01	SH_STA_BRTC	Proportion of births attended by skilled health personnel (%)	570	-169.8601693	-19.05000475	NIU	Niue	1	PERCENT	Percentage	90	100					100	100			100	100	100			100	100	100	100		100	100								2011	100	Office for External Affairs [Niue], United Nations Development Programme (UNDP). Niue Millennium Development Goals 2012 Report. Alofi: Statistics Niue; 2013.	C
2018.Q2.G.01	SH_STA_BRTC	Proportion of births attended by skilled health personnel (%)	574	167.9515548	-29.03230018	NFK	Norfolk Island	1	PERCENT	Percentage																																	
2018.Q2.G.01	SH_STA_BRTC	Proportion of births attended by skilled health personnel (%)	578	11.47846389	61.34311134	NOR	Norway	1	PERCENT	Percentage	99.4	99.3	99.3	99.4	99.3	99.2	99.2	99.1	99.1	99.1	99	99.1	99.1	99	99.1	99.2	99.2	99.1	99.2	99.2	99.1	99.2	99.2	99.1	99.1	99.1	99.1		99.1	2016	99.1	Dataset: F11: Fødested. 2016. [online database]. Oslo: Folkehelseinstituttet, Medisinsk fødselsregister [Norwegian Institute of Public Health (NIPH), Medical Birth Registry]; 2017 (http://statistikkbank.fhi.no/mfr, accessed 8 December 2017, in Norwegian). 	C
2018.Q2.G.01	SH_STA_BRTC	Proportion of births attended by skilled health personnel (%)	580	145.7582114	15.19099517	MNP	Northern Mariana Islands	1	PERCENT	Percentage																																	
2018.Q2.G.01	SH_STA_BRTC	Proportion of births attended by skilled health personnel (%)	581	-162.4343752	5.874443968	UMI	US Minor Outlying Islands	1	PERCENT	Percentage																																	
2018.Q2.G.01	SH_STA_BRTC	Proportion of births attended by skilled health personnel (%)	583	158.225216	6.880670092	FSM	Micronesia, Federated States of	1	PERCENT	Percentage									88	83.8	82.8	85.7	81.6	84.6		82.7	85.3		92	100										2009	100	Western Pacific Country Health Information Profiles: 2011 Revision. Manila: World Health Organization Regional Office for the Western Pacific (WPRO); 2011.	C
2018.Q2.G.01	SH_STA_BRTC	Proportion of births attended by skilled health personnel (%)	584	171.0839119	7.110213497	MHL	Marshall Islands	1	PERCENT	Percentage																		86.2		86.5	90	90.1								2011	90.1	Annual Report FY 2011. Ministry of Health [Republic of the Marshall Islands]; 2012.	C
2018.Q2.G.01	SH_STA_BRTC	Proportion of births attended by skilled health personnel (%)	585	134.5733878	7.502307591	PLW	Palau	1	PERCENT	Percentage	100					100			100		100		100				100	100	100	99.3	99.6	100	97.4	99.1	100	100	100		99.775	2016	100	2016 Statistical Yearbook. Koror: Ministry of Finance [Palau]; 2017.	C
2018.Q2.G.01	SH_STA_BRTC	Proportion of births attended by skilled health personnel (%)	586	68.80479684	29.36491634	PAK	Pakistan	1	PERCENT	Percentage		18.8						18		18	22.9		23	28.4		31	56	38.8		41		43	51	52.1					52.1	2013	52.1	National Institute of Population Studies (NIPS) [Pakistan], ICF International. Pakistan Demographic and Health Survey 2012-13. Islamabad, Pakistan, Calverton, Maryland, USA: NIPS [Pakistan], ICF International; 2013.	C
2018.Q2.G.01	SH_STA_BRTC	Proportion of births attended by skilled health personnel (%)	591	-81.26616623	8.450965746	PAN	Panama	1	PERCENT	Percentage	86.3		85.8	86.9	88	88.3	89.9	89.5	90	90.1	90.5	92.1	94.2	92.5	91.3	91.1	91	91.5	91.8	88.6	92.7	93.5	94.3	91.4	93.9	95	94.6		93.725	2016	94.6	Estadísticas Vitales - Volumen II - Nacimientos Vivos y Defunciones Fetales: Año 2016 [electronic publication]. Panamá: Instituto Nacional de Estadística y Censo (INEC) [Panama]; 2017 (http://www.contraloria.gob.pa/inec/Publicaciones, accessed 13 December 2017, in Spanish).	C
2018.Q2.G.01	SH_STA_BRTC	Proportion of births attended by skilled health personnel (%)	598	145.8587761	-6.756057077	PNG	Papua New Guinea	1	PERCENT	Percentage	42						51.3				41				39	38.2	53	41	43	42	40	40	44	43	44	37	40		41	2016	40	2016 Sector Performance Annual Review. Assessment of Sector Performance 2012-2016. National Report. Port Moresby: Ministry of Health [Papua New Guinea]; 2017.	C
2018.Q2.G.01	SH_STA_BRTC	Proportion of births attended by skilled health personnel (%)	600	-60.54854225	-21.70216237	PRY	Paraguay	1	PERCENT	Percentage	66						60.8		60.8	85.6			85.8	86.3	77.2	87.5	90.5		87.2	93.8	95.6	96.3	95.7		96.4	96.3	95.5		96.0666666666667	2016	95.5	Encuesta de indicadores multiples por conglomerados, MICS 2016.	C
2018.Q2.G.01	SH_STA_BRTC	Proportion of births attended by skilled health personnel (%)	604	-71.82093277	-13.58939705	PER	Peru	1	PERCENT	Percentage			52.5				56.4				59.3	44.2	51.1	59.8			71		79.4	82.5	83.8	85	86.7	89.1	90	91.6	92.4		90.775	2016	92.4	Instituto Nacional de Estadística e Informática (INEI) [Perú]. Perú Encuesta Demográfica y de Salud Familiar - ENDES 2016. Nacional y Regional. Lima, Perú: Instituto Nacional de Estadística e Informática (INEI) [Perú]; 2017 (in Spanish).	C
2018.Q2.G.01	SH_STA_BRTC	Proportion of births attended by skilled health personnel (%)	608	120.8601418	14.16591706	PHL	Philippines	1	PERCENT	Percentage				52.8				68.1	56.4	69.5	58	69.1	67.5	59.8	67.6	67.6	68.2	69.6	62.2	74	75.8	72.2		72.8					72.8	2013	72.8	Philippine Statistics Authority (PSA) [Philippines], ICF International. Philippines National Demographic and Health Survey 2013. Manila, Philippines, and Rockville, Maryland, USA: PSA, ICF International; 2014.	C
2018.Q2.G.01	SH_STA_BRTC	Proportion of births attended by skilled health personnel (%)	612	-128.3225873	-24.37538456	PCN	Pitcairn	1	PERCENT	Percentage																																	
2018.Q2.G.01	SH_STA_BRTC	Proportion of births attended by skilled health personnel (%)	616	19.40660158	52.1226733	POL	Poland	1	PERCENT	Percentage	97.8	99.6	99.6	99.6	99.6	99.6	99.7	99.7	99.7	99.7	99.4	99.8	99.8	99.8	99.8	99.3	99.4	99.4	99.4	99.7	99.8	99.8	99.8	99.8	99.8	99.8	99.8		99.8	2016	99.8	Demographic Yearbook of Poland 2017 - Branch Yearbooks. Warsaw: Central Statistical Office (CUS) [Poland]; 2017.	C
2018.Q2.G.01	SH_STA_BRTC	Proportion of births attended by skilled health personnel (%)	620	-7.961599811	39.68509315	PRT	Portugal	1	PERCENT	Percentage									99.7		99.7													99	98.9	98.8			98.9	2015	98.8	Annual Statistics Portugal – Childbirths. Deliveries (No.) by Place of residence of mother (NUTS – 2013) and Place (Delivery); Annual. 2016 [online database]. Lisbon: Instituto Nacional de Estadística (INE) [Portugal]; 2017 (http://www.inbe.pt, accessed 14 December 2017). 	C
2018.Q2.G.01	SH_STA_BRTC	Proportion of births attended by skilled health personnel (%)	624	-14.40182514	12.11760394	GNB	Guinea-Bissau	1	PERCENT	Percentage						25					31.8						31				43				45				45	2014	45	Ministério da Economia e Finanças, Direcção Geral do Plano Instituto Nacional de Estatística (INE), Fundo das Nações Unidas para a Infância (UNICEF). Inquérito aos Indicadores Múltiplos (MICS) 2014, Principais Resultados. Guiné-Bissau: Ministério da Economia e Finanças, Direcção Geral do Plano Instituto Nacional de Estatística (INE); 2015 (in Portuguese).	C
2018.Q2.G.01	SH_STA_BRTC	Proportion of births attended by skilled health personnel (%)	626	125.9451052	-8.797497247	TLS	Timor-Leste	1	PERCENT	Percentage								25.8					24	18.4							29.3						56.7		56.7	2016	56.7	General Directorate of Statistcs (GDS), ICF. Timor-Leste Demographic and Health Survey 2016: Key Indicators. Dili, Timor-Leste: GDS and Rockville, Maryland, USA: ICF; 2017. 	C
2018.Q2.G.01	SH_STA_BRTC	Proportion of births attended by skilled health personnel (%)	630	-66.47591017	18.22753799	PRI	Puerto Rico	1	PERCENT	Percentage																																	
2018.Q2.G.01	SH_STA_BRTC	Proportion of births attended by skilled health personnel (%)	634	51.19152467	25.28355379	QAT	Qatar	1	PERCENT	Percentage	100	100	100	100		100	100	100	98	100	100	100	100	100	100	100	100	100	100	100	100	100	100		99.9	99.9			99.9	2015	99.9	Vital Statistics, Annual Bulletin. Births and Deaths 2015. Doha: Ministry of Development Planning and Statistics [Qatar]; 2016.	C
2018.Q2.G.01	SH_STA_BRTC	Proportion of births attended by skilled health personnel (%)	638	55.53171398	-21.13183266	REU	Réunion	1	PERCENT	Percentage																																	
2018.Q2.G.01	SH_STA_BRTC	Proportion of births attended by skilled health personnel (%)	642	24.98481009	45.83893563	ROU	Romania	1	PERCENT	Percentage	99.8	99.9	99.7	98.9	99	99.1	99	98.3	99	98	99	99	99.1	99.2	98.9	98.1	98.2	98.8	99.4	99.5	99.5	99.4	99.5	98.5	98.5	95.2			97.4	2015	95.2	032 Skilled attendant at birth. Llive-births whose mothers received skilled attendance at birth and their weight within total live-births by sex and by urban and rural areas, in 2015. Bucharest: National Institute for Statistics of Romania; 2016. 	C
2018.Q2.G.01	SH_STA_BRTC	Proportion of births attended by skilled health personnel (%)	643	99.01404926	61.61899849	RUS	Russian Federation	1	PERCENT	Percentage	99.2	99.2	99.1	99.1	99.1	99.1	99.1	99.1	99.1	99.1	99.2	99.3	99.3	99.4	99.4	99.4	99.5	99.6	99.6	99.7	99.7	98.7	99.7	99.7	99.7				99.7	2014	99.7	Transformative Monitoring for Enhanced Equity (TransMonEE) 2016 Database [online database]. Geneva: UNICEF Europe and Central Asia Regional Office; 2016 (www.transmonee.org, accessed 17 October 2016). 	C
2018.Q2.G.01	SH_STA_BRTC	Proportion of births attended by skilled health personnel (%)	646	29.92310194	-1.999842114	RWA	Rwanda	1	PERCENT	Percentage			25.8								21.9					38.6			52.1		69					90.7			90.7	2015	90.7	National Institute of Statistics of Rwanda, Ministry of Finance and Economic Planning [Rwanda], Ministry of Health [Rwanda], ICF International. Rwanda Demographic and Health Survey 2014-15. Kigali, Rwanda: National Institute of Statistics of Rwanda, Ministry of Finance and Economic Planning [Rwanda], Ministry of Health [Rwanda], ICF International; 2015. 	C
2018.Q2.G.01	SH_STA_BRTC	Proportion of births attended by skilled health personnel (%)	652	-62.83173536	17.89513362	BLM	Saint Barthélemy	1	PERCENT	Percentage																																	
2018.Q2.G.01	SH_STA_BRTC	Proportion of births attended by skilled health personnel (%)	654	-5.705752501	-15.96503946	SHN	Saint Helena	1	PERCENT	Percentage																																	
2018.Q2.G.01	SH_STA_BRTC	Proportion of births attended by skilled health personnel (%)	659	-62.76628613	17.33994219	KNA	Saint Kitts and Nevis	1	PERCENT	Percentage									99.4		99.4		99.5		100	100		100	100	100	100	100	100	100	100				100	2014	100	Health Situation in the Americas: Basic Indicators 2015. Washington, DC: Pan American Health Organization/World Health Organization (PAHO/WHO), Communicable Diseases and Health Analysis/ Health Information and Analysis; 2015.	C
2018.Q2.G.01	SH_STA_BRTC	Proportion of births attended by skilled health personnel (%)	660	-63.05651612	18.21525315	AIA	Anguilla	1	PERCENT	Percentage																																	
2018.Q2.G.01	SH_STA_BRTC	Proportion of births attended by skilled health personnel (%)	662	-60.96529553	13.89405601	LCA	Saint Lucia	1	PERCENT	Percentage								99.7			100		98	99	100	100	97.9	100	100		98.5		98.7							2012	98.7	Ministry of Social Transformation, Local Government and Community Empowerment, Central Statistics Office, United Nations Children’s Fund (UNICEF). Saint Lucia Multiple Indicator Cluster Survey 2012: Final Report. Castries, Saint Lucia: Ministry of Social Transformation, Local Government and Community Empowerment, Central Statistics Office, United Nations Children’s Fund (UNICEF); 2014.	C
2018.Q2.G.01	SH_STA_BRTC	Proportion of births attended by skilled health personnel (%)	663	-63.04505461	18.0882685	MAF	Saint Martin (French Part)	1	PERCENT	Percentage																																	
2018.Q2.G.01	SH_STA_BRTC	Proportion of births attended by skilled health personnel (%)	666	-56.33682442	46.85812735	SPM	Saint Pierre and Miquelon	1	PERCENT	Percentage																																	
2018.Q2.G.01	SH_STA_BRTC	Proportion of births attended by skilled health personnel (%)	670	-61.19024321	13.24627968	VCT	Saint Vincent and the Grenadines	1	PERCENT	Percentage										99.3	100	100	100		100	100		100	99.2	98.9	98.3	98.8	99.2	99	99				99	2014	99	Health Situation in the Americas: Basic Indicators 2015. Washington, DC: Pan American Health Organization/World Health Organization (PAHO/WHO), Communicable Diseases and Health Analysis/ Health Information and Analysis; 2015.	C
2018.Q2.G.01	SH_STA_BRTC	Proportion of births attended by skilled health personnel (%)	674	12.46329038	43.93841766	SMR	San Marino	1	PERCENT	Percentage																																	
2018.Q2.G.01	SH_STA_BRTC	Proportion of births attended by skilled health personnel (%)	678	6.609772265	0.241554875	STP	Sao Tome and Principe	1	PERCENT	Percentage										52	78.6	68	75	76.4			80.7			81.7					92.5				92.5	2014	92.5	Instituto Nacional de Estatística (INE), UNICEF. Inquérito de Indicadores Múltiplos, São Tomé e Principe, MICS-STP, 2014, Principais Resultados. São Tome, São Tomé e Príncipe: INE, UNICEF; 2016 (in Portuguese).	C
2018.Q2.G.01	SH_STA_BRTC	Proportion of births attended by skilled health personnel (%)	682	44.54763347	24.12594211	SAU	Saudi Arabia	1	PERCENT	Percentage	88					91.4	91.4				91					96	96	97	97	97	97			98					98	2013	98	Kingdom of Saudi Arabia. Millennium Development Goals 1435 H,  2014 G. Riyadh: Ministry of Economy and Planning [Saudi Arabia], UN-DESA, United Nations Development Programme (UNDP); 2014.	C
2018.Q2.G.01	SH_STA_BRTC	Proportion of births attended by skilled health personnel (%)	686	-14.46636926	14.35920905	SEN	Senegal	1	PERCENT	Percentage				47.2				46.6		48.3	57.8				58	51.9		62.5	43.6	47.8		65.1		50.5	59.1	53.1	53.1		53.95	2016	53.1	Agence Nationale de la Statistique et de la Démographie (ANSD) [Sénégal], ICF. Sénégal: Enquête Démographique et de Santé Continue (EDS-Continue) 2016. Rockville, Maryland, USA: ANSD, ICF; 2017 (in French). 	C
2018.Q2.G.01	SH_STA_BRTC	Proportion of births attended by skilled health personnel (%)	688	20.805876	44.03145697	SRB	Serbia	1	PERCENT	Percentage	98.3	98.1	98.2	98.4	98.3	98.7	98.8	99.1	99.1	98.9	98	98.2	99.2	98.5	98.7	99.7	88.9	99.8	99.7	99.8	99.7	99	99	99.9	98.4				99.15	2014	98.4	Statistical Office of the Republic of Serbia, UNICEF. Serbia Multiple Indicator Cluster Survey and Serbia Roma Settlements Multiple Indicator Cluster Survey, 2014, Final Report. Belgrade, Serbia: Statistical Office of the Republic of Serbia, UNICEF; 2014.	C
2018.Q2.G.01	SH_STA_BRTC	Proportion of births attended by skilled health personnel (%)	690	55.46561591	-4.678053059	SYC	Seychelles	1	PERCENT	Percentage	98					99					99					99	99	100	100	99	99	99	99							2012	99	Seychelles Millennium Development Goals Status Report 2013. Mahé: Ministry of Foreign Affairs [Seychelles], United Nations Development Programme (UNDP); 2013.	C
2018.Q2.G.01	SH_STA_BRTC	Proportion of births attended by skilled health personnel (%)	694	-11.78306584	8.568604164	SLE	Sierra Leone	1	PERCENT	Percentage											37.1					40			42.4		60.8			59.7					59.7	2013	59.7	Statistics Sierra Leone (SSL), ICF International. Sierra Leone Demographic and Health Survey 2013. Freetown, Sierra Leone and Rockville, Maryland, USA: SSL, ICF International; 2014.	C
2018.Q2.G.01	SH_STA_BRTC	Proportion of births attended by skilled health personnel (%)	702	103.8107883	1.361009155	SGP	Singapore	1	PERCENT	Percentage							99.7	99.7	99.7	99.7	99.7	99.6	99.7	99.7	99.7	99.7	99.7	99.7	99.8	99.7	99.7	99.7	99.7	99.6	99.7	99.6	99.6		99.625	2016	99.6	Yearbook of Statistics Singapore 2017. Singapore: Department of Statistics, Ministry of Trade and Industry [Singapore]; 2017.	C
2018.Q2.G.01	SH_STA_BRTC	Proportion of births attended by skilled health personnel (%)	703	19.48495604	48.70741446	SVK	Slovakia	1	PERCENT	Percentage	100	100	100	100	100	100	100	100	100	100	100	99.4	99.4	99.5	99.5	99.5	99.5	99.2	99.5	99.5	99.2	99	99.5	98.6	98.5				98.55	2014	98.5	Transformative Monitoring for Enhanced Equity (TransMonEE) 2016 Database [online database]. Geneva: UNICEF Europe and Central Asia Regional Office; 2016 (www.transmonee.org, accessed 17 October 2016). 	C
2018.Q2.G.01	SH_STA_BRTC	Proportion of births attended by skilled health personnel (%)	704	105.802499	10.09643079	VNM	Viet Nam	1	PERCENT	Percentage								77.1			58.8		85		95.8	96.1	83.8	94.3	94.7			91.9			93.8				93.8	2014	93.8	General Statistics Office (GSO), United Nations Children's Fund (UNICEF). Viet Nam Multiple Indicator Cluster Survey 2014, Final Report. Ha Noi: General Statistics Office, UNICEF; 2015.	C
2018.Q2.G.01	SH_STA_BRTC	Proportion of births attended by skilled health personnel (%)	705	14.82209486	46.11958061	SVN	Slovenia	1	PERCENT	Percentage	99.9	99.9	99.9	99.9	99.9	99.9	99.9	99.9	99.8	99.9	99.9	99.9	99.9	99.9	99.9	99.9	99.9	99.9	99.9	99.9	99.9	99.9	99.8							2012	99.8	Statistical Yearbook 2013. Ljubljana: Statistical Office of the Republic of Slovenia; 2013.	C
2018.Q2.G.01	SH_STA_BRTC	Proportion of births attended by skilled health personnel (%)	706	46.20367477	4.406485729	SOM	Somalia	1	PERCENT	Percentage										19.3			24.8				9.4													2006	9.4	Somalia 2006 Multiple Indicator Cluster Survey (MICS). Somalia: Pan Arab Project for Family Health (PAPFAM), United Nations Children's Fund (UNICEF); 2007.	C
2018.Q2.G.01	SH_STA_BRTC	Proportion of births attended by skilled health personnel (%)	710	24.67184355	-29.99957544	ZAF	South Africa	1	PERCENT	Percentage					82				84.4					91.2					94.3								96.7		96.7	2016	96.7	National Department of Health (NDoH), Statistics South Africa (Stats SA), South African Medical Research Council (SAMRC), ICF. South Africa Demographic and Health Survey 2016: Key Indicators. Pretoria, South Africa, and Rockville, Maryland, USA: NDoH, Stats SA, SAMRC, ICF; 2017. 	C
2018.Q2.G.01	SH_STA_BRTC	Proportion of births attended by skilled health personnel (%)	716	29.86909584	-19.00075492	ZWE	Zimbabwe	1	PERCENT	Percentage					69.2					72.5							68.5			60.2		66.2			80	78.1			79.05	2015	78.1	Zimbabwe National Statistics Agency, ICF International. Zimbabwe Demographic and Health Survey 2015: Final Report. Rockville, Maryland, USA: Zimbabwe National Statistics Agency (ZIMSTAT), ICF International; 2016.	C
2018.Q2.G.01	SH_STA_BRTC	Proportion of births attended by skilled health personnel (%)	724	-3.554078296	40.39211472	ESP	Spain	1	PERCENT	Percentage																																	
2018.Q2.G.01	SH_STA_BRTC	Proportion of births attended by skilled health personnel (%)	728	30.32618773	7.290839152	SSD	South Sudan	1	PERCENT	Percentage																	9.7				19.4									2010	19.4	The Republic of South Sudan: The Sudan Household Health Survey 2010. South Sudan: National Bureau of Statistics, Ministry of Health; 2012.	C
2018.Q2.G.01	SH_STA_BRTC	Proportion of births attended by skilled health personnel (%)	732	-13.13515523	24.66265342	ESH	Western Sahara	1	PERCENT	Percentage																																	
2018.Q2.G.01	SH_STA_BRTC	Proportion of births attended by skilled health personnel (%)	736	29.95650159	16.02643066	SDN	Sudan	1	PERCENT	Percentage																																	
2018.Q2.G.01	SH_STA_BRTC	Proportion of births attended by skilled health personnel (%)	740	-55.90626394	4.132603197	SUR	Suriname	1	PERCENT	Percentage	80										70.9		90		90		86.5	90			90					80			80	2015	80	Health Situation in the Americas: Core Indicators 2017. Washington, DC: Pan American Health Organization/World Health Organization (PAHO/WHO), Communicable Diseases and Health Analysis/ Health Information and Analysis; 2017.	C
2018.Q2.G.01	SH_STA_BRTC	Proportion of births attended by skilled health personnel (%)	744	13.38071013	78.82894131	SJM	Svalbard and Jan Mayen Islands	1	PERCENT	Percentage																																	
2018.Q2.G.01	SH_STA_BRTC	Proportion of births attended by skilled health personnel (%)	748	31.50149288	-26.56471011	SWZ	Swaziland	1	PERCENT	Percentage					56						65.4		74					69			82				88.3				88.3	2014	88.3	Central Statistical Office, United Nation's Childrens Fund (UNICEF).  Swaziland Multiple Indicator Cluster Survey 2014. Final Report.
Mbabane, Swaziland: Central Statistical Office, UNICEF; 2016.	C
2018.Q2.G.01	SH_STA_BRTC	Proportion of births attended by skilled health personnel (%)	752	14.3775338	60.60103109	SWE	Sweden	1	PERCENT	Percentage																																	
2018.Q2.G.01	SH_STA_BRTC	Proportion of births attended by skilled health personnel (%)	756	8.223158	46.96617097	CHE	Switzerland	1	PERCENT	Percentage																																	
2018.Q2.G.01	SH_STA_BRTC	Proportion of births attended by skilled health personnel (%)	760	38.50466565	35.01676176	SYR	Syrian Arab Republic (Syria)	1	PERCENT	Percentage			66.9	76.9						86.5		54.6					91.5			96.2										2009	96.2	Syrian Households [2009]. Syrian Arab Republic: Central Bureau of Statistics [Syrian Arab Republic], League of Arab States PAPFAM, United Nations Children’s Fund (UNICEF), United Nations Population Fund (UNFPA), World Health Organization (WHO); 2010.	C
2018.Q2.G.01	SH_STA_BRTC	Proportion of births attended by skilled health personnel (%)	762	69.294998	38.43069666	TJK	Tajikistan	1	PERCENT	Percentage		90.3			82.6	80.9	79	72.6	74.1	66.6	70.7	81.1	88.7	88.1	75.1	82.4	78.3	88.4	85	87.1	87.7	89	87.4	90.8	90.3				90.55	2014	90.3	Transformative Monitoring for Enhanced Equity (TransMonEE) 2016 Database [online database]. Geneva: UNICEF Europe and Central Asia Regional Office; 2016 (www.transmonee.org, accessed 17 October 2016). 	C
2018.Q2.G.01	SH_STA_BRTC	Proportion of births attended by skilled health personnel (%)	764	101.0202951	15.13089239	THA	Thailand	1	PERCENT	Percentage	90.8	93.2	90.4	91.1		94.4			99		99.3	98					96.9			99.4			99.6				99.1		99.1	2016	99.1	National Statistical Office (NSO), United Nations Children's Fund (UNICEF). Thailand Multiple Indicator Cluster Survey 2015-16. Final Report. Bangkok: NSO, UNICEF; 2016.	C
2018.Q2.G.01	SH_STA_BRTC	Proportion of births attended by skilled health personnel (%)	768	0.97835765	8.532096072	TGO	Togo	1	PERCENT	Percentage									50.5		35.4			60.8			52.4				43.9				44.6				44.6	2014	44.6	Ministère de la Planification, du Développement et de l’Aménagement du Territoire (MPDAT), Ministère de la Santé (MS), ICF International. Enquête Démographique et de Santé au Togo 2013-2014. Rockville, Maryland, USA : MPDAT, MS, ICF International; 2015 (in French).	C
2018.Q2.G.01	SH_STA_BRTC	Proportion of births attended by skilled health personnel (%)	772	-171.8154473	-9.214545558	TKL	Tokelau	1	PERCENT	Percentage																																	
2018.Q2.G.01	SH_STA_BRTC	Proportion of births attended by skilled health personnel (%)	776	-175.1959991	-21.19511329	TON	Tonga	1	PERCENT	Percentage	94	92								96	95	95.3	95.1	97	98	96.1	98	98	97	98.1	99		95.5							2012	95.5	Tonga Department of Statistics and Tonga Ministry of Health, Secretariat of the Pacific Community (SPC), United Nations Population Fund (UNFPA). Tonga Demographic and Health Survey 2012. Final Report. Noumea: SPC; 2013.	C
2018.Q2.G.01	SH_STA_BRTC	Proportion of births attended by skilled health personnel (%)	780	-61.29389504	10.41877263	TTO	Trinidad and Tobago	1	PERCENT	Percentage				98.3	98	97.5	98	99	98.2	99	99	99.5	98.7	99.7	99.7		96.9		99.5				100	100	100	100			100	2015	100	Health Situation in the Americas: Core Indicators 2017. Washington, DC: Pan American Health Organization/World Health Organization (PAHO/WHO), Communicable Diseases and Health Analysis/ Health Information and Analysis; 2017.	C
2018.Q2.G.01	SH_STA_BRTC	Proportion of births attended by skilled health personnel (%)	784	53.98279159	23.43322219	ARE	United Arab Emirates	1	PERCENT	Percentage	99.1					99.2							100	100	100	100		100	100		100			99.9	99.9	99.9			99.9	2015	99.9	Open Data: Health Core Indicators 2015. Basic Health Indicators [website]. Abu Dhabi: Ministry of Health and Prevention [UAE]; 2017 (www.mohap.gov.ae/en/OpenData, accessed 20 December 2017).  	C
2018.Q2.G.01	SH_STA_BRTC	Proportion of births attended by skilled health personnel (%)	788	9.572737411	34.11439971	TUN	Tunisia	1	PERCENT	Percentage						81					89.9	89.9					94.6						73.6							2012	73.6	Ministère du Développement et de la Coopération Internationale (MDCI), Institut National de la Statistique, Fonds des Nations Unies pour l’Enfance (UNICEF).
Suivi de la situation des enfants et des femmes en Tunisie - Enquête par grappes à indicateurs multiples 2011-2012, Rapport Final. Tunisie: MDCI, Institut National de la Statistique, UNICEF; 2013 (in French).	C
2018.Q2.G.01	SH_STA_BRTC	Proportion of births attended by skilled health personnel (%)	792	35.42890329	38.9899684	TUR	Turkey	1	PERCENT	Percentage				75.9					80.6					83					91.3						97.4				97.4	2014	97.4	Hacettepe University Institute of Population Studies. 2013 Turkey Demographic and Health Survey. Ankara, Turkey: Hacettepe University Institute of Population Studies, T.R. Ministry of Development, TÜBITAK; 2014.	C
2018.Q2.G.01	SH_STA_BRTC	Proportion of births attended by skilled health personnel (%)	795	58.9787665	40.0912346	TKM	Turkmenistan	1	PERCENT	Percentage							95.8				97.2		97.2	99.5	98.5	99.7	99.7										100		100	2016	100	The State Committee of Statistics of Turkmenistan, United Nations Children's Fund (UNICEF). 2015-2016 Turkmenistan Multiple Indicator Cluster Survey, Final Report. Ashgabat, Turkmenistan: The State Committee of Statistics of Turkmenistan, UNICEF; 2016.	C
2018.Q2.G.01	SH_STA_BRTC	Proportion of births attended by skilled health personnel (%)	796	-71.745121	21.80780585	TCA	Turks and Caicos Islands	1	PERCENT	Percentage																																	
2018.Q2.G.01	SH_STA_BRTC	Proportion of births attended by skilled health personnel (%)	798	178.6679611	-7.460048071	TUV	Tuvalu	1	PERCENT	Percentage	95							99			100		100					93.1												2007	93.1	Central Statistics Division [Tuvalu], Secretariat of the Pacific Community (SPC), Macro International Inc., Asian Development Bank. Tuvalu Demographic and Health Survey 2007. Noumea: SPC; 2009.	C
2018.Q2.G.01	SH_STA_BRTC	Proportion of births attended by skilled health personnel (%)	800	32.39100438	1.279557331	UGA	Uganda	1	PERCENT	Percentage						37.8					36	39					41.9					57.4					74.2		74.2	2016	74.2	Uganda Bureau of Statistcs (UBOS), ICF. Uganda Demographic and Health Survey 2016: Key Indicators Report. Kampala, Uganda: UBOS and Rockville, Maryland, USA: UBOS, ICF; 2017.	C
2018.Q2.G.01	SH_STA_BRTC	Proportion of births attended by skilled health personnel (%)	804	31.40270802	49.00735945	UKR	Ukraine	1	PERCENT	Percentage	99.9	99.9	99.9	99.9	99.9	99.9	99.9	99.9	99.9	99.9	99.9	99.9	99.9	99.9	99.9	99.8	99.9	98.7	99.9	99.9	99.9	99.9	99	99.9	99.9				99.9	2014	99.9	Transformative Monitoring for Enhanced Equity (TransMonEE) 2016 Database [online database]. Geneva: UNICEF Europe and Central Asia Regional Office; 2016 (www.transmonee.org, accessed 17 October 2016). 	C
2018.Q2.G.01	SH_STA_BRTC	Proportion of births attended by skilled health personnel (%)	807	21.7007909	41.60048068	MKD	Macedonia, Republic of	1	PERCENT	Percentage	88.9	89.3	90.9	93.3	93.4	94.1	95	95.6	96.6	97	97.7	97.6	98.2	99	99	99.1	97.8	99.6	99.7	99.8	99.9	91.2	99.9	99.9	99.9	99.9	99.9		99.9	2016	99.9	Statistical Yearbook of the Republic of Macedonia 2017. Skopje: State Statistical Office [Macedonia]; 2017.	C
2018.Q2.G.01	SH_STA_BRTC	Proportion of births attended by skilled health personnel (%)	818	29.77468534	26.57438204	EGY	Egypt	1	PERCENT	Percentage		36.5	40.7			46.3		56.4	55.2		60.9		66.5	69.4	71.7	74.2			78.9				95		91.5				91.5	2014	91.5	Ministry of Health and Population [Egypt], El-Zanaty and Associates [Egypt], ICF International. Egypt Demographic and Health Survey 2014. Cairo, Egypt and Rockville, Maryland, USA: Ministry of Health and Population, ICF International; 2015.	C
2018.Q2.G.01	SH_STA_BRTC	Proportion of births attended by skilled health personnel (%)	826	-2.23830539	53.27691757	GBR	United Kingdom	1	PERCENT	Percentage									99																					1998	99	European Health for All Database (HFA-DB) [online database]. World Health Organization (WHO) Regional Office for Europe; 2011 (http://data.euro.who.int/hfadb, accessed 9 May 2011).	C
2018.Q2.G.01	SH_STA_BRTC	Proportion of births attended by skilled health personnel (%)	831	-2.200712402	49.71561166	GGY	Guernsey	1	PERCENT	Percentage																																	
2018.Q2.G.01	SH_STA_BRTC	Proportion of births attended by skilled health personnel (%)	832	-2.136773508	49.22353354	JEY	Jersey	1	PERCENT	Percentage																																	
2018.Q2.G.01	SH_STA_BRTC	Proportion of births attended by skilled health personnel (%)	833	-4.538190305	54.22880901	IMN	Isle of Man	1	PERCENT	Percentage																																	
2018.Q2.G.01	SH_STA_BRTC	Proportion of births attended by skilled health personnel (%)	834	34.80521182	-6.265332606	TZA	Tanzania, United Republic of	1	PERCENT	Percentage			43.9				38.2			35.8					43.4						48.9						63.5		63.5	2016	63.5	Ministry of Health, Community Development, Gender, Elderly and Children - MoHCDGEC [Tanzania], Ministry of Health (MoH) [Zanzibar], National Bureau of Statistics (NBS) [Tanzania], Office of Chief Government Statistician (OCGS) [Zanzibar], ICF. Tanzania Demographic and Health Survey and Malaria Indicator Survey (TDHS-MIS) 2015-16. Dar es Salaam, Tanzania: MoHCDGEC, MoH, NBS, OCGS, ICF; 2016.	C
2018.Q2.G.01	SH_STA_BRTC	Proportion of births attended by skilled health personnel (%)	840	-99.13830311	39.5277871	USA	United States of America	1	PERCENT	Percentage	99.2	99.2	99.3	99.4	99.4	99.4	99.4	99.4	99.4	99.4	99.4	99.4	99.5	99.3	99.3	99.4	99.4	99.3	99.3	99.3	99.4	99.3	99.3	99.2	98.5	99.1			98.9333333333333	2015	99.1	Martin JA, Hamilton BE, Osterman MJK, Driscoll AK, Mathews TJ. Births: Final Data for 2015. National Vital Statistics Reports; vol 66, no 1. Hyattsville, MD: National Center for Health Statistics; 2017.	C
2018.Q2.G.01	SH_STA_BRTC	Proportion of births attended by skilled health personnel (%)	850	-64.76960113	17.73297693	VIR	United States Virgin Islands	1	PERCENT	Percentage																																	
2018.Q2.G.01	SH_STA_BRTC	Proportion of births attended by skilled health personnel (%)	854	-1.742843829	12.27491081	BFA	Burkina Faso	1	PERCENT	Percentage				41.5				30	32.8	31	36.5	35.5	37.9	37.8	35.8	36.7	53.5	54.7	62.7		65.9					79.8			79.8	2015	79.8	Rapport du Module Démographie et Santé (MDS) de L’Enquête  Multisectorielle Continue (EMC). Version en relecture. 2016 (in French). Burkina Faso: Institut National de la Statistique et de la Démographie (INSD) ; 2016. 	C
2018.Q2.G.01	SH_STA_BRTC	Proportion of births attended by skilled health personnel (%)	858	-56.01387025	-32.8002838	URY	Uruguay	1	PERCENT	Percentage	99.4	99.3	99	98.3	98.2	98	98	98.4	99	99.8	99.7	99.6	99.7	99.7	99.5	99.9	99.9	98.6	99.6	99.7	99.8	99.5	99.9	99.9	99.9				99.9	2014	99.9	Estadísticas Vitales Natalidad 2011-2014, Certificado de Nacido Vivo de Uruguay [website]. Uruguay: Ministerio de Salud Publica, Instituto Nacional de Estadística; 2015 (www.estadisticas.msp.gub.uy/index.php/catalog/19/datafile/F8, accessed 19 April 2014, in Spanish).	C
2018.Q2.G.01	SH_STA_BRTC	Proportion of births attended by skilled health personnel (%)	860	63.11944558	41.77560518	UZB	Uzbekistan	1	PERCENT	Percentage							97.5	100	100	100	94.9	100	100	100	100	100	99.6	100	100	100	100	100	100	100	100	100			100	2015	100	Uzbekistan State Committee on Statistics Data; 2016.	C
2018.Q2.G.01	SH_STA_BRTC	Proportion of births attended by skilled health personnel (%)	862	-66.15642084	7.121324748	VEN	Venezuela (Bolivarian Republic)	1	PERCENT	Percentage								95.3			94		99.7	95	99.7	99.9						98.1	96		99.5	97.3	96.2		97.6666666666667	2016	96.2	Health Situation in the Americas: Core Indicators 2017. Washington, DC: Pan American Health Organization/World Health Organization (PAHO/WHO), Communicable Diseases and Health Analysis/ Health Information and Analysis; 2017.	C
2018.Q2.G.01	SH_STA_BRTC	Proportion of births attended by skilled health personnel (%)	876	-176.2034788	-13.28471201	WLF	Wallis and Futuna Islands	1	PERCENT	Percentage																																	
2018.Q2.G.01	SH_STA_BRTC	Proportion of births attended by skilled health personnel (%)	882	-172.4430749	-13.61541469	WSM	Samoa	1	PERCENT	Percentage	76										80				100					80.8					82.5				82.5	2014	82.5	Census-Surveys and Demography Division, Samoa Bureau of Statistics, Ministry of Health [Samoa], United Nations Population Fund (UNFPA), United Nations Children’s Fund (UNICEF), Department of Foreign Affairs and Trade [Australia]. Samoa Demographic and Health Survey 2014. Apia: Samoa Bureau of Statistics; 2015. 	C
2018.Q2.G.01	SH_STA_BRTC	Proportion of births attended by skilled health personnel (%)	887	45.22389143	15.22242099	YEM	Yemen	1	PERCENT	Percentage			15.9					21.6			22			26.8		31	35.7						34.4	44.7					44.7	2013	44.7	Ministry of Public Health and Population (MOPHP) [Yemen], Central Statistical Organization (CSO) [Yemen], Pan Arab Program for Family Health (PAPFAM), ICF International. Yemen National Health and Demographic Survey 2013. Rockville, Maryland, USA: MOPHP, CSO, PAPFAM, ICF International; 2015.	C
2018.Q2.G.01	SH_STA_BRTC	Proportion of births attended by skilled health personnel (%)	894	27.850329	-14.59701056	ZMB	Zambia	1	PERCENT	Percentage			50.5				46.5			45.3		32.3	42.1	39			43	45.2	45						63.3				63.3	2014	63.3	Central Statistical Office (CSO) [Zambia], Ministry of Health (MOH) [Zambia], ICF International. Zambia Demographic and Health Survey 2013-14. Rockville, Maryland, USA: Central Statistical Office, Ministry of Health, ICF International; 2015.	C
