series.release	series.code	series.description	geoAreaCode	X	Y	ISO3CD	geoAreaName	sliceId	Units	Units description	2010	2011	2012	2013	2014	2015	2016	last.5.years.mean	latest.year	latest.value	latest.source	latest.nature
2018.Q2.G.01	SH_TRP_INTVN	Number of people requiring interventions against neglected tropical diseases (number)	4	66.02688198	33.83160199	AFG	Afghanistan	1	NUMBER	Number	12246738	12600642	14045789	13291651	13384908	13765392	13275429	13552633.8	2016	13275429	WHO Global Health Observatory	CA
2018.Q2.G.01	SH_TRP_INTVN	Number of people requiring interventions against neglected tropical diseases (number)	8	20.06660928	41.13897007	ALB	Albania	1	NUMBER	Number	61	53	53	55	33	16	21	35.6	2016	21	WHO Global Health Observatory	CA
2018.Q2.G.01	SH_TRP_INTVN	Number of people requiring interventions against neglected tropical diseases (number)	10	21.47585697	-80.40897662	ATA	Antarctica	1	NUMBER	Number												
2018.Q2.G.01	SH_TRP_INTVN	Number of people requiring interventions against neglected tropical diseases (number)	12	2.678164227	28.15940032	DZA	Algeria	1	NUMBER	Number	10260	11831	7471	6482	5460	7561	0	5394.8	2016	0	WHO Global Health Observatory	CA
2018.Q2.G.01	SH_TRP_INTVN	Number of people requiring interventions against neglected tropical diseases (number)	16	-170.7187269	-14.30587306	ASM	American Samoa	1	NUMBER	Number												
2018.Q2.G.01	SH_TRP_INTVN	Number of people requiring interventions against neglected tropical diseases (number)	20	1.576257417	42.54548611	AND	Andorra	1	NUMBER	Number	0	0	0	0	0	0	0	0	2016	0	WHO Global Health Observatory	CA
2018.Q2.G.01	SH_TRP_INTVN	Number of people requiring interventions against neglected tropical diseases (number)	24	17.57817062	-12.33724746	AGO	Angola	1	NUMBER	Number	15879207	16066272	16421331	17149903	17666908	18534219	14419092	16838290.6	2016	14419092	WHO Global Health Observatory	CA
2018.Q2.G.01	SH_TRP_INTVN	Number of people requiring interventions against neglected tropical diseases (number)	28	-61.7999755	17.07761471	ATG	Antigua and Barbuda	1	NUMBER	Number	134	133	117	1360	1358	158	176	633.8	2016	176	WHO Global Health Observatory	CA
2018.Q2.G.01	SH_TRP_INTVN	Number of people requiring interventions against neglected tropical diseases (number)	31	50.01064725	40.39229544	AZE	Azerbaijan	1	NUMBER	Number	1080371	1087125	1010915	345496	1678318	1699962	1719031	1290744.4	2016	1719031	WHO Global Health Observatory	CA
2018.Q2.G.01	SH_TRP_INTVN	Number of people requiring interventions against neglected tropical diseases (number)	32	-65.14563274	-35.19446255	ARG	Argentina	1	NUMBER	Number	953102	952894	938732	9699	3733	4269	80002	207287	2016	80002	WHO Global Health Observatory	CA
2018.Q2.G.01	SH_TRP_INTVN	Number of people requiring interventions against neglected tropical diseases (number)	36	134.3499412	-25.57717202	AUS	Australia	1	NUMBER	Number	89732	72560	60279	144692	54311	17476	20994	59550.4	2016	20994	WHO Global Health Observatory	CA
2018.Q2.G.01	SH_TRP_INTVN	Number of people requiring interventions against neglected tropical diseases (number)	40	14.14172472	47.58704857	AUT	Austria	1	NUMBER	Number	21	7	3	11	14	8	26	12.4	2016	26	WHO Global Health Observatory	CA
2018.Q2.G.01	SH_TRP_INTVN	Number of people requiring interventions against neglected tropical diseases (number)	44	-78.05111663	24.69546597	BHS	Bahamas	1	NUMBER	Number	8	7000	5	3	146	4127	4077	1671.6	2016	4077	WHO Global Health Observatory	CA
2018.Q2.G.01	SH_TRP_INTVN	Number of people requiring interventions against neglected tropical diseases (number)	48	50.5490754	26.04407747	BHR	Bahrain	1	NUMBER	Number	3	4	0	0	0	6	3	1.8	2016	3	WHO Global Health Observatory	CA
2018.Q2.G.01	SH_TRP_INTVN	Number of people requiring interventions against neglected tropical diseases (number)	50	89.17660788	22.86961622	BGD	Bangladesh	1	NUMBER	Number	102279713	103328969	99041038	80102840	49867142	49839493	47484224	65266947.4	2016	47484224	WHO Global Health Observatory	CA
2018.Q2.G.01	SH_TRP_INTVN	Number of people requiring interventions against neglected tropical diseases (number)	51	44.93839317	40.29499741	ARM	Armenia	1	NUMBER	Number	41986	42243	42437	38697	38894	39044	39149	39644.2	2016	39149	WHO Global Health Observatory	CA
2018.Q2.G.01	SH_TRP_INTVN	Number of people requiring interventions against neglected tropical diseases (number)	52	-59.5346489	13.13648273	BRB	Barbados	1	NUMBER	Number	2917	746	1445	2848	2689	97	1433	1702.4	2016	1433	WHO Global Health Observatory	CA
2018.Q2.G.01	SH_TRP_INTVN	Number of people requiring interventions against neglected tropical diseases (number)	56	4.660976456	50.64104975	BEL	Belgium	1	NUMBER	Number	1	1	6	15	15	9	20	13	2016	20	WHO Global Health Observatory	CA
2018.Q2.G.01	SH_TRP_INTVN	Number of people requiring interventions against neglected tropical diseases (number)	60	-64.78155012	32.27881922	BMU	Bermuda	1	NUMBER	Number												
2018.Q2.G.01	SH_TRP_INTVN	Number of people requiring interventions against neglected tropical diseases (number)	64	90.45098484	27.39598568	BTN	Bhutan	1	NUMBER	Number	69529	69283	69535	108115	107846	227111	241761	150873.6	2016	241761	WHO Global Health Observatory	CA
2018.Q2.G.01	SH_TRP_INTVN	Number of people requiring interventions against neglected tropical diseases (number)	68	-64.66224284	-16.71273412	BOL	Bolivia (Plurinational State of)	1	NUMBER	Number	3340916	3354782	3361575	2124918	2126893	1883582	1879813	2275356.2	2016	1879813	WHO Global Health Observatory	CA
2018.Q2.G.01	SH_TRP_INTVN	Number of people requiring interventions against neglected tropical diseases (number)	70	17.78584332	44.16845548	BIH	Bosnia and Herzegovina	1	NUMBER	Number	1	0	0	1	2	0	0	0.6	2016	0	WHO Global Health Observatory	CA
2018.Q2.G.01	SH_TRP_INTVN	Number of people requiring interventions against neglected tropical diseases (number)	72	23.81380223	-22.18810073	BWA	Botswana	1	NUMBER	Number	264669	266032	268521	251555	252333	257169	261950	258305.6	2016	261950	WHO Global Health Observatory	CA
2018.Q2.G.01	SH_TRP_INTVN	Number of people requiring interventions against neglected tropical diseases (number)	74	3.410732868	-54.43295905	BVT	Bouvet Island	1	NUMBER	Number												
2018.Q2.G.01	SH_TRP_INTVN	Number of people requiring interventions against neglected tropical diseases (number)	76	-53.08432878	-10.77668561	BRA	Brazil	1	NUMBER	Number	2.7e+07	13137591	13260415	12001914	11528143	11067291	10461013	11663755.2	2016	10461013	WHO Global Health Observatory	CA
2018.Q2.G.01	SH_TRP_INTVN	Number of people requiring interventions against neglected tropical diseases (number)	84	-88.70199554	17.19965901	BLZ	Belize	1	NUMBER	Number	10456	10471	10514	7565	7062	7300	7312	7950.6	2016	7312	WHO Global Health Observatory	CA
2018.Q2.G.01	SH_TRP_INTVN	Number of people requiring interventions against neglected tropical diseases (number)	86	72.38715553	-7.299281071	IOT	British Indian Ocean Territory	1	NUMBER	Number												
2018.Q2.G.01	SH_TRP_INTVN	Number of people requiring interventions against neglected tropical diseases (number)	90	160.1584117	-9.622391719	SLB	Solomon Islands	1	NUMBER	Number	191840	194300	501048	512071	523337	534850	518106	517882.4	2016	518106	WHO Global Health Observatory	CA
2018.Q2.G.01	SH_TRP_INTVN	Number of people requiring interventions against neglected tropical diseases (number)	92	-64.63294223	18.42256578	VGB	British Virgin Islands	1	NUMBER	Number												
2018.Q2.G.01	SH_TRP_INTVN	Number of people requiring interventions against neglected tropical diseases (number)	96	114.6288563	4.49736984	BRN	Brunei Darussalam	1	NUMBER	Number	15000	15000	15000	15000	9239	9239	9240	11543.6	2016	9240	WHO Global Health Observatory	CA
2018.Q2.G.01	SH_TRP_INTVN	Number of people requiring interventions against neglected tropical diseases (number)	100	25.23763153	42.75731323	BGR	Bulgaria	1	NUMBER	Number	295	310	322	291	314	318	272	303.4	2016	272	WHO Global Health Observatory	CA
2018.Q2.G.01	SH_TRP_INTVN	Number of people requiring interventions against neglected tropical diseases (number)	104	96.51752295	21.19332882	MMR	Myanmar	1	NUMBER	Number	48309747	44558743	43673271	43072246	40774983	41292086	39343021	41631121.4	2016	39343021	WHO Global Health Observatory	CA
2018.Q2.G.01	SH_TRP_INTVN	Number of people requiring interventions against neglected tropical diseases (number)	108	29.89080992	-3.366387428	BDI	Burundi	1	NUMBER	Number	4018578	4076023	4101923	5142500	5332369	5601304	5898120	5215243.2	2016	5898120	WHO Global Health Observatory	CA
2018.Q2.G.01	SH_TRP_INTVN	Number of people requiring interventions against neglected tropical diseases (number)	112	28.04940161	53.54193075	BLR	Belarus	1	NUMBER	Number	0	2	0	0	0	0	0	0	2016	0	WHO Global Health Observatory	CA
2018.Q2.G.01	SH_TRP_INTVN	Number of people requiring interventions against neglected tropical diseases (number)	116	104.922836	12.71163737	KHM	Cambodia	1	NUMBER	Number	4533102	4517044	4134227	4347927	5550420	5610240	4771389	4882840.6	2016	4771389	WHO Global Health Observatory	CA
2018.Q2.G.01	SH_TRP_INTVN	Number of people requiring interventions against neglected tropical diseases (number)	120	12.7419827	5.692387031	CMR	Cameroon	1	NUMBER	Number	19286214	19339400	19647096	20442764	19433385	20630132	19389766	19908628.6	2016	19389766	WHO Global Health Observatory	CA
2018.Q2.G.01	SH_TRP_INTVN	Number of people requiring interventions against neglected tropical diseases (number)	124	-101.6575058	57.72360191	CAN	Canada	1	NUMBER	Number	0	0	0	0	0	0	0	0	2016	0	WHO Global Health Observatory	CA
2018.Q2.G.01	SH_TRP_INTVN	Number of people requiring interventions against neglected tropical diseases (number)	132	-23.63544151	15.07791834	CPV	Cabo Verde	1	NUMBER	Number	170442	169326	142687	136960	135058	136792	145562	139411.8	2016	145562	WHO Global Health Observatory	CA
2018.Q2.G.01	SH_TRP_INTVN	Number of people requiring interventions against neglected tropical diseases (number)	136	-81.16740559	19.32266656	CYM	Cayman Islands	1	NUMBER	Number												
2018.Q2.G.01	SH_TRP_INTVN	Number of people requiring interventions against neglected tropical diseases (number)	140	20.93559492	7.003720791	CAF	Central African Republic	1	NUMBER	Number	3987855	4013319	4005821	4019436	4048943	4096089	3756993	3985456.4	2016	3756993	WHO Global Health Observatory	CA
2018.Q2.G.01	SH_TRP_INTVN	Number of people requiring interventions against neglected tropical diseases (number)	144	80.70489654	7.614693343	LKA	Sri Lanka	1	NUMBER	Number	36329	30692	46690	34081	50804	33229	55720	44104.8	2016	55720	WHO Global Health Observatory	CA
2018.Q2.G.01	SH_TRP_INTVN	Number of people requiring interventions against neglected tropical diseases (number)	148	18.66618401	15.36279341	TCD	Chad	1	NUMBER	Number	9620369	9741519	9738244	10313316	10471524	6328205	6138675	8597992.8	2016	6138675	WHO Global Health Observatory	CA
2018.Q2.G.01	SH_TRP_INTVN	Number of people requiring interventions against neglected tropical diseases (number)	152	-71.23029019	-35.2652885	CHL	Chile	1	NUMBER	Number	132541	131544	125478	39	30	7	44	25119.6	2016	44	WHO Global Health Observatory	CA
2018.Q2.G.01	SH_TRP_INTVN	Number of people requiring interventions against neglected tropical diseases (number)	156	104.1403375	32.30955217	CHN	China	1	NUMBER	Number	5.2e+07	25548140	25663107	25822219	25974569	26100630	26375574	25987219.8	2016	26375574	WHO Global Health Observatory	CA
2018.Q2.G.01	SH_TRP_INTVN	Number of people requiring interventions against neglected tropical diseases (number)	162	105.6426067	-10.4882473	CXR	Christmas Island	1	NUMBER	Number												
2018.Q2.G.01	SH_TRP_INTVN	Number of people requiring interventions against neglected tropical diseases (number)	166	96.82633757	-12.18600682	CCK	Cocos (Keeling) Islands	1	NUMBER	Number												
2018.Q2.G.01	SH_TRP_INTVN	Number of people requiring interventions against neglected tropical diseases (number)	170	-73.07446751	3.888209046	COL	Colombia	1	NUMBER	Number	4921126	4924261	4722872	4722564	4410048	3846506	3761361	4292670.2	2016	3761361	WHO Global Health Observatory	CA
2018.Q2.G.01	SH_TRP_INTVN	Number of people requiring interventions against neglected tropical diseases (number)	174	43.34234565	-11.66121732	COM	Comoros	1	NUMBER	Number	517852	518985	524706	521439	522782	525978	527919	524564.8	2016	527919	WHO Global Health Observatory	CA
2018.Q2.G.01	SH_TRP_INTVN	Number of people requiring interventions against neglected tropical diseases (number)	175	45.14015057	-12.82217691	MYT	Mayotte	1	NUMBER	Number												
2018.Q2.G.01	SH_TRP_INTVN	Number of people requiring interventions against neglected tropical diseases (number)	178	15.22052612	-0.840544119	COG	Congo	1	NUMBER	Number	3223012	3249179	3404680	3523377	3567584	1346327	2278289	2824051.4	2016	2278289	WHO Global Health Observatory	CA
2018.Q2.G.01	SH_TRP_INTVN	Number of people requiring interventions against neglected tropical diseases (number)	180	23.65496507	-2.877154732	COD	Democratic Republic of the Congo	1	NUMBER	Number	60983338	61690568	61568637	60606457	57543026	52564709	49900757	56436717.2	2016	49900757	WHO Global Health Observatory	CA
2018.Q2.G.01	SH_TRP_INTVN	Number of people requiring interventions against neglected tropical diseases (number)	184	-159.7711391	-21.22696458	COK	Cook Islands	1	NUMBER	Number	0	0	0	0	946	765	0	342.2	2016	0	WHO Global Health Observatory	CA
2018.Q2.G.01	SH_TRP_INTVN	Number of people requiring interventions against neglected tropical diseases (number)	188	-84.19712782	9.970998683	CRI	Costa Rica	1	NUMBER	Number	51178	50827	49995	51844	28942	12855	23769	33481	2016	23769	WHO Global Health Observatory	CA
2018.Q2.G.01	SH_TRP_INTVN	Number of people requiring interventions against neglected tropical diseases (number)	191	17.95874553	45.45172212	HRV	Croatia	1	NUMBER	Number	0	1	2	7	20	11	9	9.8	2016	9	WHO Global Health Observatory	CA
2018.Q2.G.01	SH_TRP_INTVN	Number of people requiring interventions against neglected tropical diseases (number)	192	-79.54460144	22.10030366	CUB	Cuba	1	NUMBER	Number	167722	164093	162007	55804	50265	43862	43687	71125	2016	43687	WHO Global Health Observatory	CA
2018.Q2.G.01	SH_TRP_INTVN	Number of people requiring interventions against neglected tropical diseases (number)	196	33.22285964	35.05659437	CYP	Cyprus	1	NUMBER	Number	1	3	5	0	0	3	0	1.6	2016	0	WHO Global Health Observatory	CA
2018.Q2.G.01	SH_TRP_INTVN	Number of people requiring interventions against neglected tropical diseases (number)	203	15.33151382	49.73913871	CZE	Czechia	1	NUMBER	Number	0	0	0	0	0	0	0	0	2016	0	WHO Global Health Observatory	CA
2018.Q2.G.01	SH_TRP_INTVN	Number of people requiring interventions against neglected tropical diseases (number)	204	2.339933594	9.65401646	BEN	Benin	1	NUMBER	Number	7239210	7706956	6277773	6618720	4358046	7029345	6938376	6244452	2016	6938376	WHO Global Health Observatory	CA
2018.Q2.G.01	SH_TRP_INTVN	Number of people requiring interventions against neglected tropical diseases (number)	208	9.326571283	56.03829721	DNK	Denmark	1	NUMBER	Number	0	0	0	0	0	0	0	0	2016	0	WHO Global Health Observatory	CA
2018.Q2.G.01	SH_TRP_INTVN	Number of people requiring interventions against neglected tropical diseases (number)	212	-61.3493756	15.43391378	DMA	Dominica	1	NUMBER	Number	3121	3080	2723	7949	7879	7546	7473	6714	2016	7473	WHO Global Health Observatory	CA
2018.Q2.G.01	SH_TRP_INTVN	Number of people requiring interventions against neglected tropical diseases (number)	214	-70.49847576	18.89832088	DOM	Dominican Republic	1	NUMBER	Number	1193533	1365512	1303776	1306123	1183935	989731	970832	1150879.4	2016	970832	WHO Global Health Observatory	CA
2018.Q2.G.01	SH_TRP_INTVN	Number of people requiring interventions against neglected tropical diseases (number)	218	-78.37005241	-1.447785891	ECU	Ecuador	1	NUMBER	Number	340067	318717	321415	193708	1789316	1943932	1942753	1238224.8	2016	1942753	WHO Global Health Observatory	CA
2018.Q2.G.01	SH_TRP_INTVN	Number of people requiring interventions against neglected tropical diseases (number)	222	-88.86862995	13.73603564	SLV	El Salvador	1	NUMBER	Number	242858	238045	233387	849969	821068	702992	742568	669996.8	2016	742568	WHO Global Health Observatory	CA
2018.Q2.G.01	SH_TRP_INTVN	Number of people requiring interventions against neglected tropical diseases (number)	226	10.46535826	1.565792376	GNQ	Equatorial Guinea	1	NUMBER	Number	461503	462546	463562	464044	465031	466357	428948	457588.4	2016	428948	WHO Global Health Observatory	CA
2018.Q2.G.01	SH_TRP_INTVN	Number of people requiring interventions against neglected tropical diseases (number)	231	39.63505296	8.631223181	ETH	Ethiopia	1	NUMBER	Number	67362948	68844933	70359521	71907431	73489394	75106161	74204513	73013404	2016	74204513	WHO Global Health Observatory	CA
2018.Q2.G.01	SH_TRP_INTVN	Number of people requiring interventions against neglected tropical diseases (number)	232	38.11074289	16.12894644	ERI	Eritrea	1	NUMBER	Number	3577000	3577000	3577000	3577000	557635	1441264	1497725	2130124.8	2016	1497725	WHO Global Health Observatory	CA
2018.Q2.G.01	SH_TRP_INTVN	Number of people requiring interventions against neglected tropical diseases (number)	233	25.84093481	58.68487172	EST	Estonia	1	NUMBER	Number	0	0	3	3	1	0	0	1.4	2016	0	WHO Global Health Observatory	CA
2018.Q2.G.01	SH_TRP_INTVN	Number of people requiring interventions against neglected tropical diseases (number)	234	-7.122044325	62.21228119	FRO	Faroe Islands	1	NUMBER	Number												
2018.Q2.G.01	SH_TRP_INTVN	Number of people requiring interventions against neglected tropical diseases (number)	238	-58.75246778	-51.74562601	FLK	Falkland Islands (Malvinas)	1	NUMBER	Number												
2018.Q2.G.01	SH_TRP_INTVN	Number of people requiring interventions against neglected tropical diseases (number)	239	-36.90662765	-54.20736749	SGS	South Georgia and the South Sandwich Islands	1	NUMBER	Number												
2018.Q2.G.01	SH_TRP_INTVN	Number of people requiring interventions against neglected tropical diseases (number)	242	177.9660884	-17.83301566	FJI	Fiji	1	NUMBER	Number	879985	529984	637852	277616	892573	898821	905113	722395	2016	905113	WHO Global Health Observatory	CA
2018.Q2.G.01	SH_TRP_INTVN	Number of people requiring interventions against neglected tropical diseases (number)	246	23.308447	61.91586738	FIN	Finland	1	NUMBER	Number	1	1	3	4	0	2	4	2.6	2016	4	WHO Global Health Observatory	CA
2018.Q2.G.01	SH_TRP_INTVN	Number of people requiring interventions against neglected tropical diseases (number)	248	19.80945969	60.1544901	ALA	Åland Islands	1	NUMBER	Number												
2018.Q2.G.01	SH_TRP_INTVN	Number of people requiring interventions against neglected tropical diseases (number)	250	2.457288129	46.62660861	FRA	France	1	NUMBER	Number	46	76	64	47	51	61	49	54.4	2016	49	WHO Global Health Observatory	CA
2018.Q2.G.01	SH_TRP_INTVN	Number of people requiring interventions against neglected tropical diseases (number)	254	-53.23619089	3.922673437	GUF	French Guiana	1	NUMBER	Number												
2018.Q2.G.01	SH_TRP_INTVN	Number of people requiring interventions against neglected tropical diseases (number)	258	-149.4052367	-17.67709294	PYF	French Polynesia	1	NUMBER	Number												
2018.Q2.G.01	SH_TRP_INTVN	Number of people requiring interventions against neglected tropical diseases (number)	260	69.64849091	-49.6068576	ATF	French Southern Territories	1	NUMBER	Number												
2018.Q2.G.01	SH_TRP_INTVN	Number of people requiring interventions against neglected tropical diseases (number)	262	42.18274707	11.56004161	DJI	Djibouti	1	NUMBER	Number	127766	128196	131879	105768	107378	108810	110561	112879.2	2016	110561	WHO Global Health Observatory	CA
2018.Q2.G.01	SH_TRP_INTVN	Number of people requiring interventions against neglected tropical diseases (number)	266	11.78727747	-0.60687619	GAB	Gabon	1	NUMBER	Number	1444093	1451759	1462559	1520924	1534599	1560166	694499	1354549.4	2016	694499	WHO Global Health Observatory	CA
2018.Q2.G.01	SH_TRP_INTVN	Number of people requiring interventions against neglected tropical diseases (number)	268	43.3713615	42.04813028	GEO	Georgia	1	NUMBER	Number	147	130	114	126	57	80	412310	82537.4	2016	412310	WHO Global Health Observatory	CA
2018.Q2.G.01	SH_TRP_INTVN	Number of people requiring interventions against neglected tropical diseases (number)	270	-15.39944785	13.45295927	GMB	Gambia	1	NUMBER	Number	1200000	1200000	1200000	1200000	1200000	171850	177144	789798.8	2016	177144	WHO Global Health Observatory	CA
2018.Q2.G.01	SH_TRP_INTVN	Number of people requiring interventions against neglected tropical diseases (number)	275	35.25694122	31.94347933	PSE	State of Palestine	1	NUMBER	Number												
2018.Q2.G.01	SH_TRP_INTVN	Number of people requiring interventions against neglected tropical diseases (number)	276	10.3806066	51.08862743	DEU	Germany	1	NUMBER	Number	117	146	119	132	131	158	111	130.2	2016	111	WHO Global Health Observatory	CA
2018.Q2.G.01	SH_TRP_INTVN	Number of people requiring interventions against neglected tropical diseases (number)	288	-1.205623522	7.964825185	GHA	Ghana	1	NUMBER	Number	12030074	12254998	12030074	10626517	18678710	15536903	15536910	14481822.8	2016	15536910	WHO Global Health Observatory	CA
2018.Q2.G.01	SH_TRP_INTVN	Number of people requiring interventions against neglected tropical diseases (number)	292	-5.347561686	36.13895036	GIB	Gibraltar	1	NUMBER	Number												
2018.Q2.G.01	SH_TRP_INTVN	Number of people requiring interventions against neglected tropical diseases (number)	296	-157.5643005	1.768837732	KIR	Kiribati	1	NUMBER	Number	93236	103058	103058	24068	37103	33294	117424	62989.4	2016	117424	WHO Global Health Observatory	CA
2018.Q2.G.01	SH_TRP_INTVN	Number of people requiring interventions against neglected tropical diseases (number)	300	22.58307827	39.47301873	GRC	Greece	1	NUMBER	Number	41	60	71	86	96	79	77	81.8	2016	77	WHO Global Health Observatory	CA
2018.Q2.G.01	SH_TRP_INTVN	Number of people requiring interventions against neglected tropical diseases (number)	304	-41.39371316	74.75625681	GRL	Greenland	1	NUMBER	Number												
2018.Q2.G.01	SH_TRP_INTVN	Number of people requiring interventions against neglected tropical diseases (number)	308	-61.68248568	12.11238395	GRD	Grenada	1	NUMBER	Number	878	873	896	156	39	11	151	250.6	2016	151	WHO Global Health Observatory	CA
2018.Q2.G.01	SH_TRP_INTVN	Number of people requiring interventions against neglected tropical diseases (number)	312	-61.64762115	16.14416917	GLP	Guadeloupe	1	NUMBER	Number												
2018.Q2.G.01	SH_TRP_INTVN	Number of people requiring interventions against neglected tropical diseases (number)	316	144.7029305	13.35485404	GUM	Guam	1	NUMBER	Number												
2018.Q2.G.01	SH_TRP_INTVN	Number of people requiring interventions against neglected tropical diseases (number)	320	-91.2312746	15.00273719	GTM	Guatemala	1	NUMBER	Number	2718785	3298737	3216909	3205688	3234783	3321447	3265661	3248897.6	2016	3265661	WHO Global Health Observatory	CA
2018.Q2.G.01	SH_TRP_INTVN	Number of people requiring interventions against neglected tropical diseases (number)	324	-11.28173419	11.00210343	GIN	Guinea	1	NUMBER	Number	8203062	8303988	8268055	8735878	8839057	7973039	7246135	8212432.8	2016	7246135	WHO Global Health Observatory	CA
2018.Q2.G.01	SH_TRP_INTVN	Number of people requiring interventions against neglected tropical diseases (number)	328	-58.97322037	4.788012784	GUY	Guyana	1	NUMBER	Number	690869	690869	690869	544676	719455	747901	720459	684672	2016	720459	WHO Global Health Observatory	CA
2018.Q2.G.01	SH_TRP_INTVN	Number of people requiring interventions against neglected tropical diseases (number)	332	-72.33640958	18.40426539	HTI	Haiti	1	NUMBER	Number	9603682	10018427	10905822	11166579	11358721	9831829	7581135	10168817.2	2016	7581135	WHO Global Health Observatory	CA
2018.Q2.G.01	SH_TRP_INTVN	Number of people requiring interventions against neglected tropical diseases (number)	334	73.52633626	-53.09106147	HMD	Heard Island and McDonald Islands	1	NUMBER	Number												
2018.Q2.G.01	SH_TRP_INTVN	Number of people requiring interventions against neglected tropical diseases (number)	336	12.45315803	41.90343751	VAT	Holy See	1	NUMBER	Number												
2018.Q2.G.01	SH_TRP_INTVN	Number of people requiring interventions against neglected tropical diseases (number)	340	-86.59974381	14.82243161	HND	Honduras	1	NUMBER	Number	2601881	2612618	2621397	2646769	2663781	2399777	2752416	2616828	2016	2752416	WHO Global Health Observatory	CA
2018.Q2.G.01	SH_TRP_INTVN	Number of people requiring interventions against neglected tropical diseases (number)	344	114.0266445	22.41749934	HKG	China, Hong Kong Special Administrative Region	1	NUMBER	Number												
2018.Q2.G.01	SH_TRP_INTVN	Number of people requiring interventions against neglected tropical diseases (number)	348	19.41221519	47.1651448	HUN	Hungary	1	NUMBER	Number	9	11	6	5	2	2	5	4	2016	5	WHO Global Health Observatory	CA
2018.Q2.G.01	SH_TRP_INTVN	Number of people requiring interventions against neglected tropical diseases (number)	352	-19.02116966	64.79134763	ISL	Iceland	1	NUMBER	Number	0	0	0	0	0	0	0	0	2016	0	WHO Global Health Observatory	CA
2018.Q2.G.01	SH_TRP_INTVN	Number of people requiring interventions against neglected tropical diseases (number)	356	79.3608464	22.34642074	IND	India	1	NUMBER	Number	676907852	683421629	675898255	581636464	576971260	497396247	458855231	558151491.4	2016	458855231	WHO Global Health Observatory	CA
2018.Q2.G.01	SH_TRP_INTVN	Number of people requiring interventions against neglected tropical diseases (number)	360	113.9174	-0.994582204	IDN	Indonesia	1	NUMBER	Number	157192592	152147527	146815201	141350574	127886656	111437132	101813236	125860559.8	2016	101813236	WHO Global Health Observatory	CA
2018.Q2.G.01	SH_TRP_INTVN	Number of people requiring interventions against neglected tropical diseases (number)	364	54.19766348	32.74370885	IRN	Iran (Islamic Republic of)	1	NUMBER	Number	23062	19560	21068	16161	16076	18692	0	14399.4	2016	0	WHO Global Health Observatory	CA
2018.Q2.G.01	SH_TRP_INTVN	Number of people requiring interventions against neglected tropical diseases (number)	368	43.76606267	33.05013795	IRQ	Iraq	1	NUMBER	Number	3203400	3243291	3574492	2003182	2040539	2107072	2170486	2379154.2	2016	2170486	WHO Global Health Observatory	CA
2018.Q2.G.01	SH_TRP_INTVN	Number of people requiring interventions against neglected tropical diseases (number)	372	-7.121425272	53.25274054	IRL	Ireland	1	NUMBER	Number	1	0	0	1	0	0	2	0.6	2016	2	WHO Global Health Observatory	CA
2018.Q2.G.01	SH_TRP_INTVN	Number of people requiring interventions against neglected tropical diseases (number)	376	34.62277992	31.06164552	ISR	Israel	1	NUMBER	Number	234	310	354	326	343	231	233	297.4	2016	233	WHO Global Health Observatory	CA
2018.Q2.G.01	SH_TRP_INTVN	Number of people requiring interventions against neglected tropical diseases (number)	380	12.57022427	42.79917282	ITA	Italy	1	NUMBER	Number	76	63	81	62	0	0	12	31	2016	12	WHO Global Health Observatory	CA
2018.Q2.G.01	SH_TRP_INTVN	Number of people requiring interventions against neglected tropical diseases (number)	384	-5.552690016	7.62211586	CIV	Côte d'Ivoire	1	NUMBER	Number	17858797	18024926	17470746	19946532	18127710	18738388	16756532	18207981.6	2016	16756532	WHO Global Health Observatory	CA
2018.Q2.G.01	SH_TRP_INTVN	Number of people requiring interventions against neglected tropical diseases (number)	388	-77.31068409	18.15616857	JAM	Jamaica	1	NUMBER	Number	125663	124004	144481	417491	410764	343044	347536	332663.2	2016	347536	WHO Global Health Observatory	CA
2018.Q2.G.01	SH_TRP_INTVN	Number of people requiring interventions against neglected tropical diseases (number)	392	139.2716103	36.6554539	JPN	Japan	1	NUMBER	Number	256	114	7	13	12	11	5	9.6	2016	5	WHO Global Health Observatory	CA
2018.Q2.G.01	SH_TRP_INTVN	Number of people requiring interventions against neglected tropical diseases (number)	398	66.65359159	48.01963494	KAZ	Kazakhstan	1	NUMBER	Number	8	36	17	14	14	25	185	51	2016	185	WHO Global Health Observatory	CA
2018.Q2.G.01	SH_TRP_INTVN	Number of people requiring interventions against neglected tropical diseases (number)	400	37.13024774	30.65365973	JOR	Jordan	1	NUMBER	Number	155	136	103	146	182	70	126	125.4	2016	126	WHO Global Health Observatory	CA
2018.Q2.G.01	SH_TRP_INTVN	Number of people requiring interventions against neglected tropical diseases (number)	404	37.86096816	0.534797278	KEN	Kenya	1	NUMBER	Number	21811703	22415224	22763712	23545928	12283203	13642040	11770703	16801117.2	2016	11770703	WHO Global Health Observatory	CA
2018.Q2.G.01	SH_TRP_INTVN	Number of people requiring interventions against neglected tropical diseases (number)	408	127.1803633	40.1462645	PRK	Democratic People's Republic of Korea	1	NUMBER	Number	1949632	1911883	2076931	908349	5643102	6082191	5214937	3985102	2016	5214937	WHO Global Health Observatory	CA
2018.Q2.G.01	SH_TRP_INTVN	Number of people requiring interventions against neglected tropical diseases (number)	410	127.8610254	36.45201023	KOR	Republic of Korea	1	NUMBER	Number	131	79	154	259	171	257	323	232.8	2016	323	WHO Global Health Observatory	CA
2018.Q2.G.01	SH_TRP_INTVN	Number of people requiring interventions against neglected tropical diseases (number)	414	47.49305029	29.53949468	KWT	Kuwait	1	NUMBER	Number	33	23	20	32	12	0	6	14	2016	6	WHO Global Health Observatory	CA
2018.Q2.G.01	SH_TRP_INTVN	Number of people requiring interventions against neglected tropical diseases (number)	417	74.52324839	41.46204516	KGZ	Kyrgyzstan	1	NUMBER	Number	103793	104139	104587	107534	110086	111901	113625	109546.6	2016	113625	WHO Global Health Observatory	CA
2018.Q2.G.01	SH_TRP_INTVN	Number of people requiring interventions against neglected tropical diseases (number)	418	101.9901968	20.27482773	LAO	Lao People's Democratic Republic	1	NUMBER	Number	2274114	2274371	2053933	2293962	2183341	2183066	2206011	2184062.6	2016	2206011	WHO Global Health Observatory	CA
2018.Q2.G.01	SH_TRP_INTVN	Number of people requiring interventions against neglected tropical diseases (number)	422	35.89391711	33.92152458	LBN	Lebanon	1	NUMBER	Number	6	8	3	2	2	6	1	2.8	2016	1	WHO Global Health Observatory	CA
2018.Q2.G.01	SH_TRP_INTVN	Number of people requiring interventions against neglected tropical diseases (number)	426	28.25362195	-29.58041814	LSO	Lesotho	1	NUMBER	Number	530231	529678	534996	517058	517202	523534	530557	524669.4	2016	530557	WHO Global Health Observatory	CA
2018.Q2.G.01	SH_TRP_INTVN	Number of people requiring interventions against neglected tropical diseases (number)	428	26.42461876	56.64196636	LVA	Latvia	1	NUMBER	Number	14	10	8	7	13	10	11	9.8	2016	11	WHO Global Health Observatory	CA
2018.Q2.G.01	SH_TRP_INTVN	Number of people requiring interventions against neglected tropical diseases (number)	430	-9.311879038	6.448381009	LBR	Liberia	1	NUMBER	Number	4118393	4129824	4163214	3800870	3892337	3812536	2919973	3717786	2016	2919973	WHO Global Health Observatory	CA
2018.Q2.G.01	SH_TRP_INTVN	Number of people requiring interventions against neglected tropical diseases (number)	434	18.0295985	27.04042819	LBY	Libya	1	NUMBER	Number	2280	1330	1504	0	7	8	1	304	2016	1	WHO Global Health Observatory	CA
2018.Q2.G.01	SH_TRP_INTVN	Number of people requiring interventions against neglected tropical diseases (number)	438	9.552985019	47.14167005	LIE	Liechtenstein	1	NUMBER	Number												
2018.Q2.G.01	SH_TRP_INTVN	Number of people requiring interventions against neglected tropical diseases (number)	440	23.90517807	55.33680309	LTU	Lithuania	1	NUMBER	Number	23	24	23	23	22	33	26	25.4	2016	26	WHO Global Health Observatory	CA
2018.Q2.G.01	SH_TRP_INTVN	Number of people requiring interventions against neglected tropical diseases (number)	442	6.092656563	49.77679538	LUX	Luxembourg	1	NUMBER	Number	1	1	0	0	0	0	0	0	2016	0	WHO Global Health Observatory	CA
2018.Q2.G.01	SH_TRP_INTVN	Number of people requiring interventions against neglected tropical diseases (number)	446	113.5665388	22.1237259	MAC	China, Macao Special Administrative Region	1	NUMBER	Number												
2018.Q2.G.01	SH_TRP_INTVN	Number of people requiring interventions against neglected tropical diseases (number)	450	46.6982339	-19.38514785	MDG	Madagascar	1	NUMBER	Number	19324091	19526890	20020745	19902970	20489741	21298533	18863123	20115022.4	2016	18863123	WHO Global Health Observatory	CA
2018.Q2.G.01	SH_TRP_INTVN	Number of people requiring interventions against neglected tropical diseases (number)	454	33.4884625	-13.40819859	MWI	Malawi	1	NUMBER	Number	15182245	16258408	17100807	17247597	11081195	11426323	11435030	13658190.4	2016	11435030	WHO Global Health Observatory	CA
2018.Q2.G.01	SH_TRP_INTVN	Number of people requiring interventions against neglected tropical diseases (number)	458	116.8346314	5.452415309	MYS	Malaysia	1	NUMBER	Number	589140	652692	1266123	660208	176748	174457	120318	479570.8	2016	120318	WHO Global Health Observatory	CA
2018.Q2.G.01	SH_TRP_INTVN	Number of people requiring interventions against neglected tropical diseases (number)	462	73.09672546	-0.614385021	MDV	Maldives	1	NUMBER	Number	927	2923	1090	684	747	1892	1937	1270	2016	1937	WHO Global Health Observatory	CA
2018.Q2.G.01	SH_TRP_INTVN	Number of people requiring interventions against neglected tropical diseases (number)	466	-3.522016039	17.35311254	MLI	Mali	1	NUMBER	Number	16842943	18008936	18569896	19604912	19460797	18291866	18605778	18906649.8	2016	18605778	WHO Global Health Observatory	CA
2018.Q2.G.01	SH_TRP_INTVN	Number of people requiring interventions against neglected tropical diseases (number)	470	14.44617519	35.89194275	MLT	Malta	1	NUMBER	Number	11	3	3	0	0	0	1	0.8	2016	1	WHO Global Health Observatory	CA
2018.Q2.G.01	SH_TRP_INTVN	Number of people requiring interventions against neglected tropical diseases (number)	474	-60.91544135	14.56086108	MTQ	Martinique	1	NUMBER	Number												
2018.Q2.G.01	SH_TRP_INTVN	Number of people requiring interventions against neglected tropical diseases (number)	478	-10.33187259	20.26089546	MRT	Mauritania	1	NUMBER	Number	661691	661691	662208	678561	681150	690268	589697	660376.8	2016	589697	WHO Global Health Observatory	CA
2018.Q2.G.01	SH_TRP_INTVN	Number of people requiring interventions against neglected tropical diseases (number)	480	57.568022	-20.28581998	MUS	Mauritius	1	NUMBER	Number	24322	23990	23296	20861	0	0	0	8831.4	2016	0	WHO Global Health Observatory	CA
2018.Q2.G.01	SH_TRP_INTVN	Number of people requiring interventions against neglected tropical diseases (number)	484	-102.5148166	23.93378032	MEX	Mexico	1	NUMBER	Number	8969431	8885336	9777048	10282283	10160220	9923501	9532039	9935018.2	2016	9532039	WHO Global Health Observatory	CA
2018.Q2.G.01	SH_TRP_INTVN	Number of people requiring interventions against neglected tropical diseases (number)	492	7.424214814	43.73532918	MCO	Monaco	1	NUMBER	Number	0	0	0	0	0	0	0	0	2016	0	WHO Global Health Observatory	CA
2018.Q2.G.01	SH_TRP_INTVN	Number of people requiring interventions against neglected tropical diseases (number)	496	103.0728057	46.83892054	MNG	Mongolia	1	NUMBER	Number	25	32	25	47	42	43	0	31.4	2016	0	WHO Global Health Observatory	CA
2018.Q2.G.01	SH_TRP_INTVN	Number of people requiring interventions against neglected tropical diseases (number)	498	28.4650624	47.20236795	MDA	Republic of Moldova	1	NUMBER	Number	114591	113116	0	0	0	0	0	0	2016	0	WHO Global Health Observatory	CA
2018.Q2.G.01	SH_TRP_INTVN	Number of people requiring interventions against neglected tropical diseases (number)	499	19.25214024	42.78717043	MNE	Montenegro	1	NUMBER	Number	6309	6244	6272	5267	3	5	6	2310.6	2016	6	WHO Global Health Observatory	CA
2018.Q2.G.01	SH_TRP_INTVN	Number of people requiring interventions against neglected tropical diseases (number)	500	-62.19261223	16.73558313	MSR	Montserrat	1	NUMBER	Number												
2018.Q2.G.01	SH_TRP_INTVN	Number of people requiring interventions against neglected tropical diseases (number)	504	-6.281942841	31.8440131	MAR	Morocco	1	NUMBER	Number	8900	4482	3034	2741	2665	2917	25	2276.4	2016	25	WHO Global Health Observatory	CA
2018.Q2.G.01	SH_TRP_INTVN	Number of people requiring interventions against neglected tropical diseases (number)	508	38.18479941	-14.27963886	MOZ	Mozambique	1	NUMBER	Number	20995373	21173259	21361840	22489106	22814191	23150013	23920538	22747137.6	2016	23920538	WHO Global Health Observatory	CA
2018.Q2.G.01	SH_TRP_INTVN	Number of people requiring interventions against neglected tropical diseases (number)	512	57.87743482	21.98805614	OMN	Oman	1	NUMBER	Number	6	3	10	5	6	5	0	5.2	2016	0	WHO Global Health Observatory	CA
2018.Q2.G.01	SH_TRP_INTVN	Number of people requiring interventions against neglected tropical diseases (number)	516	17.21907885	-22.13817068	NAM	Namibia	1	NUMBER	Number	999049	1010305	1044687	1040483	1048837	1073269	1097233	1060901.8	2016	1097233	WHO Global Health Observatory	CA
2018.Q2.G.01	SH_TRP_INTVN	Number of people requiring interventions against neglected tropical diseases (number)	520	166.92313	-0.528742623	NRU	Nauru	1	NUMBER	Number	2894	2874	2837	2787	2749	2822	2844	2807.8	2016	2844	WHO Global Health Observatory	CA
2018.Q2.G.01	SH_TRP_INTVN	Number of people requiring interventions against neglected tropical diseases (number)	524	83.94678863	28.25866332	NPL	Nepal	1	NUMBER	Number	26834231	26975315	20852506	23979335	21348508	18850311	17552881	20516708.2	2016	17552881	WHO Global Health Observatory	CA
2018.Q2.G.01	SH_TRP_INTVN	Number of people requiring interventions against neglected tropical diseases (number)	528	5.331480568	51.86728884	NLD	Netherlands	1	NUMBER	Number	35	45	50	34	37	64	38	44.6	2016	38	WHO Global Health Observatory	CA
2018.Q2.G.01	SH_TRP_INTVN	Number of people requiring interventions against neglected tropical diseases (number)	530	-68.30676179	12.22720635	ANT	Netherlands Antilles	1	NUMBER	Number												
2018.Q2.G.01	SH_TRP_INTVN	Number of people requiring interventions against neglected tropical diseases (number)	531	-68.95033464	12.15058042	CUW	Curaçao	1	NUMBER	Number												
2018.Q2.G.01	SH_TRP_INTVN	Number of people requiring interventions against neglected tropical diseases (number)	533	-69.97050586	12.50878756	ABW	Aruba	1	NUMBER	Number												
2018.Q2.G.01	SH_TRP_INTVN	Number of people requiring interventions against neglected tropical diseases (number)	534	-63.06198692	18.03926508	SXM	Sint Maarten (Dutch part)	1	NUMBER	Number												
2018.Q2.G.01	SH_TRP_INTVN	Number of people requiring interventions against neglected tropical diseases (number)	540	165.5067368	-21.41742531	NCL	New Caledonia	1	NUMBER	Number												
2018.Q2.G.01	SH_TRP_INTVN	Number of people requiring interventions against neglected tropical diseases (number)	548	167.0679779	-15.34445547	VUT	Vanuatu	1	NUMBER	Number	86888	88267	87594	254710	262202	266041	271465	228402.4	2016	271465	WHO Global Health Observatory	CA
2018.Q2.G.01	SH_TRP_INTVN	Number of people requiring interventions against neglected tropical diseases (number)	554	170.4755673	-43.98721568	NZL	New Zealand	1	NUMBER	Number	54	43	1	3	4	3	0	2.2	2016	0	WHO Global Health Observatory	CA
2018.Q2.G.01	SH_TRP_INTVN	Number of people requiring interventions against neglected tropical diseases (number)	558	-85.03060315	12.84210839	NIC	Nicaragua	1	NUMBER	Number	1866501	1861892	1846947	1178283	1175728	933780	926646	1212276.8	2016	926646	WHO Global Health Observatory	CA
2018.Q2.G.01	SH_TRP_INTVN	Number of people requiring interventions against neglected tropical diseases (number)	562	9.400167877	17.42143036	NER	Niger	1	NUMBER	Number	14458887	14837111	15366099	16041372	14871359	15779050	15233885	15458353	2016	15233885	WHO Global Health Observatory	CA
2018.Q2.G.01	SH_TRP_INTVN	Number of people requiring interventions against neglected tropical diseases (number)	566	8.097363256	9.585789025	NGA	Nigeria	1	NUMBER	Number	122768724	135828252	139891007	147555654	140377288	140541791	128936746	139460497.2	2016	128936746	WHO Global Health Observatory	CA
2018.Q2.G.01	SH_TRP_INTVN	Number of people requiring interventions against neglected tropical diseases (number)	570	-169.8601693	-19.05000475	NIU	Niue	1	NUMBER	Number	0	0	0	0	0	0	1	0.2	2016	1	WHO Global Health Observatory	CA
2018.Q2.G.01	SH_TRP_INTVN	Number of people requiring interventions against neglected tropical diseases (number)	574	167.9515548	-29.03230018	NFK	Norfolk Island	1	NUMBER	Number												
2018.Q2.G.01	SH_TRP_INTVN	Number of people requiring interventions against neglected tropical diseases (number)	578	11.47846389	61.34311134	NOR	Norway	1	NUMBER	Number	2	3	2	2	0	2	3	1.8	2016	3	WHO Global Health Observatory	CA
2018.Q2.G.01	SH_TRP_INTVN	Number of people requiring interventions against neglected tropical diseases (number)	580	145.7582114	15.19099517	MNP	Northern Mariana Islands	1	NUMBER	Number												
2018.Q2.G.01	SH_TRP_INTVN	Number of people requiring interventions against neglected tropical diseases (number)	581	-162.4343752	5.874443968	UMI	US Minor Outlying Islands	1	NUMBER	Number												
2018.Q2.G.01	SH_TRP_INTVN	Number of people requiring interventions against neglected tropical diseases (number)	583	158.225216	6.880670092	FSM	Micronesia, Federated States of	1	NUMBER	Number	35187	35002	34797	22976	52285	72590	70736	50676.8	2016	70736	WHO Global Health Observatory	CA
2018.Q2.G.01	SH_TRP_INTVN	Number of people requiring interventions against neglected tropical diseases (number)	584	171.0839119	7.110213497	MHL	Marshall Islands	1	NUMBER	Number	17892	18044	15244	14594	21253	28996	19594	19936.2	2016	19594	WHO Global Health Observatory	CA
2018.Q2.G.01	SH_TRP_INTVN	Number of people requiring interventions against neglected tropical diseases (number)	585	134.5733878	7.502307591	PLW	Palau	1	NUMBER	Number	20044	20044	20044	3	15	15	41	4023.6	2016	41	WHO Global Health Observatory	CA
2018.Q2.G.01	SH_TRP_INTVN	Number of people requiring interventions against neglected tropical diseases (number)	586	68.80479684	29.36491634	PAK	Pakistan	1	NUMBER	Number	69714319	69714319	31511018	30292389	30418380	31056287	31683212	30992257.2	2016	31683212	WHO Global Health Observatory	CA
2018.Q2.G.01	SH_TRP_INTVN	Number of people requiring interventions against neglected tropical diseases (number)	591	-81.26616623	8.450965746	PAN	Panama	1	NUMBER	Number	426760	428668	413140	419689	392717	437597	453129	423254.4	2016	453129	WHO Global Health Observatory	CA
2018.Q2.G.01	SH_TRP_INTVN	Number of people requiring interventions against neglected tropical diseases (number)	598	145.8587761	-6.756057077	PNG	Papua New Guinea	1	NUMBER	Number	6113938	6167038	6205145	6252956	6301846	6425746	6528722	6342883	2016	6528722	WHO Global Health Observatory	CA
2018.Q2.G.01	SH_TRP_INTVN	Number of people requiring interventions against neglected tropical diseases (number)	600	-60.54854225	-21.70216237	PRY	Paraguay	1	NUMBER	Number	922422	926211	892188	454727	804269	795686	790833	747540.6	2016	790833	WHO Global Health Observatory	CA
2018.Q2.G.01	SH_TRP_INTVN	Number of people requiring interventions against neglected tropical diseases (number)	604	-71.82093277	-13.58939705	PER	Peru	1	NUMBER	Number	3470149	3463562	3003504	3008028	2985116	2831613	2814779	2928608	2016	2814779	WHO Global Health Observatory	CA
2018.Q2.G.01	SH_TRP_INTVN	Number of people requiring interventions against neglected tropical diseases (number)	608	120.8601418	14.16591706	PHL	Philippines	1	NUMBER	Number	52756155	49871718	51303271	44946508	44676210	43430927	49110117	46693406.6	2016	49110117	WHO Global Health Observatory	CA
2018.Q2.G.01	SH_TRP_INTVN	Number of people requiring interventions against neglected tropical diseases (number)	612	-128.3225873	-24.37538456	PCN	Pitcairn	1	NUMBER	Number												
2018.Q2.G.01	SH_TRP_INTVN	Number of people requiring interventions against neglected tropical diseases (number)	616	19.40660158	52.1226733	POL	Poland	1	NUMBER	Number	36	19	28	39	48	47	64	45.2	2016	64	WHO Global Health Observatory	CA
2018.Q2.G.01	SH_TRP_INTVN	Number of people requiring interventions against neglected tropical diseases (number)	620	-7.961599811	39.68509315	PRT	Portugal	1	NUMBER	Number	35	17	8	12	4	6	6	7.2	2016	6	WHO Global Health Observatory	CA
2018.Q2.G.01	SH_TRP_INTVN	Number of people requiring interventions against neglected tropical diseases (number)	624	-14.40182514	12.11760394	GNB	Guinea-Bissau	1	NUMBER	Number	1545580	1746320	1777561	1880661	1884348	1731541	1576882	1770198.6	2016	1576882	WHO Global Health Observatory	CA
2018.Q2.G.01	SH_TRP_INTVN	Number of people requiring interventions against neglected tropical diseases (number)	626	125.9451052	-8.797497247	TLS	Timor-Leste	1	NUMBER	Number	1101449	1128972	1211898	1102227	1108101	1170044	1167125	1151879	2016	1167125	WHO Global Health Observatory	CA
2018.Q2.G.01	SH_TRP_INTVN	Number of people requiring interventions against neglected tropical diseases (number)	630	-66.47591017	18.22753799	PRI	Puerto Rico	1	NUMBER	Number												
2018.Q2.G.01	SH_TRP_INTVN	Number of people requiring interventions against neglected tropical diseases (number)	634	51.19152467	25.28355379	QAT	Qatar	1	NUMBER	Number	35	25	24	26	48	26	36	32	2016	36	WHO Global Health Observatory	CA
2018.Q2.G.01	SH_TRP_INTVN	Number of people requiring interventions against neglected tropical diseases (number)	638	55.53171398	-21.13183266	REU	Réunion	1	NUMBER	Number												
2018.Q2.G.01	SH_TRP_INTVN	Number of people requiring interventions against neglected tropical diseases (number)	642	24.98481009	45.83893563	ROU	Romania	1	NUMBER	Number	843154	837232	97	55	31	19	13	43	2016	13	WHO Global Health Observatory	CA
2018.Q2.G.01	SH_TRP_INTVN	Number of people requiring interventions against neglected tropical diseases (number)	643	99.01404926	61.61899849	RUS	Russian Federation	1	NUMBER	Number	15	9	0	0	0	0	0	0	2016	0	WHO Global Health Observatory	CA
2018.Q2.G.01	SH_TRP_INTVN	Number of people requiring interventions against neglected tropical diseases (number)	646	29.92310194	-1.999842114	RWA	Rwanda	1	NUMBER	Number	4270858	4395476	4721856	4946783	4148673	5065110	5190529	4814590.2	2016	5190529	WHO Global Health Observatory	CA
2018.Q2.G.01	SH_TRP_INTVN	Number of people requiring interventions against neglected tropical diseases (number)	652	-62.83173536	17.89513362	BLM	Saint Barthélemy	1	NUMBER	Number												
2018.Q2.G.01	SH_TRP_INTVN	Number of people requiring interventions against neglected tropical diseases (number)	654	-5.705752501	-15.96503946	SHN	Saint Helena	1	NUMBER	Number												
2018.Q2.G.01	SH_TRP_INTVN	Number of people requiring interventions against neglected tropical diseases (number)	659	-62.76628613	17.33994219	KNA	Saint Kitts and Nevis	1	NUMBER	Number	518	518	463	100	75	2	136	155.2	2016	136	WHO Global Health Observatory	CA
2018.Q2.G.01	SH_TRP_INTVN	Number of people requiring interventions against neglected tropical diseases (number)	660	-63.05651612	18.21525315	AIA	Anguilla	1	NUMBER	Number												
2018.Q2.G.01	SH_TRP_INTVN	Number of people requiring interventions against neglected tropical diseases (number)	662	-60.96529553	13.89405601	LCA	Saint Lucia	1	NUMBER	Number	41619	41363	41542	36090	35952	33729	26921	34846.8	2016	26921	WHO Global Health Observatory	CA
2018.Q2.G.01	SH_TRP_INTVN	Number of people requiring interventions against neglected tropical diseases (number)	663	-63.04505461	18.0882685	MAF	Saint Martin (French Part)	1	NUMBER	Number												
2018.Q2.G.01	SH_TRP_INTVN	Number of people requiring interventions against neglected tropical diseases (number)	666	-56.33682442	46.85812735	SPM	Saint Pierre and Miquelon	1	NUMBER	Number												
2018.Q2.G.01	SH_TRP_INTVN	Number of people requiring interventions against neglected tropical diseases (number)	670	-61.19024321	13.24627968	VCT	Saint Vincent and the Grenadines	1	NUMBER	Number	573	565	529	127	117	1	89	172.6	2016	89	WHO Global Health Observatory	CA
2018.Q2.G.01	SH_TRP_INTVN	Number of people requiring interventions against neglected tropical diseases (number)	674	12.46329038	43.93841766	SMR	San Marino	1	NUMBER	Number	0	0	0	0	0	0	0	0	2016	0	WHO Global Health Observatory	CA
2018.Q2.G.01	SH_TRP_INTVN	Number of people requiring interventions against neglected tropical diseases (number)	678	6.609772265	0.241554875	STP	Sao Tome and Principe	1	NUMBER	Number	410000	410000	410000	410000	194850	199686	200169	282941	2016	200169	WHO Global Health Observatory	CA
2018.Q2.G.01	SH_TRP_INTVN	Number of people requiring interventions against neglected tropical diseases (number)	682	44.54763347	24.12594211	SAU	Saudi Arabia	1	NUMBER	Number	4142	1964	1476	2001	2207	1496	0	1436	2016	0	WHO Global Health Observatory	CA
2018.Q2.G.01	SH_TRP_INTVN	Number of people requiring interventions against neglected tropical diseases (number)	686	-14.46636926	14.35920905	SEN	Senegal	1	NUMBER	Number	8721204	8837088	8836568	11152917	11786376	11849373	11635621	11052171	2016	11635621	WHO Global Health Observatory	CA
2018.Q2.G.01	SH_TRP_INTVN	Number of people requiring interventions against neglected tropical diseases (number)	688	20.805876	44.03145697	SRB	Serbia	1	NUMBER	Number	93886	93503	92677	25617	0	0	0	23658.8	2016	0	WHO Global Health Observatory	CA
2018.Q2.G.01	SH_TRP_INTVN	Number of people requiring interventions against neglected tropical diseases (number)	690	55.46561591	-4.678053059	SYC	Seychelles	1	NUMBER	Number	1	1	0	0	1	0	0	0.2	2016	0	WHO Global Health Observatory	CA
2018.Q2.G.01	SH_TRP_INTVN	Number of people requiring interventions against neglected tropical diseases (number)	694	-11.78306584	8.568604164	SLE	Sierra Leone	1	NUMBER	Number	6903386	7101947	7452567	7559427	7563752	7500446	7651657	7545569.8	2016	7651657	WHO Global Health Observatory	CA
2018.Q2.G.01	SH_TRP_INTVN	Number of people requiring interventions against neglected tropical diseases (number)	702	103.8107883	1.361009155	SGP	Singapore	1	NUMBER	Number	5375	5341	4078	20690	17996	10473	13098	13267	2016	13098	WHO Global Health Observatory	CA
2018.Q2.G.01	SH_TRP_INTVN	Number of people requiring interventions against neglected tropical diseases (number)	703	19.48495604	48.70741446	SVK	Slovakia	1	NUMBER	Number	9	2	3	20	8	5	4	8	2016	4	WHO Global Health Observatory	CA
2018.Q2.G.01	SH_TRP_INTVN	Number of people requiring interventions against neglected tropical diseases (number)	704	105.802499	10.09643079	VNM	Viet Nam	1	NUMBER	Number	8608402	8608402	8608402	8608402	8855946	4468764	6953978	7499098.4	2016	6953978	WHO Global Health Observatory	CA
2018.Q2.G.01	SH_TRP_INTVN	Number of people requiring interventions against neglected tropical diseases (number)	705	14.82209486	46.11958061	SVN	Slovenia	1	NUMBER	Number	8	8	6	6	5	7	3	5.4	2016	3	WHO Global Health Observatory	CA
2018.Q2.G.01	SH_TRP_INTVN	Number of people requiring interventions against neglected tropical diseases (number)	706	46.20367477	4.406485729	SOM	Somalia	1	NUMBER	Number	4061459	4166609	4259261	4766354	4890603	5015936	5163752	4819181.2	2016	5163752	WHO Global Health Observatory	CA
2018.Q2.G.01	SH_TRP_INTVN	Number of people requiring interventions against neglected tropical diseases (number)	710	24.67184355	-29.99957544	ZAF	South Africa	1	NUMBER	Number	6144429	6171372	6164232	6585451	6632628	6696701	6784419	6572686.2	2016	6784419	WHO Global Health Observatory	CA
2018.Q2.G.01	SH_TRP_INTVN	Number of people requiring interventions against neglected tropical diseases (number)	716	29.86909584	-19.00075492	ZWE	Zimbabwe	1	NUMBER	Number	6437391	6472357	6496297	6958826	7044667	10346543	9958235	8160913.6	2016	9958235	WHO Global Health Observatory	CA
2018.Q2.G.01	SH_TRP_INTVN	Number of people requiring interventions against neglected tropical diseases (number)	724	-3.554078296	40.39211472	ESP	Spain	1	NUMBER	Number	255	298	327	370	276	131	87	238.2	2016	87	WHO Global Health Observatory	CA
2018.Q2.G.01	SH_TRP_INTVN	Number of people requiring interventions against neglected tropical diseases (number)	728	30.32618773	7.290839152	SSD	South Sudan	1	NUMBER	Number	5263538	2559354	5707037	9050474	9320607	9706562	9991337	8755203.4	2016	9991337	WHO Global Health Observatory	CA
2018.Q2.G.01	SH_TRP_INTVN	Number of people requiring interventions against neglected tropical diseases (number)	732	-13.13515523	24.66265342	ESH	Western Sahara	1	NUMBER	Number												
2018.Q2.G.01	SH_TRP_INTVN	Number of people requiring interventions against neglected tropical diseases (number)	736	29.95650159	16.02643066	SDN	Sudan	1	NUMBER	Number												
2018.Q2.G.01	SH_TRP_INTVN	Number of people requiring interventions against neglected tropical diseases (number)	740	-55.90626394	4.132603197	SUR	Suriname	1	NUMBER	Number	432	450	1284	428	51357	56918	58237	33644.8	2016	58237	WHO Global Health Observatory	CA
2018.Q2.G.01	SH_TRP_INTVN	Number of people requiring interventions against neglected tropical diseases (number)	744	13.38071013	78.82894131	SJM	Svalbard and Jan Mayen Islands	1	NUMBER	Number												
2018.Q2.G.01	SH_TRP_INTVN	Number of people requiring interventions against neglected tropical diseases (number)	748	31.50149288	-26.56471011	SWZ	Swaziland	1	NUMBER	Number	580187	584020	577163	591129	597165	331005	198319	458956.2	2016	198319	WHO Global Health Observatory	CA
2018.Q2.G.01	SH_TRP_INTVN	Number of people requiring interventions against neglected tropical diseases (number)	752	14.3775338	60.60103109	SWE	Sweden	1	NUMBER	Number	30	19	16	16	21	26	27	21.2	2016	27	WHO Global Health Observatory	CA
2018.Q2.G.01	SH_TRP_INTVN	Number of people requiring interventions against neglected tropical diseases (number)	756	8.223158	46.96617097	CHE	Switzerland	1	NUMBER	Number	0	0	0	0	0	0	0	0	2016	0	WHO Global Health Observatory	CA
2018.Q2.G.01	SH_TRP_INTVN	Number of people requiring interventions against neglected tropical diseases (number)	760	38.50466565	35.01676176	SYR	Syrian Arab Republic (Syria)	1	NUMBER	Number	42193	58178	55916	72033	53912	50995	47402	56051.6	2016	47402	WHO Global Health Observatory	CA
2018.Q2.G.01	SH_TRP_INTVN	Number of people requiring interventions against neglected tropical diseases (number)	762	69.294998	38.43069666	TJK	Tajikistan	1	NUMBER	Number	105377	105686	104685	117045	120476	123178	125863	118249.4	2016	125863	WHO Global Health Observatory	CA
2018.Q2.G.01	SH_TRP_INTVN	Number of people requiring interventions against neglected tropical diseases (number)	764	101.0202951	15.13089239	THA	Thailand	1	NUMBER	Number	117369	83105	79824	154968	41297	145141	64094	97064.8	2016	64094	WHO Global Health Observatory	CA
2018.Q2.G.01	SH_TRP_INTVN	Number of people requiring interventions against neglected tropical diseases (number)	768	0.97835765	8.532096072	TGO	Togo	1	NUMBER	Number	4323967	4642943	4470369	4782153	4613684	5586475	6328077	5156151.6	2016	6328077	WHO Global Health Observatory	CA
2018.Q2.G.01	SH_TRP_INTVN	Number of people requiring interventions against neglected tropical diseases (number)	772	-171.8154473	-9.214545558	TKL	Tokelau	1	NUMBER	Number												
2018.Q2.G.01	SH_TRP_INTVN	Number of people requiring interventions against neglected tropical diseases (number)	776	-175.1959991	-21.19511329	TON	Tonga	1	NUMBER	Number	30	0	36483	36604	36668	36871	37131	36751.4	2016	37131	WHO Global Health Observatory	CA
2018.Q2.G.01	SH_TRP_INTVN	Number of people requiring interventions against neglected tropical diseases (number)	780	-61.29389504	10.41877263	TTO	Trinidad and Tobago	1	NUMBER	Number	20521	20526	20583	17829	17869	19323	19498	19020.4	2016	19498	WHO Global Health Observatory	CA
2018.Q2.G.01	SH_TRP_INTVN	Number of people requiring interventions against neglected tropical diseases (number)	784	53.98279159	23.43322219	ARE	United Arab Emirates	1	NUMBER	Number	10	0	0	31	0	0	40	14.2	2016	40	WHO Global Health Observatory	CA
2018.Q2.G.01	SH_TRP_INTVN	Number of people requiring interventions against neglected tropical diseases (number)	788	9.572737411	34.11439971	TUN	Tunisia	1	NUMBER	Number	265913	264843	277152	200856	3412	6642	6082	98828.8	2016	6082	WHO Global Health Observatory	CA
2018.Q2.G.01	SH_TRP_INTVN	Number of people requiring interventions against neglected tropical diseases (number)	792	35.42890329	38.9899684	TUR	Turkey	1	NUMBER	Number	1456801	1450427	1912	2303	1700	2009	1497	1884.2	2016	1497	WHO Global Health Observatory	CA
2018.Q2.G.01	SH_TRP_INTVN	Number of people requiring interventions against neglected tropical diseases (number)	795	58.9787665	40.0912346	TKM	Turkmenistan	1	NUMBER	Number	0	81	158	60	55	49	52	74.8	2016	52	WHO Global Health Observatory	CA
2018.Q2.G.01	SH_TRP_INTVN	Number of people requiring interventions against neglected tropical diseases (number)	796	-71.745121	21.80780585	TCA	Turks and Caicos Islands	1	NUMBER	Number												
2018.Q2.G.01	SH_TRP_INTVN	Number of people requiring interventions against neglected tropical diseases (number)	798	178.6679611	-7.460048071	TUV	Tuvalu	1	NUMBER	Number	9777	10534	10513	10515	11772	10550	10782	10826.4	2016	10782	WHO Global Health Observatory	CA
2018.Q2.G.01	SH_TRP_INTVN	Number of people requiring interventions against neglected tropical diseases (number)	800	32.39100438	1.279557331	UGA	Uganda	1	NUMBER	Number	24395478	24551372	24988968	26134080	25343585	23239105	23486474	24638442.4	2016	23486474	WHO Global Health Observatory	CA
2018.Q2.G.01	SH_TRP_INTVN	Number of people requiring interventions against neglected tropical diseases (number)	804	31.40270802	49.00735945	UKR	Ukraine	1	NUMBER	Number	6	4	0	0	4	0	0	0.8	2016	0	WHO Global Health Observatory	CA
2018.Q2.G.01	SH_TRP_INTVN	Number of people requiring interventions against neglected tropical diseases (number)	807	21.7007909	41.60048068	MKD	Macedonia, Republic of	1	NUMBER	Number	20145	19742	19611	22983	11	4	5	8522.8	2016	5	WHO Global Health Observatory	CA
2018.Q2.G.01	SH_TRP_INTVN	Number of people requiring interventions against neglected tropical diseases (number)	818	29.77468534	26.57438204	EGY	Egypt	1	NUMBER	Number	2.4e+07	2.4e+07	2.4e+07	32563245	62111	1640557	1673826	11987947.8	2016	1673826	WHO Global Health Observatory	CA
2018.Q2.G.01	SH_TRP_INTVN	Number of people requiring interventions against neglected tropical diseases (number)	826	-2.23830539	53.27691757	GBR	United Kingdom	1	NUMBER	Number	9	19	27	14	25	30	5	20.2	2016	5	WHO Global Health Observatory	CA
2018.Q2.G.01	SH_TRP_INTVN	Number of people requiring interventions against neglected tropical diseases (number)	831	-2.200712402	49.71561166	GGY	Guernsey	1	NUMBER	Number												
2018.Q2.G.01	SH_TRP_INTVN	Number of people requiring interventions against neglected tropical diseases (number)	832	-2.136773508	49.22353354	JEY	Jersey	1	NUMBER	Number												
2018.Q2.G.01	SH_TRP_INTVN	Number of people requiring interventions against neglected tropical diseases (number)	833	-4.538190305	54.22880901	IMN	Isle of Man	1	NUMBER	Number												
2018.Q2.G.01	SH_TRP_INTVN	Number of people requiring interventions against neglected tropical diseases (number)	834	34.80521182	-6.265332606	TZA	Tanzania, United Republic of	1	NUMBER	Number	43656348	50421052	51864011	46961920	33866309	33064128	25008679	38153009.4	2016	25008679	WHO Global Health Observatory	CA
2018.Q2.G.01	SH_TRP_INTVN	Number of people requiring interventions against neglected tropical diseases (number)	840	-99.13830311	39.5277871	USA	United States of America	1	NUMBER	Number	235	184	355	731	645	754	932	683.4	2016	932	WHO Global Health Observatory	CA
2018.Q2.G.01	SH_TRP_INTVN	Number of people requiring interventions against neglected tropical diseases (number)	850	-64.76960113	17.73297693	VIR	United States Virgin Islands	1	NUMBER	Number												
2018.Q2.G.01	SH_TRP_INTVN	Number of people requiring interventions against neglected tropical diseases (number)	854	-1.742843829	12.27491081	BFA	Burkina Faso	1	NUMBER	Number	17860380	19099726	19229686	15740567	14959678	11658638	12492287	14816171.2	2016	12492287	WHO Global Health Observatory	CA
2018.Q2.G.01	SH_TRP_INTVN	Number of people requiring interventions against neglected tropical diseases (number)	858	-56.01387025	-32.8002838	URY	Uruguay	1	NUMBER	Number	546	542	511	5	4	6	1340	373.2	2016	1340	WHO Global Health Observatory	CA
2018.Q2.G.01	SH_TRP_INTVN	Number of people requiring interventions against neglected tropical diseases (number)	860	63.11944558	41.77560518	UZB	Uzbekistan	1	NUMBER	Number	394207	394207	394207	394207	394207	399873	405951	397689	2016	405951	WHO Global Health Observatory	CA
2018.Q2.G.01	SH_TRP_INTVN	Number of people requiring interventions against neglected tropical diseases (number)	862	-66.15642084	7.121324748	VEN	Venezuela (Bolivarian Republic)	1	NUMBER	Number	1064133	1069085	1050992	222133	216071	280243	282294	410346.6	2016	282294	WHO Global Health Observatory	CA
2018.Q2.G.01	SH_TRP_INTVN	Number of people requiring interventions against neglected tropical diseases (number)	876	-176.2034788	-13.28471201	WLF	Wallis and Futuna Islands	1	NUMBER	Number												
2018.Q2.G.01	SH_TRP_INTVN	Number of people requiring interventions against neglected tropical diseases (number)	882	-172.4430749	-13.61541469	WSM	Samoa	1	NUMBER	Number	186649	186649	186649	186649	182052	61325	61325	135600	2016	61325	WHO Global Health Observatory	CA
2018.Q2.G.01	SH_TRP_INTVN	Number of people requiring interventions against neglected tropical diseases (number)	887	45.22389143	15.22242099	YEM	Yemen	1	NUMBER	Number	15328780	15671810	16286837	15235653	15454305	5840695	5985649	11760627.8	2016	5985649	WHO Global Health Observatory	CA
2018.Q2.G.01	SH_TRP_INTVN	Number of people requiring interventions against neglected tropical diseases (number)	894	27.850329	-14.59701056	ZMB	Zambia	1	NUMBER	Number	10713944	10850875	10978024	11266749	11462039	11830416	11573334	11422112.4	2016	11573334	WHO Global Health Observatory	CA
