series.release	series.code	series.description	geoAreaCode	X	Y	ISO3CD	geoAreaName	sliceId	Units	Units description	2002	2004	2005	2006	2007	2008	2009	2010	2011	2012	2013	2014	2015	2016	last.5.years.mean	latest.year	latest.value	latest.source	latest.nature
2018.Q2.G.01	SI_COV_LMKT	Proportion of population covered by labour market programs (%)	4	66.02688198	33.83160199	AFG	Afghanistan	1	PERCENT	Percentage																			
2018.Q2.G.01	SI_COV_LMKT	Proportion of population covered by labour market programs (%)	8	20.06660928	41.13897007	ALB	Albania	1	PERCENT	Percentage						6.04202				14.22281					14.22281	2012	14.22281	World Bank	
2018.Q2.G.01	SI_COV_LMKT	Proportion of population covered by labour market programs (%)	10	21.47585697	-80.40897662	ATA	Antarctica	1	PERCENT	Percentage																			
2018.Q2.G.01	SI_COV_LMKT	Proportion of population covered by labour market programs (%)	12	2.678164227	28.15940032	DZA	Algeria	1	PERCENT	Percentage																			
2018.Q2.G.01	SI_COV_LMKT	Proportion of population covered by labour market programs (%)	16	-170.7187269	-14.30587306	ASM	American Samoa	1	PERCENT	Percentage																			
2018.Q2.G.01	SI_COV_LMKT	Proportion of population covered by labour market programs (%)	20	1.576257417	42.54548611	AND	Andorra	1	PERCENT	Percentage																			
2018.Q2.G.01	SI_COV_LMKT	Proportion of population covered by labour market programs (%)	24	17.57817062	-12.33724746	AGO	Angola	1	PERCENT	Percentage																			
2018.Q2.G.01	SI_COV_LMKT	Proportion of population covered by labour market programs (%)	28	-61.7999755	17.07761471	ATG	Antigua and Barbuda	1	PERCENT	Percentage																			
2018.Q2.G.01	SI_COV_LMKT	Proportion of population covered by labour market programs (%)	31	50.01064725	40.39229544	AZE	Azerbaijan	1	PERCENT	Percentage																			
2018.Q2.G.01	SI_COV_LMKT	Proportion of population covered by labour market programs (%)	32	-65.14563274	-35.19446255	ARG	Argentina	1	PERCENT	Percentage				1.61648				1.33174	1.40268	1.20645	0.49267				0.84956	2013	0.49267	World Bank	
2018.Q2.G.01	SI_COV_LMKT	Proportion of population covered by labour market programs (%)	36	134.3499412	-25.57717202	AUS	Australia	1	PERCENT	Percentage																			
2018.Q2.G.01	SI_COV_LMKT	Proportion of population covered by labour market programs (%)	40	14.14172472	47.58704857	AUT	Austria	1	PERCENT	Percentage																			
2018.Q2.G.01	SI_COV_LMKT	Proportion of population covered by labour market programs (%)	44	-78.05111663	24.69546597	BHS	Bahamas	1	PERCENT	Percentage																			
2018.Q2.G.01	SI_COV_LMKT	Proportion of population covered by labour market programs (%)	48	50.5490754	26.04407747	BHR	Bahrain	1	PERCENT	Percentage																			
2018.Q2.G.01	SI_COV_LMKT	Proportion of population covered by labour market programs (%)	50	89.17660788	22.86961622	BGD	Bangladesh	1	PERCENT	Percentage								4.32								2010	4.32	World Bank	
2018.Q2.G.01	SI_COV_LMKT	Proportion of population covered by labour market programs (%)	51	44.93839317	40.29499741	ARM	Armenia	1	PERCENT	Percentage						2.94078	4.14208	6.29827	4.34558	3.32451	3.20584	0.8872			2.47251666666667	2014	0.8872	World Bank	
2018.Q2.G.01	SI_COV_LMKT	Proportion of population covered by labour market programs (%)	52	-59.5346489	13.13648273	BRB	Barbados	1	PERCENT	Percentage																			
2018.Q2.G.01	SI_COV_LMKT	Proportion of population covered by labour market programs (%)	56	4.660976456	50.64104975	BEL	Belgium	1	PERCENT	Percentage																			
2018.Q2.G.01	SI_COV_LMKT	Proportion of population covered by labour market programs (%)	60	-64.78155012	32.27881922	BMU	Bermuda	1	PERCENT	Percentage																			
2018.Q2.G.01	SI_COV_LMKT	Proportion of population covered by labour market programs (%)	64	90.45098484	27.39598568	BTN	Bhutan	1	PERCENT	Percentage																			
2018.Q2.G.01	SI_COV_LMKT	Proportion of population covered by labour market programs (%)	68	-64.66224284	-16.71273412	BOL	Bolivia (Plurinational State of)	1	PERCENT	Percentage																			
2018.Q2.G.01	SI_COV_LMKT	Proportion of population covered by labour market programs (%)	70	17.78584332	44.16845548	BIH	Bosnia and Herzegovina	1	PERCENT	Percentage					2.03118											2007	2.03118	World Bank	
2018.Q2.G.01	SI_COV_LMKT	Proportion of population covered by labour market programs (%)	72	23.81380223	-22.18810073	BWA	Botswana	1	PERCENT	Percentage																			
2018.Q2.G.01	SI_COV_LMKT	Proportion of population covered by labour market programs (%)	74	3.410732868	-54.43295905	BVT	Bouvet Island	1	PERCENT	Percentage																			
2018.Q2.G.01	SI_COV_LMKT	Proportion of population covered by labour market programs (%)	76	-53.08432878	-10.77668561	BRA	Brazil	1	PERCENT	Percentage				6.22139			7.15987		5.60207	5.89742			6.91356		6.40549	2015	6.91356	World Bank	
2018.Q2.G.01	SI_COV_LMKT	Proportion of population covered by labour market programs (%)	84	-88.70199554	17.19965901	BLZ	Belize	1	PERCENT	Percentage							5.7211									2009	5.7211	World Bank	
2018.Q2.G.01	SI_COV_LMKT	Proportion of population covered by labour market programs (%)	86	72.38715553	-7.299281071	IOT	British Indian Ocean Territory	1	PERCENT	Percentage																			
2018.Q2.G.01	SI_COV_LMKT	Proportion of population covered by labour market programs (%)	90	160.1584117	-9.622391719	SLB	Solomon Islands	1	PERCENT	Percentage																			
2018.Q2.G.01	SI_COV_LMKT	Proportion of population covered by labour market programs (%)	92	-64.63294223	18.42256578	VGB	British Virgin Islands	1	PERCENT	Percentage																			
2018.Q2.G.01	SI_COV_LMKT	Proportion of population covered by labour market programs (%)	96	114.6288563	4.49736984	BRN	Brunei Darussalam	1	PERCENT	Percentage																			
2018.Q2.G.01	SI_COV_LMKT	Proportion of population covered by labour market programs (%)	100	25.23763153	42.75731323	BGR	Bulgaria	1	PERCENT	Percentage					13.33934											2007	13.33934	World Bank	
2018.Q2.G.01	SI_COV_LMKT	Proportion of population covered by labour market programs (%)	104	96.51752295	21.19332882	MMR	Myanmar	1	PERCENT	Percentage							2.33733									2009	2.33733	World Bank	
2018.Q2.G.01	SI_COV_LMKT	Proportion of population covered by labour market programs (%)	108	29.89080992	-3.366387428	BDI	Burundi	1	PERCENT	Percentage																			
2018.Q2.G.01	SI_COV_LMKT	Proportion of population covered by labour market programs (%)	112	28.04940161	53.54193075	BLR	Belarus	1	PERCENT	Percentage						0.95735	1.16548	0.93436		0.55285					0.55285	2012	0.55285	World Bank	
2018.Q2.G.01	SI_COV_LMKT	Proportion of population covered by labour market programs (%)	116	104.922836	12.71163737	KHM	Cambodia	1	PERCENT	Percentage											1.21683				1.21683	2013	1.21683	World Bank	
2018.Q2.G.01	SI_COV_LMKT	Proportion of population covered by labour market programs (%)	120	12.7419827	5.692387031	CMR	Cameroon	1	PERCENT	Percentage												0.93659			0.93659	2014	0.93659	World Bank	
2018.Q2.G.01	SI_COV_LMKT	Proportion of population covered by labour market programs (%)	124	-101.6575058	57.72360191	CAN	Canada	1	PERCENT	Percentage																			
2018.Q2.G.01	SI_COV_LMKT	Proportion of population covered by labour market programs (%)	132	-23.63544151	15.07791834	CPV	Cabo Verde	1	PERCENT	Percentage					3.5339											2007	3.5339	World Bank	
2018.Q2.G.01	SI_COV_LMKT	Proportion of population covered by labour market programs (%)	136	-81.16740559	19.32266656	CYM	Cayman Islands	1	PERCENT	Percentage																			
2018.Q2.G.01	SI_COV_LMKT	Proportion of population covered by labour market programs (%)	140	20.93559492	7.003720791	CAF	Central African Republic	1	PERCENT	Percentage																			
2018.Q2.G.01	SI_COV_LMKT	Proportion of population covered by labour market programs (%)	144	80.70489654	7.614693343	LKA	Sri Lanka	1	PERCENT	Percentage																			
2018.Q2.G.01	SI_COV_LMKT	Proportion of population covered by labour market programs (%)	148	18.66618401	15.36279341	TCD	Chad	1	PERCENT	Percentage																			
2018.Q2.G.01	SI_COV_LMKT	Proportion of population covered by labour market programs (%)	152	-71.23029019	-35.2652885	CHL	Chile	1	PERCENT	Percentage				23.40301			21.74592		0.59718		20.50725				20.50725	2013	20.50725	World Bank	
2018.Q2.G.01	SI_COV_LMKT	Proportion of population covered by labour market programs (%)	156	104.1403375	32.30955217	CHN	China	1	PERCENT	Percentage																			
2018.Q2.G.01	SI_COV_LMKT	Proportion of population covered by labour market programs (%)	162	105.6426067	-10.4882473	CXR	Christmas Island	1	PERCENT	Percentage																			
2018.Q2.G.01	SI_COV_LMKT	Proportion of population covered by labour market programs (%)	166	96.82633757	-12.18600682	CCK	Cocos (Keeling) Islands	1	PERCENT	Percentage																			
2018.Q2.G.01	SI_COV_LMKT	Proportion of population covered by labour market programs (%)	170	-73.07446751	3.888209046	COL	Colombia	1	PERCENT	Percentage																			
2018.Q2.G.01	SI_COV_LMKT	Proportion of population covered by labour market programs (%)	174	43.34234565	-11.66121732	COM	Comoros	1	PERCENT	Percentage		0.15402														2004	0.15402	World Bank	
2018.Q2.G.01	SI_COV_LMKT	Proportion of population covered by labour market programs (%)	175	45.14015057	-12.82217691	MYT	Mayotte	1	PERCENT	Percentage																			
2018.Q2.G.01	SI_COV_LMKT	Proportion of population covered by labour market programs (%)	178	15.22052612	-0.840544119	COG	Congo	1	PERCENT	Percentage																			
2018.Q2.G.01	SI_COV_LMKT	Proportion of population covered by labour market programs (%)	180	23.65496507	-2.877154732	COD	Democratic Republic of the Congo	1	PERCENT	Percentage																			
2018.Q2.G.01	SI_COV_LMKT	Proportion of population covered by labour market programs (%)	184	-159.7711391	-21.22696458	COK	Cook Islands	1	PERCENT	Percentage																			
2018.Q2.G.01	SI_COV_LMKT	Proportion of population covered by labour market programs (%)	188	-84.19712782	9.970998683	CRI	Costa Rica	1	PERCENT	Percentage						21.155	25.33946	19.84133	21.764	21.79102		23.0916			22.44131	2014	23.0916	World Bank	
2018.Q2.G.01	SI_COV_LMKT	Proportion of population covered by labour market programs (%)	191	17.95874553	45.45172212	HRV	Croatia	1	PERCENT	Percentage						4.09476		5.79397								2010	5.79397	World Bank	
2018.Q2.G.01	SI_COV_LMKT	Proportion of population covered by labour market programs (%)	192	-79.54460144	22.10030366	CUB	Cuba	1	PERCENT	Percentage																			
2018.Q2.G.01	SI_COV_LMKT	Proportion of population covered by labour market programs (%)	196	33.22285964	35.05659437	CYP	Cyprus	1	PERCENT	Percentage																			
2018.Q2.G.01	SI_COV_LMKT	Proportion of population covered by labour market programs (%)	203	15.33151382	49.73913871	CZE	Czechia	1	PERCENT	Percentage																			
2018.Q2.G.01	SI_COV_LMKT	Proportion of population covered by labour market programs (%)	204	2.339933594	9.65401646	BEN	Benin	1	PERCENT	Percentage																			
2018.Q2.G.01	SI_COV_LMKT	Proportion of population covered by labour market programs (%)	208	9.326571283	56.03829721	DNK	Denmark	1	PERCENT	Percentage																			
2018.Q2.G.01	SI_COV_LMKT	Proportion of population covered by labour market programs (%)	212	-61.3493756	15.43391378	DMA	Dominica	1	PERCENT	Percentage																			
2018.Q2.G.01	SI_COV_LMKT	Proportion of population covered by labour market programs (%)	214	-70.49847576	18.89832088	DOM	Dominican Republic	1	PERCENT	Percentage																			
2018.Q2.G.01	SI_COV_LMKT	Proportion of population covered by labour market programs (%)	218	-78.37005241	-1.447785891	ECU	Ecuador	1	PERCENT	Percentage						0.39726		0.24555	0.25992	0.25691					0.25691	2012	0.25691	World Bank	
2018.Q2.G.01	SI_COV_LMKT	Proportion of population covered by labour market programs (%)	222	-88.86862995	13.73603564	SLV	El Salvador	1	PERCENT	Percentage					1.15942	0.62864	0.94514	1.94553	0.83724	1.14059		1.75437			1.44748	2014	1.75437	World Bank	
2018.Q2.G.01	SI_COV_LMKT	Proportion of population covered by labour market programs (%)	226	10.46535826	1.565792376	GNQ	Equatorial Guinea	1	PERCENT	Percentage																			
2018.Q2.G.01	SI_COV_LMKT	Proportion of population covered by labour market programs (%)	231	39.63505296	8.631223181	ETH	Ethiopia	1	PERCENT	Percentage																			
2018.Q2.G.01	SI_COV_LMKT	Proportion of population covered by labour market programs (%)	232	38.11074289	16.12894644	ERI	Eritrea	1	PERCENT	Percentage																			
2018.Q2.G.01	SI_COV_LMKT	Proportion of population covered by labour market programs (%)	233	25.84093481	58.68487172	EST	Estonia	1	PERCENT	Percentage																			
2018.Q2.G.01	SI_COV_LMKT	Proportion of population covered by labour market programs (%)	234	-7.122044325	62.21228119	FRO	Faroe Islands	1	PERCENT	Percentage																			
2018.Q2.G.01	SI_COV_LMKT	Proportion of population covered by labour market programs (%)	238	-58.75246778	-51.74562601	FLK	Falkland Islands (Malvinas)	1	PERCENT	Percentage																			
2018.Q2.G.01	SI_COV_LMKT	Proportion of population covered by labour market programs (%)	239	-36.90662765	-54.20736749	SGS	South Georgia and the South Sandwich Islands	1	PERCENT	Percentage																			
2018.Q2.G.01	SI_COV_LMKT	Proportion of population covered by labour market programs (%)	242	177.9660884	-17.83301566	FJI	Fiji	1	PERCENT	Percentage																			
2018.Q2.G.01	SI_COV_LMKT	Proportion of population covered by labour market programs (%)	246	23.308447	61.91586738	FIN	Finland	1	PERCENT	Percentage																			
2018.Q2.G.01	SI_COV_LMKT	Proportion of population covered by labour market programs (%)	248	19.80945969	60.1544901	ALA	Åland Islands	1	PERCENT	Percentage																			
2018.Q2.G.01	SI_COV_LMKT	Proportion of population covered by labour market programs (%)	250	2.457288129	46.62660861	FRA	France	1	PERCENT	Percentage																			
2018.Q2.G.01	SI_COV_LMKT	Proportion of population covered by labour market programs (%)	254	-53.23619089	3.922673437	GUF	French Guiana	1	PERCENT	Percentage																			
2018.Q2.G.01	SI_COV_LMKT	Proportion of population covered by labour market programs (%)	258	-149.4052367	-17.67709294	PYF	French Polynesia	1	PERCENT	Percentage																			
2018.Q2.G.01	SI_COV_LMKT	Proportion of population covered by labour market programs (%)	260	69.64849091	-49.6068576	ATF	French Southern Territories	1	PERCENT	Percentage																			
2018.Q2.G.01	SI_COV_LMKT	Proportion of population covered by labour market programs (%)	262	42.18274707	11.56004161	DJI	Djibouti	1	PERCENT	Percentage	0.12594									4.32677					4.32677	2012	4.32677	World Bank	
2018.Q2.G.01	SI_COV_LMKT	Proportion of population covered by labour market programs (%)	266	11.78727747	-0.60687619	GAB	Gabon	1	PERCENT	Percentage																			
2018.Q2.G.01	SI_COV_LMKT	Proportion of population covered by labour market programs (%)	268	43.3713615	42.04813028	GEO	Georgia	1	PERCENT	Percentage									0.32554							2011	0.32554	World Bank	
2018.Q2.G.01	SI_COV_LMKT	Proportion of population covered by labour market programs (%)	270	-15.39944785	13.45295927	GMB	Gambia	1	PERCENT	Percentage																			
2018.Q2.G.01	SI_COV_LMKT	Proportion of population covered by labour market programs (%)	275	35.25694122	31.94347933	PSE	State of Palestine	1	PERCENT	Percentage																			
2018.Q2.G.01	SI_COV_LMKT	Proportion of population covered by labour market programs (%)	276	10.3806066	51.08862743	DEU	Germany	1	PERCENT	Percentage																			
2018.Q2.G.01	SI_COV_LMKT	Proportion of population covered by labour market programs (%)	288	-1.205623522	7.964825185	GHA	Ghana	1	PERCENT	Percentage			1.29928							11.31508					11.31508	2012	11.31508	World Bank	
2018.Q2.G.01	SI_COV_LMKT	Proportion of population covered by labour market programs (%)	292	-5.347561686	36.13895036	GIB	Gibraltar	1	PERCENT	Percentage																			
2018.Q2.G.01	SI_COV_LMKT	Proportion of population covered by labour market programs (%)	296	-157.5643005	1.768837732	KIR	Kiribati	1	PERCENT	Percentage																			
2018.Q2.G.01	SI_COV_LMKT	Proportion of population covered by labour market programs (%)	300	22.58307827	39.47301873	GRC	Greece	1	PERCENT	Percentage																			
2018.Q2.G.01	SI_COV_LMKT	Proportion of population covered by labour market programs (%)	304	-41.39371316	74.75625681	GRL	Greenland	1	PERCENT	Percentage																			
2018.Q2.G.01	SI_COV_LMKT	Proportion of population covered by labour market programs (%)	308	-61.68248568	12.11238395	GRD	Grenada	1	PERCENT	Percentage																			
2018.Q2.G.01	SI_COV_LMKT	Proportion of population covered by labour market programs (%)	312	-61.64762115	16.14416917	GLP	Guadeloupe	1	PERCENT	Percentage																			
2018.Q2.G.01	SI_COV_LMKT	Proportion of population covered by labour market programs (%)	316	144.7029305	13.35485404	GUM	Guam	1	PERCENT	Percentage																			
2018.Q2.G.01	SI_COV_LMKT	Proportion of population covered by labour market programs (%)	320	-91.2312746	15.00273719	GTM	Guatemala	1	PERCENT	Percentage												3.04998			3.04998	2014	3.04998	World Bank	
2018.Q2.G.01	SI_COV_LMKT	Proportion of population covered by labour market programs (%)	324	-11.28173419	11.00210343	GIN	Guinea	1	PERCENT	Percentage																			
2018.Q2.G.01	SI_COV_LMKT	Proportion of population covered by labour market programs (%)	328	-58.97322037	4.788012784	GUY	Guyana	1	PERCENT	Percentage																			
2018.Q2.G.01	SI_COV_LMKT	Proportion of population covered by labour market programs (%)	332	-72.33640958	18.40426539	HTI	Haiti	1	PERCENT	Percentage																			
2018.Q2.G.01	SI_COV_LMKT	Proportion of population covered by labour market programs (%)	334	73.52633626	-53.09106147	HMD	Heard Island and McDonald Islands	1	PERCENT	Percentage																			
2018.Q2.G.01	SI_COV_LMKT	Proportion of population covered by labour market programs (%)	336	12.45315803	41.90343751	VAT	Holy See	1	PERCENT	Percentage																			
2018.Q2.G.01	SI_COV_LMKT	Proportion of population covered by labour market programs (%)	340	-86.59974381	14.82243161	HND	Honduras	1	PERCENT	Percentage						0.08163		0.88932	1.89924							2011	1.89924	World Bank	
2018.Q2.G.01	SI_COV_LMKT	Proportion of population covered by labour market programs (%)	344	114.0266445	22.41749934	HKG	China, Hong Kong Special Administrative Region	1	PERCENT	Percentage																			
2018.Q2.G.01	SI_COV_LMKT	Proportion of population covered by labour market programs (%)	348	19.41221519	47.1651448	HUN	Hungary	1	PERCENT	Percentage					9.86803											2007	9.86803	World Bank	
2018.Q2.G.01	SI_COV_LMKT	Proportion of population covered by labour market programs (%)	352	-19.02116966	64.79134763	ISL	Iceland	1	PERCENT	Percentage																			
2018.Q2.G.01	SI_COV_LMKT	Proportion of population covered by labour market programs (%)	356	79.3608464	22.34642074	IND	India	1	PERCENT	Percentage		3.55752					4.43938		14.48515							2011	14.48515	World Bank	
2018.Q2.G.01	SI_COV_LMKT	Proportion of population covered by labour market programs (%)	360	113.9174	-0.994582204	IDN	Indonesia	1	PERCENT	Percentage							1.43799		4.04798	3.43333		4.20993	5.44319		4.36215	2015	5.44319	World Bank	
2018.Q2.G.01	SI_COV_LMKT	Proportion of population covered by labour market programs (%)	364	54.19766348	32.74370885	IRN	Iran (Islamic Republic of)	1	PERCENT	Percentage																			
2018.Q2.G.01	SI_COV_LMKT	Proportion of population covered by labour market programs (%)	368	43.76606267	33.05013795	IRQ	Iraq	1	PERCENT	Percentage				0.57183						2.88186					2.88186	2012	2.88186	World Bank	
2018.Q2.G.01	SI_COV_LMKT	Proportion of population covered by labour market programs (%)	372	-7.121425272	53.25274054	IRL	Ireland	1	PERCENT	Percentage																			
2018.Q2.G.01	SI_COV_LMKT	Proportion of population covered by labour market programs (%)	376	34.62277992	31.06164552	ISR	Israel	1	PERCENT	Percentage																			
2018.Q2.G.01	SI_COV_LMKT	Proportion of population covered by labour market programs (%)	380	12.57022427	42.79917282	ITA	Italy	1	PERCENT	Percentage																			
2018.Q2.G.01	SI_COV_LMKT	Proportion of population covered by labour market programs (%)	384	-5.552690016	7.62211586	CIV	Côte d'Ivoire	1	PERCENT	Percentage	0.4297															2002	0.4297	World Bank	
2018.Q2.G.01	SI_COV_LMKT	Proportion of population covered by labour market programs (%)	388	-77.31068409	18.15616857	JAM	Jamaica	1	PERCENT	Percentage	4.57069															2002	4.57069	World Bank	
2018.Q2.G.01	SI_COV_LMKT	Proportion of population covered by labour market programs (%)	392	139.2716103	36.6554539	JPN	Japan	1	PERCENT	Percentage																			
2018.Q2.G.01	SI_COV_LMKT	Proportion of population covered by labour market programs (%)	398	66.65359159	48.01963494	KAZ	Kazakhstan	1	PERCENT	Percentage																			
2018.Q2.G.01	SI_COV_LMKT	Proportion of population covered by labour market programs (%)	400	37.13024774	30.65365973	JOR	Jordan	1	PERCENT	Percentage																			
2018.Q2.G.01	SI_COV_LMKT	Proportion of population covered by labour market programs (%)	404	37.86096816	0.534797278	KEN	Kenya	1	PERCENT	Percentage																			
2018.Q2.G.01	SI_COV_LMKT	Proportion of population covered by labour market programs (%)	408	127.1803633	40.1462645	PRK	Democratic People's Republic of Korea	1	PERCENT	Percentage																			
2018.Q2.G.01	SI_COV_LMKT	Proportion of population covered by labour market programs (%)	410	127.8610254	36.45201023	KOR	Republic of Korea	1	PERCENT	Percentage																			
2018.Q2.G.01	SI_COV_LMKT	Proportion of population covered by labour market programs (%)	414	47.49305029	29.53949468	KWT	Kuwait	1	PERCENT	Percentage																			
2018.Q2.G.01	SI_COV_LMKT	Proportion of population covered by labour market programs (%)	417	74.52324839	41.46204516	KGZ	Kyrgyzstan	1	PERCENT	Percentage									23.89148	21.08072	25.79409				23.437405	2013	25.79409	World Bank	
2018.Q2.G.01	SI_COV_LMKT	Proportion of population covered by labour market programs (%)	418	101.9901968	20.27482773	LAO	Lao People's Democratic Republic	1	PERCENT	Percentage																			
2018.Q2.G.01	SI_COV_LMKT	Proportion of population covered by labour market programs (%)	422	35.89391711	33.92152458	LBN	Lebanon	1	PERCENT	Percentage																			
2018.Q2.G.01	SI_COV_LMKT	Proportion of population covered by labour market programs (%)	426	28.25362195	-29.58041814	LSO	Lesotho	1	PERCENT	Percentage																			
2018.Q2.G.01	SI_COV_LMKT	Proportion of population covered by labour market programs (%)	428	26.42461876	56.64196636	LVA	Latvia	1	PERCENT	Percentage						7.69174	9.84013									2009	9.84013	World Bank	
2018.Q2.G.01	SI_COV_LMKT	Proportion of population covered by labour market programs (%)	430	-9.311879038	6.448381009	LBR	Liberia	1	PERCENT	Percentage					10.36579											2007	10.36579	World Bank	
2018.Q2.G.01	SI_COV_LMKT	Proportion of population covered by labour market programs (%)	434	18.0295985	27.04042819	LBY	Libya	1	PERCENT	Percentage																			
2018.Q2.G.01	SI_COV_LMKT	Proportion of population covered by labour market programs (%)	438	9.552985019	47.14167005	LIE	Liechtenstein	1	PERCENT	Percentage																			
2018.Q2.G.01	SI_COV_LMKT	Proportion of population covered by labour market programs (%)	440	23.90517807	55.33680309	LTU	Lithuania	1	PERCENT	Percentage						2.22928										2008	2.22928	World Bank	
2018.Q2.G.01	SI_COV_LMKT	Proportion of population covered by labour market programs (%)	442	6.092656563	49.77679538	LUX	Luxembourg	1	PERCENT	Percentage																			
2018.Q2.G.01	SI_COV_LMKT	Proportion of population covered by labour market programs (%)	446	113.5665388	22.1237259	MAC	China, Macao Special Administrative Region	1	PERCENT	Percentage																			
2018.Q2.G.01	SI_COV_LMKT	Proportion of population covered by labour market programs (%)	450	46.6982339	-19.38514785	MDG	Madagascar	1	PERCENT	Percentage								5.69943								2010	5.69943	World Bank	
2018.Q2.G.01	SI_COV_LMKT	Proportion of population covered by labour market programs (%)	454	33.4884625	-13.40819859	MWI	Malawi	1	PERCENT	Percentage																			
2018.Q2.G.01	SI_COV_LMKT	Proportion of population covered by labour market programs (%)	458	116.8346314	5.452415309	MYS	Malaysia	1	PERCENT	Percentage																			
2018.Q2.G.01	SI_COV_LMKT	Proportion of population covered by labour market programs (%)	462	73.09672546	-0.614385021	MDV	Maldives	1	PERCENT	Percentage																			
2018.Q2.G.01	SI_COV_LMKT	Proportion of population covered by labour market programs (%)	466	-3.522016039	17.35311254	MLI	Mali	1	PERCENT	Percentage																			
2018.Q2.G.01	SI_COV_LMKT	Proportion of population covered by labour market programs (%)	470	14.44617519	35.89194275	MLT	Malta	1	PERCENT	Percentage																			
2018.Q2.G.01	SI_COV_LMKT	Proportion of population covered by labour market programs (%)	474	-60.91544135	14.56086108	MTQ	Martinique	1	PERCENT	Percentage																			
2018.Q2.G.01	SI_COV_LMKT	Proportion of population covered by labour market programs (%)	478	-10.33187259	20.26089546	MRT	Mauritania	1	PERCENT	Percentage																			
2018.Q2.G.01	SI_COV_LMKT	Proportion of population covered by labour market programs (%)	480	57.568022	-20.28581998	MUS	Mauritius	1	PERCENT	Percentage				1.36234						2.16028					2.16028	2012	2.16028	World Bank	
2018.Q2.G.01	SI_COV_LMKT	Proportion of population covered by labour market programs (%)	484	-102.5148166	23.93378032	MEX	Mexico	1	PERCENT	Percentage																			
2018.Q2.G.01	SI_COV_LMKT	Proportion of population covered by labour market programs (%)	492	7.424214814	43.73532918	MCO	Monaco	1	PERCENT	Percentage																			
2018.Q2.G.01	SI_COV_LMKT	Proportion of population covered by labour market programs (%)	496	103.0728057	46.83892054	MNG	Mongolia	1	PERCENT	Percentage					5.2661		5.90736	4.09141		6.11845					6.11845	2012	6.11845	World Bank	
2018.Q2.G.01	SI_COV_LMKT	Proportion of population covered by labour market programs (%)	498	28.4650624	47.20236795	MDA	Republic of Moldova	1	PERCENT	Percentage								2.49661		1.54528	0.91597				1.230625	2013	0.91597	World Bank	
2018.Q2.G.01	SI_COV_LMKT	Proportion of population covered by labour market programs (%)	499	19.25214024	42.78717043	MNE	Montenegro	1	PERCENT	Percentage									3.96	3.54356	2.19372	3.61241			3.11656333333333	2014	3.61241	World Bank	
2018.Q2.G.01	SI_COV_LMKT	Proportion of population covered by labour market programs (%)	500	-62.19261223	16.73558313	MSR	Montserrat	1	PERCENT	Percentage																			
2018.Q2.G.01	SI_COV_LMKT	Proportion of population covered by labour market programs (%)	504	-6.281942841	31.8440131	MAR	Morocco	1	PERCENT	Percentage							8.29858									2009	8.29858	World Bank	
2018.Q2.G.01	SI_COV_LMKT	Proportion of population covered by labour market programs (%)	508	38.18479941	-14.27963886	MOZ	Mozambique	1	PERCENT	Percentage																			
2018.Q2.G.01	SI_COV_LMKT	Proportion of population covered by labour market programs (%)	512	57.87743482	21.98805614	OMN	Oman	1	PERCENT	Percentage																			
2018.Q2.G.01	SI_COV_LMKT	Proportion of population covered by labour market programs (%)	516	17.21907885	-22.13817068	NAM	Namibia	1	PERCENT	Percentage																			
2018.Q2.G.01	SI_COV_LMKT	Proportion of population covered by labour market programs (%)	520	166.92313	-0.528742623	NRU	Nauru	1	PERCENT	Percentage																			
2018.Q2.G.01	SI_COV_LMKT	Proportion of population covered by labour market programs (%)	524	83.94678863	28.25866332	NPL	Nepal	1	PERCENT	Percentage																			
2018.Q2.G.01	SI_COV_LMKT	Proportion of population covered by labour market programs (%)	528	5.331480568	51.86728884	NLD	Netherlands	1	PERCENT	Percentage																			
2018.Q2.G.01	SI_COV_LMKT	Proportion of population covered by labour market programs (%)	530	-68.30676179	12.22720635	ANT	Netherlands Antilles	1	PERCENT	Percentage																			
2018.Q2.G.01	SI_COV_LMKT	Proportion of population covered by labour market programs (%)	531	-68.95033464	12.15058042	CUW	Curaçao	1	PERCENT	Percentage																			
2018.Q2.G.01	SI_COV_LMKT	Proportion of population covered by labour market programs (%)	533	-69.97050586	12.50878756	ABW	Aruba	1	PERCENT	Percentage																			
2018.Q2.G.01	SI_COV_LMKT	Proportion of population covered by labour market programs (%)	534	-63.06198692	18.03926508	SXM	Sint Maarten (Dutch part)	1	PERCENT	Percentage																			
2018.Q2.G.01	SI_COV_LMKT	Proportion of population covered by labour market programs (%)	540	165.5067368	-21.41742531	NCL	New Caledonia	1	PERCENT	Percentage																			
2018.Q2.G.01	SI_COV_LMKT	Proportion of population covered by labour market programs (%)	548	167.0679779	-15.34445547	VUT	Vanuatu	1	PERCENT	Percentage																			
2018.Q2.G.01	SI_COV_LMKT	Proportion of population covered by labour market programs (%)	554	170.4755673	-43.98721568	NZL	New Zealand	1	PERCENT	Percentage																			
2018.Q2.G.01	SI_COV_LMKT	Proportion of population covered by labour market programs (%)	558	-85.03060315	12.84210839	NIC	Nicaragua	1	PERCENT	Percentage							3.57803					7.40737			7.40737	2014	7.40737	World Bank	
2018.Q2.G.01	SI_COV_LMKT	Proportion of population covered by labour market programs (%)	562	9.400167877	17.42143036	NER	Niger	1	PERCENT	Percentage																			
2018.Q2.G.01	SI_COV_LMKT	Proportion of population covered by labour market programs (%)	566	8.097363256	9.585789025	NGA	Nigeria	1	PERCENT	Percentage																			
2018.Q2.G.01	SI_COV_LMKT	Proportion of population covered by labour market programs (%)	570	-169.8601693	-19.05000475	NIU	Niue	1	PERCENT	Percentage																			
2018.Q2.G.01	SI_COV_LMKT	Proportion of population covered by labour market programs (%)	574	167.9515548	-29.03230018	NFK	Norfolk Island	1	PERCENT	Percentage																			
2018.Q2.G.01	SI_COV_LMKT	Proportion of population covered by labour market programs (%)	578	11.47846389	61.34311134	NOR	Norway	1	PERCENT	Percentage																			
2018.Q2.G.01	SI_COV_LMKT	Proportion of population covered by labour market programs (%)	580	145.7582114	15.19099517	MNP	Northern Mariana Islands	1	PERCENT	Percentage																			
2018.Q2.G.01	SI_COV_LMKT	Proportion of population covered by labour market programs (%)	581	-162.4343752	5.874443968	UMI	US Minor Outlying Islands	1	PERCENT	Percentage																			
2018.Q2.G.01	SI_COV_LMKT	Proportion of population covered by labour market programs (%)	583	158.225216	6.880670092	FSM	Micronesia, Federated States of	1	PERCENT	Percentage																			
2018.Q2.G.01	SI_COV_LMKT	Proportion of population covered by labour market programs (%)	584	171.0839119	7.110213497	MHL	Marshall Islands	1	PERCENT	Percentage																			
2018.Q2.G.01	SI_COV_LMKT	Proportion of population covered by labour market programs (%)	585	134.5733878	7.502307591	PLW	Palau	1	PERCENT	Percentage																			
2018.Q2.G.01	SI_COV_LMKT	Proportion of population covered by labour market programs (%)	586	68.80479684	29.36491634	PAK	Pakistan	1	PERCENT	Percentage																			
2018.Q2.G.01	SI_COV_LMKT	Proportion of population covered by labour market programs (%)	591	-81.26616623	8.450965746	PAN	Panama	1	PERCENT	Percentage						15.37614	0.94233	1.23599	0.76738	0.64965		0.8354			0.742525	2014	0.8354	World Bank	
2018.Q2.G.01	SI_COV_LMKT	Proportion of population covered by labour market programs (%)	598	145.8587761	-6.756057077	PNG	Papua New Guinea	1	PERCENT	Percentage																			
2018.Q2.G.01	SI_COV_LMKT	Proportion of population covered by labour market programs (%)	600	-60.54854225	-21.70216237	PRY	Paraguay	1	PERCENT	Percentage																			
2018.Q2.G.01	SI_COV_LMKT	Proportion of population covered by labour market programs (%)	604	-71.82093277	-13.58939705	PER	Peru	1	PERCENT	Percentage											0.70996				0.70996	2013	0.70996	World Bank	
2018.Q2.G.01	SI_COV_LMKT	Proportion of population covered by labour market programs (%)	608	120.8601418	14.16591706	PHL	Philippines	1	PERCENT	Percentage																			
2018.Q2.G.01	SI_COV_LMKT	Proportion of population covered by labour market programs (%)	612	-128.3225873	-24.37538456	PCN	Pitcairn	1	PERCENT	Percentage																			
2018.Q2.G.01	SI_COV_LMKT	Proportion of population covered by labour market programs (%)	616	19.40660158	52.1226733	POL	Poland	1	PERCENT	Percentage			24.52726	21.01191	16.11297	12.46534	14.15517	3.47952	2.58855	2.76575					2.76575	2012	2.76575	World Bank	
2018.Q2.G.01	SI_COV_LMKT	Proportion of population covered by labour market programs (%)	620	-7.961599811	39.68509315	PRT	Portugal	1	PERCENT	Percentage																			
2018.Q2.G.01	SI_COV_LMKT	Proportion of population covered by labour market programs (%)	624	-14.40182514	12.11760394	GNB	Guinea-Bissau	1	PERCENT	Percentage																			
2018.Q2.G.01	SI_COV_LMKT	Proportion of population covered by labour market programs (%)	626	125.9451052	-8.797497247	TLS	Timor-Leste	1	PERCENT	Percentage																			
2018.Q2.G.01	SI_COV_LMKT	Proportion of population covered by labour market programs (%)	630	-66.47591017	18.22753799	PRI	Puerto Rico	1	PERCENT	Percentage																			
2018.Q2.G.01	SI_COV_LMKT	Proportion of population covered by labour market programs (%)	634	51.19152467	25.28355379	QAT	Qatar	1	PERCENT	Percentage																			
2018.Q2.G.01	SI_COV_LMKT	Proportion of population covered by labour market programs (%)	638	55.53171398	-21.13183266	REU	Réunion	1	PERCENT	Percentage																			
2018.Q2.G.01	SI_COV_LMKT	Proportion of population covered by labour market programs (%)	642	24.98481009	45.83893563	ROU	Romania	1	PERCENT	Percentage						1.51533			2.99951	2.2849					2.2849	2012	2.2849	World Bank	
2018.Q2.G.01	SI_COV_LMKT	Proportion of population covered by labour market programs (%)	643	99.01404926	61.61899849	RUS	Russian Federation	1	PERCENT	Percentage					0.74034							3.2594	2.80834	2.85534	2.97436	2016	2.85534	World Bank	
2018.Q2.G.01	SI_COV_LMKT	Proportion of population covered by labour market programs (%)	646	29.92310194	-1.999842114	RWA	Rwanda	1	PERCENT	Percentage			33.5426					6.27106			5.44674				5.44674	2013	5.44674	World Bank	
2018.Q2.G.01	SI_COV_LMKT	Proportion of population covered by labour market programs (%)	652	-62.83173536	17.89513362	BLM	Saint Barthélemy	1	PERCENT	Percentage																			
2018.Q2.G.01	SI_COV_LMKT	Proportion of population covered by labour market programs (%)	654	-5.705752501	-15.96503946	SHN	Saint Helena	1	PERCENT	Percentage																			
2018.Q2.G.01	SI_COV_LMKT	Proportion of population covered by labour market programs (%)	659	-62.76628613	17.33994219	KNA	Saint Kitts and Nevis	1	PERCENT	Percentage																			
2018.Q2.G.01	SI_COV_LMKT	Proportion of population covered by labour market programs (%)	660	-63.05651612	18.21525315	AIA	Anguilla	1	PERCENT	Percentage																			
2018.Q2.G.01	SI_COV_LMKT	Proportion of population covered by labour market programs (%)	662	-60.96529553	13.89405601	LCA	Saint Lucia	1	PERCENT	Percentage																			
2018.Q2.G.01	SI_COV_LMKT	Proportion of population covered by labour market programs (%)	663	-63.04505461	18.0882685	MAF	Saint Martin (French Part)	1	PERCENT	Percentage																			
2018.Q2.G.01	SI_COV_LMKT	Proportion of population covered by labour market programs (%)	666	-56.33682442	46.85812735	SPM	Saint Pierre and Miquelon	1	PERCENT	Percentage																			
2018.Q2.G.01	SI_COV_LMKT	Proportion of population covered by labour market programs (%)	670	-61.19024321	13.24627968	VCT	Saint Vincent and the Grenadines	1	PERCENT	Percentage																			
2018.Q2.G.01	SI_COV_LMKT	Proportion of population covered by labour market programs (%)	674	12.46329038	43.93841766	SMR	San Marino	1	PERCENT	Percentage																			
2018.Q2.G.01	SI_COV_LMKT	Proportion of population covered by labour market programs (%)	678	6.609772265	0.241554875	STP	Sao Tome and Principe	1	PERCENT	Percentage																			
2018.Q2.G.01	SI_COV_LMKT	Proportion of population covered by labour market programs (%)	682	44.54763347	24.12594211	SAU	Saudi Arabia	1	PERCENT	Percentage																			
2018.Q2.G.01	SI_COV_LMKT	Proportion of population covered by labour market programs (%)	686	-14.46636926	14.35920905	SEN	Senegal	1	PERCENT	Percentage									2.08364							2011	2.08364	World Bank	
2018.Q2.G.01	SI_COV_LMKT	Proportion of population covered by labour market programs (%)	688	20.805876	44.03145697	SRB	Serbia	1	PERCENT	Percentage																			
2018.Q2.G.01	SI_COV_LMKT	Proportion of population covered by labour market programs (%)	690	55.46561591	-4.678053059	SYC	Seychelles	1	PERCENT	Percentage																			
2018.Q2.G.01	SI_COV_LMKT	Proportion of population covered by labour market programs (%)	694	-11.78306584	8.568604164	SLE	Sierra Leone	1	PERCENT	Percentage																			
2018.Q2.G.01	SI_COV_LMKT	Proportion of population covered by labour market programs (%)	702	103.8107883	1.361009155	SGP	Singapore	1	PERCENT	Percentage																			
2018.Q2.G.01	SI_COV_LMKT	Proportion of population covered by labour market programs (%)	703	19.48495604	48.70741446	SVK	Slovakia	1	PERCENT	Percentage							5.71974									2009	5.71974	World Bank	
2018.Q2.G.01	SI_COV_LMKT	Proportion of population covered by labour market programs (%)	704	105.802499	10.09643079	VNM	Viet Nam	1	PERCENT	Percentage				6.08825				18.41876		14.18074		8.97639			11.578565	2014	8.97639	World Bank	
2018.Q2.G.01	SI_COV_LMKT	Proportion of population covered by labour market programs (%)	705	14.82209486	46.11958061	SVN	Slovenia	1	PERCENT	Percentage																			
2018.Q2.G.01	SI_COV_LMKT	Proportion of population covered by labour market programs (%)	706	46.20367477	4.406485729	SOM	Somalia	1	PERCENT	Percentage																			
2018.Q2.G.01	SI_COV_LMKT	Proportion of population covered by labour market programs (%)	710	24.67184355	-29.99957544	ZAF	South Africa	1	PERCENT	Percentage			0.86731													2005	0.86731	World Bank	
2018.Q2.G.01	SI_COV_LMKT	Proportion of population covered by labour market programs (%)	716	29.86909584	-19.00075492	ZWE	Zimbabwe	1	PERCENT	Percentage																			
2018.Q2.G.01	SI_COV_LMKT	Proportion of population covered by labour market programs (%)	724	-3.554078296	40.39211472	ESP	Spain	1	PERCENT	Percentage																			
2018.Q2.G.01	SI_COV_LMKT	Proportion of population covered by labour market programs (%)	728	30.32618773	7.290839152	SSD	South Sudan	1	PERCENT	Percentage																			
2018.Q2.G.01	SI_COV_LMKT	Proportion of population covered by labour market programs (%)	732	-13.13515523	24.66265342	ESH	Western Sahara	1	PERCENT	Percentage																			
2018.Q2.G.01	SI_COV_LMKT	Proportion of population covered by labour market programs (%)	736	29.95650159	16.02643066	SDN	Sudan	1	PERCENT	Percentage																			
2018.Q2.G.01	SI_COV_LMKT	Proportion of population covered by labour market programs (%)	740	-55.90626394	4.132603197	SUR	Suriname	1	PERCENT	Percentage																			
2018.Q2.G.01	SI_COV_LMKT	Proportion of population covered by labour market programs (%)	744	13.38071013	78.82894131	SJM	Svalbard and Jan Mayen Islands	1	PERCENT	Percentage																			
2018.Q2.G.01	SI_COV_LMKT	Proportion of population covered by labour market programs (%)	748	31.50149288	-26.56471011	SWZ	Swaziland	1	PERCENT	Percentage																			
2018.Q2.G.01	SI_COV_LMKT	Proportion of population covered by labour market programs (%)	752	14.3775338	60.60103109	SWE	Sweden	1	PERCENT	Percentage																			
2018.Q2.G.01	SI_COV_LMKT	Proportion of population covered by labour market programs (%)	756	8.223158	46.96617097	CHE	Switzerland	1	PERCENT	Percentage																			
2018.Q2.G.01	SI_COV_LMKT	Proportion of population covered by labour market programs (%)	760	38.50466565	35.01676176	SYR	Syrian Arab Republic (Syria)	1	PERCENT	Percentage																			
2018.Q2.G.01	SI_COV_LMKT	Proportion of population covered by labour market programs (%)	762	69.294998	38.43069666	TJK	Tajikistan	1	PERCENT	Percentage																			
2018.Q2.G.01	SI_COV_LMKT	Proportion of population covered by labour market programs (%)	764	101.0202951	15.13089239	THA	Thailand	1	PERCENT	Percentage																			
2018.Q2.G.01	SI_COV_LMKT	Proportion of population covered by labour market programs (%)	768	0.97835765	8.532096072	TGO	Togo	1	PERCENT	Percentage																			
2018.Q2.G.01	SI_COV_LMKT	Proportion of population covered by labour market programs (%)	772	-171.8154473	-9.214545558	TKL	Tokelau	1	PERCENT	Percentage																			
2018.Q2.G.01	SI_COV_LMKT	Proportion of population covered by labour market programs (%)	776	-175.1959991	-21.19511329	TON	Tonga	1	PERCENT	Percentage																			
2018.Q2.G.01	SI_COV_LMKT	Proportion of population covered by labour market programs (%)	780	-61.29389504	10.41877263	TTO	Trinidad and Tobago	1	PERCENT	Percentage																			
2018.Q2.G.01	SI_COV_LMKT	Proportion of population covered by labour market programs (%)	784	53.98279159	23.43322219	ARE	United Arab Emirates	1	PERCENT	Percentage																			
2018.Q2.G.01	SI_COV_LMKT	Proportion of population covered by labour market programs (%)	788	9.572737411	34.11439971	TUN	Tunisia	1	PERCENT	Percentage																			
2018.Q2.G.01	SI_COV_LMKT	Proportion of population covered by labour market programs (%)	792	35.42890329	38.9899684	TUR	Turkey	1	PERCENT	Percentage		0.22304	0.23832	0.34115	0.30087	0.32648	1.13947	1.0446	0.85332	0.84086	0.82759	1.27875			0.9824	2014	1.27875	World Bank	
2018.Q2.G.01	SI_COV_LMKT	Proportion of population covered by labour market programs (%)	795	58.9787665	40.0912346	TKM	Turkmenistan	1	PERCENT	Percentage																			
2018.Q2.G.01	SI_COV_LMKT	Proportion of population covered by labour market programs (%)	796	-71.745121	21.80780585	TCA	Turks and Caicos Islands	1	PERCENT	Percentage																			
2018.Q2.G.01	SI_COV_LMKT	Proportion of population covered by labour market programs (%)	798	178.6679611	-7.460048071	TUV	Tuvalu	1	PERCENT	Percentage																			
2018.Q2.G.01	SI_COV_LMKT	Proportion of population covered by labour market programs (%)	800	32.39100438	1.279557331	UGA	Uganda	1	PERCENT	Percentage																			
2018.Q2.G.01	SI_COV_LMKT	Proportion of population covered by labour market programs (%)	804	31.40270802	49.00735945	UKR	Ukraine	1	PERCENT	Percentage				6.04397					3.44978	3.72593	3.20097				3.46345	2013	3.20097	World Bank	
2018.Q2.G.01	SI_COV_LMKT	Proportion of population covered by labour market programs (%)	807	21.7007909	41.60048068	MKD	Macedonia, Republic of	1	PERCENT	Percentage																			
2018.Q2.G.01	SI_COV_LMKT	Proportion of population covered by labour market programs (%)	818	29.77468534	26.57438204	EGY	Egypt	1	PERCENT	Percentage																			
2018.Q2.G.01	SI_COV_LMKT	Proportion of population covered by labour market programs (%)	826	-2.23830539	53.27691757	GBR	United Kingdom	1	PERCENT	Percentage																			
2018.Q2.G.01	SI_COV_LMKT	Proportion of population covered by labour market programs (%)	831	-2.200712402	49.71561166	GGY	Guernsey	1	PERCENT	Percentage																			
2018.Q2.G.01	SI_COV_LMKT	Proportion of population covered by labour market programs (%)	832	-2.136773508	49.22353354	JEY	Jersey	1	PERCENT	Percentage																			
2018.Q2.G.01	SI_COV_LMKT	Proportion of population covered by labour market programs (%)	833	-4.538190305	54.22880901	IMN	Isle of Man	1	PERCENT	Percentage																			
2018.Q2.G.01	SI_COV_LMKT	Proportion of population covered by labour market programs (%)	834	34.80521182	-6.265332606	TZA	Tanzania, United Republic of	1	PERCENT	Percentage								4.95163		6.11188		0.98396			3.54792	2014	0.98396	World Bank	
2018.Q2.G.01	SI_COV_LMKT	Proportion of population covered by labour market programs (%)	840	-99.13830311	39.5277871	USA	United States of America	1	PERCENT	Percentage																			
2018.Q2.G.01	SI_COV_LMKT	Proportion of population covered by labour market programs (%)	850	-64.76960113	17.73297693	VIR	United States Virgin Islands	1	PERCENT	Percentage																			
2018.Q2.G.01	SI_COV_LMKT	Proportion of population covered by labour market programs (%)	854	-1.742843829	12.27491081	BFA	Burkina Faso	1	PERCENT	Percentage																			
2018.Q2.G.01	SI_COV_LMKT	Proportion of population covered by labour market programs (%)	858	-56.01387025	-32.8002838	URY	Uruguay	1	PERCENT	Percentage						1.64765	2.09583	1.94634	2.08135	2.30536					2.30536	2012	2.30536	World Bank	
2018.Q2.G.01	SI_COV_LMKT	Proportion of population covered by labour market programs (%)	860	63.11944558	41.77560518	UZB	Uzbekistan	1	PERCENT	Percentage																			
2018.Q2.G.01	SI_COV_LMKT	Proportion of population covered by labour market programs (%)	862	-66.15642084	7.121324748	VEN	Venezuela (Bolivarian Republic)	1	PERCENT	Percentage																			
2018.Q2.G.01	SI_COV_LMKT	Proportion of population covered by labour market programs (%)	876	-176.2034788	-13.28471201	WLF	Wallis and Futuna Islands	1	PERCENT	Percentage																			
2018.Q2.G.01	SI_COV_LMKT	Proportion of population covered by labour market programs (%)	882	-172.4430749	-13.61541469	WSM	Samoa	1	PERCENT	Percentage																			
2018.Q2.G.01	SI_COV_LMKT	Proportion of population covered by labour market programs (%)	887	45.22389143	15.22242099	YEM	Yemen	1	PERCENT	Percentage			0.06606													2005	0.06606	World Bank	
2018.Q2.G.01	SI_COV_LMKT	Proportion of population covered by labour market programs (%)	894	27.850329	-14.59701056	ZMB	Zambia	1	PERCENT	Percentage																			
