series.release	series.code	series.description	geoAreaCode	X	Y	ISO3CD	geoAreaName	sliceId	Units	Units description	1998	2000	2001	2002	2003	2004	2005	2006	2007	2008	2009	2010	2011	2012	2013	2014	2015	2016	last.5.years.mean	latest.year	latest.value	latest.source	latest.nature
2018.Q2.G.01	SI_COV_SOCAST	Proportion of population covered by social assistance programs (%)	4	66.02688198	33.83160199	AFG	Afghanistan	1	PERCENT	Percentage									15.26276				8.82058							2011	8.82058	World Bank	
2018.Q2.G.01	SI_COV_SOCAST	Proportion of population covered by social assistance programs (%)	8	20.06660928	41.13897007	ALB	Albania	1	PERCENT	Percentage										32.67409				19.08167					19.08167	2012	19.08167	World Bank	
2018.Q2.G.01	SI_COV_SOCAST	Proportion of population covered by social assistance programs (%)	10	21.47585697	-80.40897662	ATA	Antarctica	1	PERCENT	Percentage																							
2018.Q2.G.01	SI_COV_SOCAST	Proportion of population covered by social assistance programs (%)	12	2.678164227	28.15940032	DZA	Algeria	1	PERCENT	Percentage																							
2018.Q2.G.01	SI_COV_SOCAST	Proportion of population covered by social assistance programs (%)	16	-170.7187269	-14.30587306	ASM	American Samoa	1	PERCENT	Percentage																							
2018.Q2.G.01	SI_COV_SOCAST	Proportion of population covered by social assistance programs (%)	20	1.576257417	42.54548611	AND	Andorra	1	PERCENT	Percentage																							
2018.Q2.G.01	SI_COV_SOCAST	Proportion of population covered by social assistance programs (%)	24	17.57817062	-12.33724746	AGO	Angola	1	PERCENT	Percentage																							
2018.Q2.G.01	SI_COV_SOCAST	Proportion of population covered by social assistance programs (%)	28	-61.7999755	17.07761471	ATG	Antigua and Barbuda	1	PERCENT	Percentage																							
2018.Q2.G.01	SI_COV_SOCAST	Proportion of population covered by social assistance programs (%)	31	50.01064725	40.39229544	AZE	Azerbaijan	1	PERCENT	Percentage																							
2018.Q2.G.01	SI_COV_SOCAST	Proportion of population covered by social assistance programs (%)	32	-65.14563274	-35.19446255	ARG	Argentina	1	PERCENT	Percentage								11.35351				9.39435	17.06436	16.26982	19.76205				18.015935	2013	19.76205	World Bank	
2018.Q2.G.01	SI_COV_SOCAST	Proportion of population covered by social assistance programs (%)	36	134.3499412	-25.57717202	AUS	Australia	1	PERCENT	Percentage																							
2018.Q2.G.01	SI_COV_SOCAST	Proportion of population covered by social assistance programs (%)	40	14.14172472	47.58704857	AUT	Austria	1	PERCENT	Percentage																							
2018.Q2.G.01	SI_COV_SOCAST	Proportion of population covered by social assistance programs (%)	44	-78.05111663	24.69546597	BHS	Bahamas	1	PERCENT	Percentage																							
2018.Q2.G.01	SI_COV_SOCAST	Proportion of population covered by social assistance programs (%)	48	50.5490754	26.04407747	BHR	Bahrain	1	PERCENT	Percentage																							
2018.Q2.G.01	SI_COV_SOCAST	Proportion of population covered by social assistance programs (%)	50	89.17660788	22.86961622	BGD	Bangladesh	1	PERCENT	Percentage							12.39732					13.09173								2010	13.09173	World Bank	
2018.Q2.G.01	SI_COV_SOCAST	Proportion of population covered by social assistance programs (%)	51	44.93839317	40.29499741	ARM	Armenia	1	PERCENT	Percentage										22.44042	19.59614	23.21633	20.22949	25.04328	24.6327	28.39567			26.0238833333333	2014	28.39567	World Bank	
2018.Q2.G.01	SI_COV_SOCAST	Proportion of population covered by social assistance programs (%)	52	-59.5346489	13.13648273	BRB	Barbados	1	PERCENT	Percentage																							
2018.Q2.G.01	SI_COV_SOCAST	Proportion of population covered by social assistance programs (%)	56	4.660976456	50.64104975	BEL	Belgium	1	PERCENT	Percentage																							
2018.Q2.G.01	SI_COV_SOCAST	Proportion of population covered by social assistance programs (%)	60	-64.78155012	32.27881922	BMU	Bermuda	1	PERCENT	Percentage																							
2018.Q2.G.01	SI_COV_SOCAST	Proportion of population covered by social assistance programs (%)	64	90.45098484	27.39598568	BTN	Bhutan	1	PERCENT	Percentage									1.01002					2.25195					2.25195	2012	2.25195	World Bank	
2018.Q2.G.01	SI_COV_SOCAST	Proportion of population covered by social assistance programs (%)	68	-64.66224284	-16.71273412	BOL	Bolivia (Plurinational State of)	1	PERCENT	Percentage								11.66575	54.58851	71.42289	77.94026		74.73251	75.18254					75.18254	2012	75.18254	World Bank	
2018.Q2.G.01	SI_COV_SOCAST	Proportion of population covered by social assistance programs (%)	70	17.78584332	44.16845548	BIH	Bosnia and Herzegovina	1	PERCENT	Percentage									20.50947											2007	20.50947	World Bank	
2018.Q2.G.01	SI_COV_SOCAST	Proportion of population covered by social assistance programs (%)	72	23.81380223	-22.18810073	BWA	Botswana	1	PERCENT	Percentage											73.77427									2009	73.77427	World Bank	
2018.Q2.G.01	SI_COV_SOCAST	Proportion of population covered by social assistance programs (%)	74	3.410732868	-54.43295905	BVT	Bouvet Island	1	PERCENT	Percentage																							
2018.Q2.G.01	SI_COV_SOCAST	Proportion of population covered by social assistance programs (%)	76	-53.08432878	-10.77668561	BRA	Brazil	1	PERCENT	Percentage								25.28842			17.56059		18.65214	19.52788			23.71616		21.62202	2015	23.71616	World Bank	
2018.Q2.G.01	SI_COV_SOCAST	Proportion of population covered by social assistance programs (%)	84	-88.70199554	17.19965901	BLZ	Belize	1	PERCENT	Percentage											16.27566									2009	16.27566	World Bank	
2018.Q2.G.01	SI_COV_SOCAST	Proportion of population covered by social assistance programs (%)	86	72.38715553	-7.299281071	IOT	British Indian Ocean Territory	1	PERCENT	Percentage																							
2018.Q2.G.01	SI_COV_SOCAST	Proportion of population covered by social assistance programs (%)	90	160.1584117	-9.622391719	SLB	Solomon Islands	1	PERCENT	Percentage							1.58338													2005	1.58338	World Bank	
2018.Q2.G.01	SI_COV_SOCAST	Proportion of population covered by social assistance programs (%)	92	-64.63294223	18.42256578	VGB	British Virgin Islands	1	PERCENT	Percentage																							
2018.Q2.G.01	SI_COV_SOCAST	Proportion of population covered by social assistance programs (%)	96	114.6288563	4.49736984	BRN	Brunei Darussalam	1	PERCENT	Percentage																							
2018.Q2.G.01	SI_COV_SOCAST	Proportion of population covered by social assistance programs (%)	100	25.23763153	42.75731323	BGR	Bulgaria	1	PERCENT	Percentage									39.53488											2007	39.53488	World Bank	
2018.Q2.G.01	SI_COV_SOCAST	Proportion of population covered by social assistance programs (%)	104	96.51752295	21.19332882	MMR	Myanmar	1	PERCENT	Percentage																							
2018.Q2.G.01	SI_COV_SOCAST	Proportion of population covered by social assistance programs (%)	108	29.89080992	-3.366387428	BDI	Burundi	1	PERCENT	Percentage																							
2018.Q2.G.01	SI_COV_SOCAST	Proportion of population covered by social assistance programs (%)	112	28.04940161	53.54193075	BLR	Belarus	1	PERCENT	Percentage										59.94743	58.55187	58.2791		57.30478	54.09911				55.701945	2013	54.09911	World Bank	
2018.Q2.G.01	SI_COV_SOCAST	Proportion of population covered by social assistance programs (%)	116	104.922836	12.71163737	KHM	Cambodia	1	PERCENT	Percentage																							
2018.Q2.G.01	SI_COV_SOCAST	Proportion of population covered by social assistance programs (%)	120	12.7419827	5.692387031	CMR	Cameroon	1	PERCENT	Percentage									1.36522							0.87445			0.87445	2014	0.87445	World Bank	
2018.Q2.G.01	SI_COV_SOCAST	Proportion of population covered by social assistance programs (%)	124	-101.6575058	57.72360191	CAN	Canada	1	PERCENT	Percentage																							
2018.Q2.G.01	SI_COV_SOCAST	Proportion of population covered by social assistance programs (%)	132	-23.63544151	15.07791834	CPV	Cabo Verde	1	PERCENT	Percentage									21.86641											2007	21.86641	World Bank	
2018.Q2.G.01	SI_COV_SOCAST	Proportion of population covered by social assistance programs (%)	136	-81.16740559	19.32266656	CYM	Cayman Islands	1	PERCENT	Percentage																							
2018.Q2.G.01	SI_COV_SOCAST	Proportion of population covered by social assistance programs (%)	140	20.93559492	7.003720791	CAF	Central African Republic	1	PERCENT	Percentage																							
2018.Q2.G.01	SI_COV_SOCAST	Proportion of population covered by social assistance programs (%)	144	80.70489654	7.614693343	LKA	Sri Lanka	1	PERCENT	Percentage								29.65363			23.64757			26.18694					26.18694	2012	26.18694	World Bank	
2018.Q2.G.01	SI_COV_SOCAST	Proportion of population covered by social assistance programs (%)	148	18.66618401	15.36279341	TCD	Chad	1	PERCENT	Percentage													0.57224							2011	0.57224	World Bank	
2018.Q2.G.01	SI_COV_SOCAST	Proportion of population covered by social assistance programs (%)	152	-71.23029019	-35.2652885	CHL	Chile	1	PERCENT	Percentage								76.94377			77.89654		77.42602		74.69486				74.69486	2013	74.69486	World Bank	
2018.Q2.G.01	SI_COV_SOCAST	Proportion of population covered by social assistance programs (%)	156	104.1403375	32.30955217	CHN	China	1	PERCENT	Percentage															43.81318				43.81318	2013	43.81318	World Bank	
2018.Q2.G.01	SI_COV_SOCAST	Proportion of population covered by social assistance programs (%)	162	105.6426067	-10.4882473	CXR	Christmas Island	1	PERCENT	Percentage																							
2018.Q2.G.01	SI_COV_SOCAST	Proportion of population covered by social assistance programs (%)	166	96.82633757	-12.18600682	CCK	Cocos (Keeling) Islands	1	PERCENT	Percentage																							
2018.Q2.G.01	SI_COV_SOCAST	Proportion of population covered by social assistance programs (%)	170	-73.07446751	3.888209046	COL	Colombia	1	PERCENT	Percentage												44.79681	43.98663	41.7057		59.25074			50.47822	2014	59.25074	World Bank	
2018.Q2.G.01	SI_COV_SOCAST	Proportion of population covered by social assistance programs (%)	174	43.34234565	-11.66121732	COM	Comoros	1	PERCENT	Percentage																							
2018.Q2.G.01	SI_COV_SOCAST	Proportion of population covered by social assistance programs (%)	175	45.14015057	-12.82217691	MYT	Mayotte	1	PERCENT	Percentage																							
2018.Q2.G.01	SI_COV_SOCAST	Proportion of population covered by social assistance programs (%)	178	15.22052612	-0.840544119	COG	Congo	1	PERCENT	Percentage							0.91794													2005	0.91794	World Bank	
2018.Q2.G.01	SI_COV_SOCAST	Proportion of population covered by social assistance programs (%)	180	23.65496507	-2.877154732	COD	Democratic Republic of the Congo	1	PERCENT	Percentage														9.9904					9.9904	2012	9.9904	World Bank	
2018.Q2.G.01	SI_COV_SOCAST	Proportion of population covered by social assistance programs (%)	184	-159.7711391	-21.22696458	COK	Cook Islands	1	PERCENT	Percentage																							
2018.Q2.G.01	SI_COV_SOCAST	Proportion of population covered by social assistance programs (%)	188	-84.19712782	9.970998683	CRI	Costa Rica	1	PERCENT	Percentage										54.25786	52.60413	48.80938	48.77952	47.46083		45.8479			46.654365	2014	45.8479	World Bank	
2018.Q2.G.01	SI_COV_SOCAST	Proportion of population covered by social assistance programs (%)	191	17.95874553	45.45172212	HRV	Croatia	1	PERCENT	Percentage										23.31134		24.56946								2010	24.56946	World Bank	
2018.Q2.G.01	SI_COV_SOCAST	Proportion of population covered by social assistance programs (%)	192	-79.54460144	22.10030366	CUB	Cuba	1	PERCENT	Percentage																							
2018.Q2.G.01	SI_COV_SOCAST	Proportion of population covered by social assistance programs (%)	196	33.22285964	35.05659437	CYP	Cyprus	1	PERCENT	Percentage																							
2018.Q2.G.01	SI_COV_SOCAST	Proportion of population covered by social assistance programs (%)	203	15.33151382	49.73913871	CZE	Czechia	1	PERCENT	Percentage																							
2018.Q2.G.01	SI_COV_SOCAST	Proportion of population covered by social assistance programs (%)	204	2.339933594	9.65401646	BEN	Benin	1	PERCENT	Percentage																							
2018.Q2.G.01	SI_COV_SOCAST	Proportion of population covered by social assistance programs (%)	208	9.326571283	56.03829721	DNK	Denmark	1	PERCENT	Percentage																							
2018.Q2.G.01	SI_COV_SOCAST	Proportion of population covered by social assistance programs (%)	212	-61.3493756	15.43391378	DMA	Dominica	1	PERCENT	Percentage				8.00775																2002	8.00775	World Bank	
2018.Q2.G.01	SI_COV_SOCAST	Proportion of population covered by social assistance programs (%)	214	-70.49847576	18.89832088	DOM	Dominican Republic	1	PERCENT	Percentage									10.41048	19.13768	25.49092	28.37341	26.58064	31.49782	28.76996	29.95585			30.0745433333333	2014	29.95585	World Bank	
2018.Q2.G.01	SI_COV_SOCAST	Proportion of population covered by social assistance programs (%)	218	-78.37005241	-1.447785891	ECU	Ecuador	1	PERCENT	Percentage										57.87631		64.68918	37.47342	67.98835				67.0504	67.519375	2016	67.0504	World Bank	
2018.Q2.G.01	SI_COV_SOCAST	Proportion of population covered by social assistance programs (%)	222	-88.86862995	13.73603564	SLV	El Salvador	1	PERCENT	Percentage									29.17818	32.14728	42.47755	57.52527	53.97949	56.18152		53.14035			54.660935	2014	53.14035	World Bank	
2018.Q2.G.01	SI_COV_SOCAST	Proportion of population covered by social assistance programs (%)	226	10.46535826	1.565792376	GNQ	Equatorial Guinea	1	PERCENT	Percentage																							
2018.Q2.G.01	SI_COV_SOCAST	Proportion of population covered by social assistance programs (%)	231	39.63505296	8.631223181	ETH	Ethiopia	1	PERCENT	Percentage						0.51447						13.24795								2010	13.24795	World Bank	
2018.Q2.G.01	SI_COV_SOCAST	Proportion of population covered by social assistance programs (%)	232	38.11074289	16.12894644	ERI	Eritrea	1	PERCENT	Percentage																							
2018.Q2.G.01	SI_COV_SOCAST	Proportion of population covered by social assistance programs (%)	233	25.84093481	58.68487172	EST	Estonia	1	PERCENT	Percentage																							
2018.Q2.G.01	SI_COV_SOCAST	Proportion of population covered by social assistance programs (%)	234	-7.122044325	62.21228119	FRO	Faroe Islands	1	PERCENT	Percentage																							
2018.Q2.G.01	SI_COV_SOCAST	Proportion of population covered by social assistance programs (%)	238	-58.75246778	-51.74562601	FLK	Falkland Islands (Malvinas)	1	PERCENT	Percentage																							
2018.Q2.G.01	SI_COV_SOCAST	Proportion of population covered by social assistance programs (%)	239	-36.90662765	-54.20736749	SGS	South Georgia and the South Sandwich Islands	1	PERCENT	Percentage																							
2018.Q2.G.01	SI_COV_SOCAST	Proportion of population covered by social assistance programs (%)	242	177.9660884	-17.83301566	FJI	Fiji	1	PERCENT	Percentage										9.55239										2008	9.55239	World Bank	
2018.Q2.G.01	SI_COV_SOCAST	Proportion of population covered by social assistance programs (%)	246	23.308447	61.91586738	FIN	Finland	1	PERCENT	Percentage																							
2018.Q2.G.01	SI_COV_SOCAST	Proportion of population covered by social assistance programs (%)	248	19.80945969	60.1544901	ALA	Åland Islands	1	PERCENT	Percentage																							
2018.Q2.G.01	SI_COV_SOCAST	Proportion of population covered by social assistance programs (%)	250	2.457288129	46.62660861	FRA	France	1	PERCENT	Percentage																							
2018.Q2.G.01	SI_COV_SOCAST	Proportion of population covered by social assistance programs (%)	254	-53.23619089	3.922673437	GUF	French Guiana	1	PERCENT	Percentage																							
2018.Q2.G.01	SI_COV_SOCAST	Proportion of population covered by social assistance programs (%)	258	-149.4052367	-17.67709294	PYF	French Polynesia	1	PERCENT	Percentage																							
2018.Q2.G.01	SI_COV_SOCAST	Proportion of population covered by social assistance programs (%)	260	69.64849091	-49.6068576	ATF	French Southern Territories	1	PERCENT	Percentage																							
2018.Q2.G.01	SI_COV_SOCAST	Proportion of population covered by social assistance programs (%)	262	42.18274707	11.56004161	DJI	Djibouti	1	PERCENT	Percentage				2.81975										9.52545					9.52545	2012	9.52545	World Bank	
2018.Q2.G.01	SI_COV_SOCAST	Proportion of population covered by social assistance programs (%)	266	11.78727747	-0.60687619	GAB	Gabon	1	PERCENT	Percentage							44.70377													2005	44.70377	World Bank	
2018.Q2.G.01	SI_COV_SOCAST	Proportion of population covered by social assistance programs (%)	268	43.3713615	42.04813028	GEO	Georgia	1	PERCENT	Percentage													64.63778							2011	64.63778	World Bank	
2018.Q2.G.01	SI_COV_SOCAST	Proportion of population covered by social assistance programs (%)	270	-15.39944785	13.45295927	GMB	Gambia	1	PERCENT	Percentage	2.8681											7.08215								2010	7.08215	World Bank	
2018.Q2.G.01	SI_COV_SOCAST	Proportion of population covered by social assistance programs (%)	275	35.25694122	31.94347933	PSE	State of Palestine	1	PERCENT	Percentage									13.30384		10.71726									2009	10.71726	World Bank	
2018.Q2.G.01	SI_COV_SOCAST	Proportion of population covered by social assistance programs (%)	276	10.3806066	51.08862743	DEU	Germany	1	PERCENT	Percentage																							
2018.Q2.G.01	SI_COV_SOCAST	Proportion of population covered by social assistance programs (%)	288	-1.205623522	7.964825185	GHA	Ghana	1	PERCENT	Percentage							2.22044							1.37698					1.37698	2012	1.37698	World Bank	
2018.Q2.G.01	SI_COV_SOCAST	Proportion of population covered by social assistance programs (%)	292	-5.347561686	36.13895036	GIB	Gibraltar	1	PERCENT	Percentage																							
2018.Q2.G.01	SI_COV_SOCAST	Proportion of population covered by social assistance programs (%)	296	-157.5643005	1.768837732	KIR	Kiribati	1	PERCENT	Percentage								4.57146												2006	4.57146	World Bank	
2018.Q2.G.01	SI_COV_SOCAST	Proportion of population covered by social assistance programs (%)	300	22.58307827	39.47301873	GRC	Greece	1	PERCENT	Percentage																							
2018.Q2.G.01	SI_COV_SOCAST	Proportion of population covered by social assistance programs (%)	304	-41.39371316	74.75625681	GRL	Greenland	1	PERCENT	Percentage																							
2018.Q2.G.01	SI_COV_SOCAST	Proportion of population covered by social assistance programs (%)	308	-61.68248568	12.11238395	GRD	Grenada	1	PERCENT	Percentage																							
2018.Q2.G.01	SI_COV_SOCAST	Proportion of population covered by social assistance programs (%)	312	-61.64762115	16.14416917	GLP	Guadeloupe	1	PERCENT	Percentage																							
2018.Q2.G.01	SI_COV_SOCAST	Proportion of population covered by social assistance programs (%)	316	144.7029305	13.35485404	GUM	Guam	1	PERCENT	Percentage																							
2018.Q2.G.01	SI_COV_SOCAST	Proportion of population covered by social assistance programs (%)	320	-91.2312746	15.00273719	GTM	Guatemala	1	PERCENT	Percentage								48.31744					61.57942			59.07649			59.07649	2014	59.07649	World Bank	
2018.Q2.G.01	SI_COV_SOCAST	Proportion of population covered by social assistance programs (%)	324	-11.28173419	11.00210343	GIN	Guinea	1	PERCENT	Percentage														1.71429					1.71429	2012	1.71429	World Bank	
2018.Q2.G.01	SI_COV_SOCAST	Proportion of population covered by social assistance programs (%)	328	-58.97322037	4.788012784	GUY	Guyana	1	PERCENT	Percentage																							
2018.Q2.G.01	SI_COV_SOCAST	Proportion of population covered by social assistance programs (%)	332	-72.33640958	18.40426539	HTI	Haiti	1	PERCENT	Percentage			0.75339											19.12826					19.12826	2012	19.12826	World Bank	
2018.Q2.G.01	SI_COV_SOCAST	Proportion of population covered by social assistance programs (%)	334	73.52633626	-53.09106147	HMD	Heard Island and McDonald Islands	1	PERCENT	Percentage																							
2018.Q2.G.01	SI_COV_SOCAST	Proportion of population covered by social assistance programs (%)	336	12.45315803	41.90343751	VAT	Holy See	1	PERCENT	Percentage																							
2018.Q2.G.01	SI_COV_SOCAST	Proportion of population covered by social assistance programs (%)	340	-86.59974381	14.82243161	HND	Honduras	1	PERCENT	Percentage										49.84826	49.00482	51.23823	49.15932		54.21676				54.21676	2013	54.21676	World Bank	
2018.Q2.G.01	SI_COV_SOCAST	Proportion of population covered by social assistance programs (%)	344	114.0266445	22.41749934	HKG	China, Hong Kong Special Administrative Region	1	PERCENT	Percentage																							
2018.Q2.G.01	SI_COV_SOCAST	Proportion of population covered by social assistance programs (%)	348	19.41221519	47.1651448	HUN	Hungary	1	PERCENT	Percentage									59.53975											2007	59.53975	World Bank	
2018.Q2.G.01	SI_COV_SOCAST	Proportion of population covered by social assistance programs (%)	352	-19.02116966	64.79134763	ISL	Iceland	1	PERCENT	Percentage																							
2018.Q2.G.01	SI_COV_SOCAST	Proportion of population covered by social assistance programs (%)	356	79.3608464	22.34642074	IND	India	1	PERCENT	Percentage						24.0323					17.24392		17.26996							2011	17.26996	World Bank	
2018.Q2.G.01	SI_COV_SOCAST	Proportion of population covered by social assistance programs (%)	360	113.9174	-0.994582204	IDN	Indonesia	1	PERCENT	Percentage											43.42509		53.86759	56.03905		62.4241	48.74023		55.73446	2015	48.74023	World Bank	
2018.Q2.G.01	SI_COV_SOCAST	Proportion of population covered by social assistance programs (%)	364	54.19766348	32.74370885	IRN	Iran (Islamic Republic of)	1	PERCENT	Percentage																							
2018.Q2.G.01	SI_COV_SOCAST	Proportion of population covered by social assistance programs (%)	368	43.76606267	33.05013795	IRQ	Iraq	1	PERCENT	Percentage								79.97487						75.77255					75.77255	2012	75.77255	World Bank	
2018.Q2.G.01	SI_COV_SOCAST	Proportion of population covered by social assistance programs (%)	372	-7.121425272	53.25274054	IRL	Ireland	1	PERCENT	Percentage																							
2018.Q2.G.01	SI_COV_SOCAST	Proportion of population covered by social assistance programs (%)	376	34.62277992	31.06164552	ISR	Israel	1	PERCENT	Percentage																							
2018.Q2.G.01	SI_COV_SOCAST	Proportion of population covered by social assistance programs (%)	380	12.57022427	42.79917282	ITA	Italy	1	PERCENT	Percentage																							
2018.Q2.G.01	SI_COV_SOCAST	Proportion of population covered by social assistance programs (%)	384	-5.552690016	7.62211586	CIV	Côte d'Ivoire	1	PERCENT	Percentage				5.77506						26.71843							27.22926		27.22926	2015	27.22926	World Bank	
2018.Q2.G.01	SI_COV_SOCAST	Proportion of population covered by social assistance programs (%)	388	-77.31068409	18.15616857	JAM	Jamaica	1	PERCENT	Percentage				26.91703								54.96758								2010	54.96758	World Bank	
2018.Q2.G.01	SI_COV_SOCAST	Proportion of population covered by social assistance programs (%)	392	139.2716103	36.6554539	JPN	Japan	1	PERCENT	Percentage																							
2018.Q2.G.01	SI_COV_SOCAST	Proportion of population covered by social assistance programs (%)	398	66.65359159	48.01963494	KAZ	Kazakhstan	1	PERCENT	Percentage									29.09089			30.57661								2010	30.57661	World Bank	
2018.Q2.G.01	SI_COV_SOCAST	Proportion of population covered by social assistance programs (%)	400	37.13024774	30.65365973	JOR	Jordan	1	PERCENT	Percentage								80.71908				65.67797								2010	65.67797	World Bank	
2018.Q2.G.01	SI_COV_SOCAST	Proportion of population covered by social assistance programs (%)	404	37.86096816	0.534797278	KEN	Kenya	1	PERCENT	Percentage							20.02355													2005	20.02355	World Bank	
2018.Q2.G.01	SI_COV_SOCAST	Proportion of population covered by social assistance programs (%)	408	127.1803633	40.1462645	PRK	Democratic People's Republic of Korea	1	PERCENT	Percentage																							
2018.Q2.G.01	SI_COV_SOCAST	Proportion of population covered by social assistance programs (%)	410	127.8610254	36.45201023	KOR	Republic of Korea	1	PERCENT	Percentage																							
2018.Q2.G.01	SI_COV_SOCAST	Proportion of population covered by social assistance programs (%)	414	47.49305029	29.53949468	KWT	Kuwait	1	PERCENT	Percentage																							
2018.Q2.G.01	SI_COV_SOCAST	Proportion of population covered by social assistance programs (%)	417	74.52324839	41.46204516	KGZ	Kyrgyzstan	1	PERCENT	Percentage								8.11491					8.47452	7.29997	7.17786				7.238915	2013	7.17786	World Bank	
2018.Q2.G.01	SI_COV_SOCAST	Proportion of population covered by social assistance programs (%)	418	101.9901968	20.27482773	LAO	Lao People's Democratic Republic	1	PERCENT	Percentage																							
2018.Q2.G.01	SI_COV_SOCAST	Proportion of population covered by social assistance programs (%)	422	35.89391711	33.92152458	LBN	Lebanon	1	PERCENT	Percentage						4.83322														2004	4.83322	World Bank	
2018.Q2.G.01	SI_COV_SOCAST	Proportion of population covered by social assistance programs (%)	426	28.25362195	-29.58041814	LSO	Lesotho	1	PERCENT	Percentage												6.32261								2010	6.32261	World Bank	
2018.Q2.G.01	SI_COV_SOCAST	Proportion of population covered by social assistance programs (%)	428	26.42461876	56.64196636	LVA	Latvia	1	PERCENT	Percentage										40.17957	50.81146									2009	50.81146	World Bank	
2018.Q2.G.01	SI_COV_SOCAST	Proportion of population covered by social assistance programs (%)	430	-9.311879038	6.448381009	LBR	Liberia	1	PERCENT	Percentage									61.2047							7.33168			7.33168	2014	7.33168	World Bank	
2018.Q2.G.01	SI_COV_SOCAST	Proportion of population covered by social assistance programs (%)	434	18.0295985	27.04042819	LBY	Libya	1	PERCENT	Percentage																							
2018.Q2.G.01	SI_COV_SOCAST	Proportion of population covered by social assistance programs (%)	438	9.552985019	47.14167005	LIE	Liechtenstein	1	PERCENT	Percentage																							
2018.Q2.G.01	SI_COV_SOCAST	Proportion of population covered by social assistance programs (%)	440	23.90517807	55.33680309	LTU	Lithuania	1	PERCENT	Percentage										58.67134										2008	58.67134	World Bank	
2018.Q2.G.01	SI_COV_SOCAST	Proportion of population covered by social assistance programs (%)	442	6.092656563	49.77679538	LUX	Luxembourg	1	PERCENT	Percentage																							
2018.Q2.G.01	SI_COV_SOCAST	Proportion of population covered by social assistance programs (%)	446	113.5665388	22.1237259	MAC	China, Macao Special Administrative Region	1	PERCENT	Percentage																							
2018.Q2.G.01	SI_COV_SOCAST	Proportion of population covered by social assistance programs (%)	450	46.6982339	-19.38514785	MDG	Madagascar	1	PERCENT	Percentage																							
2018.Q2.G.01	SI_COV_SOCAST	Proportion of population covered by social assistance programs (%)	454	33.4884625	-13.40819859	MWI	Malawi	1	PERCENT	Percentage						50.76538						19.80089			41.74016				41.74016	2013	41.74016	World Bank	
2018.Q2.G.01	SI_COV_SOCAST	Proportion of population covered by social assistance programs (%)	458	116.8346314	5.452415309	MYS	Malaysia	1	PERCENT	Percentage										82.81369										2008	82.81369	World Bank	
2018.Q2.G.01	SI_COV_SOCAST	Proportion of population covered by social assistance programs (%)	462	73.09672546	-0.614385021	MDV	Maldives	1	PERCENT	Percentage						3.77383					13.49094									2009	13.49094	World Bank	
2018.Q2.G.01	SI_COV_SOCAST	Proportion of population covered by social assistance programs (%)	466	-3.522016039	17.35311254	MLI	Mali	1	PERCENT	Percentage																							
2018.Q2.G.01	SI_COV_SOCAST	Proportion of population covered by social assistance programs (%)	470	14.44617519	35.89194275	MLT	Malta	1	PERCENT	Percentage																							
2018.Q2.G.01	SI_COV_SOCAST	Proportion of population covered by social assistance programs (%)	474	-60.91544135	14.56086108	MTQ	Martinique	1	PERCENT	Percentage																							
2018.Q2.G.01	SI_COV_SOCAST	Proportion of population covered by social assistance programs (%)	478	-10.33187259	20.26089546	MRT	Mauritania	1	PERCENT	Percentage										33.52566						45.21555			45.21555	2014	45.21555	World Bank	
2018.Q2.G.01	SI_COV_SOCAST	Proportion of population covered by social assistance programs (%)	480	57.568022	-20.28581998	MUS	Mauritius	1	PERCENT	Percentage								40.56691						44.85371					44.85371	2012	44.85371	World Bank	
2018.Q2.G.01	SI_COV_SOCAST	Proportion of population covered by social assistance programs (%)	484	-102.5148166	23.93378032	MEX	Mexico	1	PERCENT	Percentage										32.77815		48.9339		37.04732					37.04732	2012	37.04732	World Bank	
2018.Q2.G.01	SI_COV_SOCAST	Proportion of population covered by social assistance programs (%)	492	7.424214814	43.73532918	MCO	Monaco	1	PERCENT	Percentage																							
2018.Q2.G.01	SI_COV_SOCAST	Proportion of population covered by social assistance programs (%)	496	103.0728057	46.83892054	MNG	Mongolia	1	PERCENT	Percentage									83.23924		83.86138	94.70282	99.68379	99.83053					99.83053	2012	99.83053	World Bank	
2018.Q2.G.01	SI_COV_SOCAST	Proportion of population covered by social assistance programs (%)	498	28.4650624	47.20236795	MDA	Republic of Moldova	1	PERCENT	Percentage												33.76309		29.34293	23.79203				26.56748	2013	23.79203	World Bank	
2018.Q2.G.01	SI_COV_SOCAST	Proportion of population covered by social assistance programs (%)	499	19.25214024	42.78717043	MNE	Montenegro	1	PERCENT	Percentage													5.08993	8.56685	10.41047	8.07594			9.01775333333333	2014	8.07594	World Bank	
2018.Q2.G.01	SI_COV_SOCAST	Proportion of population covered by social assistance programs (%)	500	-62.19261223	16.73558313	MSR	Montserrat	1	PERCENT	Percentage																							
2018.Q2.G.01	SI_COV_SOCAST	Proportion of population covered by social assistance programs (%)	504	-6.281942841	31.8440131	MAR	Morocco	1	PERCENT	Percentage											36.58894									2009	36.58894	World Bank	
2018.Q2.G.01	SI_COV_SOCAST	Proportion of population covered by social assistance programs (%)	508	38.18479941	-14.27963886	MOZ	Mozambique	1	PERCENT	Percentage										5.17386										2008	5.17386	World Bank	
2018.Q2.G.01	SI_COV_SOCAST	Proportion of population covered by social assistance programs (%)	512	57.87743482	21.98805614	OMN	Oman	1	PERCENT	Percentage																							
2018.Q2.G.01	SI_COV_SOCAST	Proportion of population covered by social assistance programs (%)	516	17.21907885	-22.13817068	NAM	Namibia	1	PERCENT	Percentage					9.841						15.17635									2009	15.17635	World Bank	
2018.Q2.G.01	SI_COV_SOCAST	Proportion of population covered by social assistance programs (%)	520	166.92313	-0.528742623	NRU	Nauru	1	PERCENT	Percentage																							
2018.Q2.G.01	SI_COV_SOCAST	Proportion of population covered by social assistance programs (%)	524	83.94678863	28.25866332	NPL	Nepal	1	PERCENT	Percentage												40.13761								2010	40.13761	World Bank	
2018.Q2.G.01	SI_COV_SOCAST	Proportion of population covered by social assistance programs (%)	528	5.331480568	51.86728884	NLD	Netherlands	1	PERCENT	Percentage																							
2018.Q2.G.01	SI_COV_SOCAST	Proportion of population covered by social assistance programs (%)	530	-68.30676179	12.22720635	ANT	Netherlands Antilles	1	PERCENT	Percentage																							
2018.Q2.G.01	SI_COV_SOCAST	Proportion of population covered by social assistance programs (%)	531	-68.95033464	12.15058042	CUW	Curaçao	1	PERCENT	Percentage																							
2018.Q2.G.01	SI_COV_SOCAST	Proportion of population covered by social assistance programs (%)	533	-69.97050586	12.50878756	ABW	Aruba	1	PERCENT	Percentage																							
2018.Q2.G.01	SI_COV_SOCAST	Proportion of population covered by social assistance programs (%)	534	-63.06198692	18.03926508	SXM	Sint Maarten (Dutch part)	1	PERCENT	Percentage																							
2018.Q2.G.01	SI_COV_SOCAST	Proportion of population covered by social assistance programs (%)	540	165.5067368	-21.41742531	NCL	New Caledonia	1	PERCENT	Percentage																							
2018.Q2.G.01	SI_COV_SOCAST	Proportion of population covered by social assistance programs (%)	548	167.0679779	-15.34445547	VUT	Vanuatu	1	PERCENT	Percentage																							
2018.Q2.G.01	SI_COV_SOCAST	Proportion of population covered by social assistance programs (%)	554	170.4755673	-43.98721568	NZL	New Zealand	1	PERCENT	Percentage																							
2018.Q2.G.01	SI_COV_SOCAST	Proportion of population covered by social assistance programs (%)	558	-85.03060315	12.84210839	NIC	Nicaragua	1	PERCENT	Percentage							47.24764				39.65901					59.7503			59.7503	2014	59.7503	World Bank	
2018.Q2.G.01	SI_COV_SOCAST	Proportion of population covered by social assistance programs (%)	562	9.400167877	17.42143036	NER	Niger	1	PERCENT	Percentage													2.73622			20.11299			20.11299	2014	20.11299	World Bank	
2018.Q2.G.01	SI_COV_SOCAST	Proportion of population covered by social assistance programs (%)	566	8.097363256	9.585789025	NGA	Nigeria	1	PERCENT	Percentage												1.42436		3.43726			3.76429		3.600775	2015	3.76429	World Bank	
2018.Q2.G.01	SI_COV_SOCAST	Proportion of population covered by social assistance programs (%)	570	-169.8601693	-19.05000475	NIU	Niue	1	PERCENT	Percentage																							
2018.Q2.G.01	SI_COV_SOCAST	Proportion of population covered by social assistance programs (%)	574	167.9515548	-29.03230018	NFK	Norfolk Island	1	PERCENT	Percentage																							
2018.Q2.G.01	SI_COV_SOCAST	Proportion of population covered by social assistance programs (%)	578	11.47846389	61.34311134	NOR	Norway	1	PERCENT	Percentage																							
2018.Q2.G.01	SI_COV_SOCAST	Proportion of population covered by social assistance programs (%)	580	145.7582114	15.19099517	MNP	Northern Mariana Islands	1	PERCENT	Percentage																							
2018.Q2.G.01	SI_COV_SOCAST	Proportion of population covered by social assistance programs (%)	581	-162.4343752	5.874443968	UMI	US Minor Outlying Islands	1	PERCENT	Percentage																							
2018.Q2.G.01	SI_COV_SOCAST	Proportion of population covered by social assistance programs (%)	583	158.225216	6.880670092	FSM	Micronesia, Federated States of	1	PERCENT	Percentage		6.25433																		2000	6.25433	World Bank	
2018.Q2.G.01	SI_COV_SOCAST	Proportion of population covered by social assistance programs (%)	584	171.0839119	7.110213497	MHL	Marshall Islands	1	PERCENT	Percentage																							
2018.Q2.G.01	SI_COV_SOCAST	Proportion of population covered by social assistance programs (%)	585	134.5733878	7.502307591	PLW	Palau	1	PERCENT	Percentage								2.90049												2006	2.90049	World Bank	
2018.Q2.G.01	SI_COV_SOCAST	Proportion of population covered by social assistance programs (%)	586	68.80479684	29.36491634	PAK	Pakistan	1	PERCENT	Percentage									2.59801		12.25608				11.19557				11.19557	2013	11.19557	World Bank	
2018.Q2.G.01	SI_COV_SOCAST	Proportion of population covered by social assistance programs (%)	591	-81.26616623	8.450965746	PAN	Panama	1	PERCENT	Percentage										52.02119	51.79345	51.93946	48.3964	52.36625	53.94054	51.11661			52.4744666666667	2014	51.11661	World Bank	
2018.Q2.G.01	SI_COV_SOCAST	Proportion of population covered by social assistance programs (%)	598	145.8587761	-6.756057077	PNG	Papua New Guinea	1	PERCENT	Percentage											3.355									2009	3.355	World Bank	
2018.Q2.G.01	SI_COV_SOCAST	Proportion of population covered by social assistance programs (%)	600	-60.54854225	-21.70216237	PRY	Paraguay	1	PERCENT	Percentage									32.72422	38.94794	39.8543	49.72558	47.75478							2011	47.75478	World Bank	
2018.Q2.G.01	SI_COV_SOCAST	Proportion of population covered by social assistance programs (%)	604	-71.82093277	-13.58939705	PER	Peru	1	PERCENT	Percentage										43.54482	56.96582	60.76289	58.36239	86.64397	54.33508	56.09762			65.6922233333333	2014	56.09762	World Bank	
2018.Q2.G.01	SI_COV_SOCAST	Proportion of population covered by social assistance programs (%)	608	120.8601418	14.16591706	PHL	Philippines	1	PERCENT	Percentage															27.35446		33.83041		30.592435	2015	33.83041	World Bank	
2018.Q2.G.01	SI_COV_SOCAST	Proportion of population covered by social assistance programs (%)	612	-128.3225873	-24.37538456	PCN	Pitcairn	1	PERCENT	Percentage																							
2018.Q2.G.01	SI_COV_SOCAST	Proportion of population covered by social assistance programs (%)	616	19.40660158	52.1226733	POL	Poland	1	PERCENT	Percentage							50.5828	49.32769	47.58559	43.29234	41.08965	39.55377	39.33474	38.75305					38.75305	2012	38.75305	World Bank	
2018.Q2.G.01	SI_COV_SOCAST	Proportion of population covered by social assistance programs (%)	620	-7.961599811	39.68509315	PRT	Portugal	1	PERCENT	Percentage																							
2018.Q2.G.01	SI_COV_SOCAST	Proportion of population covered by social assistance programs (%)	624	-14.40182514	12.11760394	GNB	Guinea-Bissau	1	PERCENT	Percentage																							
2018.Q2.G.01	SI_COV_SOCAST	Proportion of population covered by social assistance programs (%)	626	125.9451052	-8.797497247	TLS	Timor-Leste	1	PERCENT	Percentage									26.26865				35.20903							2011	35.20903	World Bank	
2018.Q2.G.01	SI_COV_SOCAST	Proportion of population covered by social assistance programs (%)	630	-66.47591017	18.22753799	PRI	Puerto Rico	1	PERCENT	Percentage																							
2018.Q2.G.01	SI_COV_SOCAST	Proportion of population covered by social assistance programs (%)	634	51.19152467	25.28355379	QAT	Qatar	1	PERCENT	Percentage																							
2018.Q2.G.01	SI_COV_SOCAST	Proportion of population covered by social assistance programs (%)	638	55.53171398	-21.13183266	REU	Réunion	1	PERCENT	Percentage																							
2018.Q2.G.01	SI_COV_SOCAST	Proportion of population covered by social assistance programs (%)	642	24.98481009	45.83893563	ROU	Romania	1	PERCENT	Percentage										55.41553			62.20367	61.83329					61.83329	2012	61.83329	World Bank	
2018.Q2.G.01	SI_COV_SOCAST	Proportion of population covered by social assistance programs (%)	643	99.01404926	61.61899849	RUS	Russian Federation	1	PERCENT	Percentage									28.16466							68.00464	66.84949	67.89021	67.5814466666667	2016	67.89021	World Bank	
2018.Q2.G.01	SI_COV_SOCAST	Proportion of population covered by social assistance programs (%)	646	29.92310194	-1.999842114	RWA	Rwanda	1	PERCENT	Percentage							1.87244					22.53693			20.08795				20.08795	2013	20.08795	World Bank	
2018.Q2.G.01	SI_COV_SOCAST	Proportion of population covered by social assistance programs (%)	652	-62.83173536	17.89513362	BLM	Saint Barthélemy	1	PERCENT	Percentage																							
2018.Q2.G.01	SI_COV_SOCAST	Proportion of population covered by social assistance programs (%)	654	-5.705752501	-15.96503946	SHN	Saint Helena	1	PERCENT	Percentage																							
2018.Q2.G.01	SI_COV_SOCAST	Proportion of population covered by social assistance programs (%)	659	-62.76628613	17.33994219	KNA	Saint Kitts and Nevis	1	PERCENT	Percentage																							
2018.Q2.G.01	SI_COV_SOCAST	Proportion of population covered by social assistance programs (%)	660	-63.05651612	18.21525315	AIA	Anguilla	1	PERCENT	Percentage																							
2018.Q2.G.01	SI_COV_SOCAST	Proportion of population covered by social assistance programs (%)	662	-60.96529553	13.89405601	LCA	Saint Lucia	1	PERCENT	Percentage																							
2018.Q2.G.01	SI_COV_SOCAST	Proportion of population covered by social assistance programs (%)	663	-63.04505461	18.0882685	MAF	Saint Martin (French Part)	1	PERCENT	Percentage																							
2018.Q2.G.01	SI_COV_SOCAST	Proportion of population covered by social assistance programs (%)	666	-56.33682442	46.85812735	SPM	Saint Pierre and Miquelon	1	PERCENT	Percentage																							
2018.Q2.G.01	SI_COV_SOCAST	Proportion of population covered by social assistance programs (%)	670	-61.19024321	13.24627968	VCT	Saint Vincent and the Grenadines	1	PERCENT	Percentage																							
2018.Q2.G.01	SI_COV_SOCAST	Proportion of population covered by social assistance programs (%)	674	12.46329038	43.93841766	SMR	San Marino	1	PERCENT	Percentage																							
2018.Q2.G.01	SI_COV_SOCAST	Proportion of population covered by social assistance programs (%)	678	6.609772265	0.241554875	STP	Sao Tome and Principe	1	PERCENT	Percentage																							
2018.Q2.G.01	SI_COV_SOCAST	Proportion of population covered by social assistance programs (%)	682	44.54763347	24.12594211	SAU	Saudi Arabia	1	PERCENT	Percentage																							
2018.Q2.G.01	SI_COV_SOCAST	Proportion of population covered by social assistance programs (%)	686	-14.46636926	14.35920905	SEN	Senegal	1	PERCENT	Percentage													8.2371							2011	8.2371	World Bank	
2018.Q2.G.01	SI_COV_SOCAST	Proportion of population covered by social assistance programs (%)	688	20.805876	44.03145697	SRB	Serbia	1	PERCENT	Percentage									11.85203			11.71575			11.72431				11.72431	2013	11.72431	World Bank	
2018.Q2.G.01	SI_COV_SOCAST	Proportion of population covered by social assistance programs (%)	690	55.46561591	-4.678053059	SYC	Seychelles	1	PERCENT	Percentage																							
2018.Q2.G.01	SI_COV_SOCAST	Proportion of population covered by social assistance programs (%)	694	-11.78306584	8.568604164	SLE	Sierra Leone	1	PERCENT	Percentage													30.15577							2011	30.15577	World Bank	
2018.Q2.G.01	SI_COV_SOCAST	Proportion of population covered by social assistance programs (%)	702	103.8107883	1.361009155	SGP	Singapore	1	PERCENT	Percentage																							
2018.Q2.G.01	SI_COV_SOCAST	Proportion of population covered by social assistance programs (%)	703	19.48495604	48.70741446	SVK	Slovakia	1	PERCENT	Percentage											83.19675									2009	83.19675	World Bank	
2018.Q2.G.01	SI_COV_SOCAST	Proportion of population covered by social assistance programs (%)	704	105.802499	10.09643079	VNM	Viet Nam	1	PERCENT	Percentage								26.41926				58.48619		47.71752		17.50683			32.612175	2014	17.50683	World Bank	
2018.Q2.G.01	SI_COV_SOCAST	Proportion of population covered by social assistance programs (%)	705	14.82209486	46.11958061	SVN	Slovenia	1	PERCENT	Percentage																							
2018.Q2.G.01	SI_COV_SOCAST	Proportion of population covered by social assistance programs (%)	706	46.20367477	4.406485729	SOM	Somalia	1	PERCENT	Percentage																							
2018.Q2.G.01	SI_COV_SOCAST	Proportion of population covered by social assistance programs (%)	710	24.67184355	-29.99957544	ZAF	South Africa	1	PERCENT	Percentage							56.58679					60.80928								2010	60.80928	World Bank	
2018.Q2.G.01	SI_COV_SOCAST	Proportion of population covered by social assistance programs (%)	716	29.86909584	-19.00075492	ZWE	Zimbabwe	1	PERCENT	Percentage									19.97842				27.72977							2011	27.72977	World Bank	
2018.Q2.G.01	SI_COV_SOCAST	Proportion of population covered by social assistance programs (%)	724	-3.554078296	40.39211472	ESP	Spain	1	PERCENT	Percentage																							
2018.Q2.G.01	SI_COV_SOCAST	Proportion of population covered by social assistance programs (%)	728	30.32618773	7.290839152	SSD	South Sudan	1	PERCENT	Percentage											6.24151									2009	6.24151	World Bank	
2018.Q2.G.01	SI_COV_SOCAST	Proportion of population covered by social assistance programs (%)	732	-13.13515523	24.66265342	ESH	Western Sahara	1	PERCENT	Percentage																							
2018.Q2.G.01	SI_COV_SOCAST	Proportion of population covered by social assistance programs (%)	736	29.95650159	16.02643066	SDN	Sudan	1	PERCENT	Percentage																							
2018.Q2.G.01	SI_COV_SOCAST	Proportion of population covered by social assistance programs (%)	740	-55.90626394	4.132603197	SUR	Suriname	1	PERCENT	Percentage																							
2018.Q2.G.01	SI_COV_SOCAST	Proportion of population covered by social assistance programs (%)	744	13.38071013	78.82894131	SJM	Svalbard and Jan Mayen Islands	1	PERCENT	Percentage																							
2018.Q2.G.01	SI_COV_SOCAST	Proportion of population covered by social assistance programs (%)	748	31.50149288	-26.56471011	SWZ	Swaziland	1	PERCENT	Percentage		44.35985									51.64929									2009	51.64929	World Bank	
2018.Q2.G.01	SI_COV_SOCAST	Proportion of population covered by social assistance programs (%)	752	14.3775338	60.60103109	SWE	Sweden	1	PERCENT	Percentage																							
2018.Q2.G.01	SI_COV_SOCAST	Proportion of population covered by social assistance programs (%)	756	8.223158	46.96617097	CHE	Switzerland	1	PERCENT	Percentage																							
2018.Q2.G.01	SI_COV_SOCAST	Proportion of population covered by social assistance programs (%)	760	38.50466565	35.01676176	SYR	Syrian Arab Republic (Syria)	1	PERCENT	Percentage																							
2018.Q2.G.01	SI_COV_SOCAST	Proportion of population covered by social assistance programs (%)	762	69.294998	38.43069666	TJK	Tajikistan	1	PERCENT	Percentage													9.74993							2011	9.74993	World Bank	
2018.Q2.G.01	SI_COV_SOCAST	Proportion of population covered by social assistance programs (%)	764	101.0202951	15.13089239	THA	Thailand	1	PERCENT	Percentage								89.55397			92.74956		92.22787		59.31853				59.31853	2013	59.31853	World Bank	
2018.Q2.G.01	SI_COV_SOCAST	Proportion of population covered by social assistance programs (%)	768	0.97835765	8.532096072	TGO	Togo	1	PERCENT	Percentage																							
2018.Q2.G.01	SI_COV_SOCAST	Proportion of population covered by social assistance programs (%)	772	-171.8154473	-9.214545558	TKL	Tokelau	1	PERCENT	Percentage																							
2018.Q2.G.01	SI_COV_SOCAST	Proportion of population covered by social assistance programs (%)	776	-175.1959991	-21.19511329	TON	Tonga	1	PERCENT	Percentage																							
2018.Q2.G.01	SI_COV_SOCAST	Proportion of population covered by social assistance programs (%)	780	-61.29389504	10.41877263	TTO	Trinidad and Tobago	1	PERCENT	Percentage																							
2018.Q2.G.01	SI_COV_SOCAST	Proportion of population covered by social assistance programs (%)	784	53.98279159	23.43322219	ARE	United Arab Emirates	1	PERCENT	Percentage																							
2018.Q2.G.01	SI_COV_SOCAST	Proportion of population covered by social assistance programs (%)	788	9.572737411	34.11439971	TUN	Tunisia	1	PERCENT	Percentage												14.42593								2010	14.42593	World Bank	
2018.Q2.G.01	SI_COV_SOCAST	Proportion of population covered by social assistance programs (%)	792	35.42890329	38.9899684	TUR	Turkey	1	PERCENT	Percentage						32.1072	36.39282	39.76476	41.60528	43.52301	26.11064	26.33693	25.1221	21.22665	16.69057	17.67576			18.5309933333333	2014	17.67576	World Bank	
2018.Q2.G.01	SI_COV_SOCAST	Proportion of population covered by social assistance programs (%)	795	58.9787665	40.0912346	TKM	Turkmenistan	1	PERCENT	Percentage																							
2018.Q2.G.01	SI_COV_SOCAST	Proportion of population covered by social assistance programs (%)	796	-71.745121	21.80780585	TCA	Turks and Caicos Islands	1	PERCENT	Percentage																							
2018.Q2.G.01	SI_COV_SOCAST	Proportion of population covered by social assistance programs (%)	798	178.6679611	-7.460048071	TUV	Tuvalu	1	PERCENT	Percentage																							
2018.Q2.G.01	SI_COV_SOCAST	Proportion of population covered by social assistance programs (%)	800	32.39100438	1.279557331	UGA	Uganda	1	PERCENT	Percentage							9.84116				6.46921			60.47231					60.47231	2012	60.47231	World Bank	
2018.Q2.G.01	SI_COV_SOCAST	Proportion of population covered by social assistance programs (%)	804	31.40270802	49.00735945	UKR	Ukraine	1	PERCENT	Percentage								47.44563					48.98668	49.51679	48.07396				48.795375	2013	48.07396	World Bank	
2018.Q2.G.01	SI_COV_SOCAST	Proportion of population covered by social assistance programs (%)	807	21.7007909	41.60048068	MKD	Macedonia, Republic of	1	PERCENT	Percentage																							
2018.Q2.G.01	SI_COV_SOCAST	Proportion of population covered by social assistance programs (%)	818	29.77468534	26.57438204	EGY	Egypt	1	PERCENT	Percentage										44.87781										2008	44.87781	World Bank	
2018.Q2.G.01	SI_COV_SOCAST	Proportion of population covered by social assistance programs (%)	826	-2.23830539	53.27691757	GBR	United Kingdom	1	PERCENT	Percentage																							
2018.Q2.G.01	SI_COV_SOCAST	Proportion of population covered by social assistance programs (%)	831	-2.200712402	49.71561166	GGY	Guernsey	1	PERCENT	Percentage																							
2018.Q2.G.01	SI_COV_SOCAST	Proportion of population covered by social assistance programs (%)	832	-2.136773508	49.22353354	JEY	Jersey	1	PERCENT	Percentage																							
2018.Q2.G.01	SI_COV_SOCAST	Proportion of population covered by social assistance programs (%)	833	-4.538190305	54.22880901	IMN	Isle of Man	1	PERCENT	Percentage																							
2018.Q2.G.01	SI_COV_SOCAST	Proportion of population covered by social assistance programs (%)	834	34.80521182	-6.265332606	TZA	Tanzania, United Republic of	1	PERCENT	Percentage										9.22982		16.10986		19.77673		10.93517			15.35595	2014	10.93517	World Bank	
2018.Q2.G.01	SI_COV_SOCAST	Proportion of population covered by social assistance programs (%)	840	-99.13830311	39.5277871	USA	United States of America	1	PERCENT	Percentage																							
2018.Q2.G.01	SI_COV_SOCAST	Proportion of population covered by social assistance programs (%)	850	-64.76960113	17.73297693	VIR	United States Virgin Islands	1	PERCENT	Percentage																							
2018.Q2.G.01	SI_COV_SOCAST	Proportion of population covered by social assistance programs (%)	854	-1.742843829	12.27491081	BFA	Burkina Faso	1	PERCENT	Percentage					34.26921											2.28712			2.28712	2014	2.28712	World Bank	
2018.Q2.G.01	SI_COV_SOCAST	Proportion of population covered by social assistance programs (%)	858	-56.01387025	-32.8002838	URY	Uruguay	1	PERCENT	Percentage										48.05973	55.3215	58.74153	57.48321	59.2082					59.2082	2012	59.2082	World Bank	
2018.Q2.G.01	SI_COV_SOCAST	Proportion of population covered by social assistance programs (%)	860	63.11944558	41.77560518	UZB	Uzbekistan	1	PERCENT	Percentage																							
2018.Q2.G.01	SI_COV_SOCAST	Proportion of population covered by social assistance programs (%)	862	-66.15642084	7.121324748	VEN	Venezuela (Bolivarian Republic)	1	PERCENT	Percentage								4.73915												2006	4.73915	World Bank	
2018.Q2.G.01	SI_COV_SOCAST	Proportion of population covered by social assistance programs (%)	876	-176.2034788	-13.28471201	WLF	Wallis and Futuna Islands	1	PERCENT	Percentage																							
2018.Q2.G.01	SI_COV_SOCAST	Proportion of population covered by social assistance programs (%)	882	-172.4430749	-13.61541469	WSM	Samoa	1	PERCENT	Percentage																							
2018.Q2.G.01	SI_COV_SOCAST	Proportion of population covered by social assistance programs (%)	887	45.22389143	15.22242099	YEM	Yemen	1	PERCENT	Percentage							12.57221													2005	12.57221	World Bank	
2018.Q2.G.01	SI_COV_SOCAST	Proportion of population covered by social assistance programs (%)	894	27.850329	-14.59701056	ZMB	Zambia	1	PERCENT	Percentage												0.57081								2010	0.57081	World Bank	
