series.release	series.code	series.description	geoAreaCode	X	Y	ISO3CD	geoAreaName	sliceId	Units	Units description	1990	1991	1992	1993	1994	1995	1996	1997	1998	1999	2000	2001	2002	2003	2004	2005	2006	2007	2008	2009	2010	2011	2012	2013	2014	2015	2016	last.5.years.mean	latest.year	latest.value	latest.source	latest.nature
2018.Q2.G.01	SI_POV_DAY1	Proportion of population below international poverty line (%)	4	66.02688198	33.83160199	AFG	Afghanistan	1	PERCENT	Percentage																																
2018.Q2.G.01	SI_POV_DAY1	Proportion of population below international poverty line (%)	8	20.06660928	41.13897007	ALB	Albania	1	PERCENT	Percentage							1.1						2			1.1			0.4				1.1					1.1	2012	1.1	World Development Indicators database, World Bank	G
2018.Q2.G.01	SI_POV_DAY1	Proportion of population below international poverty line (%)	10	21.47585697	-80.40897662	ATA	Antarctica	1	PERCENT	Percentage																																
2018.Q2.G.01	SI_POV_DAY1	Proportion of population below international poverty line (%)	12	2.678164227	28.15940032	DZA	Algeria	1	PERCENT	Percentage						5.9																0.5							2011	0.5	World Development Indicators database, World Bank	G
2018.Q2.G.01	SI_POV_DAY1	Proportion of population below international poverty line (%)	16	-170.7187269	-14.30587306	ASM	American Samoa	1	PERCENT	Percentage																																
2018.Q2.G.01	SI_POV_DAY1	Proportion of population below international poverty line (%)	20	1.576257417	42.54548611	AND	Andorra	1	PERCENT	Percentage																																
2018.Q2.G.01	SI_POV_DAY1	Proportion of population below international poverty line (%)	24	17.57817062	-12.33724746	AGO	Angola	1	PERCENT	Percentage																			30.1										2008	30.1	World Development Indicators database, World Bank	G
2018.Q2.G.01	SI_POV_DAY1	Proportion of population below international poverty line (%)	28	-61.7999755	17.07761471	ATG	Antigua and Barbuda	1	PERCENT	Percentage																																
2018.Q2.G.01	SI_POV_DAY1	Proportion of population below international poverty line (%)	31	50.01064725	40.39229544	AZE	Azerbaijan	1	PERCENT	Percentage						7.3						2.7	0	0	0	0													2005	0	World Development Indicators database, World Bank	G
2018.Q2.G.01	SI_POV_DAY1	Proportion of population below international poverty line (%)	32	-65.14563274	-35.19446255	ARG	Argentina	1	PERCENT	Percentage		1.1	2.1	2.4	2.3	4.1	4.6	4.1	4.6	4.8	5.7	9.4	14	7	5.4	3.9	3.3	2.9	2.6	2.6	1.1	0.9	0.8	0.8	0.7		0.6	0.725	2016	0.6	World Development Indicators database, World Bank	G
2018.Q2.G.01	SI_POV_DAY1	Proportion of population below international poverty line (%)	36	134.3499412	-25.57717202	AUS	Australia	1	PERCENT	Percentage						1						0.7		1					0.4		0.3								2010	0.3	World Development Indicators database, World Bank	G
2018.Q2.G.01	SI_POV_DAY1	Proportion of population below international poverty line (%)	40	14.14172472	47.58704857	AUT	Austria	1	PERCENT	Percentage														0.2	0	0.2	0	0.5	0.5	0.5	0.5	0.5	0.5	0.2	0.2	0.7		0.4	2015	0.7	World Development Indicators database, World Bank	G
2018.Q2.G.01	SI_POV_DAY1	Proportion of population below international poverty line (%)	44	-78.05111663	24.69546597	BHS	Bahamas	1	PERCENT	Percentage																																
2018.Q2.G.01	SI_POV_DAY1	Proportion of population below international poverty line (%)	48	50.5490754	26.04407747	BHR	Bahrain	1	PERCENT	Percentage																																
2018.Q2.G.01	SI_POV_DAY1	Proportion of population below international poverty line (%)	50	89.17660788	22.86961622	BGD	Bangladesh	1	PERCENT	Percentage		44.2				35.7					34.8					25.7					19.6						14.8	14.8	2016	14.8	World Development Indicators database, World Bank	G
2018.Q2.G.01	SI_POV_DAY1	Proportion of population below international poverty line (%)	51	44.93839317	40.29499741	ARM	Armenia	1	PERCENT	Percentage										16.9		19.3	15.1	11.4	7.9	4.4	3.2	2.8	1.4	1.9	1.9	2.2	1.6	2.2	2.3	1.9	1.8	1.96	2016	1.8	World Development Indicators database, World Bank	G
2018.Q2.G.01	SI_POV_DAY1	Proportion of population below international poverty line (%)	52	-59.5346489	13.13648273	BRB	Barbados	1	PERCENT	Percentage																																
2018.Q2.G.01	SI_POV_DAY1	Proportion of population below international poverty line (%)	56	4.660976456	50.64104975	BEL	Belgium	1	PERCENT	Percentage														0.2	0	0.2	0.2	0.2	0	0	0.2	0.2	0.2	0.2	0	0		0.1	2015	0	World Development Indicators database, World Bank	G
2018.Q2.G.01	SI_POV_DAY1	Proportion of population below international poverty line (%)	60	-64.78155012	32.27881922	BMU	Bermuda	1	PERCENT	Percentage																																
2018.Q2.G.01	SI_POV_DAY1	Proportion of population below international poverty line (%)	64	90.45098484	27.39598568	BTN	Bhutan	1	PERCENT	Percentage														35.2				8					2.2					2.2	2012	2.2	World Development Indicators database, World Bank	G
2018.Q2.G.01	SI_POV_DAY1	Proportion of population below international poverty line (%)	68	-64.66224284	-16.71273412	BOL	Bolivia (Plurinational State of)	1	PERCENT	Percentage	7.1							19.3		25.3	28.6	22.8	24.7		13.7	19.3	16.4	12.4	11.1	10.5		7.3	8.2	6.9	5.8	6.4	7.1	6.88	2016	7.1	World Development Indicators database, World Bank	G
2018.Q2.G.01	SI_POV_DAY1	Proportion of population below international poverty line (%)	70	17.78584332	44.16845548	BIH	Bosnia and Herzegovina	1	PERCENT	Percentage												0.3			0.2			0.1				0.1				0.2		0.2	2015	0.2	World Development Indicators database, World Bank	G
2018.Q2.G.01	SI_POV_DAY1	Proportion of population below international poverty line (%)	72	23.81380223	-22.18810073	BWA	Botswana	1	PERCENT	Percentage				34.8									29.8							18.2									2009	18.2	World Development Indicators database, World Bank	G
2018.Q2.G.01	SI_POV_DAY1	Proportion of population below international poverty line (%)	74	3.410732868	-54.43295905	BVT	Bouvet Island	1	PERCENT	Percentage																																
2018.Q2.G.01	SI_POV_DAY1	Proportion of population below international poverty line (%)	76	-53.08432878	-10.77668561	BRA	Brazil	1	PERCENT	Percentage	21.6		20.9	19.9		13	14.2	14	12.7	13.4		11.6	10.3	11.1	9.7	8.6	7.2	6.8	5.6	5.4		4.7	3.8	3.8	2.8	3.4		3.45	2015	3.4	World Development Indicators database, World Bank	G
2018.Q2.G.01	SI_POV_DAY1	Proportion of population below international poverty line (%)	84	-88.70199554	17.19965901	BLZ	Belize	1	PERCENT	Percentage				10.1	9.7		12.7	16.4	14.4	13.9																			1999	13.9	World Development Indicators database, World Bank	G
2018.Q2.G.01	SI_POV_DAY1	Proportion of population below international poverty line (%)	86	72.38715553	-7.299281071	IOT	British Indian Ocean Territory	1	PERCENT	Percentage																																
2018.Q2.G.01	SI_POV_DAY1	Proportion of population below international poverty line (%)	90	160.1584117	-9.622391719	SLB	Solomon Islands	1	PERCENT	Percentage																45.6								25.1				25.1	2013	25.1	World Development Indicators database, World Bank	G
2018.Q2.G.01	SI_POV_DAY1	Proportion of population below international poverty line (%)	92	-64.63294223	18.42256578	VGB	British Virgin Islands	1	PERCENT	Percentage																																
2018.Q2.G.01	SI_POV_DAY1	Proportion of population below international poverty line (%)	96	114.6288563	4.49736984	BRN	Brunei Darussalam	1	PERCENT	Percentage																																
2018.Q2.G.01	SI_POV_DAY1	Proportion of population below international poverty line (%)	100	25.23763153	42.75731323	BGR	Bulgaria	1	PERCENT	Percentage			0														5.5	1.7	1.2	1.2	2	2.2	2	1.7	1.5			1.73333333333333	2014	1.5	World Development Indicators database, World Bank	G
2018.Q2.G.01	SI_POV_DAY1	Proportion of population below international poverty line (%)	104	96.51752295	21.19332882	MMR	Myanmar	1	PERCENT	Percentage																										6.4		6.4	2015	6.4	World Development Indicators database, World Bank	G
2018.Q2.G.01	SI_POV_DAY1	Proportion of population below international poverty line (%)	108	29.89080992	-3.366387428	BDI	Burundi	1	PERCENT	Percentage			81.1						84.1								77.7							71.7				71.7	2013	71.7	World Development Indicators database, World Bank	G
2018.Q2.G.01	SI_POV_DAY1	Proportion of population below international poverty line (%)	112	28.04940161	53.54193075	BLR	Belarus	1	PERCENT	Percentage									11.5	10.4	7.1	3.2	2	1.4	0.3	0.4	0.1	0.1	0	0	0	0	0	0	0	0	0	0	2016	0	World Development Indicators database, World Bank	G
2018.Q2.G.01	SI_POV_DAY1	Proportion of population below international poverty line (%)	116	104.922836	12.71163737	KHM	Cambodia	1	PERCENT	Percentage																																
2018.Q2.G.01	SI_POV_DAY1	Proportion of population below international poverty line (%)	120	12.7419827	5.692387031	CMR	Cameroon	1	PERCENT	Percentage							48.1					23.1						29.3							23.8			23.8	2014	23.8	World Development Indicators database, World Bank	G
2018.Q2.G.01	SI_POV_DAY1	Proportion of population below international poverty line (%)	124	-101.6575058	57.72360191	CAN	Canada	1	PERCENT	Percentage		0.3			0.3			0.3	0.3		0.3				0.3			0.3			0.4			0.3				0.3	2013	0.3	World Development Indicators database, World Bank	G
2018.Q2.G.01	SI_POV_DAY1	Proportion of population below international poverty line (%)	132	-23.63544151	15.07791834	CPV	Cabo Verde	1	PERCENT	Percentage												16						8.1											2007	8.1	World Development Indicators database, World Bank	G
2018.Q2.G.01	SI_POV_DAY1	Proportion of population below international poverty line (%)	136	-81.16740559	19.32266656	CYM	Cayman Islands	1	PERCENT	Percentage																																
2018.Q2.G.01	SI_POV_DAY1	Proportion of population below international poverty line (%)	140	20.93559492	7.003720791	CAF	Central African Republic	1	PERCENT	Percentage			84.3											64.8					66.3										2008	66.3	World Development Indicators database, World Bank	G
2018.Q2.G.01	SI_POV_DAY1	Proportion of population below international poverty line (%)	144	80.70489654	7.614693343	LKA	Sri Lanka	1	PERCENT	Percentage	8.7					8.8							8.3				3.8			2.4			1.9				0.7	1.3	2016	0.7	World Development Indicators database, World Bank	G
2018.Q2.G.01	SI_POV_DAY1	Proportion of population below international poverty line (%)	148	18.66618401	15.36279341	TCD	Chad	1	PERCENT	Percentage														62.9								38.4							2011	38.4	World Development Indicators database, World Bank	G
2018.Q2.G.01	SI_POV_DAY1	Proportion of population below international poverty line (%)	152	-71.23029019	-35.2652885	CHL	Chile	1	PERCENT	Percentage	7.9		4.6		4.9		3.4		3.5		4.3			4			2.3			2.6		1.6		0.9		1.3		1.1	2015	1.3	World Development Indicators database, World Bank	G
2018.Q2.G.01	SI_POV_DAY1	Proportion of population below international poverty line (%)	156	104.1403375	32.30955217	CHN	China	1	PERCENT	Percentage	66.6			57			42			40.5			31.9			18.7			14.7		11.2	7.9	6.5	1.9	1.4			3.26666666666667	2014	1.4	World Development Indicators database, World Bank	G
2018.Q2.G.01	SI_POV_DAY1	Proportion of population below international poverty line (%)	162	105.6426067	-10.4882473	CXR	Christmas Island	1	PERCENT	Percentage																																
2018.Q2.G.01	SI_POV_DAY1	Proportion of population below international poverty line (%)	166	96.82633757	-12.18600682	CCK	Cocos (Keeling) Islands	1	PERCENT	Percentage																																
2018.Q2.G.01	SI_POV_DAY1	Proportion of population below international poverty line (%)	170	-73.07446751	3.888209046	COL	Colombia	1	PERCENT	Percentage			8.9				16.5			20.1	16.4	19.7	14.3	12	10.9	9.7			10.4	9	7.8	6.4	6.3	5.7	5	4.5	4.5	5.2	2016	4.5	World Development Indicators database, World Bank	G
2018.Q2.G.01	SI_POV_DAY1	Proportion of population below international poverty line (%)	174	43.34234565	-11.66121732	COM	Comoros	1	PERCENT	Percentage															13.5									18.1				18.1	2013	18.1	World Development Indicators database, World Bank	G
2018.Q2.G.01	SI_POV_DAY1	Proportion of population below international poverty line (%)	175	45.14015057	-12.82217691	MYT	Mayotte	1	PERCENT	Percentage																																
2018.Q2.G.01	SI_POV_DAY1	Proportion of population below international poverty line (%)	178	15.22052612	-0.840544119	COG	Congo	1	PERCENT	Percentage																51.6						37							2011	37	World Development Indicators database, World Bank	G
2018.Q2.G.01	SI_POV_DAY1	Proportion of population below international poverty line (%)	180	23.65496507	-2.877154732	COD	Democratic Republic of the Congo	1	PERCENT	Percentage															94.1								77.1					77.1	2012	77.1	World Development Indicators database, World Bank	G
2018.Q2.G.01	SI_POV_DAY1	Proportion of population below international poverty line (%)	184	-159.7711391	-21.22696458	COK	Cook Islands	1	PERCENT	Percentage																																
2018.Q2.G.01	SI_POV_DAY1	Proportion of population below international poverty line (%)	188	-84.19712782	9.970998683	CRI	Costa Rica	1	PERCENT	Percentage	9.9	11.7	9.6	8	6.6	6.9	8	6.5	5.1	6.4	6.5	4.7	4.5	4.4	4.3	3.1	3.2	1.7	2.2	2.4	1.5	1.6	1.6	1.6	1.4	1.5	1.3	1.48	2016	1.3	World Development Indicators database, World Bank	G
2018.Q2.G.01	SI_POV_DAY1	Proportion of population below international poverty line (%)	191	17.95874553	45.45172212	HRV	Croatia	1	PERCENT	Percentage																				1	1.2	0.7	0.7	0.7	1	0.7		0.775	2015	0.7	World Development Indicators database, World Bank	G
2018.Q2.G.01	SI_POV_DAY1	Proportion of population below international poverty line (%)	192	-79.54460144	22.10030366	CUB	Cuba	1	PERCENT	Percentage																																
2018.Q2.G.01	SI_POV_DAY1	Proportion of population below international poverty line (%)	196	33.22285964	35.05659437	CYP	Cyprus	1	PERCENT	Percentage															0	0	0	0	0	0	0	0	0	0	0	0		0	2015	0	World Development Indicators database, World Bank	G
2018.Q2.G.01	SI_POV_DAY1	Proportion of population below international poverty line (%)	203	15.33151382	49.73913871	CZE	Czechia	1	PERCENT	Percentage				0			0.2								0	0	0	0	0	0	0	0	0	0	0	0		0	2015	0	World Development Indicators database, World Bank	G
2018.Q2.G.01	SI_POV_DAY1	Proportion of population below international poverty line (%)	204	2.339933594	9.65401646	BEN	Benin	1	PERCENT	Percentage														48.8								53.1				49.6		49.6	2015	49.6	World Development Indicators database, World Bank	G
2018.Q2.G.01	SI_POV_DAY1	Proportion of population below international poverty line (%)	208	9.326571283	56.03829721	DNK	Denmark	1	PERCENT	Percentage														0.2	0.2	0.2	0.2	0	0.2	0.5	0	0	0	0.2	0.2	0.2		0.15	2015	0.2	World Development Indicators database, World Bank	G
2018.Q2.G.01	SI_POV_DAY1	Proportion of population below international poverty line (%)	212	-61.3493756	15.43391378	DMA	Dominica	1	PERCENT	Percentage																																
2018.Q2.G.01	SI_POV_DAY1	Proportion of population below international poverty line (%)	214	-70.49847576	18.89832088	DOM	Dominican Republic	1	PERCENT	Percentage			5.3				4.9	5.2			5.5	4	6	6.9	8.8	5.8	4.5	4.5	3.8	3.3	2.6	2.9	2.7	2.4	2.3	1.9	1.6	2.18	2016	1.6	World Development Indicators database, World Bank	G
2018.Q2.G.01	SI_POV_DAY1	Proportion of population below international poverty line (%)	218	-78.37005241	-1.447785891	ECU	Ecuador	1	PERCENT	Percentage					17.1				15.7	21.8	28.2			14.5	15	12.1	8.1	8.5	7.5	7.2	5.6	4.7	4.5	3.2	2.6	3.4	3.6	3.46	2016	3.6	World Development Indicators database, World Bank	G
2018.Q2.G.01	SI_POV_DAY1	Proportion of population below international poverty line (%)	222	-88.86862995	13.73603564	SLV	El Salvador	1	PERCENT	Percentage		20.7				12.5	14.1		20	16.3	12.2	13.5	14	14.8	10.9	10.4	6.9	4.5	6.7	6.4	5.5	4.5	4.1	3.2	3	1.9	2.2	2.88	2016	2.2	World Development Indicators database, World Bank	G
2018.Q2.G.01	SI_POV_DAY1	Proportion of population below international poverty line (%)	226	10.46535826	1.565792376	GNQ	Equatorial Guinea	1	PERCENT	Percentage																																
2018.Q2.G.01	SI_POV_DAY1	Proportion of population below international poverty line (%)	231	39.63505296	8.631223181	ETH	Ethiopia	1	PERCENT	Percentage						67.1				55.5					36.4						33.6					26.7		26.7	2015	26.7	World Development Indicators database, World Bank	G
2018.Q2.G.01	SI_POV_DAY1	Proportion of population below international poverty line (%)	232	38.11074289	16.12894644	ERI	Eritrea	1	PERCENT	Percentage																																
2018.Q2.G.01	SI_POV_DAY1	Proportion of population below international poverty line (%)	233	25.84093481	58.68487172	EST	Estonia	1	PERCENT	Percentage				1.3										2.5	1	0.7	0.7	0.5	0.5	0.5	0.7	1	0.7	1	0.7	0.5		0.725	2015	0.5	World Development Indicators database, World Bank	G
2018.Q2.G.01	SI_POV_DAY1	Proportion of population below international poverty line (%)	234	-7.122044325	62.21228119	FRO	Faroe Islands	1	PERCENT	Percentage																																
2018.Q2.G.01	SI_POV_DAY1	Proportion of population below international poverty line (%)	238	-58.75246778	-51.74562601	FLK	Falkland Islands (Malvinas)	1	PERCENT	Percentage																																
2018.Q2.G.01	SI_POV_DAY1	Proportion of population below international poverty line (%)	239	-36.90662765	-54.20736749	SGS	South Georgia and the South Sandwich Islands	1	PERCENT	Percentage																																
2018.Q2.G.01	SI_POV_DAY1	Proportion of population below international poverty line (%)	242	177.9660884	-17.83301566	FJI	Fiji	1	PERCENT	Percentage													4.9						3.5					1.4				1.4	2013	1.4	World Development Indicators database, World Bank	G
2018.Q2.G.01	SI_POV_DAY1	Proportion of population below international poverty line (%)	246	23.308447	61.91586738	FIN	Finland	1	PERCENT	Percentage														0	0	0	0	0	0	0	0	0	0	0	0	0		0	2015	0	World Development Indicators database, World Bank	G
2018.Q2.G.01	SI_POV_DAY1	Proportion of population below international poverty line (%)	248	19.80945969	60.1544901	ALA	Åland Islands	1	PERCENT	Percentage																																
2018.Q2.G.01	SI_POV_DAY1	Proportion of population below international poverty line (%)	250	2.457288129	46.62660861	FRA	France	1	PERCENT	Percentage														0	0	0	0	0	0	0	0	0	0	0	0	0		0	2015	0	World Development Indicators database, World Bank	G
2018.Q2.G.01	SI_POV_DAY1	Proportion of population below international poverty line (%)	254	-53.23619089	3.922673437	GUF	French Guiana	1	PERCENT	Percentage																																
2018.Q2.G.01	SI_POV_DAY1	Proportion of population below international poverty line (%)	258	-149.4052367	-17.67709294	PYF	French Polynesia	1	PERCENT	Percentage																																
2018.Q2.G.01	SI_POV_DAY1	Proportion of population below international poverty line (%)	260	69.64849091	-49.6068576	ATF	French Southern Territories	1	PERCENT	Percentage																																
2018.Q2.G.01	SI_POV_DAY1	Proportion of population below international poverty line (%)	262	42.18274707	11.56004161	DJI	Djibouti	1	PERCENT	Percentage													20.6										18.3	22.5				20.4	2013	22.5	World Development Indicators database, World Bank	G
2018.Q2.G.01	SI_POV_DAY1	Proportion of population below international poverty line (%)	266	11.78727747	-0.60687619	GAB	Gabon	1	PERCENT	Percentage																8													2005	8	World Development Indicators database, World Bank	G
2018.Q2.G.01	SI_POV_DAY1	Proportion of population below international poverty line (%)	268	43.3713615	42.04813028	GEO	Georgia	1	PERCENT	Percentage							6	17.6	15.7	19.9	21	20.9	11.5	11.6	11.3	12.1	11.6	13.3	12.4	10.4	13.3	11.6	9	6.9	5.3	4	4.2	5.88	2016	4.2	World Development Indicators database, World Bank	G
2018.Q2.G.01	SI_POV_DAY1	Proportion of population below international poverty line (%)	270	-15.39944785	13.45295927	GMB	Gambia	1	PERCENT	Percentage									70.5					45.3							25.1					10.1		10.1	2015	10.1	World Development Indicators database, World Bank	G
2018.Q2.G.01	SI_POV_DAY1	Proportion of population below international poverty line (%)	275	35.25694122	31.94347933	PSE	State of Palestine	1	PERCENT	Percentage															1.1	0.9	0.3	1.5		0.3	0.2	0.2							2011	0.2	World Development Indicators database, World Bank	G
2018.Q2.G.01	SI_POV_DAY1	Proportion of population below international poverty line (%)	276	10.3806066	51.08862743	DEU	Germany	1	PERCENT	Percentage		0			0.3						0	0			0		0	0			0	0		0		0		0	2015	0	World Development Indicators database, World Bank	G
2018.Q2.G.01	SI_POV_DAY1	Proportion of population below international poverty line (%)	288	-1.205623522	7.964825185	GHA	Ghana	1	PERCENT	Percentage		49.8							35.7							24.5							12					12	2012	12	World Development Indicators database, World Bank	G
2018.Q2.G.01	SI_POV_DAY1	Proportion of population below international poverty line (%)	292	-5.347561686	36.13895036	GIB	Gibraltar	1	PERCENT	Percentage																																
2018.Q2.G.01	SI_POV_DAY1	Proportion of population below international poverty line (%)	296	-157.5643005	1.768837732	KIR	Kiribati	1	PERCENT	Percentage																	12.9												2006	12.9	World Development Indicators database, World Bank	G
2018.Q2.G.01	SI_POV_DAY1	Proportion of population below international poverty line (%)	300	22.58307827	39.47301873	GRC	Greece	1	PERCENT	Percentage														0.5	0.7	0.2	0.5	0.5	0.5	0.5	1	1.2	1.5	1	1.5	1.5		1.375	2015	1.5	World Development Indicators database, World Bank	G
2018.Q2.G.01	SI_POV_DAY1	Proportion of population below international poverty line (%)	304	-41.39371316	74.75625681	GRL	Greenland	1	PERCENT	Percentage																																
2018.Q2.G.01	SI_POV_DAY1	Proportion of population below international poverty line (%)	308	-61.68248568	12.11238395	GRD	Grenada	1	PERCENT	Percentage																																
2018.Q2.G.01	SI_POV_DAY1	Proportion of population below international poverty line (%)	312	-61.64762115	16.14416917	GLP	Guadeloupe	1	PERCENT	Percentage																																
2018.Q2.G.01	SI_POV_DAY1	Proportion of population below international poverty line (%)	316	144.7029305	13.35485404	GUM	Guam	1	PERCENT	Percentage																																
2018.Q2.G.01	SI_POV_DAY1	Proportion of population below international poverty line (%)	320	-91.2312746	15.00273719	GTM	Guatemala	1	PERCENT	Percentage									13.4		9.2						11.1								8.7			8.7	2014	8.7	World Development Indicators database, World Bank	G
2018.Q2.G.01	SI_POV_DAY1	Proportion of population below international poverty line (%)	324	-11.28173419	11.00210343	GIN	Guinea	1	PERCENT	Percentage		92.3			48.5								61.6					59.7					35.3					35.3	2012	35.3	World Development Indicators database, World Bank	G
2018.Q2.G.01	SI_POV_DAY1	Proportion of population below international poverty line (%)	328	-58.97322037	4.788012784	GUY	Guyana	1	PERCENT	Percentage			32.7						14																				1998	14	World Development Indicators database, World Bank	G
2018.Q2.G.01	SI_POV_DAY1	Proportion of population below international poverty line (%)	332	-72.33640958	18.40426539	HTI	Haiti	1	PERCENT	Percentage																							23.5					23.5	2012	23.5	World Development Indicators database, World Bank	G
2018.Q2.G.01	SI_POV_DAY1	Proportion of population below international poverty line (%)	334	73.52633626	-53.09106147	HMD	Heard Island and McDonald Islands	1	PERCENT	Percentage																																
2018.Q2.G.01	SI_POV_DAY1	Proportion of population below international poverty line (%)	336	12.45315803	41.90343751	VAT	Holy See	1	PERCENT	Percentage																																
2018.Q2.G.01	SI_POV_DAY1	Proportion of population below international poverty line (%)	340	-86.59974381	14.82243161	HND	Honduras	1	PERCENT	Percentage	44.3	33.4	28.7	23.6	26.7	27.7	30.4	21.2	25.9	26.5		20.6	23.4	28.1	27.2	26.5	22.5	17.2	16.5	13.8	15	17.1	19.6	17.3	15.9	16.2	16	17	2016	16	World Development Indicators database, World Bank	G
2018.Q2.G.01	SI_POV_DAY1	Proportion of population below international poverty line (%)	344	114.0266445	22.41749934	HKG	China, Hong Kong Special Administrative Region	1	PERCENT	Percentage																																
2018.Q2.G.01	SI_POV_DAY1	Proportion of population below international poverty line (%)	348	19.41221519	47.1651448	HUN	Hungary	1	PERCENT	Percentage				0.2											0.2	0.7	0.2	0	0	0	0	0	0.2	0.2	0.7	0.5		0.4	2015	0.5	World Development Indicators database, World Bank	G
2018.Q2.G.01	SI_POV_DAY1	Proportion of population below international poverty line (%)	352	-19.02116966	64.79134763	ISL	Iceland	1	PERCENT	Percentage														0	0.2	0	0.2	0	0	0	0.2	0.2	0	0	0			0	2014	0	World Development Indicators database, World Bank	G
2018.Q2.G.01	SI_POV_DAY1	Proportion of population below international poverty line (%)	356	79.3608464	22.34642074	IND	India	1	PERCENT	Percentage				45.9											38.2					31.1		21.2							2011	21.2	World Development Indicators database, World Bank	G
2018.Q2.G.01	SI_POV_DAY1	Proportion of population below international poverty line (%)	360	113.9174	-0.994582204	IDN	Indonesia	1	PERCENT	Percentage	58.8			58.5			47.4		66.6	41.7	39.3	35.5	23	22.6	23.9	21.1	27.4	22.5	21.4	18.2	15.7	13.3	11.7	9.4	7.9	7.2	6.5	8.54	2016	6.5	World Development Indicators database, World Bank	G
2018.Q2.G.01	SI_POV_DAY1	Proportion of population below international poverty line (%)	364	54.19766348	32.74370885	IRN	Iran (Islamic Republic of)	1	PERCENT	Percentage	6				3.2				2.6							0.4	0.4			1				0.1	0.2			0.15	2014	0.2	World Development Indicators database, World Bank	G
2018.Q2.G.01	SI_POV_DAY1	Proportion of population below international poverty line (%)	368	43.76606267	33.05013795	IRQ	Iraq	1	PERCENT	Percentage																	2.1						2.5					2.5	2012	2.5	World Development Indicators database, World Bank	G
2018.Q2.G.01	SI_POV_DAY1	Proportion of population below international poverty line (%)	372	-7.121425272	53.25274054	IRL	Ireland	1	PERCENT	Percentage														0.2	0	0	0.1	0	0.2	0.5	0.5	0.5	0.2	0.7	0.5			0.466666666666667	2014	0.5	World Development Indicators database, World Bank	G
2018.Q2.G.01	SI_POV_DAY1	Proportion of population below international poverty line (%)	376	34.62277992	31.06164552	ISR	Israel	1	PERCENT	Percentage			0					0.4				0.4				0.7		0.4			0.4		0.7					0.7	2012	0.7	World Development Indicators database, World Bank	G
2018.Q2.G.01	SI_POV_DAY1	Proportion of population below international poverty line (%)	380	12.57022427	42.79917282	ITA	Italy	1	PERCENT	Percentage														0.7	0.7	0.7	0.7	0.7	0.7	1	1.2	1.2	1.2	1.4	1.2			1.26666666666667	2014	1.2	World Development Indicators database, World Bank	G
2018.Q2.G.01	SI_POV_DAY1	Proportion of population below international poverty line (%)	384	-5.552690016	7.62211586	CIV	Côte d'Ivoire	1	PERCENT	Percentage			22.4			19.6			25.8				23.2						29.1							28.2		28.2	2015	28.2	World Development Indicators database, World Bank	G
2018.Q2.G.01	SI_POV_DAY1	Proportion of population below international poverty line (%)	388	-77.31068409	18.15616857	JAM	Jamaica	1	PERCENT	Percentage	4.6			9.8			3.4			2.6			2.8		1.7														2004	1.7	World Development Indicators database, World Bank	G
2018.Q2.G.01	SI_POV_DAY1	Proportion of population below international poverty line (%)	392	139.2716103	36.6554539	JPN	Japan	1	PERCENT	Percentage																			0.3										2008	0.3	World Development Indicators database, World Bank	G
2018.Q2.G.01	SI_POV_DAY1	Proportion of population below international poverty line (%)	398	66.65359159	48.01963494	KAZ	Kazakhstan	1	PERCENT	Percentage							6.3					10.5	6.9	4.6	2.3	6.9	0.6	0.3	0.1	0.2	0.1	0	0	0	0	0		0	2015	0	World Development Indicators database, World Bank	G
2018.Q2.G.01	SI_POV_DAY1	Proportion of population below international poverty line (%)	400	37.13024774	30.65365973	JOR	Jordan	1	PERCENT	Percentage			2.6					1.4					0.9				0.3		0.1		0.1								2010	0.1	World Development Indicators database, World Bank	G
2018.Q2.G.01	SI_POV_DAY1	Proportion of population below international poverty line (%)	404	37.86096816	0.534797278	KEN	Kenya	1	PERCENT	Percentage			31		27.3			31.5								42.8													2005	42.8	World Development Indicators database, World Bank	G
2018.Q2.G.01	SI_POV_DAY1	Proportion of population below international poverty line (%)	408	127.1803633	40.1462645	PRK	Democratic People's Republic of Korea	1	PERCENT	Percentage																																
2018.Q2.G.01	SI_POV_DAY1	Proportion of population below international poverty line (%)	410	127.8610254	36.45201023	KOR	Republic of Korea	1	PERCENT	Percentage																	0.3		0.3		0.3		0.3					0.3	2012	0.3	World Development Indicators database, World Bank	G
2018.Q2.G.01	SI_POV_DAY1	Proportion of population below international poverty line (%)	414	47.49305029	29.53949468	KWT	Kuwait	1	PERCENT	Percentage																																
2018.Q2.G.01	SI_POV_DAY1	Proportion of population below international poverty line (%)	417	74.52324839	41.46204516	KGZ	Kyrgyzstan	1	PERCENT	Percentage									30.6		42.2	36.4	34.2	28.1	13.6	15.4	9.9	9.9	4	2.1	4.1	1.8	2.9	3.3	1.3	2.5	1.4	2.28	2016	1.4	World Development Indicators database, World Bank	G
2018.Q2.G.01	SI_POV_DAY1	Proportion of population below international poverty line (%)	418	101.9901968	20.27482773	LAO	Lao People's Democratic Republic	1	PERCENT	Percentage			32.6					52.4					33.8					27					22.7					22.7	2012	22.7	World Development Indicators database, World Bank	G
2018.Q2.G.01	SI_POV_DAY1	Proportion of population below international poverty line (%)	422	35.89391711	33.92152458	LBN	Lebanon	1	PERCENT	Percentage																						0							2011	0	World Development Indicators database, World Bank	G
2018.Q2.G.01	SI_POV_DAY1	Proportion of population below international poverty line (%)	426	28.25362195	-29.58041814	LSO	Lesotho	1	PERCENT	Percentage					69.6								61.3								59.6								2010	59.6	World Development Indicators database, World Bank	G
2018.Q2.G.01	SI_POV_DAY1	Proportion of population below international poverty line (%)	428	26.42461876	56.64196636	LVA	Latvia	1	PERCENT	Percentage				0		0	1.6								2.5	2.2	1.5	0.5	1.2	1.7	1.7	1	1	1.2	0.7	0.7		0.9	2015	0.7	World Development Indicators database, World Bank	G
2018.Q2.G.01	SI_POV_DAY1	Proportion of population below international poverty line (%)	430	-9.311879038	6.448381009	LBR	Liberia	1	PERCENT	Percentage																		68.6							38.6			38.6	2014	38.6	World Development Indicators database, World Bank	G
2018.Q2.G.01	SI_POV_DAY1	Proportion of population below international poverty line (%)	434	18.0295985	27.04042819	LBY	Libya	1	PERCENT	Percentage																																
2018.Q2.G.01	SI_POV_DAY1	Proportion of population below international poverty line (%)	438	9.552985019	47.14167005	LIE	Liechtenstein	1	PERCENT	Percentage																																
2018.Q2.G.01	SI_POV_DAY1	Proportion of population below international poverty line (%)	440	23.90517807	55.33680309	LTU	Lithuania	1	PERCENT	Percentage				7											2.7	1.7	1.5	1.2	1.5	2.2	1.5	0.7	1	0.7	1.2	0.7		0.9	2015	0.7	World Development Indicators database, World Bank	G
2018.Q2.G.01	SI_POV_DAY1	Proportion of population below international poverty line (%)	442	6.092656563	49.77679538	LUX	Luxembourg	1	PERCENT	Percentage														0	0	0	0	0	0	0	0	0	0	0.1	0.2			0.1	2014	0.2	World Development Indicators database, World Bank	G
2018.Q2.G.01	SI_POV_DAY1	Proportion of population below international poverty line (%)	446	113.5665388	22.1237259	MAC	China, Macao Special Administrative Region	1	PERCENT	Percentage																																
2018.Q2.G.01	SI_POV_DAY1	Proportion of population below international poverty line (%)	450	46.6982339	-19.38514785	MDG	Madagascar	1	PERCENT	Percentage				68.9				65.4		63.9		68.7				72					78.5		77.6					77.6	2012	77.6	World Development Indicators database, World Bank	G
2018.Q2.G.01	SI_POV_DAY1	Proportion of population below international poverty line (%)	454	33.4884625	-13.40819859	MWI	Malawi	1	PERCENT	Percentage								62.8							72.8						71.4								2010	71.4	World Development Indicators database, World Bank	G
2018.Q2.G.01	SI_POV_DAY1	Proportion of population below international poverty line (%)	458	116.8346314	5.452415309	MYS	Malaysia	1	PERCENT	Percentage			1.3			1.8		0.4							0.4			0.5		0.3									2009	0.3	World Development Indicators database, World Bank	G
2018.Q2.G.01	SI_POV_DAY1	Proportion of population below international poverty line (%)	462	73.09672546	-0.614385021	MDV	Maldives	1	PERCENT	Percentage													10							7.3									2009	7.3	World Development Indicators database, World Bank	G
2018.Q2.G.01	SI_POV_DAY1	Proportion of population below international poverty line (%)	466	-3.522016039	17.35311254	MLI	Mali	1	PERCENT	Percentage					85.1							58.5					51.3			49.7									2009	49.7	World Development Indicators database, World Bank	G
2018.Q2.G.01	SI_POV_DAY1	Proportion of population below international poverty line (%)	470	14.44617519	35.89194275	MLT	Malta	1	PERCENT	Percentage																	0.5	0.5	0.2	0.5	0.2	0.2	0.2	0	0			0.0666666666666667	2014	0	World Development Indicators database, World Bank	G
2018.Q2.G.01	SI_POV_DAY1	Proportion of population below international poverty line (%)	474	-60.91544135	14.56086108	MTQ	Martinique	1	PERCENT	Percentage																																
2018.Q2.G.01	SI_POV_DAY1	Proportion of population below international poverty line (%)	478	-10.33187259	20.26089546	MRT	Mauritania	1	PERCENT	Percentage				41.2		20.6					19.6				14.4				10.8						6			6	2014	6	World Development Indicators database, World Bank	G
2018.Q2.G.01	SI_POV_DAY1	Proportion of population below international poverty line (%)	480	57.568022	-20.28581998	MUS	Mauritius	1	PERCENT	Percentage																	0.4						0.5					0.5	2012	0.5	World Development Indicators database, World Bank	G
2018.Q2.G.01	SI_POV_DAY1	Proportion of population below international poverty line (%)	484	-102.5148166	23.93378032	MEX	Mexico	1	PERCENT	Percentage			7.7		6.6		11.2		11.2		8.9		6.6		5.2	6.2	3.4		4.1		4.2		3.4		4.1		2.5	3.33333333333333	2016	2.5	World Development Indicators database, World Bank	G
2018.Q2.G.01	SI_POV_DAY1	Proportion of population below international poverty line (%)	492	7.424214814	43.73532918	MCO	Monaco	1	PERCENT	Percentage																																
2018.Q2.G.01	SI_POV_DAY1	Proportion of population below international poverty line (%)	496	103.0728057	46.83892054	MNG	Mongolia	1	PERCENT	Percentage						13.9			26.9				10.6					1.3			0.8	0.6	0.4		0.2		0.5	0.366666666666667	2016	0.5	World Development Indicators database, World Bank	G
2018.Q2.G.01	SI_POV_DAY1	Proportion of population below international poverty line (%)	498	28.4650624	47.20236795	MDA	Republic of Moldova	1	PERCENT	Percentage								16.1	27.6	39.1	35.9	27.6	16.6	7.6	8.7	14	2.4	1.1	1.3	1	0.5	0.3	0.3	0.1	0	0	0.2	0.12	2016	0.2	World Development Indicators database, World Bank	G
2018.Q2.G.01	SI_POV_DAY1	Proportion of population below international poverty line (%)	499	19.25214024	42.78717043	MNE	Montenegro	1	PERCENT	Percentage																0.2	0.1	0.4	0.2	0	0	0.2	1.3	1	0			0.766666666666667	2014	0	World Development Indicators database, World Bank	G
2018.Q2.G.01	SI_POV_DAY1	Proportion of population below international poverty line (%)	500	-62.19261223	16.73558313	MSR	Montserrat	1	PERCENT	Percentage																																
2018.Q2.G.01	SI_POV_DAY1	Proportion of population below international poverty line (%)	504	-6.281942841	31.8440131	MAR	Morocco	1	PERCENT	Percentage	2.9								7.5		6.3						3.1												2006	3.1	World Development Indicators database, World Bank	G
2018.Q2.G.01	SI_POV_DAY1	Proportion of population below international poverty line (%)	508	38.18479941	-14.27963886	MOZ	Mozambique	1	PERCENT	Percentage							82.7						80.6						69.1						62.9			62.9	2014	62.9	World Development Indicators database, World Bank	G
2018.Q2.G.01	SI_POV_DAY1	Proportion of population below international poverty line (%)	512	57.87743482	21.98805614	OMN	Oman	1	PERCENT	Percentage																																
2018.Q2.G.01	SI_POV_DAY1	Proportion of population below international poverty line (%)	516	17.21907885	-22.13817068	NAM	Namibia	1	PERCENT	Percentage														31.5						22.6									2009	22.6	World Development Indicators database, World Bank	G
2018.Q2.G.01	SI_POV_DAY1	Proportion of population below international poverty line (%)	520	166.92313	-0.528742623	NRU	Nauru	1	PERCENT	Percentage																																
2018.Q2.G.01	SI_POV_DAY1	Proportion of population below international poverty line (%)	524	83.94678863	28.25866332	NPL	Nepal	1	PERCENT	Percentage						61.9								46.1							15								2010	15	World Development Indicators database, World Bank	G
2018.Q2.G.01	SI_POV_DAY1	Proportion of population below international poverty line (%)	528	5.331480568	51.86728884	NLD	Netherlands	1	PERCENT	Percentage															0.2	0	0	0	0	0.2	0	0	0	0	0	0		0	2015	0	World Development Indicators database, World Bank	G
2018.Q2.G.01	SI_POV_DAY1	Proportion of population below international poverty line (%)	530	-68.30676179	12.22720635	ANT	Netherlands Antilles	1	PERCENT	Percentage																																
2018.Q2.G.01	SI_POV_DAY1	Proportion of population below international poverty line (%)	531	-68.95033464	12.15058042	CUW	Curaçao	1	PERCENT	Percentage																																
2018.Q2.G.01	SI_POV_DAY1	Proportion of population below international poverty line (%)	533	-69.97050586	12.50878756	ABW	Aruba	1	PERCENT	Percentage																																
2018.Q2.G.01	SI_POV_DAY1	Proportion of population below international poverty line (%)	534	-63.06198692	18.03926508	SXM	Sint Maarten (Dutch part)	1	PERCENT	Percentage																																
2018.Q2.G.01	SI_POV_DAY1	Proportion of population below international poverty line (%)	540	165.5067368	-21.41742531	NCL	New Caledonia	1	PERCENT	Percentage																																
2018.Q2.G.01	SI_POV_DAY1	Proportion of population below international poverty line (%)	548	167.0679779	-15.34445547	VUT	Vanuatu	1	PERCENT	Percentage																					13.2								2010	13.2	World Development Indicators database, World Bank	G
2018.Q2.G.01	SI_POV_DAY1	Proportion of population below international poverty line (%)	554	170.4755673	-43.98721568	NZL	New Zealand	1	PERCENT	Percentage																																
2018.Q2.G.01	SI_POV_DAY1	Proportion of population below international poverty line (%)	558	-85.03060315	12.84210839	NIC	Nicaragua	1	PERCENT	Percentage				36.3					24.2			16.5				8.3				7.3					3.2			3.2	2014	3.2	World Development Indicators database, World Bank	G
2018.Q2.G.01	SI_POV_DAY1	Proportion of population below international poverty line (%)	562	9.400167877	17.42143036	NER	Niger	1	PERCENT	Percentage			78.2		81.4											74.9		72				50.3			44.5			44.5	2014	44.5	World Development Indicators database, World Bank	G
2018.Q2.G.01	SI_POV_DAY1	Proportion of population below international poverty line (%)	566	8.097363256	9.585789025	NGA	Nigeria	1	PERCENT	Percentage			57.1				63.5							53.5						53.5									2009	53.5	World Development Indicators database, World Bank	G
2018.Q2.G.01	SI_POV_DAY1	Proportion of population below international poverty line (%)	570	-169.8601693	-19.05000475	NIU	Niue	1	PERCENT	Percentage																																
2018.Q2.G.01	SI_POV_DAY1	Proportion of population below international poverty line (%)	574	167.9515548	-29.03230018	NFK	Norfolk Island	1	PERCENT	Percentage																																
2018.Q2.G.01	SI_POV_DAY1	Proportion of population below international poverty line (%)	578	11.47846389	61.34311134	NOR	Norway	1	PERCENT	Percentage														0.2	0.2	0.2	0.2	0.2	0.2	0	0	0	0	0	0	0.2		0.05	2015	0.2	World Development Indicators database, World Bank	G
2018.Q2.G.01	SI_POV_DAY1	Proportion of population below international poverty line (%)	580	145.7582114	15.19099517	MNP	Northern Mariana Islands	1	PERCENT	Percentage																																
2018.Q2.G.01	SI_POV_DAY1	Proportion of population below international poverty line (%)	581	-162.4343752	5.874443968	UMI	US Minor Outlying Islands	1	PERCENT	Percentage																																
2018.Q2.G.01	SI_POV_DAY1	Proportion of population below international poverty line (%)	583	158.225216	6.880670092	FSM	Micronesia, Federated States of	1	PERCENT	Percentage																8								16				16	2013	16	World Development Indicators database, World Bank	G
2018.Q2.G.01	SI_POV_DAY1	Proportion of population below international poverty line (%)	584	171.0839119	7.110213497	MHL	Marshall Islands	1	PERCENT	Percentage																																
2018.Q2.G.01	SI_POV_DAY1	Proportion of population below international poverty line (%)	585	134.5733878	7.502307591	PLW	Palau	1	PERCENT	Percentage																																
2018.Q2.G.01	SI_POV_DAY1	Proportion of population below international poverty line (%)	586	68.80479684	29.36491634	PAK	Pakistan	1	PERCENT	Percentage	58.9						15.9		23.4			28.6			18	16.5		13.2			8.3	7.9		6.1				6.1	2013	6.1	World Development Indicators database, World Bank	G
2018.Q2.G.01	SI_POV_DAY1	Proportion of population below international poverty line (%)	591	-81.26616623	8.450965746	PAN	Panama	1	PERCENT	Percentage		21.9				16.3		15	15.2	13.4	12.4	15.5	11.2	11.2	10.2	10	10.5	7.8	7	3.2	4.5	3	4.2	2.8	3.5	2	2.2	2.94	2016	2.2	World Development Indicators database, World Bank	G
2018.Q2.G.01	SI_POV_DAY1	Proportion of population below international poverty line (%)	598	145.8587761	-6.756057077	PNG	Papua New Guinea	1	PERCENT	Percentage							53.2													38									2009	38	World Development Indicators database, World Bank	G
2018.Q2.G.01	SI_POV_DAY1	Proportion of population below international poverty line (%)	600	-60.54854225	-21.70216237	PRY	Paraguay	1	PERCENT	Percentage	1.2					12.4		10.6		10.2		8.9	13.2	8.3	5.7	6.1	7.9	7.8	4.3	5.8	5.5	5	3.3	1.8	2.4	1.9	1.7	2.22	2016	1.7	World Development Indicators database, World Bank	G
2018.Q2.G.01	SI_POV_DAY1	Proportion of population below international poverty line (%)	604	-71.82093277	-13.58939705	PER	Peru	1	PERCENT	Percentage								17.9	16.7	17.6	16.4	17.1	15.1	11.9	13.6	15.5	13.5	11.1	8.9	7	5.5	5.2	4.7	4.3	3.7	3.6	3.5	3.96	2016	3.5	World Development Indicators database, World Bank	G
2018.Q2.G.01	SI_POV_DAY1	Proportion of population below international poverty line (%)	608	120.8601418	14.16591706	PHL	Philippines	1	PERCENT	Percentage		26.6			25			17.7			14.5			13.1			14.7			10.7			12.1			8.3		10.2	2015	8.3	World Development Indicators database, World Bank	G
2018.Q2.G.01	SI_POV_DAY1	Proportion of population below international poverty line (%)	612	-128.3225873	-24.37538456	PCN	Pitcairn	1	PERCENT	Percentage																																
2018.Q2.G.01	SI_POV_DAY1	Proportion of population below international poverty line (%)	616	19.40660158	52.1226733	POL	Poland	1	PERCENT	Percentage				0.1			2.6		0	0.1	0.1	0.1	0.1	0	0.1	0.1	0	0	0	0	0	0	0	0	0	0		0	2015	0	World Development Indicators database, World Bank	G
2018.Q2.G.01	SI_POV_DAY1	Proportion of population below international poverty line (%)	620	-7.961599811	39.68509315	PRT	Portugal	1	PERCENT	Percentage														1	0.5	0.5	0	0.2	0.2	0.2	0.2	0.5	0.7	0.7	0.5	0.5		0.6	2015	0.5	World Development Indicators database, World Bank	G
2018.Q2.G.01	SI_POV_DAY1	Proportion of population below international poverty line (%)	624	-14.40182514	12.11760394	GNB	Guinea-Bissau	1	PERCENT	Percentage		43		64									53.9								67.1								2010	67.1	World Development Indicators database, World Bank	G
2018.Q2.G.01	SI_POV_DAY1	Proportion of population below international poverty line (%)	626	125.9451052	-8.797497247	TLS	Timor-Leste	1	PERCENT	Percentage												42.5						47							30.3			30.3	2014	30.3	World Development Indicators database, World Bank	G
2018.Q2.G.01	SI_POV_DAY1	Proportion of population below international poverty line (%)	630	-66.47591017	18.22753799	PRI	Puerto Rico	1	PERCENT	Percentage																																
2018.Q2.G.01	SI_POV_DAY1	Proportion of population below international poverty line (%)	634	51.19152467	25.28355379	QAT	Qatar	1	PERCENT	Percentage																																
2018.Q2.G.01	SI_POV_DAY1	Proportion of population below international poverty line (%)	638	55.53171398	-21.13183266	REU	Réunion	1	PERCENT	Percentage																																
2018.Q2.G.01	SI_POV_DAY1	Proportion of population below international poverty line (%)	642	24.98481009	45.83893563	ROU	Romania	1	PERCENT	Percentage									2.1	6.5	7.5	5.5	5.4	3.9	2.8	2.1	2.4	1.3	0	0	0	0	0	0			0	0	2016	0	World Development Indicators database, World Bank	G
2018.Q2.G.01	SI_POV_DAY1	Proportion of population below international poverty line (%)	643	99.01404926	61.61899849	RUS	Russian Federation	1	PERCENT	Percentage				2.4			3.6	1.1	1.7	3.4	2.2	1.3	0.7	0.8	0.7	0.5	0.3	0.1	0.1	0	0.1	0	0	0	0	0		0	2015	0	World Development Indicators database, World Bank	G
2018.Q2.G.01	SI_POV_DAY1	Proportion of population below international poverty line (%)	646	29.92310194	-1.999842114	RWA	Rwanda	1	PERCENT	Percentage											76.5					67.2					60.4			59.5				59.5	2013	59.5	World Development Indicators database, World Bank	G
2018.Q2.G.01	SI_POV_DAY1	Proportion of population below international poverty line (%)	652	-62.83173536	17.89513362	BLM	Saint Barthélemy	1	PERCENT	Percentage																																
2018.Q2.G.01	SI_POV_DAY1	Proportion of population below international poverty line (%)	654	-5.705752501	-15.96503946	SHN	Saint Helena	1	PERCENT	Percentage																																
2018.Q2.G.01	SI_POV_DAY1	Proportion of population below international poverty line (%)	659	-62.76628613	17.33994219	KNA	Saint Kitts and Nevis	1	PERCENT	Percentage																																
2018.Q2.G.01	SI_POV_DAY1	Proportion of population below international poverty line (%)	660	-63.05651612	18.21525315	AIA	Anguilla	1	PERCENT	Percentage																																
2018.Q2.G.01	SI_POV_DAY1	Proportion of population below international poverty line (%)	662	-60.96529553	13.89405601	LCA	Saint Lucia	1	PERCENT	Percentage						35.8																							1995	35.8	World Development Indicators database, World Bank	G
2018.Q2.G.01	SI_POV_DAY1	Proportion of population below international poverty line (%)	663	-63.04505461	18.0882685	MAF	Saint Martin (French Part)	1	PERCENT	Percentage																																
2018.Q2.G.01	SI_POV_DAY1	Proportion of population below international poverty line (%)	666	-56.33682442	46.85812735	SPM	Saint Pierre and Miquelon	1	PERCENT	Percentage																																
2018.Q2.G.01	SI_POV_DAY1	Proportion of population below international poverty line (%)	670	-61.19024321	13.24627968	VCT	Saint Vincent and the Grenadines	1	PERCENT	Percentage																																
2018.Q2.G.01	SI_POV_DAY1	Proportion of population below international poverty line (%)	674	12.46329038	43.93841766	SMR	San Marino	1	PERCENT	Percentage																																
2018.Q2.G.01	SI_POV_DAY1	Proportion of population below international poverty line (%)	678	6.609772265	0.241554875	STP	Sao Tome and Principe	1	PERCENT	Percentage											29.8										32.3								2010	32.3	World Development Indicators database, World Bank	G
2018.Q2.G.01	SI_POV_DAY1	Proportion of population below international poverty line (%)	682	44.54763347	24.12594211	SAU	Saudi Arabia	1	PERCENT	Percentage																																
2018.Q2.G.01	SI_POV_DAY1	Proportion of population below international poverty line (%)	686	-14.46636926	14.35920905	SEN	Senegal	1	PERCENT	Percentage		68.4			57.5							49.2				38.4						38							2011	38	World Development Indicators database, World Bank	G
2018.Q2.G.01	SI_POV_DAY1	Proportion of population below international poverty line (%)	688	20.805876	44.03145697	SRB	Serbia	1	PERCENT	Percentage													0.2	0.5	0.9	0.9	0.5	0.4	0.1	0.1	0.2			0.3		0.1		0.2	2015	0.1	World Development Indicators database, World Bank	G
2018.Q2.G.01	SI_POV_DAY1	Proportion of population below international poverty line (%)	690	55.46561591	-4.678053059	SYC	Seychelles	1	PERCENT	Percentage																								1.1				1.1	2013	1.1	World Development Indicators database, World Bank	G
2018.Q2.G.01	SI_POV_DAY1	Proportion of population below international poverty line (%)	694	-11.78306584	8.568604164	SLE	Sierra Leone	1	PERCENT	Percentage														62.8								52.2							2011	52.2	World Development Indicators database, World Bank	G
2018.Q2.G.01	SI_POV_DAY1	Proportion of population below international poverty line (%)	702	103.8107883	1.361009155	SGP	Singapore	1	PERCENT	Percentage																																
2018.Q2.G.01	SI_POV_DAY1	Proportion of population below international poverty line (%)	703	19.48495604	48.70741446	SVK	Slovakia	1	PERCENT	Percentage							0.5								0	0.2	0.2	0.2	0.5	0.4	0.5	0.5	0.2	0.2	0.7	0.7		0.45	2015	0.7	World Development Indicators database, World Bank	G
2018.Q2.G.01	SI_POV_DAY1	Proportion of population below international poverty line (%)	704	105.802499	10.09643079	VNM	Viet Nam	1	PERCENT	Percentage			52.9						35.5				38		26.5		19.5		14.8		4.2		2.8		2.6			2.7	2014	2.6	World Development Indicators database, World Bank	G
2018.Q2.G.01	SI_POV_DAY1	Proportion of population below international poverty line (%)	705	14.82209486	46.11958061	SVN	Slovenia	1	PERCENT	Percentage				0											0	0	0	0	0	0	0	0	0	0	0	0		0	2015	0	World Development Indicators database, World Bank	G
2018.Q2.G.01	SI_POV_DAY1	Proportion of population below international poverty line (%)	706	46.20367477	4.406485729	SOM	Somalia	1	PERCENT	Percentage																																
2018.Q2.G.01	SI_POV_DAY1	Proportion of population below international poverty line (%)	710	24.67184355	-29.99957544	ZAF	South Africa	1	PERCENT	Percentage				29.3			33.8				32.6					25			16.9		16.5				18.9			18.9	2014	18.9	World Development Indicators database, World Bank	G
2018.Q2.G.01	SI_POV_DAY1	Proportion of population below international poverty line (%)	716	29.86909584	-19.00075492	ZWE	Zimbabwe	1	PERCENT	Percentage																						21.4							2011	21.4	World Development Indicators database, World Bank	G
2018.Q2.G.01	SI_POV_DAY1	Proportion of population below international poverty line (%)	724	-3.554078296	40.39211472	ESP	Spain	1	PERCENT	Percentage														0.7	0.7	0.7	0.7	0.4	0.5	0.7	0.7	1.2	1	1.2	0.7	1		0.975	2015	1	World Development Indicators database, World Bank	G
2018.Q2.G.01	SI_POV_DAY1	Proportion of population below international poverty line (%)	728	30.32618773	7.290839152	SSD	South Sudan	1	PERCENT	Percentage																				42.7									2009	42.7	World Development Indicators database, World Bank	G
2018.Q2.G.01	SI_POV_DAY1	Proportion of population below international poverty line (%)	732	-13.13515523	24.66265342	ESH	Western Sahara	1	PERCENT	Percentage																																
2018.Q2.G.01	SI_POV_DAY1	Proportion of population below international poverty line (%)	736	29.95650159	16.02643066	SDN	Sudan	1	PERCENT	Percentage																																
2018.Q2.G.01	SI_POV_DAY1	Proportion of population below international poverty line (%)	740	-55.90626394	4.132603197	SUR	Suriname	1	PERCENT	Percentage										23.4																			1999	23.4	World Development Indicators database, World Bank	G
2018.Q2.G.01	SI_POV_DAY1	Proportion of population below international poverty line (%)	744	13.38071013	78.82894131	SJM	Svalbard and Jan Mayen Islands	1	PERCENT	Percentage																																
2018.Q2.G.01	SI_POV_DAY1	Proportion of population below international poverty line (%)	748	31.50149288	-26.56471011	SWZ	Swaziland	1	PERCENT	Percentage					81.7						48.4									42									2009	42	World Development Indicators database, World Bank	G
2018.Q2.G.01	SI_POV_DAY1	Proportion of population below international poverty line (%)	752	14.3775338	60.60103109	SWE	Sweden	1	PERCENT	Percentage														0.2	0.5	0.9	0.2	0.2	0.5	0.2	0.2	0.5	0.2	0.5	0.5	0.5		0.425	2015	0.5	World Development Indicators database, World Bank	G
2018.Q2.G.01	SI_POV_DAY1	Proportion of population below international poverty line (%)	756	8.223158	46.96617097	CHE	Switzerland	1	PERCENT	Percentage																	0	0	0	0	0	0	0	0	0			0	2014	0	World Development Indicators database, World Bank	G
2018.Q2.G.01	SI_POV_DAY1	Proportion of population below international poverty line (%)	760	38.50466565	35.01676176	SYR	Syrian Arab Republic (Syria)	1	PERCENT	Percentage															1.7														2004	1.7	World Development Indicators database, World Bank	G
2018.Q2.G.01	SI_POV_DAY1	Proportion of population below international poverty line (%)	762	69.294998	38.43069666	TJK	Tajikistan	1	PERCENT	Percentage										54.4				30.8	15.4			10.4		4.7						4.8		4.8	2015	4.8	World Development Indicators database, World Bank	G
2018.Q2.G.01	SI_POV_DAY1	Proportion of population below international poverty line (%)	764	101.0202951	15.13089239	THA	Thailand	1	PERCENT	Percentage	9.4		6.6		3.2		2.2		1.5	2.5	2.5		1.1		0.8		0.7	0.3	0.1	0.2	0.1	0	0.1	0				0.05	2013	0	World Development Indicators database, World Bank	G
2018.Q2.G.01	SI_POV_DAY1	Proportion of population below international poverty line (%)	768	0.97835765	8.532096072	TGO	Togo	1	PERCENT	Percentage																	55.6					54.2				49.2		49.2	2015	49.2	World Development Indicators database, World Bank	G
2018.Q2.G.01	SI_POV_DAY1	Proportion of population below international poverty line (%)	772	-171.8154473	-9.214545558	TKL	Tokelau	1	PERCENT	Percentage																																
2018.Q2.G.01	SI_POV_DAY1	Proportion of population below international poverty line (%)	776	-175.1959991	-21.19511329	TON	Tonga	1	PERCENT	Percentage												2.8								1.1									2009	1.1	World Development Indicators database, World Bank	G
2018.Q2.G.01	SI_POV_DAY1	Proportion of population below international poverty line (%)	780	-61.29389504	10.41877263	TTO	Trinidad and Tobago	1	PERCENT	Percentage			3.4																										1992	3.4	World Development Indicators database, World Bank	G
2018.Q2.G.01	SI_POV_DAY1	Proportion of population below international poverty line (%)	784	53.98279159	23.43322219	ARE	United Arab Emirates	1	PERCENT	Percentage																																
2018.Q2.G.01	SI_POV_DAY1	Proportion of population below international poverty line (%)	788	9.572737411	34.11439971	TUN	Tunisia	1	PERCENT	Percentage	9.8					10.9					5.3					3.1					2								2010	2	World Development Indicators database, World Bank	G
2018.Q2.G.01	SI_POV_DAY1	Proportion of population below international poverty line (%)	792	35.42890329	38.9899684	TUR	Turkey	1	PERCENT	Percentage					2.6								1.7	3.7	2.1	2.6	1.9	1.4	0.6	0.9	0.8	0.3	0.3	0.3	0.3	0.3	0.2	0.28	2016	0.2	World Development Indicators database, World Bank	G
2018.Q2.G.01	SI_POV_DAY1	Proportion of population below international poverty line (%)	795	58.9787665	40.0912346	TKM	Turkmenistan	1	PERCENT	Percentage									51.4																				1998	51.4	World Development Indicators database, World Bank	G
2018.Q2.G.01	SI_POV_DAY1	Proportion of population below international poverty line (%)	796	-71.745121	21.80780585	TCA	Turks and Caicos Islands	1	PERCENT	Percentage																																
2018.Q2.G.01	SI_POV_DAY1	Proportion of population below international poverty line (%)	798	178.6679611	-7.460048071	TUV	Tuvalu	1	PERCENT	Percentage																					3.3								2010	3.3	World Development Indicators database, World Bank	G
2018.Q2.G.01	SI_POV_DAY1	Proportion of population below international poverty line (%)	800	32.39100438	1.279557331	UGA	Uganda	1	PERCENT	Percentage			71.3				61.3			66			64.1			55.4				43.5			35.9					35.9	2012	35.9	World Development Indicators database, World Bank	G
2018.Q2.G.01	SI_POV_DAY1	Proportion of population below international poverty line (%)	804	31.40270802	49.00735945	UKR	Ukraine	1	PERCENT	Percentage						5.4	5.4						1.7	0.6	0.6	0.3	0.1	0.1	0	0.1	0	0	0	0	0	0.1	0.1	0.04	2016	0.1	World Development Indicators database, World Bank	G
2018.Q2.G.01	SI_POV_DAY1	Proportion of population below international poverty line (%)	807	21.7007909	41.60048068	MKD	Macedonia, Republic of	1	PERCENT	Percentage																					10	10.1	7	6	5			6	2014	5	World Development Indicators database, World Bank	G
2018.Q2.G.01	SI_POV_DAY1	Proportion of population below international poverty line (%)	818	29.77468534	26.57438204	EGY	Egypt	1	PERCENT	Percentage	7.4					4.6				2					4.4				3.9		3		2.3			1.3		1.8	2015	1.3	World Development Indicators database, World Bank	G
2018.Q2.G.01	SI_POV_DAY1	Proportion of population below international poverty line (%)	826	-2.23830539	53.27691757	GBR	United Kingdom	1	PERCENT	Percentage															0.5	0.5	0.2	0.2	0.2	0.2	0.2	0.2	0.2	0.2	0.2	0.2		0.2	2015	0.2	World Development Indicators database, World Bank	G
2018.Q2.G.01	SI_POV_DAY1	Proportion of population below international poverty line (%)	831	-2.200712402	49.71561166	GGY	Guernsey	1	PERCENT	Percentage																																
2018.Q2.G.01	SI_POV_DAY1	Proportion of population below international poverty line (%)	832	-2.136773508	49.22353354	JEY	Jersey	1	PERCENT	Percentage																																
2018.Q2.G.01	SI_POV_DAY1	Proportion of population below international poverty line (%)	833	-4.538190305	54.22880901	IMN	Isle of Man	1	PERCENT	Percentage																																
2018.Q2.G.01	SI_POV_DAY1	Proportion of population below international poverty line (%)	834	34.80521182	-6.265332606	TZA	Tanzania, United Republic of	1	PERCENT	Percentage		72.1									86							59.9				49.1							2011	49.1	World Development Indicators database, World Bank	G
2018.Q2.G.01	SI_POV_DAY1	Proportion of population below international poverty line (%)	840	-99.13830311	39.5277871	USA	United States of America	1	PERCENT	Percentage		0.7			0.7			0.7			0.7				1			1			1			1			1.3	1.15	2016	1.3	World Development Indicators database, World Bank	G
2018.Q2.G.01	SI_POV_DAY1	Proportion of population below international poverty line (%)	850	-64.76960113	17.73297693	VIR	United States Virgin Islands	1	PERCENT	Percentage																																
2018.Q2.G.01	SI_POV_DAY1	Proportion of population below international poverty line (%)	854	-1.742843829	12.27491081	BFA	Burkina Faso	1	PERCENT	Percentage					83.1				81.6					57.3						55.3					43.7			43.7	2014	43.7	World Development Indicators database, World Bank	G
2018.Q2.G.01	SI_POV_DAY1	Proportion of population below international poverty line (%)	858	-56.01387025	-32.8002838	URY	Uruguay	1	PERCENT	Percentage																	0.5	0.3	0.2	0.2	0.1	0.1	0.1	0.2	0.1	0.1	0.1	0.12	2016	0.1	World Development Indicators database, World Bank	G
2018.Q2.G.01	SI_POV_DAY1	Proportion of population below international poverty line (%)	860	63.11944558	41.77560518	UZB	Uzbekistan	1	PERCENT	Percentage									40.2		62		58.2	62.1															2003	62.1	World Development Indicators database, World Bank	G
2018.Q2.G.01	SI_POV_DAY1	Proportion of population below international poverty line (%)	862	-66.15642084	7.121324748	VEN	Venezuela (Bolivarian Republic)	1	PERCENT	Percentage			4.3			8.6			11.4	10.2		9.6	16	20	17.5	17	9.2												2006	9.2	World Development Indicators database, World Bank	G
2018.Q2.G.01	SI_POV_DAY1	Proportion of population below international poverty line (%)	876	-176.2034788	-13.28471201	WLF	Wallis and Futuna Islands	1	PERCENT	Percentage																																
2018.Q2.G.01	SI_POV_DAY1	Proportion of population below international poverty line (%)	882	-172.4430749	-13.61541469	WSM	Samoa	1	PERCENT	Percentage																			0.6										2008	0.6	World Development Indicators database, World Bank	G
2018.Q2.G.01	SI_POV_DAY1	Proportion of population below international poverty line (%)	887	45.22389143	15.22242099	YEM	Yemen	1	PERCENT	Percentage									7.4							9.8									18.8			18.8	2014	18.8	World Development Indicators database, World Bank	G
2018.Q2.G.01	SI_POV_DAY1	Proportion of population below international poverty line (%)	894	27.850329	-14.59701056	ZMB	Zambia	1	PERCENT	Percentage		54.1		54.5			41.7		42.1				49.4		56.7		60.5				64.4					57.5		57.5	2015	57.5	World Development Indicators database, World Bank	G
