series.release	series.code	series.description	geoAreaCode	X	Y	ISO3CD	geoAreaName	sliceId	Location	Units	Location description	Units description	1985	1987	1989	1990	1991	1992	1993	1994	1995	1996	1997	1998	1999	2000	2001	2002	2003	2004	2005	2006	2007	2008	2009	2010	2011	2012	2013	2014	2015	2016	2017	last.5.years.mean	latest.year	latest.value	latest.source	latest.nature
2018.Q2.G.01	SI_POV_NAHC	Proportion of population living below the national poverty line (%)	4	66.02688198	33.83160199	AFG	Afghanistan	1	ALLAREA	PERCENT	All areas	Percentage																					36.3				35.8								2011	35.8	Source: World Development Indicators database, World Bank.	CA
2018.Q2.G.01	SI_POV_NAHC	Proportion of population living below the national poverty line (%)	8	20.06660928	41.13897007	ALB	Albania	1	ALLAREA	PERCENT	All areas	Percentage																25.4			18.5			12.4				14.3							2012	14.3	Source: World Development Indicators database, World Bank.	CA
2018.Q2.G.01	SI_POV_NAHC	Proportion of population living below the national poverty line (%)	10	21.47585697	-80.40897662	ATA	Antarctica	1	ALLAREA	PERCENT	All areas	Percentage																																				
2018.Q2.G.01	SI_POV_NAHC	Proportion of population living below the national poverty line (%)	12	2.678164227	28.15940032	DZA	Algeria	1	ALLAREA	PERCENT	All areas	Percentage																									5.5								2011	5.5	Source: World Development Indicators database, World Bank.	CA
2018.Q2.G.01	SI_POV_NAHC	Proportion of population living below the national poverty line (%)	16	-170.7187269	-14.30587306	ASM	American Samoa	1	ALLAREA	PERCENT	All areas	Percentage																																				
2018.Q2.G.01	SI_POV_NAHC	Proportion of population living below the national poverty line (%)	20	1.576257417	42.54548611	AND	Andorra	1	ALLAREA	PERCENT	All areas	Percentage																																				
2018.Q2.G.01	SI_POV_NAHC	Proportion of population living below the national poverty line (%)	24	17.57817062	-12.33724746	AGO	Angola	1	ALLAREA	PERCENT	All areas	Percentage																						36.6											2008	36.6	Source: World Development Indicators database, World Bank.	CA
2018.Q2.G.01	SI_POV_NAHC	Proportion of population living below the national poverty line (%)	28	-61.7999755	17.07761471	ATG	Antigua and Barbuda	1	ALLAREA	PERCENT	All areas	Percentage																																				
2018.Q2.G.01	SI_POV_NAHC	Proportion of population living below the national poverty line (%)	31	50.01064725	40.39229544	AZE	Azerbaijan	1	ALLAREA	PERCENT	All areas	Percentage															49.6						15.8	13.2	10.9	9.1	7.6	6							2012	6	Source: World Development Indicators database, World Bank.	CA
2018.Q2.G.01	SI_POV_NAHC	Proportion of population living below the national poverty line (%)	32	-65.14563274	-35.19446255	ARG	Argentina	1	ALLAREA	PERCENT	All areas	Percentage																														30.3		30.3	2016	30.3	Source: World Development Indicators database, World Bank.	CA
2018.Q2.G.01	SI_POV_NAHC	Proportion of population living below the national poverty line (%)	36	134.3499412	-25.57717202	AUS	Australia	1	ALLAREA	PERCENT	All areas	Percentage																																				
2018.Q2.G.01	SI_POV_NAHC	Proportion of population living below the national poverty line (%)	40	14.14172472	47.58704857	AUT	Austria	1	ALLAREA	PERCENT	All areas	Percentage																																				
2018.Q2.G.01	SI_POV_NAHC	Proportion of population living below the national poverty line (%)	44	-78.05111663	24.69546597	BHS	Bahamas	1	ALLAREA	PERCENT	All areas	Percentage																																				
2018.Q2.G.01	SI_POV_NAHC	Proportion of population living below the national poverty line (%)	48	50.5490754	26.04407747	BHR	Bahrain	1	ALLAREA	PERCENT	All areas	Percentage																																				
2018.Q2.G.01	SI_POV_NAHC	Proportion of population living below the national poverty line (%)	50	89.17660788	22.86961622	BGD	Bangladesh	1	ALLAREA	PERCENT	All areas	Percentage														48.9					40					31.5						24.3		24.3	2016	24.3	Source: World Development Indicators database, World Bank.	CA
2018.Q2.G.01	SI_POV_NAHC	Proportion of population living below the national poverty line (%)	51	44.93839317	40.29499741	ARM	Armenia	1	ALLAREA	PERCENT	All areas	Percentage															48.3			53.5	40.1	30.2	26.4	27.6	34.1	35.8	35	32.4	32	30	29.8	29.4		30.3	2016	29.4	Source: World Development Indicators database, World Bank.	CA
2018.Q2.G.01	SI_POV_NAHC	Proportion of population living below the national poverty line (%)	52	-59.5346489	13.13648273	BRB	Barbados	1	ALLAREA	PERCENT	All areas	Percentage																																				
2018.Q2.G.01	SI_POV_NAHC	Proportion of population living below the national poverty line (%)	56	4.660976456	50.64104975	BEL	Belgium	1	ALLAREA	PERCENT	All areas	Percentage																																				
2018.Q2.G.01	SI_POV_NAHC	Proportion of population living below the national poverty line (%)	60	-64.78155012	32.27881922	BMU	Bermuda	1	ALLAREA	PERCENT	All areas	Percentage																																				
2018.Q2.G.01	SI_POV_NAHC	Proportion of population living below the national poverty line (%)	64	90.45098484	27.39598568	BTN	Bhutan	1	ALLAREA	PERCENT	All areas	Percentage																					23.2					12							2012	12	Source: World Development Indicators database, World Bank.	CA
2018.Q2.G.01	SI_POV_NAHC	Proportion of population living below the national poverty line (%)	68	-64.66224284	-16.71273412	BOL	Bolivia (Plurinational State of)	1	ALLAREA	PERCENT	All areas	Percentage														66.4	63.1	63.3		63.1	59.6	59.9	60.1	57.3	51.3		45.1	43.3	38.9	39.1	38.6	39.5		39.025	2016	39.5	Source: World Development Indicators database, World Bank.	CA
2018.Q2.G.01	SI_POV_NAHC	Proportion of population living below the national poverty line (%)	70	17.78584332	44.16845548	BIH	Bosnia and Herzegovina	1	ALLAREA	PERCENT	All areas	Percentage																					18.2				17.9				16.9			16.9	2015	16.9	Source: World Development Indicators database, World Bank.	CA
2018.Q2.G.01	SI_POV_NAHC	Proportion of population living below the national poverty line (%)	72	23.81380223	-22.18810073	BWA	Botswana	1	ALLAREA	PERCENT	All areas	Percentage	59						32.9									30.6							19.3										2009	19.3	Source: World Development Indicators database, World Bank.	CA
2018.Q2.G.01	SI_POV_NAHC	Proportion of population living below the national poverty line (%)	74	3.410732868	-54.43295905	BVT	Bouvet Island	1	ALLAREA	PERCENT	All areas	Percentage																																				
2018.Q2.G.01	SI_POV_NAHC	Proportion of population living below the national poverty line (%)	76	-53.08432878	-10.77668561	BRA	Brazil	1	ALLAREA	PERCENT	All areas	Percentage															24.7	23.3	24.9	22.4	21	17.3	16.1	14.1	13.3		11.1	9	8.9	7.4	8.7			8.33333333333333	2015	8.7	Source: World Development Indicators database, World Bank.	CA
2018.Q2.G.01	SI_POV_NAHC	Proportion of population living below the national poverty line (%)	84	-88.70199554	17.19965901	BLZ	Belize	1	ALLAREA	PERCENT	All areas	Percentage																																				
2018.Q2.G.01	SI_POV_NAHC	Proportion of population living below the national poverty line (%)	86	72.38715553	-7.299281071	IOT	British Indian Ocean Territory	1	ALLAREA	PERCENT	All areas	Percentage																																				
2018.Q2.G.01	SI_POV_NAHC	Proportion of population living below the national poverty line (%)	90	160.1584117	-9.622391719	SLB	Solomon Islands	1	ALLAREA	PERCENT	All areas	Percentage																			22.7								12.7					12.7	2013	12.7	Source: World Development Indicators database, World Bank.	CA
2018.Q2.G.01	SI_POV_NAHC	Proportion of population living below the national poverty line (%)	92	-64.63294223	18.42256578	VGB	British Virgin Islands	1	ALLAREA	PERCENT	All areas	Percentage																																				
2018.Q2.G.01	SI_POV_NAHC	Proportion of population living below the national poverty line (%)	96	114.6288563	4.49736984	BRN	Brunei Darussalam	1	ALLAREA	PERCENT	All areas	Percentage																																				
2018.Q2.G.01	SI_POV_NAHC	Proportion of population living below the national poverty line (%)	100	25.23763153	42.75731323	BGR	Bulgaria	1	ALLAREA	PERCENT	All areas	Percentage														14	16	14			18.4	22	21.4	21.8	20.7	22.2	21.2	21	21.8	22	22.9	22.9		22.4	2016	22.9	Source: World Development Indicators database, World Bank.	CA
2018.Q2.G.01	SI_POV_NAHC	Proportion of population living below the national poverty line (%)	104	96.51752295	21.19332882	MMR	Myanmar	1	ALLAREA	PERCENT	All areas	Percentage																			48.2					42.4					32.1			32.1	2015	32.1	Source: World Development Indicators database, World Bank.	CA
2018.Q2.G.01	SI_POV_NAHC	Proportion of population living below the national poverty line (%)	108	29.89080992	-3.366387428	BDI	Burundi	1	ALLAREA	PERCENT	All areas	Percentage																				67.1								64.9				64.9	2014	64.9	Source: World Development Indicators database, World Bank.	CA
2018.Q2.G.01	SI_POV_NAHC	Proportion of population living below the national poverty line (%)	112	28.04940161	53.54193075	BLR	Belarus	1	ALLAREA	PERCENT	All areas	Percentage														41.9	28.9	30.5	27.1	17.8	12.7	11.1	7.7	6.1	5.4	5.2	7.3	6.3	5.5	4.8	5.1	5.7		5.275	2016	5.7	Source: World Development Indicators database, World Bank.	CA
2018.Q2.G.01	SI_POV_NAHC	Proportion of population living below the national poverty line (%)	116	104.922836	12.71163737	KHM	Cambodia	1	ALLAREA	PERCENT	All areas	Percentage																	50.2			45		34	23.9	22.1	20.5	17.7							2012	17.7	Source: World Development Indicators database, World Bank.	CA
2018.Q2.G.01	SI_POV_NAHC	Proportion of population living below the national poverty line (%)	120	12.7419827	5.692387031	CMR	Cameroon	1	ALLAREA	PERCENT	All areas	Percentage										53.3					40.2						39.9							37.5				37.5	2014	37.5	Source: World Development Indicators database, World Bank.	CA
2018.Q2.G.01	SI_POV_NAHC	Proportion of population living below the national poverty line (%)	124	-101.6575058	57.72360191	CAN	Canada	1	ALLAREA	PERCENT	All areas	Percentage																																				
2018.Q2.G.01	SI_POV_NAHC	Proportion of population living below the national poverty line (%)	132	-23.63544151	15.07791834	CPV	Cabo Verde	1	ALLAREA	PERCENT	All areas	Percentage															58						46								35			35	2015	35	Source: World Development Indicators database, World Bank.	CA
2018.Q2.G.01	SI_POV_NAHC	Proportion of population living below the national poverty line (%)	136	-81.16740559	19.32266656	CYM	Cayman Islands	1	ALLAREA	PERCENT	All areas	Percentage																																				
2018.Q2.G.01	SI_POV_NAHC	Proportion of population living below the national poverty line (%)	140	20.93559492	7.003720791	CAF	Central African Republic	1	ALLAREA	PERCENT	All areas	Percentage																						62											2008	62	Source: World Development Indicators database, World Bank.	CA
2018.Q2.G.01	SI_POV_NAHC	Proportion of population living below the national poverty line (%)	144	80.70489654	7.614693343	LKA	Sri Lanka	1	ALLAREA	PERCENT	All areas	Percentage																22.7				15.2			8.9			6.7				4.1		4.1	2016	4.1	Source: World Development Indicators database, World Bank.	CA
2018.Q2.G.01	SI_POV_NAHC	Proportion of population living below the national poverty line (%)	148	18.66618401	15.36279341	TCD	Chad	1	ALLAREA	PERCENT	All areas	Percentage																54.8									46.7								2011	46.7	Source: World Development Indicators database, World Bank.	CA
2018.Q2.G.01	SI_POV_NAHC	Proportion of population living below the national poverty line (%)	152	-71.23029019	-35.2652885	CHL	Chile	1	ALLAREA	PERCENT	All areas	Percentage		45.1		38.6		32.8		27.7		23.2		21.6		20.2			18.7			29.1			25.3		22.2		14.4		11.7			13.05	2015	11.7	Source: World Development Indicators database, World Bank.	CA
2018.Q2.G.01	SI_POV_NAHC	Proportion of population living below the national poverty line (%)	156	104.1403375	32.30955217	CHN	China	1	ALLAREA	PERCENT	All areas	Percentage																								17.2	12.7	10.2	8.5	7.2	5.7	4.5	3.1	5.8	2017	3.1	Source: World Development Indicators database, World Bank.	CA
2018.Q2.G.01	SI_POV_NAHC	Proportion of population living below the national poverty line (%)	162	105.6426067	-10.4882473	CXR	Christmas Island	1	ALLAREA	PERCENT	All areas	Percentage																																				
2018.Q2.G.01	SI_POV_NAHC	Proportion of population living below the national poverty line (%)	166	96.82633757	-12.18600682	CCK	Cocos (Keeling) Islands	1	ALLAREA	PERCENT	All areas	Percentage																																				
2018.Q2.G.01	SI_POV_NAHC	Proportion of population living below the national poverty line (%)	170	-73.07446751	3.888209046	COL	Colombia	1	ALLAREA	PERCENT	All areas	Percentage																49.7	48	47.4	45			42	40.3	37.2	34.1	32.7	30.6	28.5	27.8	28		28.725	2016	28	Source: World Development Indicators database, World Bank.	CA
2018.Q2.G.01	SI_POV_NAHC	Proportion of population living below the national poverty line (%)	174	43.34234565	-11.66121732	COM	Comoros	1	ALLAREA	PERCENT	All areas	Percentage																		44.8										42				42	2014	42	Source: World Development Indicators database, World Bank.	CA
2018.Q2.G.01	SI_POV_NAHC	Proportion of population living below the national poverty line (%)	175	45.14015057	-12.82217691	MYT	Mayotte	1	ALLAREA	PERCENT	All areas	Percentage																																				
2018.Q2.G.01	SI_POV_NAHC	Proportion of population living below the national poverty line (%)	178	15.22052612	-0.840544119	COG	Congo	1	ALLAREA	PERCENT	All areas	Percentage																		50.7							46.5								2011	46.5	Source: World Development Indicators database, World Bank.	CA
2018.Q2.G.01	SI_POV_NAHC	Proportion of population living below the national poverty line (%)	180	23.65496507	-2.877154732	COD	Democratic Republic of the Congo	1	ALLAREA	PERCENT	All areas	Percentage																		69.3								63.9							2012	63.9	Source: World Development Indicators database, World Bank.	CA
2018.Q2.G.01	SI_POV_NAHC	Proportion of population living below the national poverty line (%)	184	-159.7711391	-21.22696458	COK	Cook Islands	1	ALLAREA	PERCENT	All areas	Percentage																																				
2018.Q2.G.01	SI_POV_NAHC	Proportion of population living below the national poverty line (%)	188	-84.19712782	9.970998683	CRI	Costa Rica	1	ALLAREA	PERCENT	All areas	Percentage																								21.2	21.7	20.6	20.7	22.4	21.7	20.5	20	21.06	2017	20	Source: World Development Indicators database, World Bank.	CA
2018.Q2.G.01	SI_POV_NAHC	Proportion of population living below the national poverty line (%)	191	17.95874553	45.45172212	HRV	Croatia	1	ALLAREA	PERCENT	All areas	Percentage																							20.6	20.9	20.4	19.5	19.4	20	19.5			19.6333333333333	2015	19.5	Source: World Development Indicators database, World Bank.	CA
2018.Q2.G.01	SI_POV_NAHC	Proportion of population living below the national poverty line (%)	192	-79.54460144	22.10030366	CUB	Cuba	1	ALLAREA	PERCENT	All areas	Percentage																																				
2018.Q2.G.01	SI_POV_NAHC	Proportion of population living below the national poverty line (%)	196	33.22285964	35.05659437	CYP	Cyprus	1	ALLAREA	PERCENT	All areas	Percentage																																				
2018.Q2.G.01	SI_POV_NAHC	Proportion of population living below the national poverty line (%)	203	15.33151382	49.73913871	CZE	Czechia	1	ALLAREA	PERCENT	All areas	Percentage																		10.4	9.9	9.6	9	8.6	9	9.8	9.6	8.6	9.7					9.7	2013	9.7	Source: World Development Indicators database, World Bank.	CA
2018.Q2.G.01	SI_POV_NAHC	Proportion of population living below the national poverty line (%)	204	2.339933594	9.65401646	BEN	Benin	1	ALLAREA	PERCENT	All areas	Percentage																				37.5	33			35.2	36.2				40.1			40.1	2015	40.1	Source: World Development Indicators database, World Bank.	CA
2018.Q2.G.01	SI_POV_NAHC	Proportion of population living below the national poverty line (%)	208	9.326571283	56.03829721	DNK	Denmark	1	ALLAREA	PERCENT	All areas	Percentage																																				
2018.Q2.G.01	SI_POV_NAHC	Proportion of population living below the national poverty line (%)	212	-61.3493756	15.43391378	DMA	Dominica	1	ALLAREA	PERCENT	All areas	Percentage																																				
2018.Q2.G.01	SI_POV_NAHC	Proportion of population living below the national poverty line (%)	214	-70.49847576	18.89832088	DOM	Dominican Republic	1	ALLAREA	PERCENT	All areas	Percentage														32.1	32.8	32.8	41.5	49.7	47.8	44.2	43.6	44.2	42.1	41.6	40.4	41	41.2	36.3	32.3	30.5		35.075	2016	30.5	Source: World Development Indicators database, World Bank.	CA
2018.Q2.G.01	SI_POV_NAHC	Proportion of population living below the national poverty line (%)	218	-78.37005241	-1.447785891	ECU	Ecuador	1	ALLAREA	PERCENT	All areas	Percentage														64.4	54.9		49.9	44.6	42.2	37.6	36.7	35.1	36	32.8	28.6	27.3	25.6	22.5	23.3	22.9	21.5	23.16	2017	21.5	Source: World Development Indicators database, World Bank.	CA
2018.Q2.G.01	SI_POV_NAHC	Proportion of population living below the national poverty line (%)	222	-88.86862995	13.73603564	SLV	El Salvador	1	ALLAREA	PERCENT	All areas	Percentage																			35.2	30.7	34.6	40	37.8	36.5	40.6	34.5	29.6	31.8	34.9	38.2		33.625	2016	38.2	Source: World Development Indicators database, World Bank.	CA
2018.Q2.G.01	SI_POV_NAHC	Proportion of population living below the national poverty line (%)	226	10.46535826	1.565792376	GNQ	Equatorial Guinea	1	ALLAREA	PERCENT	All areas	Percentage																				76.8													2006	76.8	Source: World Development Indicators database, World Bank.	CA
2018.Q2.G.01	SI_POV_NAHC	Proportion of population living below the national poverty line (%)	231	39.63505296	8.631223181	ETH	Ethiopia	1	ALLAREA	PERCENT	All areas	Percentage									45.5				44.2					38.9						29.6									2010	29.6	Source: World Development Indicators database, World Bank.	CA
2018.Q2.G.01	SI_POV_NAHC	Proportion of population living below the national poverty line (%)	232	38.11074289	16.12894644	ERI	Eritrea	1	ALLAREA	PERCENT	All areas	Percentage							69																										1993	69	Source: World Development Indicators database, World Bank.	CA
2018.Q2.G.01	SI_POV_NAHC	Proportion of population living below the national poverty line (%)	233	25.84093481	58.68487172	EST	Estonia	1	ALLAREA	PERCENT	All areas	Percentage																											21.8					21.8	2013	21.8	Source: World Development Indicators database, World Bank.	CA
2018.Q2.G.01	SI_POV_NAHC	Proportion of population living below the national poverty line (%)	234	-7.122044325	62.21228119	FRO	Faroe Islands	1	ALLAREA	PERCENT	All areas	Percentage																																				
2018.Q2.G.01	SI_POV_NAHC	Proportion of population living below the national poverty line (%)	238	-58.75246778	-51.74562601	FLK	Falkland Islands (Malvinas)	1	ALLAREA	PERCENT	All areas	Percentage																																				
2018.Q2.G.01	SI_POV_NAHC	Proportion of population living below the national poverty line (%)	239	-36.90662765	-54.20736749	SGS	South Georgia and the South Sandwich Islands	1	ALLAREA	PERCENT	All areas	Percentage																																				
2018.Q2.G.01	SI_POV_NAHC	Proportion of population living below the national poverty line (%)	242	177.9660884	-17.83301566	FJI	Fiji	1	ALLAREA	PERCENT	All areas	Percentage																39.8						35.2					34					34	2013	34	Source: World Development Indicators database, World Bank.	CA
2018.Q2.G.01	SI_POV_NAHC	Proportion of population living below the national poverty line (%)	246	23.308447	61.91586738	FIN	Finland	1	ALLAREA	PERCENT	All areas	Percentage																																				
2018.Q2.G.01	SI_POV_NAHC	Proportion of population living below the national poverty line (%)	248	19.80945969	60.1544901	ALA	Åland Islands	1	ALLAREA	PERCENT	All areas	Percentage																																				
2018.Q2.G.01	SI_POV_NAHC	Proportion of population living below the national poverty line (%)	250	2.457288129	46.62660861	FRA	France	1	ALLAREA	PERCENT	All areas	Percentage																																				
2018.Q2.G.01	SI_POV_NAHC	Proportion of population living below the national poverty line (%)	254	-53.23619089	3.922673437	GUF	French Guiana	1	ALLAREA	PERCENT	All areas	Percentage																																				
2018.Q2.G.01	SI_POV_NAHC	Proportion of population living below the national poverty line (%)	258	-149.4052367	-17.67709294	PYF	French Polynesia	1	ALLAREA	PERCENT	All areas	Percentage																																				
2018.Q2.G.01	SI_POV_NAHC	Proportion of population living below the national poverty line (%)	260	69.64849091	-49.6068576	ATF	French Southern Territories	1	ALLAREA	PERCENT	All areas	Percentage																																				
2018.Q2.G.01	SI_POV_NAHC	Proportion of population living below the national poverty line (%)	262	42.18274707	11.56004161	DJI	Djibouti	1	ALLAREA	PERCENT	All areas	Percentage																											23					23	2013	23	Source: World Development Indicators database, World Bank.	CA
2018.Q2.G.01	SI_POV_NAHC	Proportion of population living below the national poverty line (%)	266	11.78727747	-0.60687619	GAB	Gabon	1	ALLAREA	PERCENT	All areas	Percentage																			32.7														2005	32.7	Source: World Development Indicators database, World Bank.	CA
2018.Q2.G.01	SI_POV_NAHC	Proportion of population living below the national poverty line (%)	268	43.3713615	42.04813028	GEO	Georgia	1	ALLAREA	PERCENT	All areas	Percentage																32.6	33.2	32.6	33.2	34.7	37.4	33.4	33.5	36.1	32.5	28.9	25.6	22.4	20.8	21.3		22.525	2016	21.3	Source: World Development Indicators database, World Bank.	CA
2018.Q2.G.01	SI_POV_NAHC	Proportion of population living below the national poverty line (%)	270	-15.39944785	13.45295927	GMB	Gambia	1	ALLAREA	PERCENT	All areas	Percentage																								48.4									2010	48.4	Source: World Development Indicators database, World Bank.	CA
2018.Q2.G.01	SI_POV_NAHC	Proportion of population living below the national poverty line (%)	275	35.25694122	31.94347933	PSE	State of Palestine	1	ALLAREA	PERCENT	All areas	Percentage																								25.7	25.8								2011	25.8	Source: World Development Indicators database, World Bank.	CA
2018.Q2.G.01	SI_POV_NAHC	Proportion of population living below the national poverty line (%)	276	10.3806066	51.08862743	DEU	Germany	1	ALLAREA	PERCENT	All areas	Percentage																																				
2018.Q2.G.01	SI_POV_NAHC	Proportion of population living below the national poverty line (%)	288	-1.205623522	7.964825185	GHA	Ghana	1	ALLAREA	PERCENT	All areas	Percentage																			31.9							24.2							2012	24.2	Source: World Development Indicators database, World Bank.	CA
2018.Q2.G.01	SI_POV_NAHC	Proportion of population living below the national poverty line (%)	292	-5.347561686	36.13895036	GIB	Gibraltar	1	ALLAREA	PERCENT	All areas	Percentage																																				
2018.Q2.G.01	SI_POV_NAHC	Proportion of population living below the national poverty line (%)	296	-157.5643005	1.768837732	KIR	Kiribati	1	ALLAREA	PERCENT	All areas	Percentage																				21.8													2006	21.8	Source: World Development Indicators database, World Bank.	CA
2018.Q2.G.01	SI_POV_NAHC	Proportion of population living below the national poverty line (%)	300	22.58307827	39.47301873	GRC	Greece	1	ALLAREA	PERCENT	All areas	Percentage																																				
2018.Q2.G.01	SI_POV_NAHC	Proportion of population living below the national poverty line (%)	304	-41.39371316	74.75625681	GRL	Greenland	1	ALLAREA	PERCENT	All areas	Percentage																																				
2018.Q2.G.01	SI_POV_NAHC	Proportion of population living below the national poverty line (%)	308	-61.68248568	12.11238395	GRD	Grenada	1	ALLAREA	PERCENT	All areas	Percentage																																				
2018.Q2.G.01	SI_POV_NAHC	Proportion of population living below the national poverty line (%)	312	-61.64762115	16.14416917	GLP	Guadeloupe	1	ALLAREA	PERCENT	All areas	Percentage																																				
2018.Q2.G.01	SI_POV_NAHC	Proportion of population living below the national poverty line (%)	316	144.7029305	13.35485404	GUM	Guam	1	ALLAREA	PERCENT	All areas	Percentage																																				
2018.Q2.G.01	SI_POV_NAHC	Proportion of population living below the national poverty line (%)	320	-91.2312746	15.00273719	GTM	Guatemala	1	ALLAREA	PERCENT	All areas	Percentage														56						51					53.7			59.3				59.3	2014	59.3	Source: World Development Indicators database, World Bank.	CA
2018.Q2.G.01	SI_POV_NAHC	Proportion of population living below the national poverty line (%)	324	-11.28173419	11.00210343	GIN	Guinea	1	ALLAREA	PERCENT	All areas	Percentage								62.6								55.4					53					55.2							2012	55.2	Source: World Development Indicators database, World Bank.	CA
2018.Q2.G.01	SI_POV_NAHC	Proportion of population living below the national poverty line (%)	328	-58.97322037	4.788012784	GUY	Guyana	1	ALLAREA	PERCENT	All areas	Percentage																																				
2018.Q2.G.01	SI_POV_NAHC	Proportion of population living below the national poverty line (%)	332	-72.33640958	18.40426539	HTI	Haiti	1	ALLAREA	PERCENT	All areas	Percentage																										58.5							2012	58.5	Source: World Development Indicators database, World Bank.	CA
2018.Q2.G.01	SI_POV_NAHC	Proportion of population living below the national poverty line (%)	334	73.52633626	-53.09106147	HMD	Heard Island and McDonald Islands	1	ALLAREA	PERCENT	All areas	Percentage																																				
2018.Q2.G.01	SI_POV_NAHC	Proportion of population living below the national poverty line (%)	336	12.45315803	41.90343751	VAT	Holy See	1	ALLAREA	PERCENT	All areas	Percentage																																				
2018.Q2.G.01	SI_POV_NAHC	Proportion of population living below the national poverty line (%)	340	-86.59974381	14.82243161	HND	Honduras	1	ALLAREA	PERCENT	All areas	Percentage															63.7	64.8	65.3	64.6	63.7	59.9	58.2	59.2	58.8	60	61.9	66.5	64.5	62.8	63.8	60.9		63	2016	60.9	Source: World Development Indicators database, World Bank.	CA
2018.Q2.G.01	SI_POV_NAHC	Proportion of population living below the national poverty line (%)	344	114.0266445	22.41749934	HKG	China, Hong Kong Special Administrative Region	1	ALLAREA	PERCENT	All areas	Percentage																																				
2018.Q2.G.01	SI_POV_NAHC	Proportion of population living below the national poverty line (%)	348	19.41221519	47.1651448	HUN	Hungary	1	ALLAREA	PERCENT	All areas	Percentage																		13.5	15.9	12.3	12.4	12.4	12.3	14.1	14.3	15	15	14.9				14.95	2014	14.9	Source: World Development Indicators database, World Bank.	CA
2018.Q2.G.01	SI_POV_NAHC	Proportion of population living below the national poverty line (%)	352	-19.02116966	64.79134763	ISL	Iceland	1	ALLAREA	PERCENT	All areas	Percentage																																				
2018.Q2.G.01	SI_POV_NAHC	Proportion of population living below the national poverty line (%)	356	79.3608464	22.34642074	IND	India	1	ALLAREA	PERCENT	All areas	Percentage							45.3											37.2					29.8		21.9								2011	21.9	Source: World Development Indicators database, World Bank.	CA
2018.Q2.G.01	SI_POV_NAHC	Proportion of population living below the national poverty line (%)	360	113.9174	-0.994582204	IDN	Indonesia	1	ALLAREA	PERCENT	All areas	Percentage										17.5			23.4	18.9	18.4	18.2	17.4	16.7	16	17.8	16.6	15.4	14.2	13.3	12.5	12	11.4	11.3	11.2	10.9	10.6	11.08	2017	10.6	Source: World Development Indicators database, World Bank.	CA
2018.Q2.G.01	SI_POV_NAHC	Proportion of population living below the national poverty line (%)	364	54.19766348	32.74370885	IRN	Iran (Islamic Republic of)	1	ALLAREA	PERCENT	All areas	Percentage																																				
2018.Q2.G.01	SI_POV_NAHC	Proportion of population living below the national poverty line (%)	368	43.76606267	33.05013795	IRQ	Iraq	1	ALLAREA	PERCENT	All areas	Percentage																				22.4						18.9							2012	18.9	Source: World Development Indicators database, World Bank.	CA
2018.Q2.G.01	SI_POV_NAHC	Proportion of population living below the national poverty line (%)	372	-7.121425272	53.25274054	IRL	Ireland	1	ALLAREA	PERCENT	All areas	Percentage																																				
2018.Q2.G.01	SI_POV_NAHC	Proportion of population living below the national poverty line (%)	376	34.62277992	31.06164552	ISR	Israel	1	ALLAREA	PERCENT	All areas	Percentage																																				
2018.Q2.G.01	SI_POV_NAHC	Proportion of population living below the national poverty line (%)	380	12.57022427	42.79917282	ITA	Italy	1	ALLAREA	PERCENT	All areas	Percentage																																				
2018.Q2.G.01	SI_POV_NAHC	Proportion of population living below the national poverty line (%)	384	-5.552690016	7.62211586	CIV	Côte d'Ivoire	1	ALLAREA	PERCENT	All areas	Percentage																38.4						48.9							46.3			46.3	2015	46.3	Source: World Development Indicators database, World Bank.	CA
2018.Q2.G.01	SI_POV_NAHC	Proportion of population living below the national poverty line (%)	388	-77.31068409	18.15616857	JAM	Jamaica	1	ALLAREA	PERCENT	All areas	Percentage			30.5	28.4	44.6	33.9	24.4	22.8	27.5	26.1	19.9	15.9	16.9	18.7	16.9	19.7	19.1	16.9	14.8	14.3	9.9	12.3	16.5	17.6		19.9							2012	19.9	Source: World Development Indicators database, World Bank.	CA
2018.Q2.G.01	SI_POV_NAHC	Proportion of population living below the national poverty line (%)	392	139.2716103	36.6554539	JPN	Japan	1	ALLAREA	PERCENT	All areas	Percentage																																				
2018.Q2.G.01	SI_POV_NAHC	Proportion of population living below the national poverty line (%)	398	66.65359159	48.01963494	KAZ	Kazakhstan	1	ALLAREA	PERCENT	All areas	Percentage															46.7	44.5	37.5	33.9	31.6	18.2	12.7	12.1	8.2	6.5	5.5	3.8	2.9	2.8	2.7			2.8	2015	2.7	Source: World Development Indicators database, World Bank.	CA
2018.Q2.G.01	SI_POV_NAHC	Proportion of population living below the national poverty line (%)	400	37.13024774	30.65365973	JOR	Jordan	1	ALLAREA	PERCENT	All areas	Percentage																						13.3		14.4									2010	14.4	Source: World Development Indicators database, World Bank.	CA
2018.Q2.G.01	SI_POV_NAHC	Proportion of population living below the national poverty line (%)	404	37.86096816	0.534797278	KEN	Kenya	1	ALLAREA	PERCENT	All areas	Percentage																			46.8										36.1			36.1	2015	36.1	Source: World Development Indicators database, World Bank.	CA
2018.Q2.G.01	SI_POV_NAHC	Proportion of population living below the national poverty line (%)	408	127.1803633	40.1462645	PRK	Democratic People's Republic of Korea	1	ALLAREA	PERCENT	All areas	Percentage																																				
2018.Q2.G.01	SI_POV_NAHC	Proportion of population living below the national poverty line (%)	410	127.8610254	36.45201023	KOR	Republic of Korea	1	ALLAREA	PERCENT	All areas	Percentage																																				
2018.Q2.G.01	SI_POV_NAHC	Proportion of population living below the national poverty line (%)	414	47.49305029	29.53949468	KWT	Kuwait	1	ALLAREA	PERCENT	All areas	Percentage																																				
2018.Q2.G.01	SI_POV_NAHC	Proportion of population living below the national poverty line (%)	417	74.52324839	41.46204516	KGZ	Kyrgyzstan	1	ALLAREA	PERCENT	All areas	Percentage																				39.9	35	31.7	31.7	33.7	36.8	38	37	30.6	32.1	25.4		31.275	2016	25.4	Source: World Development Indicators database, World Bank.	CA
2018.Q2.G.01	SI_POV_NAHC	Proportion of population living below the national poverty line (%)	418	101.9901968	20.27482773	LAO	Lao People's Democratic Republic	1	ALLAREA	PERCENT	All areas	Percentage											39.1					33.5					27.6					23.4							2012	23.4	Source: World Development Indicators database, World Bank.	CA
2018.Q2.G.01	SI_POV_NAHC	Proportion of population living below the national poverty line (%)	422	35.89391711	33.92152458	LBN	Lebanon	1	ALLAREA	PERCENT	All areas	Percentage																										27.4							2012	27.4	Source: World Development Indicators database, World Bank.	CA
2018.Q2.G.01	SI_POV_NAHC	Proportion of population living below the national poverty line (%)	426	28.25362195	-29.58041814	LSO	Lesotho	1	ALLAREA	PERCENT	All areas	Percentage								66.6								56.6								57.1									2010	57.1	Source: World Development Indicators database, World Bank.	CA
2018.Q2.G.01	SI_POV_NAHC	Proportion of population living below the national poverty line (%)	428	26.42461876	56.64196636	LVA	Latvia	1	ALLAREA	PERCENT	All areas	Percentage																		19.4	23.5	21.2	25.9	26.4	20.9	19	19.2	19.4	21.2	22.5				21.85	2014	22.5	Source: World Development Indicators database, World Bank.	CA
2018.Q2.G.01	SI_POV_NAHC	Proportion of population living below the national poverty line (%)	430	-9.311879038	6.448381009	LBR	Liberia	1	ALLAREA	PERCENT	All areas	Percentage																					63.8							54.1				54.1	2014	54.1	Source: World Development Indicators database, World Bank.	CA
2018.Q2.G.01	SI_POV_NAHC	Proportion of population living below the national poverty line (%)	434	18.0295985	27.04042819	LBY	Libya	1	ALLAREA	PERCENT	All areas	Percentage																																				
2018.Q2.G.01	SI_POV_NAHC	Proportion of population living below the national poverty line (%)	438	9.552985019	47.14167005	LIE	Liechtenstein	1	ALLAREA	PERCENT	All areas	Percentage																																				
2018.Q2.G.01	SI_POV_NAHC	Proportion of population living below the national poverty line (%)	440	23.90517807	55.33680309	LTU	Lithuania	1	ALLAREA	PERCENT	All areas	Percentage																		20.5	20	19.1	20.9	20.3	20.5	19.2	18.6	20.6	19.1	22.2				20.65	2014	22.2	Source: World Development Indicators database, World Bank.	CA
2018.Q2.G.01	SI_POV_NAHC	Proportion of population living below the national poverty line (%)	442	6.092656563	49.77679538	LUX	Luxembourg	1	ALLAREA	PERCENT	All areas	Percentage																																				
2018.Q2.G.01	SI_POV_NAHC	Proportion of population living below the national poverty line (%)	446	113.5665388	22.1237259	MAC	China, Macao Special Administrative Region	1	ALLAREA	PERCENT	All areas	Percentage																																				
2018.Q2.G.01	SI_POV_NAHC	Proportion of population living below the national poverty line (%)	450	46.6982339	-19.38514785	MDG	Madagascar	1	ALLAREA	PERCENT	All areas	Percentage															70.8				73.2					71.7		70.7							2012	70.7	Source: World Development Indicators database, World Bank.	CA
2018.Q2.G.01	SI_POV_NAHC	Proportion of population living below the national poverty line (%)	454	33.4884625	-13.40819859	MWI	Malawi	1	ALLAREA	PERCENT	All areas	Percentage											65.3							52.4						50.7									2010	50.7	Source: World Development Indicators database, World Bank.	CA
2018.Q2.G.01	SI_POV_NAHC	Proportion of population living below the national poverty line (%)	458	116.8346314	5.452415309	MYS	Malaysia	1	ALLAREA	PERCENT	All areas	Percentage																6		5.7			3.6		3.8			1.7		0.6				0.6	2014	0.6	Source: World Development Indicators database, World Bank.	CA
2018.Q2.G.01	SI_POV_NAHC	Proportion of population living below the national poverty line (%)	462	73.09672546	-0.614385021	MDV	Maldives	1	ALLAREA	PERCENT	All areas	Percentage																23							15.7										2009	15.7	Source: World Development Indicators database, World Bank.	CA
2018.Q2.G.01	SI_POV_NAHC	Proportion of population living below the national poverty line (%)	466	-3.522016039	17.35311254	MLI	Mali	1	ALLAREA	PERCENT	All areas	Percentage															55.6					47.5			43.6										2009	43.6	Source: World Development Indicators database, World Bank.	CA
2018.Q2.G.01	SI_POV_NAHC	Proportion of population living below the national poverty line (%)	470	14.44617519	35.89194275	MLT	Malta	1	ALLAREA	PERCENT	All areas	Percentage																																				
2018.Q2.G.01	SI_POV_NAHC	Proportion of population living below the national poverty line (%)	474	-60.91544135	14.56086108	MTQ	Martinique	1	ALLAREA	PERCENT	All areas	Percentage																																				
2018.Q2.G.01	SI_POV_NAHC	Proportion of population living below the national poverty line (%)	478	-10.33187259	20.26089546	MRT	Mauritania	1	ALLAREA	PERCENT	All areas	Percentage														51				46.7				42						31				31	2014	31	Source: World Development Indicators database, World Bank.	CA
2018.Q2.G.01	SI_POV_NAHC	Proportion of population living below the national poverty line (%)	480	57.568022	-20.28581998	MUS	Mauritius	1	ALLAREA	PERCENT	All areas	Percentage																										7.9							2012	7.9	Source: World Development Indicators database, World Bank.	CA
2018.Q2.G.01	SI_POV_NAHC	Proportion of population living below the national poverty line (%)	484	-102.5148166	23.93378032	MEX	Mexico	1	ALLAREA	PERCENT	All areas	Percentage																						44.4		46.1		45.5		46.2		43.6		44.9	2016	43.6	Source: World Development Indicators database, World Bank.	CA
2018.Q2.G.01	SI_POV_NAHC	Proportion of population living below the national poverty line (%)	492	7.424214814	43.73532918	MCO	Monaco	1	ALLAREA	PERCENT	All areas	Percentage																																				
2018.Q2.G.01	SI_POV_NAHC	Proportion of population living below the national poverty line (%)	496	103.0728057	46.83892054	MNG	Mongolia	1	ALLAREA	PERCENT	All areas	Percentage																								38.8	33.7	27.4		21.6				21.6	2014	21.6	Source: World Development Indicators database, World Bank.	CA
2018.Q2.G.01	SI_POV_NAHC	Proportion of population living below the national poverty line (%)	498	28.4650624	47.20236795	MDA	Republic of Moldova	1	ALLAREA	PERCENT	All areas	Percentage															54.6	40.4	29	26.5	29	30.2	25.8	26.4	26.3	21.9	17.5	16.6	12.7	11.4	9.6			11.2333333333333	2015	9.6	Source: World Development Indicators database, World Bank.	CA
2018.Q2.G.01	SI_POV_NAHC	Proportion of population living below the national poverty line (%)	499	19.25214024	42.78717043	MNE	Montenegro	1	ALLAREA	PERCENT	All areas	Percentage																			11.2	11.3	8	4.9	6.8	6.6	9.3	11.3	8.6					8.6	2013	8.6	Source: World Development Indicators database, World Bank.	CA
2018.Q2.G.01	SI_POV_NAHC	Proportion of population living below the national poverty line (%)	500	-62.19261223	16.73558313	MSR	Montserrat	1	ALLAREA	PERCENT	All areas	Percentage																																				
2018.Q2.G.01	SI_POV_NAHC	Proportion of population living below the national poverty line (%)	504	-6.281942841	31.8440131	MAR	Morocco	1	ALLAREA	PERCENT	All areas	Percentage												16.3		15.3							8.9												2007	8.9	Source: World Development Indicators database, World Bank.	CA
2018.Q2.G.01	SI_POV_NAHC	Proportion of population living below the national poverty line (%)	508	38.18479941	-14.27963886	MOZ	Mozambique	1	ALLAREA	PERCENT	All areas	Percentage										69.4						54.1						54.7						46.1				46.1	2014	46.1	Source: World Development Indicators database, World Bank.	CA
2018.Q2.G.01	SI_POV_NAHC	Proportion of population living below the national poverty line (%)	512	57.87743482	21.98805614	OMN	Oman	1	ALLAREA	PERCENT	All areas	Percentage																																				
2018.Q2.G.01	SI_POV_NAHC	Proportion of population living below the national poverty line (%)	516	17.21907885	-22.13817068	NAM	Namibia	1	ALLAREA	PERCENT	All areas	Percentage							69.3										37.7						28.7										2009	28.7	Source: World Development Indicators database, World Bank.	CA
2018.Q2.G.01	SI_POV_NAHC	Proportion of population living below the national poverty line (%)	520	166.92313	-0.528742623	NRU	Nauru	1	ALLAREA	PERCENT	All areas	Percentage																																				
2018.Q2.G.01	SI_POV_NAHC	Proportion of population living below the national poverty line (%)	524	83.94678863	28.25866332	NPL	Nepal	1	ALLAREA	PERCENT	All areas	Percentage																								25.2									2010	25.2	Source: World Development Indicators database, World Bank.	CA
2018.Q2.G.01	SI_POV_NAHC	Proportion of population living below the national poverty line (%)	528	5.331480568	51.86728884	NLD	Netherlands	1	ALLAREA	PERCENT	All areas	Percentage																																				
2018.Q2.G.01	SI_POV_NAHC	Proportion of population living below the national poverty line (%)	530	-68.30676179	12.22720635	ANT	Netherlands Antilles	1	ALLAREA	PERCENT	All areas	Percentage																																				
2018.Q2.G.01	SI_POV_NAHC	Proportion of population living below the national poverty line (%)	531	-68.95033464	12.15058042	CUW	Curaçao	1	ALLAREA	PERCENT	All areas	Percentage																																				
2018.Q2.G.01	SI_POV_NAHC	Proportion of population living below the national poverty line (%)	533	-69.97050586	12.50878756	ABW	Aruba	1	ALLAREA	PERCENT	All areas	Percentage																																				
2018.Q2.G.01	SI_POV_NAHC	Proportion of population living below the national poverty line (%)	534	-63.06198692	18.03926508	SXM	Sint Maarten (Dutch part)	1	ALLAREA	PERCENT	All areas	Percentage																																				
2018.Q2.G.01	SI_POV_NAHC	Proportion of population living below the national poverty line (%)	540	165.5067368	-21.41742531	NCL	New Caledonia	1	ALLAREA	PERCENT	All areas	Percentage																																				
2018.Q2.G.01	SI_POV_NAHC	Proportion of population living below the national poverty line (%)	548	167.0679779	-15.34445547	VUT	Vanuatu	1	ALLAREA	PERCENT	All areas	Percentage																								12.7									2010	12.7	Source: World Development Indicators database, World Bank.	CA
2018.Q2.G.01	SI_POV_NAHC	Proportion of population living below the national poverty line (%)	554	170.4755673	-43.98721568	NZL	New Zealand	1	ALLAREA	PERCENT	All areas	Percentage																																				
2018.Q2.G.01	SI_POV_NAHC	Proportion of population living below the national poverty line (%)	558	-85.03060315	12.84210839	NIC	Nicaragua	1	ALLAREA	PERCENT	All areas	Percentage															45.8				48.3				42.5					29.6		24.9		27.25	2016	24.9	Source: World Development Indicators database, World Bank.	CA
2018.Q2.G.01	SI_POV_NAHC	Proportion of population living below the national poverty line (%)	562	9.400167877	17.42143036	NER	Niger	1	ALLAREA	PERCENT	All areas	Percentage																									48.9			44.5				44.5	2014	44.5	Source: World Development Indicators database, World Bank.	CA
2018.Q2.G.01	SI_POV_NAHC	Proportion of population living below the national poverty line (%)	566	8.097363256	9.585789025	NGA	Nigeria	1	ALLAREA	PERCENT	All areas	Percentage																	48.4						46										2009	46	Source: World Development Indicators database, World Bank.	CA
2018.Q2.G.01	SI_POV_NAHC	Proportion of population living below the national poverty line (%)	570	-169.8601693	-19.05000475	NIU	Niue	1	ALLAREA	PERCENT	All areas	Percentage																																				
2018.Q2.G.01	SI_POV_NAHC	Proportion of population living below the national poverty line (%)	574	167.9515548	-29.03230018	NFK	Norfolk Island	1	ALLAREA	PERCENT	All areas	Percentage																																				
2018.Q2.G.01	SI_POV_NAHC	Proportion of population living below the national poverty line (%)	578	11.47846389	61.34311134	NOR	Norway	1	ALLAREA	PERCENT	All areas	Percentage																																				
2018.Q2.G.01	SI_POV_NAHC	Proportion of population living below the national poverty line (%)	580	145.7582114	15.19099517	MNP	Northern Mariana Islands	1	ALLAREA	PERCENT	All areas	Percentage																																				
2018.Q2.G.01	SI_POV_NAHC	Proportion of population living below the national poverty line (%)	581	-162.4343752	5.874443968	UMI	US Minor Outlying Islands	1	ALLAREA	PERCENT	All areas	Percentage																																				
2018.Q2.G.01	SI_POV_NAHC	Proportion of population living below the national poverty line (%)	583	158.225216	6.880670092	FSM	Micronesia, Federated States of	1	ALLAREA	PERCENT	All areas	Percentage																			29.9								41.2					41.2	2013	41.2	Source: World Development Indicators database, World Bank.	CA
2018.Q2.G.01	SI_POV_NAHC	Proportion of population living below the national poverty line (%)	584	171.0839119	7.110213497	MHL	Marshall Islands	1	ALLAREA	PERCENT	All areas	Percentage																																				
2018.Q2.G.01	SI_POV_NAHC	Proportion of population living below the national poverty line (%)	585	134.5733878	7.502307591	PLW	Palau	1	ALLAREA	PERCENT	All areas	Percentage																				24.9													2006	24.9	Source: World Development Indicators database, World Bank.	CA
2018.Q2.G.01	SI_POV_NAHC	Proportion of population living below the national poverty line (%)	586	68.80479684	29.36491634	PAK	Pakistan	1	ALLAREA	PERCENT	All areas	Percentage												57.9			64.3			51.7	50.4		44.1			36.8	36.3		29.5					29.5	2013	29.5	Source: World Development Indicators database, World Bank.	CA
2018.Q2.G.01	SI_POV_NAHC	Proportion of population living below the national poverty line (%)	591	-81.26616623	8.450965746	PAN	Panama	1	ALLAREA	PERCENT	All areas	Percentage														37.9					36.6	38.3		33.8							23	22.1		22.55	2016	22.1	Source: World Development Indicators database, World Bank.	CA
2018.Q2.G.01	SI_POV_NAHC	Proportion of population living below the national poverty line (%)	598	145.8587761	-6.756057077	PNG	Papua New Guinea	1	ALLAREA	PERCENT	All areas	Percentage																							39.9										2009	39.9	Source: World Development Indicators database, World Bank.	CA
2018.Q2.G.01	SI_POV_NAHC	Proportion of population living below the national poverty line (%)	600	-60.54854225	-21.70216237	PRY	Paraguay	1	ALLAREA	PERCENT	All areas	Percentage																57.7	51.4	48.8	44.9	48.9	45.3	43.2	41.6	39	37	31.4	28	27.2	26.6	28.9		27.675	2016	28.9	Source: World Development Indicators database, World Bank.	CA
2018.Q2.G.01	SI_POV_NAHC	Proportion of population living below the national poverty line (%)	604	-71.82093277	-13.58939705	PER	Peru	1	ALLAREA	PERCENT	All areas	Percentage																		58.7	55.6	49.2	42.4	37.3	33.5	30.8	27.8	25.8	23.9	22.7	21.8	20.7		22.275	2016	20.7	Source: World Development Indicators database, World Bank.	CA
2018.Q2.G.01	SI_POV_NAHC	Proportion of population living below the national poverty line (%)	608	120.8601418	14.16591706	PHL	Philippines	1	ALLAREA	PERCENT	All areas	Percentage																	24.9			26.6			26.3			25.2			21.6			21.6	2015	21.6	Source: World Development Indicators database, World Bank.	CA
2018.Q2.G.01	SI_POV_NAHC	Proportion of population living below the national poverty line (%)	612	-128.3225873	-24.37538456	PCN	Pitcairn	1	ALLAREA	PERCENT	All areas	Percentage																																				
2018.Q2.G.01	SI_POV_NAHC	Proportion of population living below the national poverty line (%)	616	19.40660158	52.1226733	POL	Poland	1	ALLAREA	PERCENT	All areas	Percentage														14.8	15.6	16.6		20.5	19.1	17.3	16.9	17.1	17.6	17.7	17.1	17.3	17	17.6	17.3			17.3	2015	17.3	Source: World Development Indicators database, World Bank.	CA
2018.Q2.G.01	SI_POV_NAHC	Proportion of population living below the national poverty line (%)	620	-7.961599811	39.68509315	PRT	Portugal	1	ALLAREA	PERCENT	All areas	Percentage																																				
2018.Q2.G.01	SI_POV_NAHC	Proportion of population living below the national poverty line (%)	624	-14.40182514	12.11760394	GNB	Guinea-Bissau	1	ALLAREA	PERCENT	All areas	Percentage																64.7								69.3									2010	69.3	Source: World Development Indicators database, World Bank.	CA
2018.Q2.G.01	SI_POV_NAHC	Proportion of population living below the national poverty line (%)	626	125.9451052	-8.797497247	TLS	Timor-Leste	1	ALLAREA	PERCENT	All areas	Percentage															36.3						49.9							41.8				41.8	2014	41.8	Source: World Development Indicators database, World Bank.	CA
2018.Q2.G.01	SI_POV_NAHC	Proportion of population living below the national poverty line (%)	630	-66.47591017	18.22753799	PRI	Puerto Rico	1	ALLAREA	PERCENT	All areas	Percentage																																				
2018.Q2.G.01	SI_POV_NAHC	Proportion of population living below the national poverty line (%)	634	51.19152467	25.28355379	QAT	Qatar	1	ALLAREA	PERCENT	All areas	Percentage																																				
2018.Q2.G.01	SI_POV_NAHC	Proportion of population living below the national poverty line (%)	638	55.53171398	-21.13183266	REU	Réunion	1	ALLAREA	PERCENT	All areas	Percentage																																				
2018.Q2.G.01	SI_POV_NAHC	Proportion of population living below the national poverty line (%)	642	24.98481009	45.83893563	ROU	Romania	1	ALLAREA	PERCENT	All areas	Percentage																				24.6	23.6	22.1	21.6	22.3	22.9	23	25.1	25.4	25.3			25.2666666666667	2015	25.3	Source: World Development Indicators database, World Bank.	CA
2018.Q2.G.01	SI_POV_NAHC	Proportion of population living below the national poverty line (%)	643	99.01404926	61.61899849	RUS	Russian Federation	1	ALLAREA	PERCENT	All areas	Percentage														29		24.6	20.3	17.6	17.8	15.2	13.3	13.4	13	12.5	12.7	10.7	10.8	11.2	13.3	13.4		12.175	2016	13.4	Source: World Development Indicators database, World Bank.	CA
2018.Q2.G.01	SI_POV_NAHC	Proportion of population living below the national poverty line (%)	646	29.92310194	-1.999842114	RWA	Rwanda	1	ALLAREA	PERCENT	All areas	Percentage														58.9					56.7					46			39.1					39.1	2013	39.1	Source: World Development Indicators database, World Bank.	CA
2018.Q2.G.01	SI_POV_NAHC	Proportion of population living below the national poverty line (%)	652	-62.83173536	17.89513362	BLM	Saint Barthélemy	1	ALLAREA	PERCENT	All areas	Percentage																																				
2018.Q2.G.01	SI_POV_NAHC	Proportion of population living below the national poverty line (%)	654	-5.705752501	-15.96503946	SHN	Saint Helena	1	ALLAREA	PERCENT	All areas	Percentage																																				
2018.Q2.G.01	SI_POV_NAHC	Proportion of population living below the national poverty line (%)	659	-62.76628613	17.33994219	KNA	Saint Kitts and Nevis	1	ALLAREA	PERCENT	All areas	Percentage																																				
2018.Q2.G.01	SI_POV_NAHC	Proportion of population living below the national poverty line (%)	660	-63.05651612	18.21525315	AIA	Anguilla	1	ALLAREA	PERCENT	All areas	Percentage																																				
2018.Q2.G.01	SI_POV_NAHC	Proportion of population living below the national poverty line (%)	662	-60.96529553	13.89405601	LCA	Saint Lucia	1	ALLAREA	PERCENT	All areas	Percentage																																				
2018.Q2.G.01	SI_POV_NAHC	Proportion of population living below the national poverty line (%)	663	-63.04505461	18.0882685	MAF	Saint Martin (French Part)	1	ALLAREA	PERCENT	All areas	Percentage																																				
2018.Q2.G.01	SI_POV_NAHC	Proportion of population living below the national poverty line (%)	666	-56.33682442	46.85812735	SPM	Saint Pierre and Miquelon	1	ALLAREA	PERCENT	All areas	Percentage																																				
2018.Q2.G.01	SI_POV_NAHC	Proportion of population living below the national poverty line (%)	670	-61.19024321	13.24627968	VCT	Saint Vincent and the Grenadines	1	ALLAREA	PERCENT	All areas	Percentage																																				
2018.Q2.G.01	SI_POV_NAHC	Proportion of population living below the national poverty line (%)	674	12.46329038	43.93841766	SMR	San Marino	1	ALLAREA	PERCENT	All areas	Percentage																																				
2018.Q2.G.01	SI_POV_NAHC	Proportion of population living below the national poverty line (%)	678	6.609772265	0.241554875	STP	Sao Tome and Principe	1	ALLAREA	PERCENT	All areas	Percentage														68.3										66.2									2010	66.2	Source: World Development Indicators database, World Bank.	CA
2018.Q2.G.01	SI_POV_NAHC	Proportion of population living below the national poverty line (%)	682	44.54763347	24.12594211	SAU	Saudi Arabia	1	ALLAREA	PERCENT	All areas	Percentage																																				
2018.Q2.G.01	SI_POV_NAHC	Proportion of population living below the national poverty line (%)	686	-14.46636926	14.35920905	SEN	Senegal	1	ALLAREA	PERCENT	All areas	Percentage															55.2				48.3						46.7								2011	46.7	Source: World Development Indicators database, World Bank.	CA
2018.Q2.G.01	SI_POV_NAHC	Proportion of population living below the national poverty line (%)	688	20.805876	44.03145697	SRB	Serbia	1	ALLAREA	PERCENT	All areas	Percentage																										24.5	25.4	25.4	25.5			25.4333333333333	2015	25.5	Source: World Development Indicators database, World Bank.	CA
2018.Q2.G.01	SI_POV_NAHC	Proportion of population living below the national poverty line (%)	690	55.46561591	-4.678053059	SYC	Seychelles	1	ALLAREA	PERCENT	All areas	Percentage																				37.8							39.3					39.3	2013	39.3	Source: World Development Indicators database, World Bank.	CA
2018.Q2.G.01	SI_POV_NAHC	Proportion of population living below the national poverty line (%)	694	-11.78306584	8.568604164	SLE	Sierra Leone	1	ALLAREA	PERCENT	All areas	Percentage																	66.4								52.9								2011	52.9	Source: World Development Indicators database, World Bank.	CA
2018.Q2.G.01	SI_POV_NAHC	Proportion of population living below the national poverty line (%)	702	103.8107883	1.361009155	SGP	Singapore	1	ALLAREA	PERCENT	All areas	Percentage																																				
2018.Q2.G.01	SI_POV_NAHC	Proportion of population living below the national poverty line (%)	703	19.48495604	48.70741446	SVK	Slovakia	1	ALLAREA	PERCENT	All areas	Percentage																		13.3	11.6	10.6	10.9	11	12	13	13.2	12.8	12.6					12.6	2013	12.6	Source: World Development Indicators database, World Bank.	CA
2018.Q2.G.01	SI_POV_NAHC	Proportion of population living below the national poverty line (%)	704	105.802499	10.09643079	VNM	Viet Nam	1	ALLAREA	PERCENT	All areas	Percentage																								20.7		17.2		13.5		9.8		11.65	2016	9.8	Source: World Development Indicators database, World Bank.	CA
2018.Q2.G.01	SI_POV_NAHC	Proportion of population living below the national poverty line (%)	705	14.82209486	46.11958061	SVN	Slovenia	1	ALLAREA	PERCENT	All areas	Percentage																		12.2	11.6	11.5	12.3	11.3	12.7	13.6	13.5	14.5	14.5	14.3				14.4	2014	14.3	Source: World Development Indicators database, World Bank.	CA
2018.Q2.G.01	SI_POV_NAHC	Proportion of population living below the national poverty line (%)	706	46.20367477	4.406485729	SOM	Somalia	1	ALLAREA	PERCENT	All areas	Percentage																																				
2018.Q2.G.01	SI_POV_NAHC	Proportion of population living below the national poverty line (%)	710	24.67184355	-29.99957544	ZAF	South Africa	1	ALLAREA	PERCENT	All areas	Percentage																			66.6			62.1		53.2				55.5				55.5	2014	55.5	Source: World Development Indicators database, World Bank.	CA
2018.Q2.G.01	SI_POV_NAHC	Proportion of population living below the national poverty line (%)	716	29.86909584	-19.00075492	ZWE	Zimbabwe	1	ALLAREA	PERCENT	All areas	Percentage																									72.3								2011	72.3	Source: World Development Indicators database, World Bank.	CA
2018.Q2.G.01	SI_POV_NAHC	Proportion of population living below the national poverty line (%)	724	-3.554078296	40.39211472	ESP	Spain	1	ALLAREA	PERCENT	All areas	Percentage																																				
2018.Q2.G.01	SI_POV_NAHC	Proportion of population living below the national poverty line (%)	728	30.32618773	7.290839152	SSD	South Sudan	1	ALLAREA	PERCENT	All areas	Percentage																							50.6										2009	50.6	Source: World Development Indicators database, World Bank.	CA
2018.Q2.G.01	SI_POV_NAHC	Proportion of population living below the national poverty line (%)	732	-13.13515523	24.66265342	ESH	Western Sahara	1	ALLAREA	PERCENT	All areas	Percentage																																				
2018.Q2.G.01	SI_POV_NAHC	Proportion of population living below the national poverty line (%)	736	29.95650159	16.02643066	SDN	Sudan	1	ALLAREA	PERCENT	All areas	Percentage																																				
2018.Q2.G.01	SI_POV_NAHC	Proportion of population living below the national poverty line (%)	740	-55.90626394	4.132603197	SUR	Suriname	1	ALLAREA	PERCENT	All areas	Percentage																																				
2018.Q2.G.01	SI_POV_NAHC	Proportion of population living below the national poverty line (%)	744	13.38071013	78.82894131	SJM	Svalbard and Jan Mayen Islands	1	ALLAREA	PERCENT	All areas	Percentage																																				
2018.Q2.G.01	SI_POV_NAHC	Proportion of population living below the national poverty line (%)	748	31.50149288	-26.56471011	SWZ	Swaziland	1	ALLAREA	PERCENT	All areas	Percentage															69								63										2009	63	Source: World Development Indicators database, World Bank.	CA
2018.Q2.G.01	SI_POV_NAHC	Proportion of population living below the national poverty line (%)	752	14.3775338	60.60103109	SWE	Sweden	1	ALLAREA	PERCENT	All areas	Percentage																																				
2018.Q2.G.01	SI_POV_NAHC	Proportion of population living below the national poverty line (%)	756	8.223158	46.96617097	CHE	Switzerland	1	ALLAREA	PERCENT	All areas	Percentage																																				
2018.Q2.G.01	SI_POV_NAHC	Proportion of population living below the national poverty line (%)	760	38.50466565	35.01676176	SYR	Syrian Arab Republic (Syria)	1	ALLAREA	PERCENT	All areas	Percentage																		30.1			35.2												2007	35.2	Source: World Development Indicators database, World Bank.	CA
2018.Q2.G.01	SI_POV_NAHC	Proportion of population living below the national poverty line (%)	762	69.294998	38.43069666	TJK	Tajikistan	1	ALLAREA	PERCENT	All areas	Percentage																											34.3	32	31.3			32.5333333333333	2015	31.3	Source: World Development Indicators database, World Bank.	CA
2018.Q2.G.01	SI_POV_NAHC	Proportion of population living below the national poverty line (%)	764	101.0202951	15.13089239	THA	Thailand	1	ALLAREA	PERCENT	All areas	Percentage														42.3		32.4		26.8		21.9	20	20.4	17.9	16.4	13.2	12.6	10.9	10.5				10.7	2014	10.5	Source: World Development Indicators database, World Bank.	CA
2018.Q2.G.01	SI_POV_NAHC	Proportion of population living below the national poverty line (%)	768	0.97835765	8.532096072	TGO	Togo	1	ALLAREA	PERCENT	All areas	Percentage																				61.7					58.7				55.1			55.1	2015	55.1	Source: World Development Indicators database, World Bank.	CA
2018.Q2.G.01	SI_POV_NAHC	Proportion of population living below the national poverty line (%)	772	-171.8154473	-9.214545558	TKL	Tokelau	1	ALLAREA	PERCENT	All areas	Percentage																																				
2018.Q2.G.01	SI_POV_NAHC	Proportion of population living below the national poverty line (%)	776	-175.1959991	-21.19511329	TON	Tonga	1	ALLAREA	PERCENT	All areas	Percentage															16.2								22.5										2009	22.5	Source: World Development Indicators database, World Bank.	CA
2018.Q2.G.01	SI_POV_NAHC	Proportion of population living below the national poverty line (%)	780	-61.29389504	10.41877263	TTO	Trinidad and Tobago	1	ALLAREA	PERCENT	All areas	Percentage																																				
2018.Q2.G.01	SI_POV_NAHC	Proportion of population living below the national poverty line (%)	784	53.98279159	23.43322219	ARE	United Arab Emirates	1	ALLAREA	PERCENT	All areas	Percentage																																				
2018.Q2.G.01	SI_POV_NAHC	Proportion of population living below the national poverty line (%)	788	9.572737411	34.11439971	TUN	Tunisia	1	ALLAREA	PERCENT	All areas	Percentage														25.4					23.1					20.5					15.2			15.2	2015	15.2	Source: World Development Indicators database, World Bank.	CA
2018.Q2.G.01	SI_POV_NAHC	Proportion of population living below the national poverty line (%)	792	35.42890329	38.9899684	TUR	Turkey	1	ALLAREA	PERCENT	All areas	Percentage																30.3	23.8	20.9	16.4	13.3	8.4	6.8	4.3	3.7	2.8	2.3	2.1	1.6	1.6			1.76666666666667	2015	1.6	Source: World Development Indicators database, World Bank.	CA
2018.Q2.G.01	SI_POV_NAHC	Proportion of population living below the national poverty line (%)	795	58.9787665	40.0912346	TKM	Turkmenistan	1	ALLAREA	PERCENT	All areas	Percentage																																				
2018.Q2.G.01	SI_POV_NAHC	Proportion of population living below the national poverty line (%)	796	-71.745121	21.80780585	TCA	Turks and Caicos Islands	1	ALLAREA	PERCENT	All areas	Percentage																																				
2018.Q2.G.01	SI_POV_NAHC	Proportion of population living below the national poverty line (%)	798	178.6679611	-7.460048071	TUV	Tuvalu	1	ALLAREA	PERCENT	All areas	Percentage																								26.3									2010	26.3	Source: World Development Indicators database, World Bank.	CA
2018.Q2.G.01	SI_POV_NAHC	Proportion of population living below the national poverty line (%)	800	32.39100438	1.279557331	UGA	Uganda	1	ALLAREA	PERCENT	All areas	Percentage						56.4				44.4			33.8			38.8			31.1				24.5			19.7							2012	19.7	Source: World Development Indicators database, World Bank.	CA
2018.Q2.G.01	SI_POV_NAHC	Proportion of population living below the national poverty line (%)	804	31.40270802	49.00735945	UKR	Ukraine	1	ALLAREA	PERCENT	All areas	Percentage																83.3	76.2	65.6	55.3	49.7	12.7	7.1	5.8	8.6	7.8	9	8.3	8.6	6.4	3.8		6.775	2016	3.8	Source: World Development Indicators database, World Bank.	CA
2018.Q2.G.01	SI_POV_NAHC	Proportion of population living below the national poverty line (%)	807	21.7007909	41.60048068	MKD	Macedonia, Republic of	1	ALLAREA	PERCENT	All areas	Percentage																								27	26.8	26.2	24.2	22.1	21.5			22.6	2015	21.5	Source: World Development Indicators database, World Bank.	CA
2018.Q2.G.01	SI_POV_NAHC	Proportion of population living below the national poverty line (%)	818	29.77468534	26.57438204	EGY	Egypt	1	ALLAREA	PERCENT	All areas	Percentage													16.7					19.6				21.6		25.2		26.3			27.8			27.8	2015	27.8	Source: World Development Indicators database, World Bank.	CA
2018.Q2.G.01	SI_POV_NAHC	Proportion of population living below the national poverty line (%)	826	-2.23830539	53.27691757	GBR	United Kingdom	1	ALLAREA	PERCENT	All areas	Percentage																																				
2018.Q2.G.01	SI_POV_NAHC	Proportion of population living below the national poverty line (%)	831	-2.200712402	49.71561166	GGY	Guernsey	1	ALLAREA	PERCENT	All areas	Percentage																																				
2018.Q2.G.01	SI_POV_NAHC	Proportion of population living below the national poverty line (%)	832	-2.136773508	49.22353354	JEY	Jersey	1	ALLAREA	PERCENT	All areas	Percentage																																				
2018.Q2.G.01	SI_POV_NAHC	Proportion of population living below the national poverty line (%)	833	-4.538190305	54.22880901	IMN	Isle of Man	1	ALLAREA	PERCENT	All areas	Percentage																																				
2018.Q2.G.01	SI_POV_NAHC	Proportion of population living below the national poverty line (%)	834	34.80521182	-6.265332606	TZA	Tanzania, United Republic of	1	ALLAREA	PERCENT	All areas	Percentage																									28.2								2011	28.2	Source: World Development Indicators database, World Bank.	CA
2018.Q2.G.01	SI_POV_NAHC	Proportion of population living below the national poverty line (%)	840	-99.13830311	39.5277871	USA	United States of America	1	ALLAREA	PERCENT	All areas	Percentage																																				
2018.Q2.G.01	SI_POV_NAHC	Proportion of population living below the national poverty line (%)	850	-64.76960113	17.73297693	VIR	United States Virgin Islands	1	ALLAREA	PERCENT	All areas	Percentage																																				
2018.Q2.G.01	SI_POV_NAHC	Proportion of population living below the national poverty line (%)	854	-1.742843829	12.27491081	BFA	Burkina Faso	1	ALLAREA	PERCENT	All areas	Percentage																	51.1						46.7					40.1				40.1	2014	40.1	Source: World Development Indicators database, World Bank.	CA
2018.Q2.G.01	SI_POV_NAHC	Proportion of population living below the national poverty line (%)	858	-56.01387025	-32.8002838	URY	Uruguay	1	ALLAREA	PERCENT	All areas	Percentage																				32.5	29.6	24.2	21	18.5	13.7	12.4	11.5	9.7	9.7	9.4		10.075	2016	9.4	Source: World Development Indicators database, World Bank.	CA
2018.Q2.G.01	SI_POV_NAHC	Proportion of population living below the national poverty line (%)	860	63.11944558	41.77560518	UZB	Uzbekistan	1	ALLAREA	PERCENT	All areas	Percentage																										15	14.1					14.1	2013	14.1	Source: World Development Indicators database, World Bank.	CA
2018.Q2.G.01	SI_POV_NAHC	Proportion of population living below the national poverty line (%)	862	-66.15642084	7.121324748	VEN	Venezuela (Bolivarian Republic)	1	ALLAREA	PERCENT	All areas	Percentage											55.6	49	42.8	41.6	31.1	41.1	54	53.1	42.4	33.1	27.5	27.7	26.4	26.8	27.4	27.2	29.4	29.5	33.1			30.6666666666667	2015	33.1	Source: World Development Indicators database, World Bank.	CA
2018.Q2.G.01	SI_POV_NAHC	Proportion of population living below the national poverty line (%)	876	-176.2034788	-13.28471201	WLF	Wallis and Futuna Islands	1	ALLAREA	PERCENT	All areas	Percentage																																				
2018.Q2.G.01	SI_POV_NAHC	Proportion of population living below the national poverty line (%)	882	-172.4430749	-13.61541469	WSM	Samoa	1	ALLAREA	PERCENT	All areas	Percentage																						26.9											2008	26.9	Source: World Development Indicators database, World Bank.	CA
2018.Q2.G.01	SI_POV_NAHC	Proportion of population living below the national poverty line (%)	887	45.22389143	15.22242099	YEM	Yemen	1	ALLAREA	PERCENT	All areas	Percentage																			34.8									48.6				48.6	2014	48.6	Source: World Development Indicators database, World Bank.	CA
2018.Q2.G.01	SI_POV_NAHC	Proportion of population living below the national poverty line (%)	894	27.850329	-14.59701056	ZMB	Zambia	1	ALLAREA	PERCENT	All areas	Percentage																								54.7					54.4			54.4	2015	54.4	Source: World Development Indicators database, World Bank.	CA
