series.release	series.code	series.description	geoAreaCode	X	Y	ISO3CD	geoAreaName	sliceId	Units	Units description	2005	2016	latest.year	latest.value	latest.source	latest.nature
2018.Q2.G.01	VC_PRS_UNSEC	Unsentenced detainees as a proportion of overall prison population (%)	4	66.02688198	33.83160199	AFG	Afghanistan	1	PERCENT	Percentage	81	31.29	2016	31.29	WPB-ICPR: World Prison Brief-Institute for Criminal Policy Research 	C
2018.Q2.G.01	VC_PRS_UNSEC	Unsentenced detainees as a proportion of overall prison population (%)	8	20.06660928	41.13897007	ALB	Albania	1	PERCENT	Percentage	26.56	49.99	2016	49.99	UN-CTS: United Nations Survey on Crime Trends and Operations of Criminal Justice Systems	C
2018.Q2.G.01	VC_PRS_UNSEC	Unsentenced detainees as a proportion of overall prison population (%)	10	21.47585697	-80.40897662	ATA	Antarctica	1	PERCENT	Percentage						
2018.Q2.G.01	VC_PRS_UNSEC	Unsentenced detainees as a proportion of overall prison population (%)	12	2.678164227	28.15940032	DZA	Algeria	1	PERCENT	Percentage	35.46	7.68	2016	7.68	UN-CTS: United Nations Survey on Crime Trends and Operations of Criminal Justice Systems	C
2018.Q2.G.01	VC_PRS_UNSEC	Unsentenced detainees as a proportion of overall prison population (%)	16	-170.7187269	-14.30587306	ASM	American Samoa	1	PERCENT	Percentage						
2018.Q2.G.01	VC_PRS_UNSEC	Unsentenced detainees as a proportion of overall prison population (%)	20	1.576257417	42.54548611	AND	Andorra	1	PERCENT	Percentage	24.59	61.7	2016	61.7	UN-CTS/WPB-ICPR: United Nations Survey on Crime Trends and Operations of Criminal Justice Systems and World Prison Brief-Institute for Criminal Policy Research	C
2018.Q2.G.01	VC_PRS_UNSEC	Unsentenced detainees as a proportion of overall prison population (%)	24	17.57817062	-12.33724746	AGO	Angola	1	PERCENT	Percentage	63.69	45.76	2016	45.76	WPB-ICPR: World Prison Brief-Institute for Criminal Policy Research 	C
2018.Q2.G.01	VC_PRS_UNSEC	Unsentenced detainees as a proportion of overall prison population (%)	28	-61.7999755	17.07761471	ATG	Antigua and Barbuda	1	PERCENT	Percentage	27.01	44.34	2016	44.34	WPB-ICPR: World Prison Brief-Institute for Criminal Policy Research 	C
2018.Q2.G.01	VC_PRS_UNSEC	Unsentenced detainees as a proportion of overall prison population (%)	31	50.01064725	40.39229544	AZE	Azerbaijan	1	PERCENT	Percentage	12.05	18.12	2016	18.12	UN-CTS: United Nations Survey on Crime Trends and Operations of Criminal Justice Systems	C
2018.Q2.G.01	VC_PRS_UNSEC	Unsentenced detainees as a proportion of overall prison population (%)	32	-65.14563274	-35.19446255	ARG	Argentina	1	PERCENT	Percentage	57.58	50.89	2016	50.89	UN-CTS: United Nations Survey on Crime Trends and Operations of Criminal Justice Systems	C
2018.Q2.G.01	VC_PRS_UNSEC	Unsentenced detainees as a proportion of overall prison population (%)	36	134.3499412	-25.57717202	AUS	Australia	1	PERCENT	Percentage	20.43	27.79	2016	27.79	UN-CTS: United Nations Survey on Crime Trends and Operations of Criminal Justice Systems	C
2018.Q2.G.01	VC_PRS_UNSEC	Unsentenced detainees as a proportion of overall prison population (%)	40	14.14172472	47.58704857	AUT	Austria	1	PERCENT	Percentage	23.25	20.8	2016	20.8	UN-CTS: United Nations Survey on Crime Trends and Operations of Criminal Justice Systems	C
2018.Q2.G.01	VC_PRS_UNSEC	Unsentenced detainees as a proportion of overall prison population (%)	44	-78.05111663	24.69546597	BHS	Bahamas	1	PERCENT	Percentage	22.53	38.42	2016	38.42	UN-CTS/WPB-ICPR: United Nations Survey on Crime Trends and Operations of Criminal Justice Systems and World Prison Brief-Institute for Criminal Policy Research	C
2018.Q2.G.01	VC_PRS_UNSEC	Unsentenced detainees as a proportion of overall prison population (%)	48	50.5490754	26.04407747	BHR	Bahrain	1	PERCENT	Percentage						
2018.Q2.G.01	VC_PRS_UNSEC	Unsentenced detainees as a proportion of overall prison population (%)	50	89.17660788	22.86961622	BGD	Bangladesh	1	PERCENT	Percentage	63.96	75.84	2016	75.84	UN-CTS/WPB-ICPR: United Nations Survey on Crime Trends and Operations of Criminal Justice Systems and World Prison Brief-Institute for Criminal Policy Research	C
2018.Q2.G.01	VC_PRS_UNSEC	Unsentenced detainees as a proportion of overall prison population (%)	51	44.93839317	40.29499741	ARM	Armenia	1	PERCENT	Percentage	28.13	29.58	2016	29.58	UN-CTS: United Nations Survey on Crime Trends and Operations of Criminal Justice Systems	C
2018.Q2.G.01	VC_PRS_UNSEC	Unsentenced detainees as a proportion of overall prison population (%)	52	-59.5346489	13.13648273	BRB	Barbados	1	PERCENT	Percentage						
2018.Q2.G.01	VC_PRS_UNSEC	Unsentenced detainees as a proportion of overall prison population (%)	56	4.660976456	50.64104975	BEL	Belgium	1	PERCENT	Percentage	38.13	26.53	2016	26.53	UN-CTS/WPB-ICPR: United Nations Survey on Crime Trends and Operations of Criminal Justice Systems and World Prison Brief-Institute for Criminal Policy Research	C
2018.Q2.G.01	VC_PRS_UNSEC	Unsentenced detainees as a proportion of overall prison population (%)	60	-64.78155012	32.27881922	BMU	Bermuda	1	PERCENT	Percentage						
2018.Q2.G.01	VC_PRS_UNSEC	Unsentenced detainees as a proportion of overall prison population (%)	64	90.45098484	27.39598568	BTN	Bhutan	1	PERCENT	Percentage						
2018.Q2.G.01	VC_PRS_UNSEC	Unsentenced detainees as a proportion of overall prison population (%)	68	-64.66224284	-16.71273412	BOL	Bolivia (Plurinational State of)	1	PERCENT	Percentage	73.33	66.76	2016	66.76	UN-CTS/WPB-ICPR: United Nations Survey on Crime Trends and Operations of Criminal Justice Systems and World Prison Brief-Institute for Criminal Policy Research	C
2018.Q2.G.01	VC_PRS_UNSEC	Unsentenced detainees as a proportion of overall prison population (%)	70	17.78584332	44.16845548	BIH	Bosnia and Herzegovina	1	PERCENT	Percentage	18	13.57	2016	13.57	UN-CTS/WPB-ICPR: United Nations Survey on Crime Trends and Operations of Criminal Justice Systems and World Prison Brief-Institute for Criminal Policy Research	C
2018.Q2.G.01	VC_PRS_UNSEC	Unsentenced detainees as a proportion of overall prison population (%)	72	23.81380223	-22.18810073	BWA	Botswana	1	PERCENT	Percentage	52.95	23.98	2016	23.98	UN-CTS/WPB-ICPR: United Nations Survey on Crime Trends and Operations of Criminal Justice Systems and World Prison Brief-Institute for Criminal Policy Research	C
2018.Q2.G.01	VC_PRS_UNSEC	Unsentenced detainees as a proportion of overall prison population (%)	74	3.410732868	-54.43295905	BVT	Bouvet Island	1	PERCENT	Percentage						
2018.Q2.G.01	VC_PRS_UNSEC	Unsentenced detainees as a proportion of overall prison population (%)	76	-53.08432878	-10.77668561	BRA	Brazil	1	PERCENT	Percentage	31.17	39.57	2016	39.57	UN-CTS/WPB-ICPR: United Nations Survey on Crime Trends and Operations of Criminal Justice Systems and World Prison Brief-Institute for Criminal Policy Research	C
2018.Q2.G.01	VC_PRS_UNSEC	Unsentenced detainees as a proportion of overall prison population (%)	84	-88.70199554	17.19965901	BLZ	Belize	1	PERCENT	Percentage	5.58	54.88	2016	54.88	UN-CTS/WPB-ICPR: United Nations Survey on Crime Trends and Operations of Criminal Justice Systems and World Prison Brief-Institute for Criminal Policy Research	C
2018.Q2.G.01	VC_PRS_UNSEC	Unsentenced detainees as a proportion of overall prison population (%)	86	72.38715553	-7.299281071	IOT	British Indian Ocean Territory	1	PERCENT	Percentage						
2018.Q2.G.01	VC_PRS_UNSEC	Unsentenced detainees as a proportion of overall prison population (%)	90	160.1584117	-9.622391719	SLB	Solomon Islands	1	PERCENT	Percentage	35.44	60.04	2016	60.04	WPB-ICPR: World Prison Brief-Institute for Criminal Policy Research 	C
2018.Q2.G.01	VC_PRS_UNSEC	Unsentenced detainees as a proportion of overall prison population (%)	92	-64.63294223	18.42256578	VGB	British Virgin Islands	1	PERCENT	Percentage						
2018.Q2.G.01	VC_PRS_UNSEC	Unsentenced detainees as a proportion of overall prison population (%)	96	114.6288563	4.49736984	BRN	Brunei Darussalam	1	PERCENT	Percentage	7.18	6.9	2016	6.9	UN-CTS/WPB-ICPR: United Nations Survey on Crime Trends and Operations of Criminal Justice Systems and World Prison Brief-Institute for Criminal Policy Research	C
2018.Q2.G.01	VC_PRS_UNSEC	Unsentenced detainees as a proportion of overall prison population (%)	100	25.23763153	42.75731323	BGR	Bulgaria	1	PERCENT	Percentage	18.31	8.6	2016	8.6	UN-CTS: United Nations Survey on Crime Trends and Operations of Criminal Justice Systems	C
2018.Q2.G.01	VC_PRS_UNSEC	Unsentenced detainees as a proportion of overall prison population (%)	104	96.51752295	21.19332882	MMR	Myanmar	1	PERCENT	Percentage						
2018.Q2.G.01	VC_PRS_UNSEC	Unsentenced detainees as a proportion of overall prison population (%)	108	29.89080992	-3.366387428	BDI	Burundi	1	PERCENT	Percentage	64.89	52.3	2016	52.3	UN-CTS/WPB-ICPR: United Nations Survey on Crime Trends and Operations of Criminal Justice Systems and World Prison Brief-Institute for Criminal Policy Research	C
2018.Q2.G.01	VC_PRS_UNSEC	Unsentenced detainees as a proportion of overall prison population (%)	112	28.04940161	53.54193075	BLR	Belarus	1	PERCENT	Percentage	18.91	14.3	2016	14.3	UN-CTS: United Nations Survey on Crime Trends and Operations of Criminal Justice Systems	C
2018.Q2.G.01	VC_PRS_UNSEC	Unsentenced detainees as a proportion of overall prison population (%)	116	104.922836	12.71163737	KHM	Cambodia	1	PERCENT	Percentage	32.59	49.29	2016	49.29	WPB-ICPR: World Prison Brief-Institute for Criminal Policy Research 	C
2018.Q2.G.01	VC_PRS_UNSEC	Unsentenced detainees as a proportion of overall prison population (%)	120	12.7419827	5.692387031	CMR	Cameroon	1	PERCENT	Percentage	76.15	59	2016	59	UN-CTS/WPB-ICPR: United Nations Survey on Crime Trends and Operations of Criminal Justice Systems and World Prison Brief-Institute for Criminal Policy Research	C
2018.Q2.G.01	VC_PRS_UNSEC	Unsentenced detainees as a proportion of overall prison population (%)	124	-101.6575058	57.72360191	CAN	Canada	1	PERCENT	Percentage	29.14	36.36	2016	36.36	UN-CTS: United Nations Survey on Crime Trends and Operations of Criminal Justice Systems	C
2018.Q2.G.01	VC_PRS_UNSEC	Unsentenced detainees as a proportion of overall prison population (%)	132	-23.63544151	15.07791834	CPV	Cabo Verde	1	PERCENT	Percentage						
2018.Q2.G.01	VC_PRS_UNSEC	Unsentenced detainees as a proportion of overall prison population (%)	136	-81.16740559	19.32266656	CYM	Cayman Islands	1	PERCENT	Percentage	24.47	30.11	2016	30.11	WPB-ICPR: World Prison Brief-Institute for Criminal Policy Research 	C
2018.Q2.G.01	VC_PRS_UNSEC	Unsentenced detainees as a proportion of overall prison population (%)	140	20.93559492	7.003720791	CAF	Central African Republic	1	PERCENT	Percentage						
2018.Q2.G.01	VC_PRS_UNSEC	Unsentenced detainees as a proportion of overall prison population (%)	144	80.70489654	7.614693343	LKA	Sri Lanka	1	PERCENT	Percentage	291.77	51.85	2016	51.85	UN-CTS/WPB-ICPR: United Nations Survey on Crime Trends and Operations of Criminal Justice Systems and World Prison Brief-Institute for Criminal Policy Research	C
2018.Q2.G.01	VC_PRS_UNSEC	Unsentenced detainees as a proportion of overall prison population (%)	148	18.66618401	15.36279341	TCD	Chad	1	PERCENT	Percentage						
2018.Q2.G.01	VC_PRS_UNSEC	Unsentenced detainees as a proportion of overall prison population (%)	152	-71.23029019	-35.2652885	CHL	Chile	1	PERCENT	Percentage	37.23	26.97	2016	26.97	UN-CTS: United Nations Survey on Crime Trends and Operations of Criminal Justice Systems	C
2018.Q2.G.01	VC_PRS_UNSEC	Unsentenced detainees as a proportion of overall prison population (%)	156	104.1403375	32.30955217	CHN	China	1	PERCENT	Percentage						
2018.Q2.G.01	VC_PRS_UNSEC	Unsentenced detainees as a proportion of overall prison population (%)	162	105.6426067	-10.4882473	CXR	Christmas Island	1	PERCENT	Percentage						
2018.Q2.G.01	VC_PRS_UNSEC	Unsentenced detainees as a proportion of overall prison population (%)	166	96.82633757	-12.18600682	CCK	Cocos (Keeling) Islands	1	PERCENT	Percentage						
2018.Q2.G.01	VC_PRS_UNSEC	Unsentenced detainees as a proportion of overall prison population (%)	170	-73.07446751	3.888209046	COL	Colombia	1	PERCENT	Percentage	41.07	33.53	2016	33.53	UN-CTS: United Nations Survey on Crime Trends and Operations of Criminal Justice Systems	C
2018.Q2.G.01	VC_PRS_UNSEC	Unsentenced detainees as a proportion of overall prison population (%)	174	43.34234565	-11.66121732	COM	Comoros	1	PERCENT	Percentage						
2018.Q2.G.01	VC_PRS_UNSEC	Unsentenced detainees as a proportion of overall prison population (%)	175	45.14015057	-12.82217691	MYT	Mayotte	1	PERCENT	Percentage						
2018.Q2.G.01	VC_PRS_UNSEC	Unsentenced detainees as a proportion of overall prison population (%)	178	15.22052612	-0.840544119	COG	Congo	1	PERCENT	Percentage						
2018.Q2.G.01	VC_PRS_UNSEC	Unsentenced detainees as a proportion of overall prison population (%)	180	23.65496507	-2.877154732	COD	Democratic Republic of the Congo	1	PERCENT	Percentage						
2018.Q2.G.01	VC_PRS_UNSEC	Unsentenced detainees as a proportion of overall prison population (%)	184	-159.7711391	-21.22696458	COK	Cook Islands	1	PERCENT	Percentage	3.7	21.62	2016	21.62	WPB-ICPR: World Prison Brief-Institute for Criminal Policy Research 	C
2018.Q2.G.01	VC_PRS_UNSEC	Unsentenced detainees as a proportion of overall prison population (%)	188	-84.19712782	9.970998683	CRI	Costa Rica	1	PERCENT	Percentage	20.09	19.61	2016	19.61	UN-CTS: United Nations Survey on Crime Trends and Operations of Criminal Justice Systems	C
2018.Q2.G.01	VC_PRS_UNSEC	Unsentenced detainees as a proportion of overall prison population (%)	191	17.95874553	45.45172212	HRV	Croatia	1	PERCENT	Percentage	31.4	22.63	2016	22.63	UN-CTS: United Nations Survey on Crime Trends and Operations of Criminal Justice Systems	C
2018.Q2.G.01	VC_PRS_UNSEC	Unsentenced detainees as a proportion of overall prison population (%)	192	-79.54460144	22.10030366	CUB	Cuba	1	PERCENT	Percentage						
2018.Q2.G.01	VC_PRS_UNSEC	Unsentenced detainees as a proportion of overall prison population (%)	196	33.22285964	35.05659437	CYP	Cyprus	1	PERCENT	Percentage	16.96	19.56	2016	19.56	UN-CTS: United Nations Survey on Crime Trends and Operations of Criminal Justice Systems	C
2018.Q2.G.01	VC_PRS_UNSEC	Unsentenced detainees as a proportion of overall prison population (%)	203	15.33151382	49.73913871	CZE	Czechia	1	PERCENT	Percentage	16.83	9.76	2016	9.76	UN-CTS/WPB-ICPR: United Nations Survey on Crime Trends and Operations of Criminal Justice Systems and World Prison Brief-Institute for Criminal Policy Research	C
2018.Q2.G.01	VC_PRS_UNSEC	Unsentenced detainees as a proportion of overall prison population (%)	204	2.339933594	9.65401646	BEN	Benin	1	PERCENT	Percentage						
2018.Q2.G.01	VC_PRS_UNSEC	Unsentenced detainees as a proportion of overall prison population (%)	208	9.326571283	56.03829721	DNK	Denmark	1	PERCENT	Percentage	27.89	28.63	2016	28.63	UN-CTS: United Nations Survey on Crime Trends and Operations of Criminal Justice Systems	C
2018.Q2.G.01	VC_PRS_UNSEC	Unsentenced detainees as a proportion of overall prison population (%)	212	-61.3493756	15.43391378	DMA	Dominica	1	PERCENT	Percentage	21.03	22.83	2016	22.83	WPB-ICPR: World Prison Brief-Institute for Criminal Policy Research 	C
2018.Q2.G.01	VC_PRS_UNSEC	Unsentenced detainees as a proportion of overall prison population (%)	214	-70.49847576	18.89832088	DOM	Dominican Republic	1	PERCENT	Percentage	62.02	52.89	2016	52.89	UN-CTS/WPB-ICPR: United Nations Survey on Crime Trends and Operations of Criminal Justice Systems and World Prison Brief-Institute for Criminal Policy Research	C
2018.Q2.G.01	VC_PRS_UNSEC	Unsentenced detainees as a proportion of overall prison population (%)	218	-78.37005241	-1.447785891	ECU	Ecuador	1	PERCENT	Percentage	63.07	39.6	2016	39.6	UN-CTS/WPB-ICPR: United Nations Survey on Crime Trends and Operations of Criminal Justice Systems and World Prison Brief-Institute for Criminal Policy Research	C
2018.Q2.G.01	VC_PRS_UNSEC	Unsentenced detainees as a proportion of overall prison population (%)	222	-88.86862995	13.73603564	SLV	El Salvador	1	PERCENT	Percentage	28.77	23.88	2016	23.88	UN-CTS/WPB-ICPR: United Nations Survey on Crime Trends and Operations of Criminal Justice Systems and World Prison Brief-Institute for Criminal Policy Research	C
2018.Q2.G.01	VC_PRS_UNSEC	Unsentenced detainees as a proportion of overall prison population (%)	226	10.46535826	1.565792376	GNQ	Equatorial Guinea	1	PERCENT	Percentage						
2018.Q2.G.01	VC_PRS_UNSEC	Unsentenced detainees as a proportion of overall prison population (%)	231	39.63505296	8.631223181	ETH	Ethiopia	1	PERCENT	Percentage						
2018.Q2.G.01	VC_PRS_UNSEC	Unsentenced detainees as a proportion of overall prison population (%)	232	38.11074289	16.12894644	ERI	Eritrea	1	PERCENT	Percentage						
2018.Q2.G.01	VC_PRS_UNSEC	Unsentenced detainees as a proportion of overall prison population (%)	233	25.84093481	58.68487172	EST	Estonia	1	PERCENT	Percentage	25.64	24.11	2016	24.11	UN-CTS: United Nations Survey on Crime Trends and Operations of Criminal Justice Systems	C
2018.Q2.G.01	VC_PRS_UNSEC	Unsentenced detainees as a proportion of overall prison population (%)	234	-7.122044325	62.21228119	FRO	Faroe Islands	1	PERCENT	Percentage	26.09	22.18	2016	22.18	UN-CTS/WPB-ICPR: United Nations Survey on Crime Trends and Operations of Criminal Justice Systems and World Prison Brief-Institute for Criminal Policy Research	C
2018.Q2.G.01	VC_PRS_UNSEC	Unsentenced detainees as a proportion of overall prison population (%)	238	-58.75246778	-51.74562601	FLK	Falkland Islands (Malvinas)	1	PERCENT	Percentage						
2018.Q2.G.01	VC_PRS_UNSEC	Unsentenced detainees as a proportion of overall prison population (%)	239	-36.90662765	-54.20736749	SGS	South Georgia and the South Sandwich Islands	1	PERCENT	Percentage						
2018.Q2.G.01	VC_PRS_UNSEC	Unsentenced detainees as a proportion of overall prison population (%)	242	177.9660884	-17.83301566	FJI	Fiji	1	PERCENT	Percentage	8.65	23.13	2016	23.13	WPB-ICPR: World Prison Brief-Institute for Criminal Policy Research 	C
2018.Q2.G.01	VC_PRS_UNSEC	Unsentenced detainees as a proportion of overall prison population (%)	246	23.308447	61.91586738	FIN	Finland	1	PERCENT	Percentage	13.27	19.21	2016	19.21	UN-CTS: United Nations Survey on Crime Trends and Operations of Criminal Justice Systems	C
2018.Q2.G.01	VC_PRS_UNSEC	Unsentenced detainees as a proportion of overall prison population (%)	248	19.80945969	60.1544901	ALA	Åland Islands	1	PERCENT	Percentage						
2018.Q2.G.01	VC_PRS_UNSEC	Unsentenced detainees as a proportion of overall prison population (%)	250	2.457288129	46.62660861	FRA	France	1	PERCENT	Percentage	36.55	27.02	2016	27.02	UN-CTS/WPB-ICPR: United Nations Survey on Crime Trends and Operations of Criminal Justice Systems and World Prison Brief-Institute for Criminal Policy Research	C
2018.Q2.G.01	VC_PRS_UNSEC	Unsentenced detainees as a proportion of overall prison population (%)	254	-53.23619089	3.922673437	GUF	French Guiana	1	PERCENT	Percentage						
2018.Q2.G.01	VC_PRS_UNSEC	Unsentenced detainees as a proportion of overall prison population (%)	258	-149.4052367	-17.67709294	PYF	French Polynesia	1	PERCENT	Percentage						
2018.Q2.G.01	VC_PRS_UNSEC	Unsentenced detainees as a proportion of overall prison population (%)	260	69.64849091	-49.6068576	ATF	French Southern Territories	1	PERCENT	Percentage						
2018.Q2.G.01	VC_PRS_UNSEC	Unsentenced detainees as a proportion of overall prison population (%)	262	42.18274707	11.56004161	DJI	Djibouti	1	PERCENT	Percentage						
2018.Q2.G.01	VC_PRS_UNSEC	Unsentenced detainees as a proportion of overall prison population (%)	266	11.78727747	-0.60687619	GAB	Gabon	1	PERCENT	Percentage						
2018.Q2.G.01	VC_PRS_UNSEC	Unsentenced detainees as a proportion of overall prison population (%)	268	43.3713615	42.04813028	GEO	Georgia	1	PERCENT	Percentage	54.19	13.35	2016	13.35	UN-CTS: United Nations Survey on Crime Trends and Operations of Criminal Justice Systems	C
2018.Q2.G.01	VC_PRS_UNSEC	Unsentenced detainees as a proportion of overall prison population (%)	270	-15.39944785	13.45295927	GMB	Gambia	1	PERCENT	Percentage						
2018.Q2.G.01	VC_PRS_UNSEC	Unsentenced detainees as a proportion of overall prison population (%)	275	35.25694122	31.94347933	PSE	State of Palestine	1	PERCENT	Percentage						
2018.Q2.G.01	VC_PRS_UNSEC	Unsentenced detainees as a proportion of overall prison population (%)	276	10.3806066	51.08862743	DEU	Germany	1	PERCENT	Percentage	23.71	21.71	2016	21.71	UN-CTS: United Nations Survey on Crime Trends and Operations of Criminal Justice Systems	C
2018.Q2.G.01	VC_PRS_UNSEC	Unsentenced detainees as a proportion of overall prison population (%)	288	-1.205623522	7.964825185	GHA	Ghana	1	PERCENT	Percentage	30.61	12.79	2016	12.79	WPB-ICPR: World Prison Brief-Institute for Criminal Policy Research 	C
2018.Q2.G.01	VC_PRS_UNSEC	Unsentenced detainees as a proportion of overall prison population (%)	292	-5.347561686	36.13895036	GIB	Gibraltar	1	PERCENT	Percentage	54.8	26.8	2016	26.8	WPB-ICPR: World Prison Brief-Institute for Criminal Policy Research 	C
2018.Q2.G.01	VC_PRS_UNSEC	Unsentenced detainees as a proportion of overall prison population (%)	296	-157.5643005	1.768837732	KIR	Kiribati	1	PERCENT	Percentage	2.58	5.29	2016	5.29	WPB-ICPR: World Prison Brief-Institute for Criminal Policy Research 	C
2018.Q2.G.01	VC_PRS_UNSEC	Unsentenced detainees as a proportion of overall prison population (%)	300	22.58307827	39.47301873	GRC	Greece	1	PERCENT	Percentage	29.75	25.28	2016	25.28	UN-CTS: United Nations Survey on Crime Trends and Operations of Criminal Justice Systems	C
2018.Q2.G.01	VC_PRS_UNSEC	Unsentenced detainees as a proportion of overall prison population (%)	304	-41.39371316	74.75625681	GRL	Greenland	1	PERCENT	Percentage	8.11	22.57	2016	22.57	WPB-ICPR: World Prison Brief-Institute for Criminal Policy Research 	C
2018.Q2.G.01	VC_PRS_UNSEC	Unsentenced detainees as a proportion of overall prison population (%)	308	-61.68248568	12.11238395	GRD	Grenada	1	PERCENT	Percentage	19.57	17.73	2016	17.73	UN-CTS/WPB-ICPR: United Nations Survey on Crime Trends and Operations of Criminal Justice Systems and World Prison Brief-Institute for Criminal Policy Research	C
2018.Q2.G.01	VC_PRS_UNSEC	Unsentenced detainees as a proportion of overall prison population (%)	312	-61.64762115	16.14416917	GLP	Guadeloupe	1	PERCENT	Percentage						
2018.Q2.G.01	VC_PRS_UNSEC	Unsentenced detainees as a proportion of overall prison population (%)	316	144.7029305	13.35485404	GUM	Guam	1	PERCENT	Percentage	43.51	59.47	2016	59.47	WPB-ICPR: World Prison Brief-Institute for Criminal Policy Research 	C
2018.Q2.G.01	VC_PRS_UNSEC	Unsentenced detainees as a proportion of overall prison population (%)	320	-91.2312746	15.00273719	GTM	Guatemala	1	PERCENT	Percentage	46.04	50.11	2016	50.11	UN-CTS/WPB-ICPR: United Nations Survey on Crime Trends and Operations of Criminal Justice Systems and World Prison Brief-Institute for Criminal Policy Research	C
2018.Q2.G.01	VC_PRS_UNSEC	Unsentenced detainees as a proportion of overall prison population (%)	324	-11.28173419	11.00210343	GIN	Guinea	1	PERCENT	Percentage						
2018.Q2.G.01	VC_PRS_UNSEC	Unsentenced detainees as a proportion of overall prison population (%)	328	-58.97322037	4.788012784	GUY	Guyana	1	PERCENT	Percentage	33.24	37.69	2016	37.69	UN-CTS: United Nations Survey on Crime Trends and Operations of Criminal Justice Systems	C
2018.Q2.G.01	VC_PRS_UNSEC	Unsentenced detainees as a proportion of overall prison population (%)	332	-72.33640958	18.40426539	HTI	Haiti	1	PERCENT	Percentage	106.89	72.79	2016	72.79	WPB-ICPR: World Prison Brief-Institute for Criminal Policy Research 	C
2018.Q2.G.01	VC_PRS_UNSEC	Unsentenced detainees as a proportion of overall prison population (%)	334	73.52633626	-53.09106147	HMD	Heard Island and McDonald Islands	1	PERCENT	Percentage						
2018.Q2.G.01	VC_PRS_UNSEC	Unsentenced detainees as a proportion of overall prison population (%)	336	12.45315803	41.90343751	VAT	Holy See	1	PERCENT	Percentage						
2018.Q2.G.01	VC_PRS_UNSEC	Unsentenced detainees as a proportion of overall prison population (%)	340	-86.59974381	14.82243161	HND	Honduras	1	PERCENT	Percentage	65.35	54.73	2016	54.73	UN-CTS/WPB-ICPR: United Nations Survey on Crime Trends and Operations of Criminal Justice Systems and World Prison Brief-Institute for Criminal Policy Research	C
2018.Q2.G.01	VC_PRS_UNSEC	Unsentenced detainees as a proportion of overall prison population (%)	344	114.0266445	22.41749934	HKG	China, Hong Kong Special Administrative Region	1	PERCENT	Percentage	11.46	18.78	2016	18.78	UN-CTS: United Nations Survey on Crime Trends and Operations of Criminal Justice Systems	C
2018.Q2.G.01	VC_PRS_UNSEC	Unsentenced detainees as a proportion of overall prison population (%)	348	19.41221519	47.1651448	HUN	Hungary	1	PERCENT	Percentage	24.56	22.72	2016	22.72	UN-CTS: United Nations Survey on Crime Trends and Operations of Criminal Justice Systems	C
2018.Q2.G.01	VC_PRS_UNSEC	Unsentenced detainees as a proportion of overall prison population (%)	352	-19.02116966	64.79134763	ISL	Iceland	1	PERCENT	Percentage	10.2	16.55	2016	16.55	UN-CTS: United Nations Survey on Crime Trends and Operations of Criminal Justice Systems	C
2018.Q2.G.01	VC_PRS_UNSEC	Unsentenced detainees as a proportion of overall prison population (%)	356	79.3608464	22.34642074	IND	India	1	PERCENT	Percentage	67.9	67.31	2016	67.31	UN-CTS/WPB-ICPR: United Nations Survey on Crime Trends and Operations of Criminal Justice Systems and World Prison Brief-Institute for Criminal Policy Research	C
2018.Q2.G.01	VC_PRS_UNSEC	Unsentenced detainees as a proportion of overall prison population (%)	360	113.9174	-0.994582204	IDN	Indonesia	1	PERCENT	Percentage	46.65	36.05	2016	36.05	UN-CTS/WPB-ICPR: United Nations Survey on Crime Trends and Operations of Criminal Justice Systems and World Prison Brief-Institute for Criminal Policy Research	C
2018.Q2.G.01	VC_PRS_UNSEC	Unsentenced detainees as a proportion of overall prison population (%)	364	54.19766348	32.74370885	IRN	Iran (Islamic Republic of)	1	PERCENT	Percentage						
2018.Q2.G.01	VC_PRS_UNSEC	Unsentenced detainees as a proportion of overall prison population (%)	368	43.76606267	33.05013795	IRQ	Iraq	1	PERCENT	Percentage						
2018.Q2.G.01	VC_PRS_UNSEC	Unsentenced detainees as a proportion of overall prison population (%)	372	-7.121425272	53.25274054	IRL	Ireland	1	PERCENT	Percentage	15.79	14.86	2016	14.86	UN-CTS: United Nations Survey on Crime Trends and Operations of Criminal Justice Systems	C
2018.Q2.G.01	VC_PRS_UNSEC	Unsentenced detainees as a proportion of overall prison population (%)	376	34.62277992	31.06164552	ISR	Israel	1	PERCENT	Percentage	22.37	25.23	2016	25.23	UN-CTS: United Nations Survey on Crime Trends and Operations of Criminal Justice Systems	C
2018.Q2.G.01	VC_PRS_UNSEC	Unsentenced detainees as a proportion of overall prison population (%)	380	12.57022427	42.79917282	ITA	Italy	1	PERCENT	Percentage	37.1	18.22	2016	18.22	UN-CTS: United Nations Survey on Crime Trends and Operations of Criminal Justice Systems	C
2018.Q2.G.01	VC_PRS_UNSEC	Unsentenced detainees as a proportion of overall prison population (%)	384	-5.552690016	7.62211586	CIV	Côte d'Ivoire	1	PERCENT	Percentage						
2018.Q2.G.01	VC_PRS_UNSEC	Unsentenced detainees as a proportion of overall prison population (%)	388	-77.31068409	18.15616857	JAM	Jamaica	1	PERCENT	Percentage	14.08	22.35	2016	22.35	UN-CTS/WPB-ICPR: United Nations Survey on Crime Trends and Operations of Criminal Justice Systems and World Prison Brief-Institute for Criminal Policy Research	C
2018.Q2.G.01	VC_PRS_UNSEC	Unsentenced detainees as a proportion of overall prison population (%)	392	139.2716103	36.6554539	JPN	Japan	1	PERCENT	Percentage	15.01	11.32	2016	11.32	UN-CTS: United Nations Survey on Crime Trends and Operations of Criminal Justice Systems	C
2018.Q2.G.01	VC_PRS_UNSEC	Unsentenced detainees as a proportion of overall prison population (%)	398	66.65359159	48.01963494	KAZ	Kazakhstan	1	PERCENT	Percentage	15.57	14.56	2016	14.56	UN-CTS: United Nations Survey on Crime Trends and Operations of Criminal Justice Systems	C
2018.Q2.G.01	VC_PRS_UNSEC	Unsentenced detainees as a proportion of overall prison population (%)	400	37.13024774	30.65365973	JOR	Jordan	1	PERCENT	Percentage	47.93	41.52	2016	41.52	UN-CTS/WPB-ICPR: United Nations Survey on Crime Trends and Operations of Criminal Justice Systems and World Prison Brief-Institute for Criminal Policy Research	C
2018.Q2.G.01	VC_PRS_UNSEC	Unsentenced detainees as a proportion of overall prison population (%)	404	37.86096816	0.534797278	KEN	Kenya	1	PERCENT	Percentage	49.93	39.89	2016	39.89	UN-CTS/WPB-ICPR: United Nations Survey on Crime Trends and Operations of Criminal Justice Systems and World Prison Brief-Institute for Criminal Policy Research	C
2018.Q2.G.01	VC_PRS_UNSEC	Unsentenced detainees as a proportion of overall prison population (%)	408	127.1803633	40.1462645	PRK	Democratic People's Republic of Korea	1	PERCENT	Percentage						
2018.Q2.G.01	VC_PRS_UNSEC	Unsentenced detainees as a proportion of overall prison population (%)	410	127.8610254	36.45201023	KOR	Republic of Korea	1	PERCENT	Percentage	34.19	35.55	2016	35.55	UN-CTS: United Nations Survey on Crime Trends and Operations of Criminal Justice Systems	C
2018.Q2.G.01	VC_PRS_UNSEC	Unsentenced detainees as a proportion of overall prison population (%)	414	47.49305029	29.53949468	KWT	Kuwait	1	PERCENT	Percentage	9.72	7.14	2016	7.14	WPB-ICPR: World Prison Brief-Institute for Criminal Policy Research 	C
2018.Q2.G.01	VC_PRS_UNSEC	Unsentenced detainees as a proportion of overall prison population (%)	417	74.52324839	41.46204516	KGZ	Kyrgyzstan	1	PERCENT	Percentage	16.18	18.92	2016	18.92	UN-CTS/WPB-ICPR: United Nations Survey on Crime Trends and Operations of Criminal Justice Systems and World Prison Brief-Institute for Criminal Policy Research	C
2018.Q2.G.01	VC_PRS_UNSEC	Unsentenced detainees as a proportion of overall prison population (%)	418	101.9901968	20.27482773	LAO	Lao People's Democratic Republic	1	PERCENT	Percentage						
2018.Q2.G.01	VC_PRS_UNSEC	Unsentenced detainees as a proportion of overall prison population (%)	422	35.89391711	33.92152458	LBN	Lebanon	1	PERCENT	Percentage	99.04	55.57	2016	55.57	UN-CTS/WPB-ICPR: United Nations Survey on Crime Trends and Operations of Criminal Justice Systems and World Prison Brief-Institute for Criminal Policy Research	C
2018.Q2.G.01	VC_PRS_UNSEC	Unsentenced detainees as a proportion of overall prison population (%)	426	28.25362195	-29.58041814	LSO	Lesotho	1	PERCENT	Percentage	18.99	19.49	2016	19.49	UN-CTS/WPB-ICPR: United Nations Survey on Crime Trends and Operations of Criminal Justice Systems and World Prison Brief-Institute for Criminal Policy Research	C
2018.Q2.G.01	VC_PRS_UNSEC	Unsentenced detainees as a proportion of overall prison population (%)	428	26.42461876	56.64196636	LVA	Latvia	1	PERCENT	Percentage	39.02	31.22	2016	31.22	UN-CTS: United Nations Survey on Crime Trends and Operations of Criminal Justice Systems	C
2018.Q2.G.01	VC_PRS_UNSEC	Unsentenced detainees as a proportion of overall prison population (%)	430	-9.311879038	6.448381009	LBR	Liberia	1	PERCENT	Percentage						
2018.Q2.G.01	VC_PRS_UNSEC	Unsentenced detainees as a proportion of overall prison population (%)	434	18.0295985	27.04042819	LBY	Libya	1	PERCENT	Percentage	68.54	90.01	2016	90.01	WPB-ICPR: World Prison Brief-Institute for Criminal Policy Research 	C
2018.Q2.G.01	VC_PRS_UNSEC	Unsentenced detainees as a proportion of overall prison population (%)	438	9.552985019	47.14167005	LIE	Liechtenstein	1	PERCENT	Percentage	16.92	46.07	2016	46.07	UN-CTS: United Nations Survey on Crime Trends and Operations of Criminal Justice Systems	C
2018.Q2.G.01	VC_PRS_UNSEC	Unsentenced detainees as a proportion of overall prison population (%)	440	23.90517807	55.33680309	LTU	Lithuania	1	PERCENT	Percentage	15.51	9.57	2016	9.57	UN-CTS: United Nations Survey on Crime Trends and Operations of Criminal Justice Systems	C
2018.Q2.G.01	VC_PRS_UNSEC	Unsentenced detainees as a proportion of overall prison population (%)	442	6.092656563	49.77679538	LUX	Luxembourg	1	PERCENT	Percentage	43.24	47.08	2016	47.08	UN-CTS/WPB-ICPR: United Nations Survey on Crime Trends and Operations of Criminal Justice Systems and World Prison Brief-Institute for Criminal Policy Research	C
2018.Q2.G.01	VC_PRS_UNSEC	Unsentenced detainees as a proportion of overall prison population (%)	446	113.5665388	22.1237259	MAC	China, Macao Special Administrative Region	1	PERCENT	Percentage	26.42	20.28	2016	20.28	UN-CTS/WPB-ICPR: United Nations Survey on Crime Trends and Operations of Criminal Justice Systems and World Prison Brief-Institute for Criminal Policy Research	C
2018.Q2.G.01	VC_PRS_UNSEC	Unsentenced detainees as a proportion of overall prison population (%)	450	46.6982339	-19.38514785	MDG	Madagascar	1	PERCENT	Percentage	88.76	53.2	2016	53.2	UN-CTS/WPB-ICPR: United Nations Survey on Crime Trends and Operations of Criminal Justice Systems and World Prison Brief-Institute for Criminal Policy Research	C
2018.Q2.G.01	VC_PRS_UNSEC	Unsentenced detainees as a proportion of overall prison population (%)	454	33.4884625	-13.40819859	MWI	Malawi	1	PERCENT	Percentage	30.39	16.13	2016	16.13	WPB-ICPR: World Prison Brief-Institute for Criminal Policy Research 	C
2018.Q2.G.01	VC_PRS_UNSEC	Unsentenced detainees as a proportion of overall prison population (%)	458	116.8346314	5.452415309	MYS	Malaysia	1	PERCENT	Percentage	33.77	26.48	2016	26.48	WPB-ICPR: World Prison Brief-Institute for Criminal Policy Research 	C
2018.Q2.G.01	VC_PRS_UNSEC	Unsentenced detainees as a proportion of overall prison population (%)	462	73.09672546	-0.614385021	MDV	Maldives	1	PERCENT	Percentage						
2018.Q2.G.01	VC_PRS_UNSEC	Unsentenced detainees as a proportion of overall prison population (%)	466	-3.522016039	17.35311254	MLI	Mali	1	PERCENT	Percentage						
2018.Q2.G.01	VC_PRS_UNSEC	Unsentenced detainees as a proportion of overall prison population (%)	470	14.44617519	35.89194275	MLT	Malta	1	PERCENT	Percentage	27.82	22.95	2016	22.95	UN-CTS: United Nations Survey on Crime Trends and Operations of Criminal Justice Systems	C
2018.Q2.G.01	VC_PRS_UNSEC	Unsentenced detainees as a proportion of overall prison population (%)	474	-60.91544135	14.56086108	MTQ	Martinique	1	PERCENT	Percentage						
2018.Q2.G.01	VC_PRS_UNSEC	Unsentenced detainees as a proportion of overall prison population (%)	478	-10.33187259	20.26089546	MRT	Mauritania	1	PERCENT	Percentage						
2018.Q2.G.01	VC_PRS_UNSEC	Unsentenced detainees as a proportion of overall prison population (%)	480	57.568022	-20.28581998	MUS	Mauritius	1	PERCENT	Percentage	35.91	38.79	2016	38.79	UN-CTS/WPB-ICPR: United Nations Survey on Crime Trends and Operations of Criminal Justice Systems and World Prison Brief-Institute for Criminal Policy Research	C
2018.Q2.G.01	VC_PRS_UNSEC	Unsentenced detainees as a proportion of overall prison population (%)	484	-102.5148166	23.93378032	MEX	Mexico	1	PERCENT	Percentage	42.11	45.12	2016	45.12	UN-CTS: United Nations Survey on Crime Trends and Operations of Criminal Justice Systems	C
2018.Q2.G.01	VC_PRS_UNSEC	Unsentenced detainees as a proportion of overall prison population (%)	492	7.424214814	43.73532918	MCO	Monaco	1	PERCENT	Percentage	40.86	33.85	2016	33.85	UN-CTS: United Nations Survey on Crime Trends and Operations of Criminal Justice Systems	C
2018.Q2.G.01	VC_PRS_UNSEC	Unsentenced detainees as a proportion of overall prison population (%)	496	103.0728057	46.83892054	MNG	Mongolia	1	PERCENT	Percentage	18.77	16.02	2016	16.02	UN-CTS: United Nations Survey on Crime Trends and Operations of Criminal Justice Systems	C
2018.Q2.G.01	VC_PRS_UNSEC	Unsentenced detainees as a proportion of overall prison population (%)	498	28.4650624	47.20236795	MDA	Republic of Moldova	1	PERCENT	Percentage	22.82	21.22	2016	21.22	UN-CTS: United Nations Survey on Crime Trends and Operations of Criminal Justice Systems	C
2018.Q2.G.01	VC_PRS_UNSEC	Unsentenced detainees as a proportion of overall prison population (%)	499	19.25214024	42.78717043	MNE	Montenegro	1	PERCENT	Percentage	36.2	25.11	2016	25.11	UN-CTS: United Nations Survey on Crime Trends and Operations of Criminal Justice Systems	C
2018.Q2.G.01	VC_PRS_UNSEC	Unsentenced detainees as a proportion of overall prison population (%)	500	-62.19261223	16.73558313	MSR	Montserrat	1	PERCENT	Percentage						
2018.Q2.G.01	VC_PRS_UNSEC	Unsentenced detainees as a proportion of overall prison population (%)	504	-6.281942841	31.8440131	MAR	Morocco	1	PERCENT	Percentage	51.79	41.91	2016	41.91	UN-CTS/WPB-ICPR: United Nations Survey on Crime Trends and Operations of Criminal Justice Systems and World Prison Brief-Institute for Criminal Policy Research	C
2018.Q2.G.01	VC_PRS_UNSEC	Unsentenced detainees as a proportion of overall prison population (%)	508	38.18479941	-14.27963886	MOZ	Mozambique	1	PERCENT	Percentage	75.32	32.31	2016	32.31	UN-CTS/WPB-ICPR: United Nations Survey on Crime Trends and Operations of Criminal Justice Systems and World Prison Brief-Institute for Criminal Policy Research	C
2018.Q2.G.01	VC_PRS_UNSEC	Unsentenced detainees as a proportion of overall prison population (%)	512	57.87743482	21.98805614	OMN	Oman	1	PERCENT	Percentage						
2018.Q2.G.01	VC_PRS_UNSEC	Unsentenced detainees as a proportion of overall prison population (%)	516	17.21907885	-22.13817068	NAM	Namibia	1	PERCENT	Percentage						
2018.Q2.G.01	VC_PRS_UNSEC	Unsentenced detainees as a proportion of overall prison population (%)	520	166.92313	-0.528742623	NRU	Nauru	1	PERCENT	Percentage						
2018.Q2.G.01	VC_PRS_UNSEC	Unsentenced detainees as a proportion of overall prison population (%)	524	83.94678863	28.25866332	NPL	Nepal	1	PERCENT	Percentage						
2018.Q2.G.01	VC_PRS_UNSEC	Unsentenced detainees as a proportion of overall prison population (%)	528	5.331480568	51.86728884	NLD	Netherlands	1	PERCENT	Percentage	38.03	24.68	2016	24.68	UN-CTS: United Nations Survey on Crime Trends and Operations of Criminal Justice Systems	C
2018.Q2.G.01	VC_PRS_UNSEC	Unsentenced detainees as a proportion of overall prison population (%)	530	-68.30676179	12.22720635	ANT	Netherlands Antilles	1	PERCENT	Percentage						
2018.Q2.G.01	VC_PRS_UNSEC	Unsentenced detainees as a proportion of overall prison population (%)	531	-68.95033464	12.15058042	CUW	Curaçao	1	PERCENT	Percentage						
2018.Q2.G.01	VC_PRS_UNSEC	Unsentenced detainees as a proportion of overall prison population (%)	533	-69.97050586	12.50878756	ABW	Aruba	1	PERCENT	Percentage						
2018.Q2.G.01	VC_PRS_UNSEC	Unsentenced detainees as a proportion of overall prison population (%)	534	-63.06198692	18.03926508	SXM	Sint Maarten (Dutch part)	1	PERCENT	Percentage						
2018.Q2.G.01	VC_PRS_UNSEC	Unsentenced detainees as a proportion of overall prison population (%)	540	165.5067368	-21.41742531	NCL	New Caledonia	1	PERCENT	Percentage						
2018.Q2.G.01	VC_PRS_UNSEC	Unsentenced detainees as a proportion of overall prison population (%)	548	167.0679779	-15.34445547	VUT	Vanuatu	1	PERCENT	Percentage	22.51	10	2016	10	WPB-ICPR: World Prison Brief-Institute for Criminal Policy Research 	C
2018.Q2.G.01	VC_PRS_UNSEC	Unsentenced detainees as a proportion of overall prison population (%)	554	170.4755673	-43.98721568	NZL	New Zealand	1	PERCENT	Percentage	18.43	13.58	2016	13.58	UN-CTS/WPB-ICPR: United Nations Survey on Crime Trends and Operations of Criminal Justice Systems and World Prison Brief-Institute for Criminal Policy Research	C
2018.Q2.G.01	VC_PRS_UNSEC	Unsentenced detainees as a proportion of overall prison population (%)	558	-85.03060315	12.84210839	NIC	Nicaragua	1	PERCENT	Percentage						
2018.Q2.G.01	VC_PRS_UNSEC	Unsentenced detainees as a proportion of overall prison population (%)	562	9.400167877	17.42143036	NER	Niger	1	PERCENT	Percentage						
2018.Q2.G.01	VC_PRS_UNSEC	Unsentenced detainees as a proportion of overall prison population (%)	566	8.097363256	9.585789025	NGA	Nigeria	1	PERCENT	Percentage	72.72	66.29	2016	66.29	UN-CTS/WPB-ICPR: United Nations Survey on Crime Trends and Operations of Criminal Justice Systems and World Prison Brief-Institute for Criminal Policy Research	C
2018.Q2.G.01	VC_PRS_UNSEC	Unsentenced detainees as a proportion of overall prison population (%)	570	-169.8601693	-19.05000475	NIU	Niue	1	PERCENT	Percentage						
2018.Q2.G.01	VC_PRS_UNSEC	Unsentenced detainees as a proportion of overall prison population (%)	574	167.9515548	-29.03230018	NFK	Norfolk Island	1	PERCENT	Percentage						
2018.Q2.G.01	VC_PRS_UNSEC	Unsentenced detainees as a proportion of overall prison population (%)	578	11.47846389	61.34311134	NOR	Norway	1	PERCENT	Percentage	19.04	24.74	2016	24.74	UN-CTS: United Nations Survey on Crime Trends and Operations of Criminal Justice Systems	C
2018.Q2.G.01	VC_PRS_UNSEC	Unsentenced detainees as a proportion of overall prison population (%)	580	145.7582114	15.19099517	MNP	Northern Mariana Islands	1	PERCENT	Percentage						
2018.Q2.G.01	VC_PRS_UNSEC	Unsentenced detainees as a proportion of overall prison population (%)	581	-162.4343752	5.874443968	UMI	US Minor Outlying Islands	1	PERCENT	Percentage						
2018.Q2.G.01	VC_PRS_UNSEC	Unsentenced detainees as a proportion of overall prison population (%)	583	158.225216	6.880670092	FSM	Micronesia, Federated States of	1	PERCENT	Percentage						
2018.Q2.G.01	VC_PRS_UNSEC	Unsentenced detainees as a proportion of overall prison population (%)	584	171.0839119	7.110213497	MHL	Marshall Islands	1	PERCENT	Percentage						
2018.Q2.G.01	VC_PRS_UNSEC	Unsentenced detainees as a proportion of overall prison population (%)	585	134.5733878	7.502307591	PLW	Palau	1	PERCENT	Percentage						
2018.Q2.G.01	VC_PRS_UNSEC	Unsentenced detainees as a proportion of overall prison population (%)	586	68.80479684	29.36491634	PAK	Pakistan	1	PERCENT	Percentage	57.78	69.34	2016	69.34	WPB-ICPR: World Prison Brief-Institute for Criminal Policy Research 	C
2018.Q2.G.01	VC_PRS_UNSEC	Unsentenced detainees as a proportion of overall prison population (%)	591	-81.26616623	8.450965746	PAN	Panama	1	PERCENT	Percentage	58.31	61.47	2016	61.47	UN-CTS: United Nations Survey on Crime Trends and Operations of Criminal Justice Systems	C
2018.Q2.G.01	VC_PRS_UNSEC	Unsentenced detainees as a proportion of overall prison population (%)	598	145.8587761	-6.756057077	PNG	Papua New Guinea	1	PERCENT	Percentage	31.26	38.99	2016	38.99	WPB-ICPR: World Prison Brief-Institute for Criminal Policy Research 	C
2018.Q2.G.01	VC_PRS_UNSEC	Unsentenced detainees as a proportion of overall prison population (%)	600	-60.54854225	-21.70216237	PRY	Paraguay	1	PERCENT	Percentage	72.41	74.99	2016	74.99	UN-CTS: United Nations Survey on Crime Trends and Operations of Criminal Justice Systems	C
2018.Q2.G.01	VC_PRS_UNSEC	Unsentenced detainees as a proportion of overall prison population (%)	604	-71.82093277	-13.58939705	PER	Peru	1	PERCENT	Percentage	69.71	48.46	2016	48.46	UN-CTS: United Nations Survey on Crime Trends and Operations of Criminal Justice Systems	C
2018.Q2.G.01	VC_PRS_UNSEC	Unsentenced detainees as a proportion of overall prison population (%)	608	120.8601418	14.16591706	PHL	Philippines	1	PERCENT	Percentage	66.74	60.02	2016	60.02	UN-CTS: United Nations Survey on Crime Trends and Operations of Criminal Justice Systems	C
2018.Q2.G.01	VC_PRS_UNSEC	Unsentenced detainees as a proportion of overall prison population (%)	612	-128.3225873	-24.37538456	PCN	Pitcairn	1	PERCENT	Percentage						
2018.Q2.G.01	VC_PRS_UNSEC	Unsentenced detainees as a proportion of overall prison population (%)	616	19.40660158	52.1226733	POL	Poland	1	PERCENT	Percentage	19.26	7.29	2016	7.29	UN-CTS: United Nations Survey on Crime Trends and Operations of Criminal Justice Systems	C
2018.Q2.G.01	VC_PRS_UNSEC	Unsentenced detainees as a proportion of overall prison population (%)	620	-7.961599811	39.68509315	PRT	Portugal	1	PERCENT	Percentage	23.96	15.89	2016	15.89	UN-CTS: United Nations Survey on Crime Trends and Operations of Criminal Justice Systems	C
2018.Q2.G.01	VC_PRS_UNSEC	Unsentenced detainees as a proportion of overall prison population (%)	624	-14.40182514	12.11760394	GNB	Guinea-Bissau	1	PERCENT	Percentage						
2018.Q2.G.01	VC_PRS_UNSEC	Unsentenced detainees as a proportion of overall prison population (%)	626	125.9451052	-8.797497247	TLS	Timor-Leste	1	PERCENT	Percentage	64.69	24.78	2016	24.78	WPB-ICPR: World Prison Brief-Institute for Criminal Policy Research 	C
2018.Q2.G.01	VC_PRS_UNSEC	Unsentenced detainees as a proportion of overall prison population (%)	630	-66.47591017	18.22753799	PRI	Puerto Rico	1	PERCENT	Percentage						
2018.Q2.G.01	VC_PRS_UNSEC	Unsentenced detainees as a proportion of overall prison population (%)	634	51.19152467	25.28355379	QAT	Qatar	1	PERCENT	Percentage						
2018.Q2.G.01	VC_PRS_UNSEC	Unsentenced detainees as a proportion of overall prison population (%)	638	55.53171398	-21.13183266	REU	Réunion	1	PERCENT	Percentage						
2018.Q2.G.01	VC_PRS_UNSEC	Unsentenced detainees as a proportion of overall prison population (%)	642	24.98481009	45.83893563	ROU	Romania	1	PERCENT	Percentage	15.28	5.43	2016	5.43	UN-CTS: United Nations Survey on Crime Trends and Operations of Criminal Justice Systems	C
2018.Q2.G.01	VC_PRS_UNSEC	Unsentenced detainees as a proportion of overall prison population (%)	643	99.01404926	61.61899849	RUS	Russian Federation	1	PERCENT	Percentage	19.39	18.08	2016	18.08	UN-CTS: United Nations Survey on Crime Trends and Operations of Criminal Justice Systems	C
2018.Q2.G.01	VC_PRS_UNSEC	Unsentenced detainees as a proportion of overall prison population (%)	646	29.92310194	-1.999842114	RWA	Rwanda	1	PERCENT	Percentage						
2018.Q2.G.01	VC_PRS_UNSEC	Unsentenced detainees as a proportion of overall prison population (%)	652	-62.83173536	17.89513362	BLM	Saint Barthélemy	1	PERCENT	Percentage						
2018.Q2.G.01	VC_PRS_UNSEC	Unsentenced detainees as a proportion of overall prison population (%)	654	-5.705752501	-15.96503946	SHN	Saint Helena	1	PERCENT	Percentage						
2018.Q2.G.01	VC_PRS_UNSEC	Unsentenced detainees as a proportion of overall prison population (%)	659	-62.76628613	17.33994219	KNA	Saint Kitts and Nevis	1	PERCENT	Percentage	29.23	24.19	2016	24.19	UN-CTS/WPB-ICPR: United Nations Survey on Crime Trends and Operations of Criminal Justice Systems and World Prison Brief-Institute for Criminal Policy Research	C
2018.Q2.G.01	VC_PRS_UNSEC	Unsentenced detainees as a proportion of overall prison population (%)	660	-63.05651612	18.21525315	AIA	Anguilla	1	PERCENT	Percentage						
2018.Q2.G.01	VC_PRS_UNSEC	Unsentenced detainees as a proportion of overall prison population (%)	662	-60.96529553	13.89405601	LCA	Saint Lucia	1	PERCENT	Percentage	33.85	48.49	2016	48.49	WPB-ICPR: World Prison Brief-Institute for Criminal Policy Research 	C
2018.Q2.G.01	VC_PRS_UNSEC	Unsentenced detainees as a proportion of overall prison population (%)	663	-63.04505461	18.0882685	MAF	Saint Martin (French Part)	1	PERCENT	Percentage						
2018.Q2.G.01	VC_PRS_UNSEC	Unsentenced detainees as a proportion of overall prison population (%)	666	-56.33682442	46.85812735	SPM	Saint Pierre and Miquelon	1	PERCENT	Percentage						
2018.Q2.G.01	VC_PRS_UNSEC	Unsentenced detainees as a proportion of overall prison population (%)	670	-61.19024321	13.24627968	VCT	Saint Vincent and the Grenadines	1	PERCENT	Percentage	76.24	23.3	2016	23.3	UN-CTS/WPB-ICPR: United Nations Survey on Crime Trends and Operations of Criminal Justice Systems and World Prison Brief-Institute for Criminal Policy Research	C
2018.Q2.G.01	VC_PRS_UNSEC	Unsentenced detainees as a proportion of overall prison population (%)	674	12.46329038	43.93841766	SMR	San Marino	1	PERCENT	Percentage						
2018.Q2.G.01	VC_PRS_UNSEC	Unsentenced detainees as a proportion of overall prison population (%)	678	6.609772265	0.241554875	STP	Sao Tome and Principe	1	PERCENT	Percentage	46.45	2.25	2016	2.25	WPB-ICPR: World Prison Brief-Institute for Criminal Policy Research 	C
2018.Q2.G.01	VC_PRS_UNSEC	Unsentenced detainees as a proportion of overall prison population (%)	682	44.54763347	24.12594211	SAU	Saudi Arabia	1	PERCENT	Percentage						
2018.Q2.G.01	VC_PRS_UNSEC	Unsentenced detainees as a proportion of overall prison population (%)	686	-14.46636926	14.35920905	SEN	Senegal	1	PERCENT	Percentage	8.26	48.56	2016	48.56	UN-CTS/WPB-ICPR: United Nations Survey on Crime Trends and Operations of Criminal Justice Systems and World Prison Brief-Institute for Criminal Policy Research	C
2018.Q2.G.01	VC_PRS_UNSEC	Unsentenced detainees as a proportion of overall prison population (%)	688	20.805876	44.03145697	SRB	Serbia	1	PERCENT	Percentage	30.31	15.67	2016	15.67	UN-CTS/WPB-ICPR: United Nations Survey on Crime Trends and Operations of Criminal Justice Systems and World Prison Brief-Institute for Criminal Policy Research	C
2018.Q2.G.01	VC_PRS_UNSEC	Unsentenced detainees as a proportion of overall prison population (%)	690	55.46561591	-4.678053059	SYC	Seychelles	1	PERCENT	Percentage						
2018.Q2.G.01	VC_PRS_UNSEC	Unsentenced detainees as a proportion of overall prison population (%)	694	-11.78306584	8.568604164	SLE	Sierra Leone	1	PERCENT	Percentage	14.9	53.42	2016	53.42	UN-CTS/WPB-ICPR: United Nations Survey on Crime Trends and Operations of Criminal Justice Systems and World Prison Brief-Institute for Criminal Policy Research	C
2018.Q2.G.01	VC_PRS_UNSEC	Unsentenced detainees as a proportion of overall prison population (%)	702	103.8107883	1.361009155	SGP	Singapore	1	PERCENT	Percentage	4.1	10.59	2016	10.59	UN-CTS: United Nations Survey on Crime Trends and Operations of Criminal Justice Systems	C
2018.Q2.G.01	VC_PRS_UNSEC	Unsentenced detainees as a proportion of overall prison population (%)	703	19.48495604	48.70741446	SVK	Slovakia	1	PERCENT	Percentage	32.75	13.71	2016	13.71	UN-CTS: United Nations Survey on Crime Trends and Operations of Criminal Justice Systems	C
2018.Q2.G.01	VC_PRS_UNSEC	Unsentenced detainees as a proportion of overall prison population (%)	704	105.802499	10.09643079	VNM	Viet Nam	1	PERCENT	Percentage						
2018.Q2.G.01	VC_PRS_UNSEC	Unsentenced detainees as a proportion of overall prison population (%)	705	14.82209486	46.11958061	SVN	Slovenia	1	PERCENT	Percentage	24.76	8.54	2016	8.54	UN-CTS: United Nations Survey on Crime Trends and Operations of Criminal Justice Systems	C
2018.Q2.G.01	VC_PRS_UNSEC	Unsentenced detainees as a proportion of overall prison population (%)	706	46.20367477	4.406485729	SOM	Somalia	1	PERCENT	Percentage						
2018.Q2.G.01	VC_PRS_UNSEC	Unsentenced detainees as a proportion of overall prison population (%)	710	24.67184355	-29.99957544	ZAF	South Africa	1	PERCENT	Percentage	26.47	28.28	2016	28.28	WPB-ICPR: World Prison Brief-Institute for Criminal Policy Research 	C
2018.Q2.G.01	VC_PRS_UNSEC	Unsentenced detainees as a proportion of overall prison population (%)	716	29.86909584	-19.00075492	ZWE	Zimbabwe	1	PERCENT	Percentage	30.22	17.74	2016	17.74	UN-CTS/WPB-ICPR: United Nations Survey on Crime Trends and Operations of Criminal Justice Systems and World Prison Brief-Institute for Criminal Policy Research	C
2018.Q2.G.01	VC_PRS_UNSEC	Unsentenced detainees as a proportion of overall prison population (%)	724	-3.554078296	40.39211472	ESP	Spain	1	PERCENT	Percentage	22.15	13.04	2016	13.04	UN-CTS: United Nations Survey on Crime Trends and Operations of Criminal Justice Systems	C
2018.Q2.G.01	VC_PRS_UNSEC	Unsentenced detainees as a proportion of overall prison population (%)	728	30.32618773	7.290839152	SSD	South Sudan	1	PERCENT	Percentage						
2018.Q2.G.01	VC_PRS_UNSEC	Unsentenced detainees as a proportion of overall prison population (%)	732	-13.13515523	24.66265342	ESH	Western Sahara	1	PERCENT	Percentage						
2018.Q2.G.01	VC_PRS_UNSEC	Unsentenced detainees as a proportion of overall prison population (%)	736	29.95650159	16.02643066	SDN	Sudan	1	PERCENT	Percentage						
2018.Q2.G.01	VC_PRS_UNSEC	Unsentenced detainees as a proportion of overall prison population (%)	740	-55.90626394	4.132603197	SUR	Suriname	1	PERCENT	Percentage						
2018.Q2.G.01	VC_PRS_UNSEC	Unsentenced detainees as a proportion of overall prison population (%)	744	13.38071013	78.82894131	SJM	Svalbard and Jan Mayen Islands	1	PERCENT	Percentage						
2018.Q2.G.01	VC_PRS_UNSEC	Unsentenced detainees as a proportion of overall prison population (%)	748	31.50149288	-26.56471011	SWZ	Swaziland	1	PERCENT	Percentage						
2018.Q2.G.01	VC_PRS_UNSEC	Unsentenced detainees as a proportion of overall prison population (%)	752	14.3775338	60.60103109	SWE	Sweden	1	PERCENT	Percentage	20.69	25.15	2016	25.15	UN-CTS: United Nations Survey on Crime Trends and Operations of Criminal Justice Systems	C
2018.Q2.G.01	VC_PRS_UNSEC	Unsentenced detainees as a proportion of overall prison population (%)	756	8.223158	46.96617097	CHE	Switzerland	1	PERCENT	Percentage	37.68	42.59	2016	42.59	UN-CTS: United Nations Survey on Crime Trends and Operations of Criminal Justice Systems	C
2018.Q2.G.01	VC_PRS_UNSEC	Unsentenced detainees as a proportion of overall prison population (%)	760	38.50466565	35.01676176	SYR	Syrian Arab Republic (Syria)	1	PERCENT	Percentage						
2018.Q2.G.01	VC_PRS_UNSEC	Unsentenced detainees as a proportion of overall prison population (%)	762	69.294998	38.43069666	TJK	Tajikistan	1	PERCENT	Percentage						
2018.Q2.G.01	VC_PRS_UNSEC	Unsentenced detainees as a proportion of overall prison population (%)	764	101.0202951	15.13089239	THA	Thailand	1	PERCENT	Percentage	24.62	19.9	2016	19.9	UN-CTS/WPB-ICPR: United Nations Survey on Crime Trends and Operations of Criminal Justice Systems and World Prison Brief-Institute for Criminal Policy Research	C
2018.Q2.G.01	VC_PRS_UNSEC	Unsentenced detainees as a proportion of overall prison population (%)	768	0.97835765	8.532096072	TGO	Togo	1	PERCENT	Percentage						
2018.Q2.G.01	VC_PRS_UNSEC	Unsentenced detainees as a proportion of overall prison population (%)	772	-171.8154473	-9.214545558	TKL	Tokelau	1	PERCENT	Percentage						
2018.Q2.G.01	VC_PRS_UNSEC	Unsentenced detainees as a proportion of overall prison population (%)	776	-175.1959991	-21.19511329	TON	Tonga	1	PERCENT	Percentage	2.58	7.39	2016	7.39	WPB-ICPR: World Prison Brief-Institute for Criminal Policy Research 	C
2018.Q2.G.01	VC_PRS_UNSEC	Unsentenced detainees as a proportion of overall prison population (%)	780	-61.29389504	10.41877263	TTO	Trinidad and Tobago	1	PERCENT	Percentage	40.88	66.03	2016	66.03	UN-CTS/WPB-ICPR: United Nations Survey on Crime Trends and Operations of Criminal Justice Systems and World Prison Brief-Institute for Criminal Policy Research	C
2018.Q2.G.01	VC_PRS_UNSEC	Unsentenced detainees as a proportion of overall prison population (%)	784	53.98279159	23.43322219	ARE	United Arab Emirates	1	PERCENT	Percentage	41.2	38.21	2016	38.21	UN-CTS: United Nations Survey on Crime Trends and Operations of Criminal Justice Systems	C
2018.Q2.G.01	VC_PRS_UNSEC	Unsentenced detainees as a proportion of overall prison population (%)	788	9.572737411	34.11439971	TUN	Tunisia	1	PERCENT	Percentage						
2018.Q2.G.01	VC_PRS_UNSEC	Unsentenced detainees as a proportion of overall prison population (%)	792	35.42890329	38.9899684	TUR	Turkey	1	PERCENT	Percentage	52.98	14.33	2016	14.33	UN-CTS: United Nations Survey on Crime Trends and Operations of Criminal Justice Systems	C
2018.Q2.G.01	VC_PRS_UNSEC	Unsentenced detainees as a proportion of overall prison population (%)	795	58.9787665	40.0912346	TKM	Turkmenistan	1	PERCENT	Percentage						
2018.Q2.G.01	VC_PRS_UNSEC	Unsentenced detainees as a proportion of overall prison population (%)	796	-71.745121	21.80780585	TCA	Turks and Caicos Islands	1	PERCENT	Percentage						
2018.Q2.G.01	VC_PRS_UNSEC	Unsentenced detainees as a proportion of overall prison population (%)	798	178.6679611	-7.460048071	TUV	Tuvalu	1	PERCENT	Percentage						
2018.Q2.G.01	VC_PRS_UNSEC	Unsentenced detainees as a proportion of overall prison population (%)	800	32.39100438	1.279557331	UGA	Uganda	1	PERCENT	Percentage	60.7	54.19	2016	54.19	UN-CTS: United Nations Survey on Crime Trends and Operations of Criminal Justice Systems	C
2018.Q2.G.01	VC_PRS_UNSEC	Unsentenced detainees as a proportion of overall prison population (%)	804	31.40270802	49.00735945	UKR	Ukraine	1	PERCENT	Percentage	12.09	26.82	2016	26.82	UN-CTS/WPB-ICPR: United Nations Survey on Crime Trends and Operations of Criminal Justice Systems and World Prison Brief-Institute for Criminal Policy Research	C
2018.Q2.G.01	VC_PRS_UNSEC	Unsentenced detainees as a proportion of overall prison population (%)	807	21.7007909	41.60048068	MKD	Macedonia, Republic of	1	PERCENT	Percentage	10.09	10.7	2016	10.7	UN-CTS/WPB-ICPR: United Nations Survey on Crime Trends and Operations of Criminal Justice Systems and World Prison Brief-Institute for Criminal Policy Research	C
2018.Q2.G.01	VC_PRS_UNSEC	Unsentenced detainees as a proportion of overall prison population (%)	818	29.77468534	26.57438204	EGY	Egypt	1	PERCENT	Percentage						
2018.Q2.G.01	VC_PRS_UNSEC	Unsentenced detainees as a proportion of overall prison population (%)	826	-2.23830539	53.27691757	GBR	United Kingdom	1	PERCENT	Percentage						
2018.Q2.G.01	VC_PRS_UNSEC	Unsentenced detainees as a proportion of overall prison population (%)	831	-2.200712402	49.71561166	GGY	Guernsey	1	PERCENT	Percentage	22.58	25.27	2016	25.27	WPB-ICPR: World Prison Brief-Institute for Criminal Policy Research 	C
2018.Q2.G.01	VC_PRS_UNSEC	Unsentenced detainees as a proportion of overall prison population (%)	832	-2.136773508	49.22353354	JEY	Jersey	1	PERCENT	Percentage	28.82	26.43	2016	26.43	WPB-ICPR: World Prison Brief-Institute for Criminal Policy Research 	C
2018.Q2.G.01	VC_PRS_UNSEC	Unsentenced detainees as a proportion of overall prison population (%)	833	-4.538190305	54.22880901	IMN	Isle of Man	1	PERCENT	Percentage	31.37	21.05	2016	21.05	WPB-ICPR: World Prison Brief-Institute for Criminal Policy Research 	C
2018.Q2.G.01	VC_PRS_UNSEC	Unsentenced detainees as a proportion of overall prison population (%)	834	34.80521182	-6.265332606	TZA	Tanzania, United Republic of	1	PERCENT	Percentage	57.03	50.15	2016	50.15	WPB-ICPR: World Prison Brief-Institute for Criminal Policy Research 	C
2018.Q2.G.01	VC_PRS_UNSEC	Unsentenced detainees as a proportion of overall prison population (%)	840	-99.13830311	39.5277871	USA	United States of America	1	PERCENT	Percentage	22.13	21.53	2016	21.53	UN-CTS: United Nations Survey on Crime Trends and Operations of Criminal Justice Systems	C
2018.Q2.G.01	VC_PRS_UNSEC	Unsentenced detainees as a proportion of overall prison population (%)	850	-64.76960113	17.73297693	VIR	United States Virgin Islands	1	PERCENT	Percentage						
2018.Q2.G.01	VC_PRS_UNSEC	Unsentenced detainees as a proportion of overall prison population (%)	854	-1.742843829	12.27491081	BFA	Burkina Faso	1	PERCENT	Percentage	47.37	46.64	2016	46.64	UN-CTS/WPB-ICPR: United Nations Survey on Crime Trends and Operations of Criminal Justice Systems and World Prison Brief-Institute for Criminal Policy Research	C
2018.Q2.G.01	VC_PRS_UNSEC	Unsentenced detainees as a proportion of overall prison population (%)	858	-56.01387025	-32.8002838	URY	Uruguay	1	PERCENT	Percentage	84.5	67.5	2016	67.5	UN-CTS/WPB-ICPR: United Nations Survey on Crime Trends and Operations of Criminal Justice Systems and World Prison Brief-Institute for Criminal Policy Research	C
2018.Q2.G.01	VC_PRS_UNSEC	Unsentenced detainees as a proportion of overall prison population (%)	860	63.11944558	41.77560518	UZB	Uzbekistan	1	PERCENT	Percentage						
2018.Q2.G.01	VC_PRS_UNSEC	Unsentenced detainees as a proportion of overall prison population (%)	862	-66.15642084	7.121324748	VEN	Venezuela (Bolivarian Republic)	1	PERCENT	Percentage	48.28	62.43	2016	62.43	WPB-ICPR: World Prison Brief-Institute for Criminal Policy Research 	C
2018.Q2.G.01	VC_PRS_UNSEC	Unsentenced detainees as a proportion of overall prison population (%)	876	-176.2034788	-13.28471201	WLF	Wallis and Futuna Islands	1	PERCENT	Percentage						
2018.Q2.G.01	VC_PRS_UNSEC	Unsentenced detainees as a proportion of overall prison population (%)	882	-172.4430749	-13.61541469	WSM	Samoa	1	PERCENT	Percentage						
2018.Q2.G.01	VC_PRS_UNSEC	Unsentenced detainees as a proportion of overall prison population (%)	887	45.22389143	15.22242099	YEM	Yemen	1	PERCENT	Percentage						
2018.Q2.G.01	VC_PRS_UNSEC	Unsentenced detainees as a proportion of overall prison population (%)	894	27.850329	-14.59701056	ZMB	Zambia	1	PERCENT	Percentage	44.61	34.65	2016	34.65	WPB-ICPR: World Prison Brief-Institute for Criminal Policy Research 	C
